no,공연명,년도,월,일시,주최/주관,티켓가,입장연령,공연장소,공연구분,공연장르,세부장르,티켓구분,셋업,공연일수,철수,전체,공연횟수,기본좌석,발권유료,발권초대,발권합계,수표유료,수표초대,수표합계,공연총좌석,집계공연일수,관람객,판매금액,첫공연일,공연ID
1,예울마루 개관기념 KBS열린음악회,2012,5,5/10(목)19:00,예울마루,무료,전체관람가,분수광장,기획,대중,기타,무료,3,1,0,4,1,6000,0,6000,6000,0,6000,,,,,,2012-05-10,120510_01
2,여수엑스포심포니오케스트라왈츠콘서트,2012,5,5/21(월)19:30,여수심포니오케스트라,무료,전체관람가,대극장,대관,순수,클래식,무료,0,1,0,1,1,948,0,720,720,0,700,,,,,,2012-05-21,120521_01
3,여수시립합창단 제61회 정기연주회,2012,5,5/22(화)19:30,여수시/여수시립합창단,무료,전체관람가,대극장,대관,순수,클래식,무료,0,1,0,1,1,1021,996,0,996,969,0,,3,3,7716,,2012-05-22,120522_01
4,창작 오페라 사랑의원자탄 '손양원',2012,6,"6/1(금)19:30
6/2(토)14:00/19:30",여수MBC,"VIP석 78,000원
R석 68,000원
S석 58,000원",미취학 아동 입장불가,대극장,대관,복합,오페라,유료,3,2,1,6,3,2844,1650,0,1650,1498,101,,,,,,2012-06-01,120601_01
5,GS칼텍스 예울마루 개관기념 한·중 연합오케스트라 연주회,2012,6,6/9(토)19:00,예울마루,"VIP석 70,000원
R석 50,000원
S석 30,000원
A석 20,000원",미취학 아동 입장불가,대극장,기획,순수,클래식,유료,0,1,0,1,1,948,930,0,930,799,0,,,,,,2012-06-09,120609_01
6,한-요르단 수교 50주년 기념] 요르단 국립민속예술단,2012,6,6/10(일)17:00,리모커뮤니케이션즈,무료,전체관람가,소극장,대관,순수,무용,무료,0,1,0,1,1,302,0,261,261,0,241,,,,,,2012-06-10,120610_01
7,창작오페라<귀항>_2012,2012,6,"6/14(목)19:30
6/15(금)19:30
6/16(토)19:30",여수시/2012여수 세계박람회 여수시문화예술행사추진위원회/(사)한국음악협외 여수지부,"R석 30,000원
S석 20,000원
A석 10,000원",미취학 아동 입장불가,대극장,대관,복합,오페라,유료,4,3,1,8,3,2844,1864,293,2157,1754,246,,,,,,2012-06-14,120614_01
8,[한-모로코 수교 50주년 기념] 모로코 라바트 안달루시아 오케스트라,2012,6,6/17(토)17:00,리모커뮤니케이션즈,무료,전체관람가,소극장,대관,순수,클래식,무료,0,1,0,1,1,302,0,226,226,0,196,,,,,,2012-06-17,120617_01
9,"배병우의<대양을 향하여>를 위한<거문고,소리,피아노 그리고 춤>",2012,6,6/28(목)19:00,여수상공회의소/여수문화원,무료,전체관람가,소극장,대관,대중,행사,무료,0,1,0,1,1,302,0,239,239,0,215,,,,,,2012-06-28,120628_01
10,2012 여수엑스포 축하음악회 - 여수필하모닉오케스트라 제 24회 연주회,2012,6,6/29(금)19:30,여수필하모닉오케스트라,무료,미취학 아동 입장불가,대극장,대관,순수,클래식,무료,0,1,0,1,1,948,0,732,732,0,650,,11,10,6195,,2012-06-29,120629_01
11,제14회 지속가능발전전국대회,2012,7,"7/4(수)14:00
7/6(금)14:00",아름다운여수21실천협의회,무료,전체관람가,대극장,대관,대중,행사,무료,1,2,0,3,2,2042,0,800,800,0,800,,,,,,2012-07-04,120704_01
12,제15회 대학생 국토대장정 출정식,2012,7,7/4(수)10:00,㈜지엠컴,무료,전체관람가,분수광장,대관,대중,행사,무료,2,1,0,3,1,100,0,100,100,0,100,,,,,,2012-07-04,120704_02
,제14회 지속가능발전전국대회,2012,7,7/5(목)14:00,아름다운여수21실천협의회,무료,전체관람가,소극장,대관,대중,행사,무료,0,1,0,1,1,302,0,200,200,0,200,,,,,,2012-07-05,120705_01
13,[2012 여수 엑스포 축하기념] 뉴욕 주립 청소년 오케스트라 (Empire State Youth Orchestra) 초청 연주회,2012,7,7/7(토),"한국 고등신학연구원, 뉴욕 Empire State Youth Orchestra",무료,미취학 아동 입장불가,대극장,대관,순수,클래식,무료,0,1,0,1,1,948,0,716,716,0,688,,,,,,2012-07-07,120707_01
14,"창작 가무악극 ""오돌래""",2012,7,"7/12(목)19:30
7/13(금)19:30
7/14(토)17:00",여수시/여수시립국악단/2012여수세계박람회/여수시문화예술행사추진위원회/한국국악협회여수지부,"R석 20,000원
S석 10,000원",미취학 아동 입장불가,대극장,대관,복합,창극,유료,3,3,0,6,3,2844,1532,233,1765,1415,209,,,,,,2012-07-12,120712_01
15,"2012 한국창작발레 ""성웅 이순신""",2012,7,7/21(토)17:00,여수시/광주광역시/ 2012여수세계박람회 여수시문화예술행사추진위원회/광주문화예술회관/광주시립무용단,무료,미취학 아동 입장불가,대극장,대관,순수,무용,무료,0,1,0,1,1,948,0,575,575,0,499,,,,,,2012-07-21,120721_01
16,"전남도립국악단 판페라 ""이순신"" - 민초와 함께 부르는 의로운 함성",2012,7,7/27(금)19:00,전라남도 (재) 전남문화예술재단,"전석 10,000원",미취학 아동 입장불가,대극장,대관,복합,오페라,유료,3,1,0,4,1,948,604,254,858,585,240,,,,,,2012-07-27,120727_01
17,유럽거장들과 함께하는 Music Travel,2012,7,7/28(토)18:00,여수악기공연기획/여수시,"일반 30,000원
학생 20,000원",미취학 아동 입장불가,소극장,대관,순수,클래식,유료,0,1,0,1,1,302,150,45,195,137,34,,,,,,2012-07-28,120728_01
18,2012 여수국제장애인EXPO,2012,7,7/31(화)19:00,(사)국제장애인문화교류협회,무료,전체관람가,대극장,대관,대중,행사,무료,0,1,0,1,1,948,0,520,520,0,520,,12,12,5729,,2012-07-31,120731_01
,2012 여수국제장애인EXPO,2012,8,8/2(목)19:00,(사)국제장애인문화교류협회,무료,전체관람가,대극장,대관,대중,행사,무료,0,1,0,1,1,948,0,530,530,0,530,,,,,,2012-08-02,120802_01
19,여수엑스포심포니오케스트라 Gala Concert,2012,8,8/7(화)19:30,여수상공회의소/(사)한국음악협회여수지부,무료,미취학 아동 입장불가,대극장,대관,순수,클래식,무료,0,1,0,1,1,948,0,649,649,0,567,,,,,,2012-08-07,120807_01
20,"815광복 축하음악회 ""한국환상곡""",2012,8,8/15(수)19:30,여수시/여수시립합창단,무료,미취학 아동 입장불가,대극장,대관,순수,클래식,무료,0,1,0,1,1,948,0,740,740,0,685,,3,3,1919,,2012-08-15,120815_01
21,시공간으로의 여행'평양예술단',2012,9,9/11(화)19:00,한화케미칼(주) 평양예술단,무료,미취학 아동 입장불가,대극장,대관,순수,무용,무료,0,1,0,1,1,1021,0,1015,1015,0,983,,,,,,2012-09-11,120911_01
22,전남대학교 피아노 교수음악회<드뷔시 탄생 150주년 기념 >,2012,9,9/13(목)19:30,전남대학교 예술대학 피아노연구소,무료,미취학 아동 입장불가,소극장,대관,순수,클래식,무료,0,1,0,1,1,302,0,237,237,0,215,,,,,,2012-09-13,120913_01
23,제22회 남도시립합창제,2012,9,9/14(금)19:30,여수시/여수시립합창단,무료,미취학 아동 입장불가,대극장,대관,순수,클래식,무료,0,1,0,1,1,948,0,554,554,0,676,,,,,,2012-09-14,120914_01
24,<김동규>관객과 호흡하는 김동규 가을콘서트,2012,9,9/15(토)19:00,여수MBC,"전석 45,000원",미취학 아동 입장불가,대극장,대관,순수,클래식,유료,0,1,0,1,1,1021,995,0,995,881,0,,,,,,2012-09-15,120915_01
25,이문세 붉은노을-여수,2012,9,"9/21(금)20:00
9/22(토)19:00",(주)공연마루/(주)무붕/ MS Project,"R석 110,000원
S석 99,000원",미취학 아동 입장불가,대극장,대관,대중,콘서트,유료,2,2,0,4,2,1896,1345,291,1636,1374,346,,6,6,4437,,2012-09-21,120921_01
26,이미자 孝 콘서트,2012,10,10/13(토)14:00/17:00,(주)공연마루/(주)엠에이씨,"SR석 99,000원
R석 88,000원
S석 77,000원",미취학 아동 입장불가,대극장,대관,대중,콘서트,유료,0,1,0,1,2,2042,1150,91,1241,1036,69,,,,,,2012-10-13,121013_01
27,전국무용제,2012,10,"10/18(목)~10/27(토)
매일18:00",한국문화예술위원회/(사)한국무용협회/(사)한국무용협회 전라남도지회,"개막식 10,000원
경연 무료",미취학 아동 입장불가,대극장,대관,순수,무용,유료,1,10,0,11,10,9480,168,4489,4657,160,3013,,,,,,2012-10-18,121018_01
28,GS칼텍스 녹색환경 글쓰기대회 2012,2012,10,10/20(토)09:00,GS칼텍스,무료,전체관람가,분수광장,대관,대중,행사,무료,2,1,0,3,1,2000,0,2000,2000,0,2000,,,,,,2012-10-20,121020_01
29,여수학생연극페스티벌_제1회,2012,10,"10/30(화)18:30
10/31(수)18:30",전라남도여수교육지원청,무료,미취학 아동 입장불가,소극장,대관,순수,연극,무료,0,2,0,2,2,604,0,467,467,0,430,,15,14,8365,,2012-10-30,121030_01
30,"제 1회 여수 학생 학부모 학창 페스티벌 ""내 노래에 날개를 달다""",2012,11,"11/2(금)14:00
11/3(토)14:00",전라남도여수교육지원청,무료,미취학 아동 입장불가,대극장,대관,순수,클래식,무료,0,2,0,2,2,1896,0,590,590,0,483,,,,,,2012-11-02,121102_01
31,여도오케스트라 심포니 페스티벌,2012,11,11/7(수)19:00,학교법인여도학원 여도초등학교,무료,미취학 아동 입장불가,대극장,대관,순수,클래식,무료,0,1,0,1,1,948,0,717,717,0,545,,,,,,2012-11-07,121107_01
32,초특급애니뮤지컬<로보카 폴리>,2012,11,"11/10(토)11/14/17
11/11(일)14:00/17:00",예울마루,"R석 50,000원
S석 40,000원
A석 30,000원",24개월이상,대극장,기획,복합,뮤지컬,유료,3,2,0,5,5,4740,2209,600,2809,2802,3,,,,,,2012-11-10,121110_01
33,카르페디엠 플룻앙상블 창단연주회,2012,11,11/10(토)19:00,Carpe Diem Flute Ensemble Carpe Diem,"전석 10,000원",미취학 아동 입장불가,소극장,대관,순수,클래식,유료,0,1,0,1,1,302,298,0,298,239,0,,,,,,2012-11-10,121110_02
34,제4회 성가합창제,2012,11,11/13(화)19:30,남선교회연합회 한국음악협회여수시지부,무료,전체관람가,대극장,대관,순수,클래식,무료,0,1,0,1,1,1021,0,999,999,0,938,,,,,,2012-11-13,121113_01
35,제 9회 전남교육음악제,2012,11,11/14(수)15:00,전라남도교육청 전남중등음악교육연구회,무료,미취학 아동 입장불가,대극장,대관,순수,클래식,무료,0,1,0,1,1,1021,0,1019,1019,0,805,,,,,,2012-11-14,121114_01
36,연극<옥탑방고양이>,2012,11,"11/16(금)19:30
11/17(토)15:00/19:00
11/18(일)14:00/18:00",예울마루,"전석 30,000원",중학생 이상  관람가,소극장,기획,복합,연극,유료,2,3,0,5,5,1510,1331,25,1356,1311,9,,,,,,2012-11-16,121116_01
37,여수교원교향악단 제5회 정기연주회,2012,11,11/21(수)19:00,여수교원교향악단/전라남도여수교육지원청,무료,전체관람가,대극장,대관,순수,클래식,무료,1,1,0,2,1,1021,0,999,999,0,602,,,,,,2012-11-21,121121_01
38,컬투쇼<2년만의 미친투어>,2012,11,"11/23(금)20:00
11/24(토)15:00/17:00",(주)공연마루/쇼21,"R석 88,000원
S석 66,000원",미취학 아동 입장불가,대극장,대관,대중,콘서트,유료,1,2,0,3,3,3063,2699,196,2895,2751,108,,,,,,2012-11-23,121123_01
39,여도국악관현악단 제6회 정기연주회<사랑나눔음악회>,2012,11,11/29(목)19:00,학교법인여도학원 여도초등학교,무료,전체관람가,대극장,대관,순수,국악,무료,0,1,0,1,1,1021,0,916,916,0,853,,21,15,12598,,2012-11-29,121129_01
40,제13회 여수 YWCA 합창단 정기연주회,2012,12,12/4(화)19:30,여수YWCA,"전석 10,000원",전체관람가,대극장,대관,순수,클래식,유료,0,1,0,1,1,1021,0,628,628,0,542,,,,,,2012-12-04,121204_01
41,여수시립합창단 제62회 정기연주회<헨델 오라토리오 '메시아'>,2012,12,12/6(목)19:30,여수시/여수시립합창단,"1층 10,000원
2층 5,000원",미취학 아동 입장불가,대극장,대관,순수,클래식,유료,0,1,0,1,1,948,852,0,852,821,0,,,,,,2012-12-06,121206_01
42,제4회 가족콘서트,2012,12,12/8(토)19:00,여수MBC/여수시/순천시/광양시,무료,전체관람가,대극장,대관,대중,콘서트,무료,1,1,0,2,1,948,0,334,334,0,271,,,,,,2012-12-08,121208_01
43,여수학생 오케스트라 페스티벌_2012,2012,12,"12/12(수)13:00
12/13(목)13:00",전라남도여수교육지원청,무료,미취학 아동 입장불가,대극장,대관,순수,클래식,무료,0,2,0,2,2,1896,0,1701,1701,0,1261,,,,,,2012-12-12,121212_01
44,GS칼텍스 희망에너지교실,2012,12,12/13(목),GS칼텍스,무료,전체관람가,소극장,대관,대중,행사,무료,0,1,0,1,1,302,0,298,298,0,298,,,,,,2012-12-13,121213_01
45,금난새와 함께하는 송년음악회,2012,12,12/15(토)19:00,여수MBC,"전석 55,000원",미취학 아동 입장불가,대극장,대관,순수,클래식,유료,0,1,0,1,1,1021,979,0,979,954,0,,,,,,2012-12-15,121215_01
46,여수시립국악단 제24회 정기연주회<좋지 아니한가>,2012,12,12/18(화)19:30,여수시/여수시립국악단,"전석 10,000원",미취학 아동 입장불가,대극장,대관,순수,국악,유료,1,1,0,2,1,948,667,0,667,552,0,,,,,,2012-12-18,121218_01
47,크리스마스칸타타_2012,2012,12,12/20(목)19:30,(사)국제청소년연합그라시아스합창단,"R석 80,000원
S석 60,000원",미취학 아동 입장불가,대극장,대관,복합,뮤지컬,유료,1,1,0,2,1,948,926,0,926,835,32,,,,,,2012-12-20,121220_01
48,이루마콘서트<기억에 머무르다>,2012,12,12/22(토)19:00,예울마루,"R석 60,000원
S석 50,000원
A석 40,000원",미취학 아동 입장불가,대극장,기획,순수,클래식,유료,1,1,0,2,1,1021,997,22,1019,971,12,,,,,,2012-12-22,121222_01
49,첼리스트양성원과클라리넷 앙상블 레봉벡의<FUN한여행>,2012,12,12/25(화)17:00,예울마루,"R석 30,000원
S석 20,000원
A석 10,000원",36개월이상,대극장,기획,순수,클래식,유료,0,1,0,1,1,1021,988,22,1010,831,4,,,,,,2012-12-25,121225_01
50,"제정화 젊은소리 여덟번째 ""유쾌한 수다""",2012,12,12/27(목)19:00,(사)한국민족예술인총연합여수지부국악위원회,"R석 30,000원
S석 20,000원",미취학 아동 입장불가,소극장,대관,순수,국악,유료,0,1,0,1,1,302,289,0,289,201,0,,,,,,2012-12-27,121227_01
51,국립발레단의<호두까기인형>,2012,12,"12/29(토)19:00
12/30(일)14:00",예울마루,"VIP석 90,000원
R석 70,000원
S석 50,000원",미취학 아동 입장불가,대극장,기획,순수,발레,유료,2,2,1,5,2,1896,1641,115,1756,1505,30,,14,14,10459,,2012-12-29,121229_01
1,뮤지컬<맘마미아>,2013,1,"1/19(금)15:00/19:30
1/20(토)14:00/18:30",예울마루,"VIP석 100,000원
R석 80,000원
S석 50,000원",미취학 아동 입장불가,대극장,기획,대중,뮤지컬,유료,3,2,1,6,4,3792,3625,146,3771,3625,46,,,,,,2013-01-19,130119_01
2,금난새의 신년음악회,2013,1,1/25(금)19:30,여수MBC,"전석 55,000원",미취학 아동 입장불가,대극장,대관,순수,클래식,유료,0,1,0,1,1,1021,831,44,875,767,37,,5,3,4646,,2013-01-25,130125_01
3,종합예술제,2013,2,2/13(수)14:00,전라남도여수교육지원청,무료,미취학 아동 입장불가,대극장,대관,순수,클래식,무료,0,1,0,1,1,948,0,755,755,0,590,,,,,,2013-02-13,130213_01
4,연극<아버지>,2013,2,"2/15(금)19:00
2/16(토)15:00/19:00",여수MBC,"전석 35,000원",미취학 아동 입장불가,대극장,대관,순수,연극,유료,1,2,0,3,3,3063,2360,103,2463,2280,103,,,,,,2013-02-15,130215_01
5,김제동토크콘서트〈노브레이크〉시즌4,2013,2,"2/22(금)19:00
2/23(토)19:00",(주)비제이엔터테인먼트 (주)베리굿 (주)비제이엔터테인먼트 (주)베리굿,"전석 77,000원",미취학 아동 입장불가,대극장,대관,대중,콘서트,유료,1,2,0,3,2,2042,1670,43,1713,1657,6,,,,,,2013-02-22,130222_01
6,시민과의 대화,2013,2,2/26(화)14:00,여수시,무료,미취학 아동 입장불가,소극장,대관,대중,행사,무료,0,1,0,1,1,302,0,302,302,0,302,,7,6,5233,,2013-02-26,130226_01
7,"제1회 재능나눔콘서트
(지역예술인재콘서트)",2013,3,3/1(금)19:00,(사)한국민족예술인총연합여수지부국악위원회,무료,미취학 아동 입장불가,소극장,대관,순수,클래식,무료,0,1,0,1,1,302,0,152,152,0,152,,,,,,2013-03-01,130301_01
8,여수심포니오케스트라신포니에타연주회<카운터테너루이스초이초청>,2013,3,3/5(화)19:00,여수심포니오케스트라/호남교향악단/여수사랑 바다음악회,"전석 20,000원",미취학 아동 입장불가,대극장,대관,순수,클래식,유료,0,1,0,1,1,948,502,0,502,497,0,,,,,,2013-03-05,130305_01
9,양성원 <바흐 무반주 첼로 모음곡 전곡 연주회>,2013,3,3/16(토)15:00,예울마루,"R석 40,000원
S석 30,000원
A석 20,000원",미취학 아동 입장불가,대극장,기획,순수,클래식,유료,1,1,0,2,1,948,477,318,795,423,228,,,,,,2013-03-16,130316_01
10,"브라이언 크레인 내한 공연 ""사랑, 봄의 이야기""",2013,3,3/17(일)15:30,여수MBC,"전석 25,000원",만6세이상,대극장,대관,순수,클래식,유료,0,1,0,1,1,1021,493,48,541,426,6,,,,,,2013-03-17,130317_01
11,최정원&친구들의뮤지컬 콘서트,2013,3,3/26(화)19:30,여수MBC,"전석 45,000원",미취학 아동 입장불가,대극장,대관,복합,뮤지컬,유료,0,1,0,1,1,1021,669,50,719,647,44,,,,,,2013-03-26,130326_01
12,김영철의FUNFUN클래식,2013,3,3/29(금)19:30,예울마루,"R석 50,000원
S석 40,000원
A석 30,000원",미취학 아동 입장불가,대극장,기획,순수,클래식,유료,1,1,0,2,1,1021,474,328,802,422,293,,6,6,3511,,2013-03-29,130329_01
13,신춘음악회,2013,4,4/2(화)19:30,(사)한국음악협회여수지부,"전석 5,000원",미취학 아동 입장불가,소극장,대관,순수,클래식,유료,0,1,0,1,1,302,199,0,199,179,0,,,,,,2013-04-02,130402_01
14,앙상블 네우마와 함께하는 희망 콘서트,2013,4,4/11(목)19:30,앙상블네우마/(사)함께하는 사랑밭,"전석 66,000원",미취학 아동 입장불가,대극장,대관,순수,클래식,유료,0,1,0,1,1,948,147,262,409,136,168,,,,,,2013-04-11,130411_01
15,연극 친정엄마와 2박3일,2013,4,"4/13(토)15:00/19:00
4/14(일)(공연취소)",㈜밝은누리/㈜아이스타미디어,"R석 77,000원
S석 66,000원",미취학 아동 입장불가,대극장,대관,순수,연극,유료,1,1,0,2,2,2042,529,456,985,529,456,,,,,,2013-04-13,130413_01
16,"힐링음악회I<피아노,책을품다>",2013,4,4/18(목)11:00,예울마루,"전석 10,000원",미취학 아동 입장불가,대극장,기획,순수,클래식,유료,1,1,0,2,1,948,243,121,364,241,99,,,,,,2013-04-18,130418_01
17,마음톡톡캠프,2013,4,4/18(목)~4/20(토),GS칼텍스 CSR 추진팀,무료,전체관람가,소극장,대관,대중,행사,무료,1,3,0,4,3,906,0,200,200,0,200,,,,,,2013-04-18,130418_02
18,코믹연극<너와함께라면>,2013,4,4/20(토)15:00/19:00,여수MBC,"전석 33,000원",만6세이상,대극장,대관,순수,연극,유료,2,1,0,3,2,2042,450,84,534,373,79,,,,,,2013-04-20,130420_01
19,김성녀의<벽속의요정>,2013,4,"4/26(금)19:30
4/27(토)19:00",예울마루,"R석 50,000원
S석 40,000원
A석 30,000원",미취학 아동 입장불가,대극장,기획,복합,뮤지컬,유료,2,2,0,4,2,2042,366,424,790,333,356,,12,10,3481,,2013-04-26,130426_01
20,"김영옥 명창 ""이순신을 노래하다""",2013,5,5/2(목)19:00,(사)남도전통음악연구소/충무공이순신문화사업단,"전석 30,000원",미취학 아동 입장불가,소극장,대관,순수,국악,유료,0,1,0,1,1,302,177,0,177,171,0,,,,,,2013-05-02,130502_01
21,뮤지컬<노틀담의 꼽추>,2013,5,"5/8(수)10:30/13:30
5/9(목)10:30/13:30/16:00
5/10(금)10:30/13:30/16:00",N.A뮤지컬컴퍼니,"전석 30,000원",만6세이상,대극장,대관,복합,뮤지컬,유료,1,3,0,4,8,7584,7488,0,7488,5962,0,,,,,,2013-05-08,130508_01
22,박완규출판기념식 및 이홍렬초청강연,2013,5,5/10(금)19:00,㈜디비엘 미디어,무료,전체관람가,소극장,대관,대중,행사,무료,0,1,0,1,1,302,0,250,250,0,250,,,,,,2013-05-10,130510_01
23,태교음악회,2013,5,5/15(수)18:30,㈜베이비메모리즈,무료,24개월이상,소극장,대관,대중,행사,무료,0,1,0,1,1,302,0,142,142,0,142,,,,,,2013-05-15,130515_01
24,여수시립합창단 제63회 정기연주회,2013,5,5/16(목)19:30,여수시/여수시립합창단,"1층 10,000원
2층 5,000원",미취학 아동 입장불가,대극장,대관,순수,클래식,유료,1,1,0,2,1,1021,744,100,844,687,100,,,,,,2013-05-16,130516_01
26,예울마루개관1주년특별공연<서울시향연주회>,2013,5,5/18(토)19:00,예울마루,"R석 90,000원
S석 70,000원
A석 50,000원",미취학 아동 입장불가,대극장,기획,순수,클래식,유료,0,1,0,1,1,948,803,123,926,758,118,,,,,,2013-05-18,130518_01
27,마음톡톡캠프,2013,5,5/23(목)~5/24(토),GS칼텍스 CSR 추진팀,무료,전체관람가,소극장,대관,대중,행사,무료,1,3,0,4,3,906,0,242,242,0,242,,,,,,2013-05-23,130523_01
28,가족뮤지컬<넌 특별하단다>,2013,5,5/25(토)14:00/17:00,여수MBC,"전석 25,000원",36개월이상,대극장,대관,복합,뮤지컬,유료,1,1,0,2,2,2042,1280,32,1312,1239,6,,,,,,2013-05-25,130525_01
29,프라임 필하모닉오케스트라 초청 음악회,2013,5,5/28(화)19:30,(사)한국음악협회여수지부,"전석 10,000원",미취학 아동 입장불가,대극장,대관,순수,클래식,유료,0,1,0,1,1,948,693,100,793,643,100,,,,,,2013-05-28,130528_01
30,어린이명품뮤지컬<브레멘음악대>,2013,5,5/30(금)11:00/14:00,예울마루,"R석 40,000원
S석 30,000원
A석 20,000원",24개월이상,대극장,기획,복합,뮤지컬,유료,2,1,0,3,2,2042,1777,78,1855,1754,63,,21,14,14029,,2013-05-30,130530_01
,어린이명품뮤지컬<브레멘음악대>,2013,6,6/1(토)14:00/16:00,예울마루,"R석 40,000원
S석 30,000원
A석 20,000원",24개월이상,대극장,기획,복합,뮤지컬,유료,0,1,0,1,2,2042,1329,324,1653,1322,310,,,,,,2013-06-01,130601_01
31,뮤직드라마<당신만이>,2013,6,"6/4(화)15:00/19:00
6/5(수)15:00/19:00","LG연암문화재단 한국메세나협의회, GS칼텍스재단",무료,미취학 아동 입장불가,소극장,대관,복합,뮤지컬,무료,2,2,0,4,4,1208,0,1087,1087,0,858,,,,,,2013-06-04,130604_01
32,파가니니 카프리스 24개 전곡연주_바이올리니스트 임재홍,2013,6,6/7(금)19:00,아트포유,"전석 40,000원",미취학 아동 입장불가,대극장,대관,순수,클래식,유료,0,1,0,1,1,1021,313,0,313,313,0,,,,,,2013-06-07,130607_01
33,개그빅콘서트,2013,6,6/8(토)15:00/19:00,(주)행복한세상,"VIP석 77,000원
R석 66,000원
S석 55,000원",전체관람가,대극장,대관,대중,콘서트,유료,0,1,0,1,2,2042,1798,75,1873,1798,75,,,,,,2013-06-08,130608_01
34,여수세계합창제,2013,6,6/11(화)~6/17(월),(사)한국음악협회여수지부/2013여수세계합창제 추진위원회,"전석 10,000원",미취학 아동 입장불가,대극장,대관,순수,클래식,유료,3,6,0,9,6,5688,343,4037,4380,255,3012,,,,,,2013-06-11,130611_01
35,"힐링음악회Ⅱ<피아노,영화를만나다>""찰리채플린의 모던타임즈""",2013,6,6/19(수)11:00,예울마루,"전석 10,000원",미취학 아동 입장불가,대극장,기획,순수,클래식,유료,1,1,0,2,1,948,797,63,860,736,49,,,,,,2013-06-19,130619_01
36,The주현미Show,2013,6,6/22(금)15:00/19:00,여수MBC,"R석 77,000원
S석 66,000원
A석 55,000원",미취학 아동 입장불가,대극장,대관,대중,콘서트,유료,1,1,0,2,2,2042,1120,154,1274,1093,69,,,,,,2013-06-22,130622_01
37,여수시민을 위한 2013 재능나눔 콘서트,2013,6,6/21(금)19:00,(사)함께하는 사랑밭,무료,미취학 아동 입장불가,소극장,대관,순수,클래식,무료,0,1,0,1,1,302,0,294,294,0,282,,,,,,2013-06-21,130621_01
38,"루마니아티미쇼아라 필하모닉 그들이 전하는 ""달콤한 클래식 읽기""",2013,6,6/22(토)19:30,국제음악교류협회,"R석 30,000원
S석 20,000원",미취학 아동 입장불가,대극장,대관,순수,클래식,유료,0,1,0,1,1,948,679,0,679,679,0,,,,,,2013-06-22,130622_02
39,폴포츠 내한공연,2013,6,6/23(일)19:00,여수관악협회,"R석 80,000원
S석 70,000원
A석 50,000원",미취학 아동 입장불가,대극장,대관,순수,클래식,유료,0,1,0,1,1,1021,972,37,1009,966,15,,,,,,2013-06-23,130623_01
40,제5회 피아노 듀오 연주회,2013,6,6/28(금)19:30,(사)한국음악협회여수지부/여수시,"전석 5,000원",미취학 아동 입장불가,소극장,대관,순수,클래식,유료,0,1,0,1,1,302,294,0,294,236,0,,,,,,2013-06-28,130628_01
41,뮤지컬 사운드오브뮤직_농림축산식품부주최,2013,6,6/29(토)15:00/19:00,농림축산식품부/여수농협,무료,미취학 아동 입장불가,대극장,대관,복합,뮤지컬,무료,2,1,0,3,2,1896,0,1872,1872,0,1586,,24,18,15588,,2013-06-29,130629_01
42,마음톡톡캠프,2013,7,7/4(목)~7/6(토),GS칼텍스 CSR 추진팀,무료,전체관람가,소극장,대관,대중,행사,무료,1,3,0,4,3,906,0,200,200,0,200,,,,,,2013-07-04,130704_01
43,프레미에앙상블,2013,7,7/11(목)14:00,예울마루,무료,미취학 아동 입장불가,소극장,기타,순수,클래식,무료,0,1,0,1,1,302,0,97,97,0,67,,,,,,2013-07-11,130711_01
44,국립국악관현악단<잔치>,2013,7,7/13(토)15:00/19:00,예울마루,"R석 30,000원
S석 20,000원
A석 10,000원",미취학 아동 입장불가,대극장,기획,순수,국악,유료,0,1,0,1,2,1896,1205,292,1497,1107,186,,,,,,2013-07-13,130713_01
45,서울예고와 함께하는 2013 청소년 음악회,2013,7,7/16(화)19:30,남해안발전연구소/에듀아트,무료,미취학 아동 입장불가,대극장,대관,순수,클래식,무료,0,1,0,1,1,948,0,844,844,0,793,,,,,,2013-07-16,130716_01
46,모스틀리 필하모닉 영화음악콘서트,2013,7,7/19(금)19:30,여수MBC,"전석 50,000원",미취학 아동 입장불가,대극장,대관,순수,클래식,유료,0,1,0,1,1,1021,922,28,950,871,20,,8,7,3588,,2013-07-19,130719_01
47,GS칼텍스 희망에너지교실_학교폭력예방교육,2013,8,8/13(월)~8/14(화),GS칼텍스,무료,전체관람가,소극장,대관,대중,행사,무료,1,2,0,3,2,604,0,150,150,0,150,,,,,,2013-08-13,130813_01
48,815광복절기념 축하음악회<한국환상곡>2013,2013,8,8/15(목)19:30,여수시/여수시립합창단,무료,7세 이상 관람가,대극장,대관,순수,클래식,무료,0,1,0,1,1,948,0,784,784,0,654,,,,,,2013-08-15,130815_01
49,창극 홍길동(전남도립국악단 특별 기획공연),2013,8,8/23(금)19:30,전라남도/전남문화예술재단,"전석 10,000원",만5세이상,대극장,대관,복합,창극,유료,2,1,0,3,1,948,800,56,856,455,50,,,,,,2013-08-23,130823_01
50,GS칼텍스 희망에너지교실_학교폭력예방교육,2013,8,8/22(목)~8/23(금),GS칼텍스,무료,전체관람가,소극장,대관,대중,행사,무료,1,2,0,3,2,604,0,150,150,0,150,,,,,,2013-08-22,130822_01
51,문지영 피아노 독주회,2013,8,8/24(토)16:00,(사)한국음악협회여수지부,무료,미취학 아동 입장불가,대극장,대관,순수,클래식,무료,0,1,0,1,1,948,0,590,590,0,510,,7,7,2530,,2013-08-24,130824_01
52,아르스노바 남성합창단 제5회 정기 연주회,2013,9,9/3(화)19:30,아르스노바남성합창단,"R석 10,000원
S석 5,000원",만5세이상,대극장,대관,순수,클래식,유료,0,1,0,1,1,1021,722,0,722,625,0,,,,,,2013-09-03,130903_01
53,백건우피아노리사이틀,2013,9,9/7(토)19:00,예울마루,"R석 90,000원
S석 70,000원
A석 50,000원",미취학 아동 입장불가,대극장,기획,순수,클래식,유료,1,1,0,2,1,1021,944,65,1009,903,65,,,,,,2013-09-07,130907_01
54,아가페합창단 제19회 정기연주회,2013,9,9/10(화)19:30,여수아가페합창단,"전석 10,000원",만5세이상,대극장,대관,순수,클래식,유료,0,1,0,1,1,1021,646,236,882,553,226,,,,,,2013-09-10,130910_01
55,마음톡톡캠프,2013,9,9/12(목)~9/14(토),GS칼텍스 CSR 추진팀,무료,전체관람가,소극장,대관,대중,행사,무료,1,3,0,4,3,906,0,200,200,0,200,,,,,,2013-09-12,130912_01
56,여수심포니오케스트라 클래식여행_낭만으로초대,2013,9,9/26(목)19:30,여수심포니오케스트라,"전석 20,000원",미취학 아동 입장불가,대극장,대관,순수,클래식,유료,0,1,0,1,1,948,598,133,731,498,123,,,,,,2013-09-26,130926_01
57,여수영재오케스트라 제1회 정기연주회,2013,9,9/28(토)17:00,전라남도여수교육지원청,무료,7세 이상 관람가,대극장,대관,순수,클래식,무료,0,1,0,1,1,1021,0,927,927,0,862,,8,8,4471,,2013-09-28,130928_01
58,내친구첼로,2013,10,10/1(화)19:30,나투어뮤직,"R석 40,000원
S석 30,000원
A석 20,000원",미취학 아동 입장불가,소극장,대관,순수,클래식,유료,0,1,0,1,1,302,106,24,130,98,18,,,,,,2013-10-01,131001_01
59,마음톡톡캠프,2013,10,10/3(목)~10/5(토),GS칼텍스 CSR 추진팀,무료,전체관람가,소극장,대관,대중,행사,무료,1,3,0,4,3,906,0,200,200,0,200,,,,,,2013-10-03,131003_01
60,여수마칭(관악)페스티벌,2013,10,10/7(월)19:00,여수관악협회/헬로비전 아라방송,무료,전체관람가,분수광장,대관,대중,행사,무료,1,1,0,2,1,1500,0,4500,4500,0,4500,,,,,,2013-10-07,131007_01
61,여수시립합창단 제64회 정기연주회,2013,10,10/10(목)19:30,여수시/여수시립합창단,"1층 10,000원
2층 5,000원",미취학 아동 입장불가,대극장,대관,순수,클래식,유료,1,1,0,2,1,948,626,115,741,561,106,,,,,,2013-10-10,131010_01
62,남편과 함께하는 태교음악회,2013,10,10/11(금)19:00,여수시,무료,24개월이상,소극장,대관,순수,클래식,무료,0,1,0,1,1,302,0,250,250,0,231,,,,,,2013-10-11,131011_01
64,전남대학교 피아노 교수음악회<브람스를 좋아하세요? >,2013,10,10/15(화)19:30,전남대학교 예술대학 피아노연구소 전남대학교 예술대학 피아노연구소,무료,미취학 아동 입장불가,소극장,대관,순수,클래식,무료,0,1,0,1,1,302,0,231,231,0,215,,,,,,2013-10-15,131015_01
65,"힐링음악회Ⅲ<피아노,여행을만나다>",2013,10,10/16(수)11:00,예울마루,"전석 10,000원",미취학 아동 입장불가,대극장,기획,순수,클래식,유료,1,1,0,2,1,948,782,151,933,770,115,,,,,,2013-10-16,131016_01
66,GS칼텍스 녹색환경 글쓰기대회 2013,2013,10,10/19(토)09:00~15:00,GS칼텍스,무료,전체관람가,분수광장,대관,대중,행사,무료,2,1,0,3,1,5000,0,5000,5000,0,5000,,,,,,2013-10-19,131019_01
67,가을밤의 세레나데,2013,10,10/22(화)19:30,(사)한국음악협회여수지부,"전석 5,000원",5세이상관람가,소극장,대관,순수,클래식,유료,0,1,0,1,1,302,204,34,238,204,23,,,,,,2013-10-22,131022_01
68,전남대학교 예술대학 음악학과 제29회 정기연주회,2013,10,10/24(목)19:30,전남대학교 예술대학 음악학과,무료,미취학 아동 입장불가,대극장,대관,순수,클래식,무료,0,1,0,1,1,948,0,374,374,0,315,,,,,,2013-10-24,131024_01
69,여수청소년관악단 제2회 정기연주회,2013,10,10/25(금)19:30,여수청소년관악단,무료,미취학 아동 입장불가,소극장,대관,순수,클래식,무료,1,1,0,2,1,302,0,277,277,0,264,,,,,,2013-10-25,131025_01
70,번개맨의 비밀2<우리영웅번개맨>,2013,10,"10/26(토)11/14/16:30 
10/27(일)11/14",㈜힘컨텐츠,"VIP석 55,000원
R석 44,000원
S석 33,000원",24개월이상,대극장,대관,복합,뮤지컬,유료,1,2,0,3,5,5105,4244,120,4364,4156,60,,,,,,2013-10-26,131026_01
71,여수어머니리코더합주단 제11회 정기연주회,2013,10,10/26(토)18:30,여수어머니리코더합주단,무료,5세이상,소극장,대관,순수,클래식,무료,0,1,0,1,1,302,0,298,298,0,278,,,,,,2013-10-26,131026_02
72,신의 아그네스,2013,10,10/29(화)19:30,여수MBC,"전석 33,000원",중학생 이상  관람가,대극장,대관,순수,연극,유료,1,1,0,2,1,1021,905,50,955,833,38,,,,,,2013-10-29,131029_01
73,여수학생연극페스티벌_제2회,2013,10,10/30(수)13:30,여수교육지원청,무료,미취학 아동 입장불가,소극장,대관,순수,연극,무료,0,1,0,1,1,302,0,298,298,0,222,,,,,,2013-10-30,131030_01
74,"여수 학생.학부모 합창페스티벌""내노래에 날개를 달다""_제2회",2013,10,10/31(목)14:00,여수교육지원청,무료,5세이상,대극장,대관,순수,클래식,무료,0,1,0,1,1,1021,0,888,888,0,827,,22,19,19677,,2013-10-31,131031_01
75,제9회 현악앙상블과 함께하는 조이아뮤지션스 힐링음악회,2013,11,11/1(금)19:00,조이아뮤지션스,"전석 5,000원",미취학 아동 입장불가,소극장,대관,순수,클래식,유료,1,1,0,2,1,302,223,14,237,218,10,,,,,,2013-11-01,131101_01
76,권혁주 파가니니로불사르다,2013,11,11/2(토)19:30,브라움,"전석 20,000원",미취학 아동 입장불가,소극장,대관,순수,클래식,유료,0,1,0,1,1,302,97,54,151,97,44,,,,,,2013-11-02,131102_01
77,남진콘서트2013<내노래의 이력서>,2013,11,11/2(토)15:00/18:30,엠-뮤즈엔터테인먼트,"VIP석 99,000원
R석 88,000원
S석 77,000원",미취학 아동 입장불가,대극장,대관,대중,콘서트,유료,1,1,0,2,2,2042,607,250,857,602,250,,,,,,2013-11-02,131102_02
78,그남자 카운트테너 루이스쵸이를 만나자,2013,11,11/5(화)19:30,WBC복지TV전남방송,"전석 30,000원",미취학 아동 입장불가,대극장,대관,순수,클래식,유료,0,1,0,1,1,948,491,128,619,471,107,,,,,,2013-11-05,131105_01
79,마음톡톡캠프,2013,11,11/7(목)~11/9(토),GS칼텍스 CSR 추진팀,무료,전체관람가,소극장,대관,대중,행사,무료,1,3,0,4,2,604,0,200,200,0,200,,,,,,2013-11-07,131107_01
80,프레미에앙상블_메세나대상 수상 기념,2013,11,11/9(토)15:00,예울마루/한국메세나협회,"전석 1,000원",미취학 아동 입장불가,대극장,기타,순수,클래식,유료,0,1,0,1,1,1021,261,460,721,197,231,,,,,,2013-11-09,131109_01
81,"공제회와 함께 거니는 ""문화의 숲, 예술의 정원""",2013,11,11/12(화)19:00,한국교직원공제회,무료,7세 이상 관람가,소극장,대관,대중,콘서트,무료,0,1,0,1,1,302,0,298,298,0,219,,,,,,2013-11-12,131112_01
83,한국형뮤지컬<오돌레>_2013,2013,11,11/15(금)~11/16(토) 시간미정 / 2일,여수시/여수시립국악단,"1층 10,000원
2층 5,000원",미취학 아동 입장불가,대극장,대관,복합,창극,유료,3,2,1,6,2,1896,987,106,1093,906,86,,,,,,2013-11-15,131115_01
84,예술의전당콘서트실황중계<토요콘서트>,2013,11,11/16(토)11:00,예울마루/예술의전당,무료,미취학 아동 입장불가,소극장,기타,순수,클래식,무료,0,1,0,1,1,302,0,120,120,0,80,,,,,,2013-11-16,131116_01
85,여도오케스트라 제15회 정기연주회,2013,11,11/19(화)19:00,학교법인여도학원 여도초등학교,무료,미취학 아동 입장불가,대극장,대관,순수,클래식,무료,0,1,0,1,1,948,0,703,703,0,650,,,,,,2013-11-19,131119_01
86,여수학생 오케스트라 페스티벌_2013,2013,11,"11/20(수)14:00
11/21(목)14:00",여수교육지원청,무료,36개월 이상 관람가,대극장,대관,순수,클래식,무료,0,2,0,2,2,1896,0,1872,1872,0,1408,,,,,,2013-11-20,131120_01
87,요절복통 코믹연극<경로당폰팅사건>,2013,11,"11/21(목)15:00
11/22(금)15:00/19:30
11/23(토)15:00/19:00",예울마루,"전석 30,000원",만 14세이상 관람가,소극장,기획,순수,연극,유료,2,3,0,5,5,1510,1442,50,1492,1247,28,,,,,,2013-11-21,131121_01
88,여수교원교향악단 제6회 정기연주회,2013,11,11/23(토)17:00,여수교육지원청,무료,36개월 이상 관람,대극장,대관,순수,클래식,무료,1,1,0,2,1,948,0,640,640,0,566,,,,,,2013-11-23,131123_01
89,발렌티나리시차 피아노리사이틀,2013,11,11/24(일)17:00,주식회사 오푸스,"R석 90,000원
S석 70,000원
A석 50,000원",미취학 아동 입장불가,대극장,대관,순수,클래식,유료,0,1,0,1,1,948,179,63,242,179,43,,,,,,2013-11-24,131124_01
90,제7회 전남초등교원음악제,2013,11,11/26(화)15:00,전남초등음악교육연구회,무료,5세이상,대극장,대관,순수,클래식,무료,0,1,0,1,1,948,0,723,723,0,509,,,,,,2013-11-26,131126_01
91,Prof.Andreas Lehmann & Lux Ensemble,2013,11,11/27(수)19:30,여수악기공연기획/룩스앙상블,"전석 20,000원",미취학 아동 입장불가,소극장,대관,순수,클래식,유료,0,1,0,1,1,302,176,34,210,171,29,,,,,,2013-11-27,131127_01
92,여수시립합창단 오페라갈라콘서트,2013,11,11/28(목)19:30,여수시/여수시립합창단,"1층 10,000원
2층 5,000원",5세이하 아동 입장불가,대극장,대관,복합,오페라,유료,1,1,0,2,1,948,594,114,708,526,98,,,,,,2013-11-28,131128_01
93,여수필하모닉오케스트라 제25회 정기연주회,2013,11,11/29(금)19:30,여수필하모닉오케스트라,"전석 10,000원",미취학 아동 입장불가,대극장,대관,순수,클래식,유료,0,1,0,1,1,1021,551,24,575,373,2,,,,,,2013-11-29,131129_01
94,세종솔로이스츠의세레나데,2013,11,11/30(토)19:00,예울마루,"R석 50,000원
S석 40,000원
A석 30,000원",미취학 아동 입장불가,대극장,기획,순수,클래식,유료,0,1,0,1,1,1021,854,74,928,805,68,,27,25,12091,,2013-11-30,131130_01
95,뮤지컬<식구를 찾아서>_GS칼텍스 노동조합,2013,12,"12/2(월)18:00
12/3(화)18:00
12/4(수)18:00",GS칼텍스,무료,미취학 아동 입장불가,대극장,대관,순수,연극,무료,1,3,0,4,3,3063,0,1725,1725,0,1573,,,,,,2013-12-02,131202_01
96,아카데미아 금관 5중주,2013,12,12/5(목)19:00,여수윈드오케스트라,"전석 30,000원",5세 이상 관람가,소극장,대관,순수,클래식,유료,0,1,0,1,1,302,294,4,298,239,2,,,,,,2013-12-05,131205_01
98,GS칼텍스 희망에너지교실_콘서트,2013,12,12/7(토)17:00,GS칼텍스,무료,전체관람가,소극장,대관,대중,행사,무료,0,1,0,1,1,302,0,298,298,0,213,,,,,,2013-12-07,131207_01
99,크리스마스칸타타_2013,2013,12,12/7(토)19:00,(사)국제청소년연합그라시아스합창단/코코넛,"R석 80,000원
S석 60,000원",7세 이상 관람가,대극장,대관,복합,뮤지컬,유료,1,1,0,2,1,948,884,64,948,834,60,,,,,,2013-12-07,131207_02
100,<아카데미>성악아카데미발표회1,2013,12,12/10(화)19:00,예울마루,무료,24개월 이상,소극장,기타,기타,교육,무료,0,1,0,1,0,0,0,0,0,0,0,,,,,,2013-12-10,131210_01
101,한국음악협회여수지부 제38회 정기연주회,2013,12,12/10(화)19:30,(사)한국음악협회여수지부,"전석 5,000원",5세이상관람가,대극장,대관,순수,클래식,유료,0,1,0,1,1,948,378,64,442,288,60,,,,,,2013-12-10,131210_02
102,"힐링음악회Ⅳ<피아노,크리스마스>",2013,12,12/12(목)11:00,예울마루,"전석 10,000원",미취학 아동 입장불가,대극장,기획,순수,클래식,유료,1,1,0,2,1,948,456,54,510,397,50,,,,,,2013-12-12,131212_01
103,지역예술인재콘서트,2013,12,12/13(금)19:00,(사)한국민족예술인총연합여수지부국악위원회,무료,24개월 이상 관람가,소극장,대관,순수,클래식,무료,0,1,0,1,1,302,0,231,231,0,201,,,,,,2013-12-13,131213_01
104,여수시민합창제,2013,12,12/14(토)14:00,(사)한국음악협회여수지부/여수시,무료,24개월 이상 관람가,대극장,대관,순수,클래식,무료,0,1,0,1,1,948,0,832,832,0,640,,,,,,2013-12-14,131214_01
105,알라딘과요술램프,2013,12,12/17(화)10:30/13:00,㈜케이제이이앤티,무료,24개월이상,소극장,대관,복합,뮤지컬,무료,1,1,0,2,2,604,0,596,596,0,585,,,,,,2013-12-17,131217_01
106,신동원과 함께하는 여수YWCA합창단 제14회 정기연주회,2013,12,12/17(화)19:30,여수YWCA,"전석 10,000원",5세 이상 관람가,대극장,대관,순수,클래식,유료,0,1,0,1,1,948,533,185,718,510,146,,,,,,2013-12-17,131217_02
107,제13회 전남교사리코더합주단 정기연주회,2013,12,12/5(목)19:00,여수시/전라남도여수교육지원청/한국음악교육센터/여수초등음악교과교육연구소/전남초등리코더교육연구회,무료,5세 이상 관람가,소극장,대관,순수,클래식,무료,0,1,0,1,1,302,0,184,184,0,177,,,,,,2013-12-05,131205_02
108,이루마 힐링콘서트,2013,12,12/20(금)19:30,여수MBC,"R석 77,000원
S석 66,000원
A석 55,000원",7세 이상 관람가,대극장,대관,순수,클래식,유료,0,1,0,1,1,1021,865,45,910,842,38,,,,,,2013-12-20,131220_01
109,서울발레시어터의<호두까기인형>,2013,12,"12/24(화)19:30
12/25(수)17:00",예울마루,"R석 70,000원
S석 50,000원
A석 30,000원",36개월 이상,대극장,기획,순수,발레,유료,2,2,0,4,2,1896,1754,117,1871,1727,100,,,,,,2013-12-24,131224_01
110,난타(NANTA),2013,12,12/28(토)15:00/19:00 12/29(일)14:00/18:00,(주)KnP엔터테인먼트/오늘커뮤니케이션/고래엔터테인먼트,"R석 60,000원
S석 50,000원
A석 40,000원",36개월이상,대극장,대관,복합,뮤지컬,유료,2,2,0,4,4,4084,1666,317,1983,1581,299,,,,,,2013-12-28,131228_01
111,팝페라 콘서트,2013,12,12/31(화)17:30,여수MBC,"전석 33,000원",7세 이상 관람가,대극장,대관,복합,오페라,유료,0,1,0,1,1,1021,725,120,845,617,87,,22,20,12689,,2013-12-31,131231_01
1,PT콘서트,2014,1,1/11(토)19:00,아이엠기획,"전석 4,000원",24개월 이상,소극장,대관,대중,콘서트,유료,0,1,0,1,1,302,294,4,298,214,0,,,,,,2014-01-11,140111_01
2,직장연합30주년축제,2014,1,1/18(토)13:00,여수시,무료,24개월 이상,소극장,대관,순수,클래식,유료,0,1,0,1,1,302,0,298,298,0,298,,,,,,2014-01-18,140118_01
3,연세대와 함께하는 예울마루 음악캠프 개막식,2014,1,1/20(월)09:00,예울마루/연세대학교 음악대학,무료,6세 이상 관람가,소극장,기타,기타,교육,무료,0,1,0,1,1,302,0,150,150,0,150,,,,,,2014-01-20,140120_01
4,연세대와 함께하는 예울마루 음악캠프 합동 연주회,2014,1,1/23(목)19:00,예울마루/연세대학교 음악대학,무료,6세 이상 관람가,대극장,기타,기타,교육,무료,0,1,0,1,1,948,0,415,415,0,272,,,,,,2014-01-23,140123_01
5,빈소년합창단 최초의 한국인여성지휘자 김보미내한 <빈 소년 합창단 신년음악회>,2014,1,1/25(토)17:00,크레디아,"R석 80,000원
S석 60,000원
A석 40,000원",미취학 아동 입장불가,대극장,대관,순수,클래식,유료,0,1,0,1,1,1021,900,24,924,861,24,,5,5,2085,,2014-01-25,140125_01
6,뮤지컬<아가씨와건달들>,2014,2,"2/14(금)19:30 2/15(토)15:00/19:00
2/16(일)15:00/19:00",예울마루/여수MBC,"R석 99,000원
S석 77,000원
A석 55,000원",미취학 아동 입장불가,대극장,기획,복합,뮤지컬,유료,4,3,1,8,5,5105,3665,106,3771,3640,96,,,,,,2014-02-14,140214_01
7,주믿음 1집 앨범 쇼케이스,2014,2,2/22(토)19:00,JOO MID EUM MINISTRY,"R석 50,000원
S석 35,000원",24개월 이하 입장불가,소극장,대관,대중,콘서트,유료,1,1,0,2,1,302,294,4,298,230,0,,6,4,4069,,2014-02-22,140222_01
8,신춘음악회,2014,3,3/4(화)19:30,(사)한국음악협회여수지부,"전석 5,000원",5세이상관람가,소극장,대관,순수,클래식,유료,0,1,0,1,1,302,274,24,298,139,17,,,,,,2014-03-04,140304_01
9,김혜자의 모노드라마<오스카! 신에게 보내는 편지>,2014,3,"3/14(금)19:30
3/15(토)19:00",여수MBC,"R석 66,000원
S석 55,000원
A석 44,000원",미취학 아동 입장불가,대극장,대관,순수,연극,유료,1,2,0,3,2,2042,758,64,822,666,46,,,,,,2014-03-14,140314_01
10,<아카데미>클래식파노라마_상반기,2014,3,3/18(화),예울마루,-,-,소극장,기타,기타,교육,유료,0,1,0,1,1,302,60,0,60,60,0,,,,,,2014-03-18,140318_01
11,양성원&엔리코파체듀오리사이틀,2014,3,3/22(토)19:00,예울마루,"R석 50,000원
S석 40,000원
A석 30,000원",미취학 아동 입장불가,대극장,기획,순수,클래식,유료,1,1,0,2,1,948,279,215,494,261,171,,,,,,2014-03-22,140322_01
12,<아카데미>클래식파노라마_상반기,2014,3,3/25(화),예울마루,-,-,소극장,기타,기타,교육,유료,0,1,0,1,1,302,60,0,60,60,0,,,,,,2014-03-25,140325_01
13,이화회 정기총회 및 단합대회,2014,3,3/26(수),이화회,무료,미취학 아동 입장불가,소극장,대관,대중,행사,무료,0,1,0,1,1,302,0,180,180,0,180,,,,,,2014-03-26,140326_01
14,김제동 토크콘서트〈노브레이크〉시즌5,2014,3,"3/28(금)19:30
3/29(토)19:00",여수MBC,"전석 77,000원",미취학 아동 입장불가,대극장,대관,대중,콘서트,유료,1,2,0,3,2,2042,1652,100,1752,1597,91,,9,9,3666,,2014-03-28,140328_01
15,<아카데미>클래식파노라마_상반기,2014,4,4/1(화),예울마루,-,-,소극장,기타,기타,교육,유료,0,1,0,1,1,302,60,0,60,60,0,,,,,,2014-04-01,140401_01
16,<아카데미>클래식파노라마_상반기,2014,4,4/8(화),예울마루,-,-,소극장,기타,기타,교육,유료,0,1,0,1,1,302,60,0,60,60,0,,,,,,2014-04-08,140408_01
17,더 베이스 갱(THE BASS GANG),2014,4,4/10(목)19:30,전남 CBS,"R석 55,000원
S석 33,000원",미취학 아동 입장불가,대극장,대관,순수,클래식,유료,0,1,0,1,1,1021,368,611,979,249,433,,,,,,2014-04-10,140410_01
18,카르페디엠플룻앙상블 제2회 정기연주회,2014,4,4/12(토)17:00,카르페디엠,"전석 10,000원",미취학 아동 입장불가,소극장,대관,순수,클래식,유료,0,1,0,1,1,302,264,34,298,151,21,,,,,,2014-04-12,140412_01
19,<아카데미>클래식파노라마_상반기,2014,4,4/15(화),예울마루,-,-,소극장,기타,기타,교육,유료,0,1,0,1,1,302,60,0,60,60,0,,,,,,2014-04-15,140415_01
20,제34회 장애인의 날 기념식,2014,4,4/16(수)10:30,여수시장애인종합복지관/여수재가장애인총연합회/여수시장애인연합회,무료,전체관람가,대극장,대관,대중,행사,무료,0,1,0,1,1,1021,0,700,700,0,700,,,,,,2014-04-16,140416_01
21,바이올리니스트 조진주 리사이틀(VOICE),2014,4,4/18(금),(주)봄아트프로젝트,"전석 30,000원",미취학 아동 입장불가,소극장,대관,순수,클래식,유료,0,1,0,1,1,302,14,81,95,12,69,,,,,,2014-04-18,140418_01
22,웃음의 대학,2014,4,"4/18(금) 19:30~18(토) 15:00, 19:00 / 2일 3회",(주)KnP엔터테인먼트/오늘커뮤니케이션,"R석 50,000원
S석 40,000원
A석 30,000원",중학생 이상  관람가,대극장,대관,순수,연극,유료,1,2,0,3,3,3063,437,290,727,372,222,,,,,,2014-04-18,140418_02
23,전장수 기타리스트 독주회,2014,4,4/19(토),여수관악협회,"전석 30,000원",미취학 아동 입장불가,소극장,대관,순수,클래식,유료,0,1,0,1,1,302,7,291,298,7,177,,,,,,2014-04-19,140419_01
24,피아니스트 강현주와 함께 떠나는 세계음악여행_프라하의 봄,2014,4,4/23(수)11:00,예울마루,"전석 10,000원",미취학 아동 입장불가,대극장,기획,순수,클래식,유료,2,1,0,3,1,948,245,50,295,204,31,,,,,,2014-04-23,140423_01
25,<아카데미>클래식파노라마_상반기,2014,4,4/29(화),예울마루,-,-,소극장,기타,기타,교육,유료,0,1,0,1,1,302,60,0,60,60,0,,13,12,3632,,2014-04-29,140429_01
26,가족뮤지컬<구름빵>,2014,5,"5/1(목)11:00/14:00
5/2(금)11:00/14:00
5/3(토)11:00/14:00",예울마루,"R석 40,000원
S석 30,000원
A석 20,000원",24개월(2012년 5월 이전 출생자) 이상,대극장,기획,복합,뮤지컬,유료,3,3,0,6,6,6126,3870,422,4292,3835,346,,,,,,2014-05-01,140501_01
27,라트라비아타(LATRAVIARA) 갈라콘서트,2014,5,5/13(화)19:30,WBC복지TV전남방송,"전석 55,000원",미취학 아동 입장불가,대극장,대관,순수,클래식,유료,0,1,0,1,1,948,436,110,546,415,91,,,,,,2014-05-13,140513_01
28,<아카데미>클래식파노라마_상반기,2014,5,5/13(화),예울마루,-,-,소극장,기타,기타,교육,유료,0,1,0,1,1,302,60,0,60,60,0,,,,,,2014-05-13,140513_02
29,부영초등학교 교가 녹음,2014,5,5/14(수),부영초등학교,-,-,소극장,대관,순수,클래식,무료,0,1,0,1,1,302,,50,50,,50,,,,,,2014-05-14,140514_01
30,<아카데미>클래식파노라마_상반기,2014,5,5/20(화),예울마루,-,-,소극장,기타,기타,교육,유료,0,1,0,1,1,302,60,0,60,60,0,,,,,,2014-05-20,140520_01
31,광양만권 진로상담교사 간담회,2014,5,5/23(금),전남문화예술재단,-,-,소극장,대관,대중,행사,무료,0,1,0,1,1,302,0,69,69,0,69,,,,,,2014-05-23,140523_01
32,예울마루개관2주년기념공연<KBS교향악단연주회>,2014,5,5/23(금)19:30,예울마루,"R석 70,000원
S석 50,000원
A석 30,000원",미취학 아동 입장불가,대극장,기획,순수,클래식,유료,1,1,0,2,1,948,777,83,860,764,64,,,,,,2014-05-23,140523_02
33,<아카데미>클래식파노라마_상반기,2014,5,5/27(화),예울마루,-,-,소극장,기타,기타,교육,유료,0,1,0,1,1,302,60,0,60,60,0,,,,,,2014-05-27,140527_01
34,<아카데미>영어뮤지컬아카데미발표회1,2014,5,5/29(목)19:00,예울마루,-,-,소극장,기타,기타,교육,무료,0,1,0,1,1,302,0,298,298,0,154,,,,,,2014-05-29,140529_01
35,아카펠라그룹 메이트리 미니콘서트,2014,5,5/31(토)18:00,예울마루,-,-,옥외주차장,기타,기타,행사,무료,0,0,0,0,0,0,0,0,0,0,0,,14,11,6295,,2014-05-31,140531_01
36,<아카데미>클래식파노라마_상반기,2014,6,6/3(화),예울마루,-,-,소극장,기타,기타,교육,유료,0,1,0,1,1,302,60,0,60,60,0,,,,,,2014-06-03,140603_01
37,"2014 한국예술종합학교 찾아가는 문화행사""영화음악속클래식이야기""(예울마루 아카데미 종강 콘서트)",2014,6,6/10(화)11:00,"예울마루/
한국예술종합학교 공연전시센터",-,-,소극장,기타,기타,교육,무료,0,1,0,1,1,302,0,298,298,0,163,,,,,,2014-06-10,140610_01
38,여수필하모닉오케스트라 제26회 정기연주회<여수지역 유망 솔리스트를 위한 Gala Concert>,2014,6,6/10(화)20:00,여수필하모닉오케스트라,"전석 10,000원",미취학 아동 입장불가,대극장,대관,순수,클래식,유료,0,1,0,1,1,948,351,110,461,281,99,,,,,,2014-06-10,140610_02
39,여수시립합창단 제65회 정기연주회,2014,6,6/12(목)19:30,여수시/여수시립합창단,"1층 10,000원
2층 5,000원",만5세이상 관람가,대극장,대관,순수,클래식,유료,1,1,0,2,1,948,771,115,886,701,93,,,,,,2014-06-12,140612_01
40,리틀엔젤스 여수 특별공연,2014,6,6/14(토)15:00/19:00,한국문화재단/리틀엔젤스예술단,"R석 50,000원
S석 40,000원
A석 30,000원",만 5세 이상 입장가능,대극장,대관,순수,국악,유료,1,1,0,2,2,2042,1908,30,1938,1197,18,,,,,,2014-06-14,140614_01
41,<아카데미>성악아카데미발표회2,2014,6,6/17(화)19:00,예울마루,-,-,소극장,기타,기타,교육,무료,0,1,0,1,1,302,0,298,298,0,273,,,,,,2014-06-17,140617_01
42,제3회 LIG보험 순천지역단 합창대회,2014,6,6/18(수)15:00,LIG손해보험순천지역단,무료,24개월이하입장불가,소극장,대관,대중,행사,무료,0,1,0,1,1,302,0,120,120,0,120,,,,,,2014-06-18,140618_01
43,피아노 듀오&솔로 제6회 연주회 DUO&SOLO PIANO CONCERT,2014,6,6/19(목)19:30,(사)한국음악협회여수지부,"전석 5,000원",5세이상관람가,소극장,대관,순수,클래식,유료,0,1,0,1,1,302,294,4,298,243,0,,,,,,2014-06-19,140619_01
44,"디퍼런트 디토(Ditto) “그리하여,밤”",2014,6,6/20(금)19:30,예울마루,"R석 60,000원
S석 40,000원
A석 20,000원",미취학 아동 입장불가,대극장,기획,순수,클래식,유료,1,1,0,2,1,1021,797,69,866,774,19,,,,,,2014-06-20,140620_01
45,"김영옥 명창 ""이순신의 충효충절을 소리한""",2014,6,6/24(화)19:30,(사)남도전통음악연구소,"R석 20,000원
S석 10,000원",미취학 아동 입장불가,대극장,대관,순수,국악,유료,0,1,0,1,1,948,435,53,488,383,27,,,,,,2014-06-24,140624_01
46,최현우 매직 콘서트<더셜록_553번가의 비밀>,2014,6,"6/27(금)15:00/19:00
6/28(토)15:00/19:00",여수MBC,"VIP석 66,000원
R석 55,000원
S석 44,000원",36개월이상,대극장,대관,대중,콘서트,유료,2,2,0,4,4,4084,1642,94,1736,1611,55,,,,,,2014-06-27,140627_01
47,프로코피에프필하모니오케스트라와 여수심포니오케스트라 <그들이 전하는 공감음악회>,2014,6,6/29(일)19:30,여수심포니오케스트라/국제음악교류협회,"전석 20,000원",미취학 아동 입장불가,대극장,대관,순수,클래식,유료,0,1,0,1,1,948,383,64,447,358,36,,16,13,7896,,2014-06-29,140629_01
48,눈물기도,2014,7,7/5(토)17:00,울림,"전석 20,000원",미취학 아동 입장불가,소극장,대관,순수,클래식,유료,0,1,0,1,1,302,260,38,298,144,30,,,,,,2014-07-05,140705_01
49,창작오페라<귀항>_2014,2014,7,"7/11(금)19:30
7/12(토)17:00",(사)한국음악협회여수지부,"전석 10,000원",5세이상관람가,대극장,대관,복합,오페라,유료,3,2,0,5,2,1896,1504,44,1548,1358,28,,,,,,2014-07-11,140711_01
50,테너임산과나라사랑친구사랑,2014,7,7/17(목)15:00,예울마루,무료,미취학 아동 입장불가,대극장,기획,순수,클래식,무료,0,1,0,1,1,948,0,936,936,0,919,,4,4,2782,,2014-07-17,140717_01
51,독일작센유스윈드오케스트라,2014,8,8/19(화)19:30,여수윈드오케스트라,"R석 70,000원
S석 60,000원
A석 50,000원",미취학 아동 입장불가,대극장,대관,순수,클래식,유료,0,1,0,1,1,948,926,10,936,896,0,,,,,,2014-08-19,140819_01
52,2014 아동문화 정서지원 사업 무지개상자캠프,2014,8,8/20(수)09:00~21:00 8/21(목)09:00~21:00,사회복지법인기아대책,-,-,소극장,대관,대중,행사,무료,1,2,0,3,2,604,0,100,100,0,100,,,,,,2014-08-20,140820_01
53,한여름밤의세레나데,2014,8,8/22(금)19:30,여수악기공연기획,"전석 20,000원",만5세이하 입장불가,대극장,대관,순수,클래식,유료,1,1,0,2,1,1021,685,76,761,536,56,,,,,,2014-08-22,140822_01
54,"손양원기념음악회 ""La Clemenza(용서)""",2014,8,8/23(토)17:00,(사)민족지도자손양원목사기념사업회/(재)유나이티드문화재단,"전석 10,000원",5세이하 입장불가,대극장,대관,순수,클래식,유료,0,1,0,1,1,1021,452,64,516,384,53,,,,,,2014-08-23,140823_01
55,피아니스트 강현주와 함께 떠나는 세계음악여행_지중해의 여름,2014,8,8/26(화)11:00,예울마루,"전석 10,000원",미취학 아동 입장불가,대극장,기획,순수,클래식,유료,0,1,0,1,1,948,788,92,880,765,87,,,,,,2014-08-26,140826_01
56,방미가바이올린리사이틀,2014,8,8/28(목)19:30,여수노회 남선교연합회,"전석 10,000원",7세 이상 관람가,소극장,대관,순수,클래식,유료,0,1,0,1,1,302,284,14,298,187,11,,7,7,3491,,2014-08-28,140828_01
57,아르스노바 남성합창단 제6회 정기연주회,2014,9,9/2(화)19:30,아르스노바남성합창단,"전석 10,000원",24개월 이상 입장가능,대극장,대관,순수,클래식,유료,0,1,0,1,1,948,758,22,780,717,10,,,,,,2014-09-02,140902_01
58,클래식 오디세이_United Flute Orchestra와 Harpist 박수원이 선사하는,2014,9,9/13(토)19:00,United Flute Orchestra,"1층 20,000원
2층 10,000원",미취학 아동 입장불가,대극장,대관,순수,클래식,유료,0,1,0,1,1,948,620,22,642,546,7,,,,,,2014-09-13,140913_01
59,염은하바이올린리사이틀,2014,9,9/14(일)17:00,염은하,"전석 20,000원",미취학 아동 입장불가,소극장,대관,순수,클래식,유료,0,1,0,1,1,302,294,4,298,213,1,,,,,,2014-09-14,140914_01
60,김선욱 피아노 리사이틀,2014,9,9/16(화)19:30,(주)빈체로,"R석 70,000원
S석 50,000원
A석 30,000원",미취학 아동 입장불가,대극장,대관,순수,클래식,유료,0,1,0,1,1,1021,170,334,504,157,220,,,,,,2014-09-16,140916_01
61,헝가리부다페스트 색소폰 콰르텟 연주회,2014,9,9/17(수)19:30,여수마칭페스티벌추진위원회,"R석 50,000원
S석 40,000원
A석 30,000원",6세 이상 관람가,대극장,대관,순수,클래식,유료,0,1,0,1,1,948,872,50,922,799,27,,,,,,2014-09-17,140917_01
62,국제아트페스티벌 남도예술은행그림경매,2014,9,9/19(금)16:00,국제아트페스티벌,-,-,소극장,대관,대중,행사,무료,0,1,0,1,1,302,0,100,100,0,100,,,,,,2014-09-19,140919_01
63,여수시민과 함께하는 예술의 향연_전남예고공연,2014,9,9/19(금)19:00,전남예술고등학교,무료,24개월 이상 관람가,대극장,대관,순수,클래식,무료,1,1,0,2,1,1021,0,936,936,0,684,,,,,,2014-09-19,140919_02
64,브라이언 크레인 콘서트_CF＆드라마 음악의 거장,2014,9,9/20(토)19:00,여수MBC,"전석 30,000원",미취학 아동 입장불가,대극장,대관,순수,클래식,유료,0,1,0,1,1,1021,821,17,838,649,15,,,,,,2014-09-20,140920_01
65,<아카데미>클래식파노라마_하반기,2014,9,9/23(화),예울마루,-,-,소극장,기타,기타,교육,유료,0,1,0,1,1,302,52,0,52,52,0,,,,,,2014-09-23,140923_01
66,"제정화 젊은소리 열번째판 ""꿈꾸는 바다""",2014,9,9/23(화)19:30,(사)한국민족예술인총연합여수지부국악위원회,"R석 30,000원
S석 20,000원",36개월 이상 관람가,대극장,대관,순수,클래식,유료,1,1,0,2,1,1021,783,36,819,702,17,,,,,,2014-09-23,140923_02
67,이성열바이올린독주회,2014,9,9/23(화)19:30,조슈아 뮤직,"전석 20,000원",미취학 아동 입장불가,소극장,대관,순수,클래식,무료,0,1,0,1,1,302,,298,298,,272,,,,,,2014-09-23,140923_03
68,여수심포니오케스트라 제3회 정기연주회,2014,9,9/26(금)19:30,여수심포니오케스트라,"전석 20,000원",미취학 아동 입장불가,대극장,대관,순수,클래식,유료,0,1,0,1,1,948,662,22,684,603,15,,,,,,2014-09-26,140926_01
69,도이치방송교향악단내한공연,2014,9,9/27(토)19:00,예울마루/라보라,"R석 130,000원
S석 100,000원
A석 70,000원",미취학 아동 입장불가,대극장,기획,순수,클래식,유료,0,1,0,1,1,948,391,240,631,384,209,,,,,,2014-09-27,140927_01
70,옳고바른마음쓰기 범국민 운동본부 전남지부 발대식,2014,9,9/27(토)15:00,옳고바른마음쓰기 범국민운동본부,-,-,소극장,대관,대중,행사,무료,0,1,0,1,1,302,0,200,200,0,200,,,,,,2014-09-27,140927_02
71,<아카데미>클래식파노라마_하반기,2014,9,9/30(화),예울마루,-,-,소극장,기타,기타,교육,유료,0,1,0,1,1,302,52,0,52,52,0,,,,,,2014-09-30,140930_01
72,한국음악협회여수지부 제39회 정기연주회,2014,9,9/30(화)19:30,(사)한국음악협회여수지부,"전석 5,000원",5세이상관람가,대극장,대관,순수,클래식,유료,0,1,0,1,1,948,371,64,435,329,39,,16,16,8191,,2014-09-30,140930_02
73,피아니스트 강현주와 함께 떠나는 세계음악여행_파리의 가을,2014,10,10/2(목)11:00,예울마루,"전석 10,000원",미취학 아동 입장불가,대극장,기획,순수,클래식,유료,1,1,0,2,1,948,793,96,889,785,73,,,,,,2014-10-02,141002_01
74,마음톡톡캠프,2014,10,10/5(월)~11(일),GS칼텍스 CSR 추진팀,무료,전체관람가,소극장,대관,대중,행사,무료,1,6,0,7,6,1812,0,230,230,0,230,,,,,,2014-10-05,141005_01
75,음악이흐르는광장영화관 오프닝 축하연주회,2014,10,10/9(목)16:40,한국문화예술위원회/전라남도/전남문화예술재단/GS칼텍스예울마루,무료,24개월 이상 관람가,대극장,기획,순수,클래식,무료,0,1,0,1,1,948,0,840,840,0,735,,,,,,2014-10-09,141009_01
76,<아카데미>클래식파노라마_하반기,2014,10,10/14(화),예울마루,-,-,소극장,기타,기타,교육,유료,0,1,0,1,1,302,52,0,52,52,0,,,,,,2014-10-14,141014_01
77,여수아가페합창단 정기연주회,2014,10,10/14(화)19:30,여수아가페합창단,"전석 10,000원",5세 이상 관람가,대극장,대관,순수,클래식,유료,0,1,0,1,1,948,687,133,820,616,103,,,,,,2014-10-14,141014_02
78,JK앙상블,2014,10,10/15(수)14:00,예울마루,"R석 30,000원
S석 20,000원",미취학 아동 입장불가,대극장,기획,순수,클래식,유료,0,1,0,1,1,948,593,81,674,590,74,,,,,,2014-10-15,141015_01
79,모던타임즈,2014,10,10/16(목)11:00,예울마루,"전석 10,000원",미취학 아동 입장불가,대극장,기획,순수,클래식,유료,0,1,0,1,1,948,593,47,640,588,40,,,,,,2014-10-16,141016_01
80,가을밤의 세레나데,2014,10,10/17(금)19:30,(사)한국음악협회여수지부,"전석 5,000원",5세이상관람가,소극장,대관,순수,클래식,유료,0,1,0,1,1,302,294,4,298,239,0,,,,,,2014-10-17,141017_01
81,쿨페라<사랑의 묘약>,2014,10,10/18(토)15:00/19:00,정밀기획,"R석 70,000원
S석 50,000원
A석 30,000원",미취학 아동 입장불가,대극장,대관,복합,오페라,유료,1,1,0,2,2,2042,662,63,725,712,0,,,,,,2014-10-18,141018_01
82,<아카데미>클래식파노라마_하반기,2014,10,10/21(화),예울마루,-,-,소극장,기타,기타,교육,유료,0,1,0,1,1,302,52,0,52,52,0,,,,,,2014-10-21,141021_01
83,뮤지컬<브로드웨이 42번가>,2014,10,"10/24(금)19:30
10/25(토)15:00/19:30 10/26(일)14:00/18:30",예울마루/여수MBC,"R석 110,000원
S석 90,000원
A석 70,000원",미취학 아동 입장불가,대극장,기획,복합,뮤지컬,유료,4,3,1,8,5,5105,4421,85,4506,4354,47,,,,,,2014-10-24,141024_01
84,<아카데미>클래식파노라마_하반기,2014,10,10/28(화),예울마루,-,-,소극장,기타,기타,교육,유료,0,1,0,1,1,302,52,0,52,52,0,,,,,,2014-10-28,141028_01
85,여수.성남 시립국악단 교류음악회<지란지교를 꿈꾸며..>,2014,10,10/30(목)19:30,여수시/여수시립국악단,"전석 1,000원",4세이하입장불가(5세부터가능),대극장,대관,순수,국악,유료,1,1,0,2,1,948,758,22,780,660,11,,,,,,2014-10-30,141030_01
86,여수학생연극페스티벌_제3회,2014,10,10/31(금)13:30,전라남도여수교육지원청,무료,미취학 아동 입장불가,소극장,대관,순수,연극,무료,0,1,0,1,1,302,,298,298,,285,,24,21,10856,,2014-10-31,141031_01
87,여수영재오케스트라 제2회 정기연주회,2014,11,11/1(토)17:00,전라남도여수교육지원청,무료,5세 이상 관람가,대극장,대관,순수,클래식,무료,0,1,0,1,1,1021,,962,962,,787,,,,,,2014-11-01,141101_01
88,<아카데미>클래식파노라마_하반기,2014,11,11/4(화),예울마루,-,-,소극장,기타,기타,교육,유료,0,1,0,1,1,302,52,0,52,52,0,,,,,,2014-11-04,141104_01
89,<아카데미>영어뮤지컬아카데미녹음,2014,11,11/4(화)~5(수),예울마루,-,-,소극장,기타,기타,교육,무료,0,2,0,2,2,604,0,0,0,0,40,,,,,,2014-11-04,141104_02
91,모차르트그룹최초내한공연,2014,11,11/6(목)19:30,예울마루,"R석 30,000원
S석 20,000원
A석 10,000원",미취학 아동 입장불가,대극장,기획,순수,클래식,유료,0,1,0,1,1,1021,590,102,692,569,98,,,,,,2014-11-06,141106_01
92,김동규의 열정 라틴콘서트,2014,11,11/7(금)19:00,여수MBC,"R석 60,000원
S석 50,000원",미취학 아동 입장불가,대극장,대관,순수,클래식,유료,0,1,0,1,1,948,833,98,931,712,78,,,,,,2014-11-07,141107_01
93,여수어머니리코더합주단 제12회 정기연주회,2014,11,11/8(토)18:00,여수어머니리코더합주단,무료,24개월 이상 관람가,소극장,대관,순수,클래식,무료,0,1,0,1,1,302,,298,298,,152,,,,,,2014-11-08,141108_01
94,<아카데미>클래식파노라마_하반기,2014,11,11/11(화),예울마루,-,-,소극장,기타,기타,교육,유료,0,1,0,1,1,302,52,0,52,52,0,,,,,,2014-11-11,141111_01
95,"여수 학생.학부모 합창페스티벌""내노래에 날개를 달다""_제3회",2014,11,11/14(금)13:30,여수교육지원청,무료,미취학 아동 입장불가,대극장,대관,순수,클래식,무료,1,1,0,2,1,948,0,940,940,,863,,,,,,2014-11-14,141114_01
96,여수청소년관악단 제3회 정기연주회,2014,11,11/15(토)17:00,전라남도여수교육지원청,무료,5세 이상 관람가,대극장,대관,순수,클래식,무료,0,1,0,1,1,948,,598,598,,532,,,,,,2014-11-15,141115_01
97,<아카데미>클래식파노라마_하반기,2014,11,11/18(화),예울마루,-,-,소극장,기타,기타,교육,유료,0,1,0,1,1,302,52,0,52,52,0,,,,,,2014-11-18,141118_01
98,바리톤 박경준과 함께하는 여수YWCA합창단 제15회 정기연주회,2014,11,11/18(화)19:30,여수YWCA,"전석 10,000원",4세이하 입장불가 (5세부터가능),대극장,대관,순수,클래식,유료,0,1,0,1,1,948,564,155,719,540,102,,,,,,2014-11-18,141118_02
99,여도국악관현악단 제7회 정기연주회<사랑나눔음악회>,2014,11,11/20(목)19:00,학교법인여도학원 여도초등학교,무료,5세 이상 관람가,대극장,대관,순수,국악,무료,1,1,0,2,1,948,,924,924,,810,,,,,,2014-11-20,141120_01
100,앙상블 네우마의 scent of Autumn(가을의 향기),2014,11,11/21(금)19:30,앙상블네우마,"전석 10,000원",미취학 아동 입장불가,소극장,대관,순수,클래식,유료,0,1,0,1,1,302,294,4,298,232,,,,,,,2014-11-21,141121_01
101,"여수시립합창단 제66회 정기연주회""한창석 상임 지휘자 취임기념 음악회""",2014,11,11/22(토)17:00,여수시/여수시립합창단,"1층 10,000원
2층 5,000원",만4세이상 관람가(6세부터 입장가능),대극장,대관,순수,클래식,유료,1,1,0,2,1,948,592,181,773,542,156,,,,,,2014-11-22,141122_01
102,여수학생 오케스트라 페스티벌_2014,2014,11,"11/25(화)13:30
11/26(수)14:00",전라남도여수교육지원청,무료,5세이하아동입장불가,대극장,대관,순수,클래식,무료,0,2,0,2,2,1896,,1568,1568,,1326,,,,,,2014-11-25,141125_01
103,GS칼텍스 희망에너지교실 영상녹화,2014,11,11/26(수)17:30,GS칼텍스,-,-,소극장,기타,기타,행사,,0,0,0,0,0,0,0,0,0,0,298,,,,,,2014-11-26,141126_01
104,전남학생예술교육페스티벌(연극),2014,11,11/28(금)14:00,전라남도교육청,무료,36개월 이상 관람가,소극장,대관,순수,연극,무료,1,1,0,2,1,302,0,298,298,0,288,,18,18,9157,,2014-11-28,141128_01
105,<아카데미>클래식파노라마_하반기,2014,12,12/1(화),예울마루,-,-,소극장,기타,기타,교육,유료,0,1,0,1,1,302,52,0,52,52,0,,,,,,2014-12-01,141201_01
106,여수교직원합창단창단연주회_내마음의강물,2014,12,12/2(화)19:00,여수교직원합창단,무료,36개월 이상 관람가,대극장,대관,순수,클래식,무료,1,1,0,2,1,948,0,628,628,0,574,,,,,,2014-12-02,141202_01
107,피아니스트 강현주와 함께 떠나는 세계음악여행_화이트 인 뉴욕,2014,12,12/4(목)11:00,예울마루,"전석 10,000원",미취학 아동 입장불가,대극장,기획,순수,클래식,유료,2,1,0,3,1,948,598,92,690,577,67,,,,,,2014-12-04,141204_01
108,WBC복지TV개국 4주년기념 갈라콘서트,2014,12,12/6(토)19:00,WBC복지TV전남방송,"전석 50,000원",5세 이상 관람가,대극장,대관,순수,클래식,유료,1,1,0,2,1,948,223,110,333,199,58,,,,,,2014-12-06,141206_01
109,GS칼텍스 희망에너지교실,2014,12,12/6(토)10:30,GS칼텍스,-,-,소극장,대관,대중,행사,무료,1,1,0,2,1,302,0,298,298,0,200,,,,,,2014-12-06,141206_02
110,KCO첼로앙상블연주회,2014,12,12/9(화)19:30,Art for you / 위드엔터테인먼트,"전석 30,000원",미취학 아동 입장불가,대극장,대관,순수,클래식,유료,1,1,0,2,1,1021,600,10,610,482,0,,,,,,2014-12-09,141209_01
111,<아카데미>클래식파노라마콘서트,2014,12,12/10(수)10:00,예울마루,-,-,소극장,기타,기타,교육,무료,1,1,0,2,1,302,0,298,298,0,88,,,,,,2014-12-10,141210_01
112,전남학생예술교육페스티벌(오케스트라부문),2014,12,12/11(목)15:00,전라남도교육청,무료,36개월 이상 관람가,대극장,대관,순수,클래식,무료,1,1,0,2,1,948,0,738,738,0,600,,,,,,2014-12-11,141211_01
113,여수리코더 제9회 페스티벌,2014,12,12/13(토)14:00,전남교사리코더합주단,무료,5세 이상 관람가,소극장,대관,대중,행사,무료,1,1,0,2,1,302,0,298,298,0,92,,,,,,2014-12-13,141213_01
114,<아카데미>클래식파노라마_하반기,2014,12,12/16(화),예울마루,-,-,소극장,기타,기타,교육,유료,0,1,0,1,1,302,52,0,52,52,0,,,,,,2014-12-16,141216_01
115,여수시립국악단 제28회 정기연주회_동백 바람에 날리어,2014,12,12/16(화)19:30,여수시/여수시립국악단,"전석 5,000원",4세이하입장불가(5세부터가능),대극장,대관,순수,국악,유료,3,1,0,4,1,948,554,75,629,506,42,,,,,,2014-12-16,141216_02
116,<아카데미>영어뮤지컬아카데미발표회2,2014,12,12/16(화)19:00,예울마루,-,-,소극장,기타,기타,교육,무료,1,1,0,2,1,302,0,298,298,0,139,,,,,,2014-12-16,141216_03
117,여수시립합창단 송년음악회,2014,12,12/18(목)19:30,여수시/여수시립합창단,"전석 5,000원",만4세이상 관람가(6세부터 입장가능),대극장,대관,순수,클래식,유료,2,1,0,3,1,948,599,92,691,527,78,,,,,,2014-12-18,141218_01
118,<아카데미>성악아카데미발표회3,2014,12,12/18(목)19:00,예울마루,-,-,소극장,기타,기타,교육,무료,1,1,0,2,1,302,0,298,298,0,229,,,,,,2014-12-18,141218_02
119,제3회 지역예술인재콘서트_내꿈에날개를,2014,12,12/19(금)19:00,(사)한국민족예술인총연합여수지부국악위원회,무료,5세 이상 관람가,소극장,대관,순수,클래식,무료,1,1,0,2,1,302,0,298,298,0,147,,,,,,2014-12-19,141219_01
120,이루마 전국투어 콘서트 _HEART,2014,12,12/19(금)19:00,(주)KBC 플러스,"VIP석 88,000원
R석 77,000원",미취학 아동 입장불가,대극장,대관,순수,클래식,유료,1,1,0,2,1,1021,670,57,727,664,49,,,,,,2014-12-19,141219_02
121,여수교원교향악단 제7회 정기연주회,2014,12,12/20(토)19:00,여수교원교향악단,무료,5세 이상 관람가,대극장,대관,순수,클래식,무료,1,1,0,2,1,948,0,432,432,0,357,,,,,,2014-12-20,141220_01
122,연극<짬뽕>,2014,12,"12/23(화)~12/27(토)매일 15:00,19:30",예울마루/여수MBC,"전석 30,000원",미취학 아동 입장불가,소극장,기획,순수,연극,유료,2,5,0,7,10,3020,2876,71,2947,2754,29,,,,,,2014-12-23,141223_01
123,도서지역 오케스트라 캠프 연주회,2014,12,12/27(토)~12/28(일),예울마루,-,-,대극장,기타,순수,클래식,무료,1,2,0,3,2,1896,0,310,310,0,236,,,,,,2014-12-27,141227_01
124,The BEGINNING 제 1회 여수클래식 영재육성을 위한 음악회,2014,12,12/30(화)19:00,(사)한국음악협회여수지부,무료,5세이상관람가,소극장,대관,순수,클래식,무료,1,1,0,2,1,302,0,274,274,0,174,,30,25,10901,,2014-12-30,141230_01
1,여수 소년소녀합창단,2015,1,"1/5(월)~1/10(토)
*1/6(화)제외",-,-,-,소극장,기타,기타,교육,무료,0,5,0,5,5,1510,0,450,450,0,450,,,,,,2015-01-05,150105_01
2,뮤지컬<시카고>,2015,1,"1/9(금)19:30
1/10(토)15:00/19:30 1/11(일)14:00/18:30",예울마루&여수 MBC,"R석 110,000원
S석 90,000원
A석 70,000원",고등학생 이상 관람가,대극장,기획,복합,뮤지컬,유료,4,3,1,8,5,5105,4858,44,4902,4824,0,,,,,,2015-01-09,150109_01
3,빈소년합창단 신년음악회,2015,1,1/18(일)17:00,크레디아,"R석 80,000원
S석 60,000원
A석 40,000원",미취학 아동 입장불가,대극장,대관,순수,클래식,유료,0,1,0,1,1,1021,718,26,744,667,26,,,,,,2015-01-18,150118_01
4,2014 꿈 끼 탐색주간 학생영상작품 UCC공모전 수상자 체험학습<충청북도 교육과학연구원 초청  “전남도립국악단 남도풍류 공연”>,2015,1,1/21(수)19:00,충북교육과학연구원/전남도립국악단,무료,24개월이상,소극장,대관,순수,국악,무료,1,1,0,2,1,302,0,170,170,0,170,,12,10,6266,,2015-01-21,150121_01
5,대신기공 경영설명회,2015,2,2/14(토)09:40,대신기공,무료,24개월이상,소극장,대관,대중,행사,무료,0,1,0,1,1,302,0,205,205,0,205,,1,1,205,,2015-02-14,150214_01
6,스티븐김 초청공연,2015,3,3/4(목)10:00/13:30,여수부영여자고등학교,무료,24개월이상,대극장,대관,대중,행사,무료,0,1,0,1,2,2042,0,1030,1030,0,1030,,,,,,2015-03-04,150304_01
7,신춘음악회,2015,3,3/10(화)19:30,(사)한국음악협회여수지부,"전석 5,000원",5세이상관람가,소극장,대관,순수,클래식,유료,0,1,0,1,1,302,279,19,298,177,13,,,,,,2015-03-10,150310_01
8,아카데미 클래식 파노라마,2015,3,3/19(목),예울마루,-,-,소극장,기타,기타,교육,유료,0,1,0,1,1,302,50,0,50,50,0,,,,,,2015-03-19,150319_01
9,아카데미 클래식 파노라마,2015,3,3/26(목),예울마루,-,-,소극장,기타,기타,교육,유료,0,1,0,1,1,302,50,0,50,50,0,,,,,,2015-03-26,150326_01
10,전남극동방송 설립추진음악회,2015,3,3/27(금)19:00,전남동부극동방송,무료,6세 이상 관람가,대극장,대관,대중,콘서트,무료,0,1,0,1,1,948,0,943,943,0,902,,,,,,2015-03-27,150327_01
11,전시 카이스트전 과학특강,2015,3,3/28(토),예울마루,-,-,소극장,기타,기타,교육,무료,0,1,0,1,1,302,0,157,157,0,157,,,,,,2015-03-28,150328_01
12,세계적인 아티스트 초청<음악스케치>,2015,3,3/30(화)19:30,여수관악협회,"전석 20,000원",미취학 아동 입장불가,소극장,대관,순수,클래식,유료,0,1,0,1,1,302,266,28,294,231,26,,8,7,2822,,2015-03-30,150330_01
13,아카데미 클래식 파노라마,2015,4,4/2(목),예울마루,-,-,소극장,기타,기타,교육,유료,0,1,0,1,1,302,50,0,50,50,0,,,,,,2015-04-02,150402_01
14,피아니스트 강현주와 함께하는 원스어폰어타임_헬로우!1825,2015,4,4/2(목)11:00,예울마루,"전석 10,000원",미취학 아동 입장불가,대극장,기획,순수,클래식,유료,2,1,0,3,1,948,128,77,205,115,54,,,,,,2015-04-02,150402_02
15,아카데미 클래식 파노라마,2015,4,4/9(목),예울마루,-,-,소극장,기타,기타,교육,유료,0,1,0,1,1,302,50,0,50,50,0,,,,,,2015-04-09,150409_01
16,아카데미 클래식 파노라마,2015,4,4/16(목),예울마루,-,-,소극장,기타,기타,교육,유료,0,1,0,1,1,302,50,0,50,50,0,,,,,,2015-04-16,150416_01
17,함신익과 심포니 송이 함께하는 BASF 창립 150주년 기념음악회,2015,4,4/18(토)15:00/19:00,바스프/심포니송,무료,미취학 아동 입장불가,대극장,대관,순수,클래식,무료,0,1,0,1,2,1896,0,1653,1653,0,1579,,,,,,2015-04-18,150418_01
18,여수 시립합창단 제67회 정기연주회<결혼이야기>,2015,4,4/21(화)19:30,여수시/여수시립합창단,"1층 10,000원
2층 5,000원",5세미만 입장불가(5세부터 입장가능),대극장,대관,순수,클래식,유료,1,1,0,2,1,948,603,106,709,538,89,,,,,,2015-04-21,150421_01
19,아카데미 클래식 파노라마,2015,4,4/23(목),예울마루,-,-,소극장,기타,기타,교육,유료,0,1,0,1,1,302,50,0,50,50,0,,,,,,2015-04-23,150423_01
20,아카데미 클래식 파노라마,2015,4,4/30(목),예울마루,-,-,소극장,기타,기타,교육,유료,0,1,0,1,1,302,50,0,50,50,0,,,,,,2015-04-30,150430_01
21,<가족뮤지컬>Why? 마법사와 쫓겨난 임금,2015,4,4/30(목)11:00/14:00,예울마루/여수 MBC,"R석 40,000원
S석 30,000원
A석 20,000원",36개월 이상 관람가,대극장,기획,복합,뮤지컬,유료,3,1,0,4,2,2042,1290,115,1405,1057,52,,11,9,4222,,2015-04-30,150430_02
,<가족뮤지컬>Why? 마법사와 쫓겨난 임금,2015,5,"5/1(금)~2(토)
11:00/14:00",예울마루/여수 MBC,"R석 40,000원
S석 30,000원
A석 20,000원",36개월 이상 관람가,대극장,기획,복합,뮤지컬,유료,0,2,0,2,4,4084,1569,128,1697,1476,65,,,,,,2015-05-01,150501_01
22,아카데미 클래식 파노라마,2015,5,5/7(목),예울마루,-,-,소극장,기타,기타,교육,유료,0,1,0,1,1,302,50,0,50,50,0,,,,,,2015-05-07,150507_01
23,WBC 복지TV 전남 꿈나무 희망찾기 가족힐링 갈라콘서트,2015,5,5/7(목)19:30,WBC복지TV전남방송/학교법인여도학원 여도초등학교,"일반 30,000원
학생 10,000원",5세 이상 관람가,대극장,대관,순수,클래식,유료,0,1,0,1,1,948,667,100,767,587,89,,,,,,2015-05-07,150507_02
24,언덕을 넘어서 가자,2015,5,5/8(금)15:00/19:00,(사)전문예술극단 예인방,"전석 20,000원",미취학 아동 입장불가,소극장,대관,순수,연극,유료,0,1,0,1,2,604,4,60,64,4,51,,,,,,2015-05-08,150508_01
25,아카데미 클래식 파노라마,2015,5,5/14(목),예울마루,-,-,소극장,기타,기타,교육,유료,0,1,0,1,1,302,50,0,50,50,0,,,,,,2015-05-14,150514_01
26,GS칼텍스 예울마루 개관3주년 기념공연<세종솔로이스트의 낭만>,2015,5,5/15(금)19:30,예울마루,"R석 70,000원
S석 50,000원
A석 30,000원",미취학 아동 입장불가,대극장,기획,순수,클래식,유료,0,1,0,1,1,1021,256,219,475,243,194,,,,,,2015-05-15,150515_01
27,아카데미 클래식 파노라마,2015,5,5/21(목)10:00,예울마루,-,-,소극장,기타,기타,교육,유료,0,1,0,1,1,302,50,0,50,50,0,,,,,,2015-05-21,150521_01
28,뮤지컬 캣츠,2015,5,"5/22(금)19:30
5/23(토)14:00/19:00
5/24(일)14:00/19:00",(주)공연마루,"젤리클석 140,000원
R석 140,000원
S석 110,000원
A석 90,000원
B석 70,000원",미취학 아동 입장불가,대극장,대관,복합,뮤지컬,유료,3,3,1,7,5,4740,3757,184,3941,3686,82,,,,,,2015-05-22,150522_01
29,"여수,안산 시립국악단 교류음악회, 소리 그리고 놀이",2015,5,5/27(수)19:30,여수시/여수시립국악단,"전석 1,000원",4세 이하 입장불가(5세부터 입장가능),대극장,대관,순수,국악,유료,1,1,0,2,1,948,771,54,825,597,37,,,,,,2015-05-27,150527_01
30,2015 문화가 있는 날 <직장배달콘서트>,2015,5,5/27(수)19:30,문화융성위원회/문화체육관광부/한국문화예술위원회/한국메세나협회,무료,미취학 아동 입장불가,소극장,기타,순수,클래식,무료,0,1,0,1,1,302,,168,168,,150,,,,,,2015-05-27,150527_02
31,예울마루 아카데미 클래식파노라마 종강콘서트,2015,5,5/28(목)10:30,예울마루,-,-,소극장,기타,기타,교육,무료,0,1,0,1,1,302,,63,63,,63,,,,,,2015-05-28,150528_01
32,희망의 아이콘 폴포츠 여수공연,2015,5,5/30(토)19:30,여수MBC,"R석 88,000원
S석 77,000원
A석 55,000원",미취학 아동 입장불가,대극장,대관,순수,클래식,유료,0,1,0,1,1,1021,936,63,999,921,41,,20,15,9149,,2015-05-30,150530_01
33,마음톡톡캠프,2015,6,6/1(월)~6/2(화),GS칼텍스 CSR 추진팀,무료,전체관람가,소극장,대관,대중,행사,무료,1,2,0,3,1,302,0,105,105,0,105,,,,,,2015-06-01,150601_01
34,현악사중주 파개그니니 내한공연,2015,6,6/2(화)19:30,전남 CBS,"R석 55,000원
S석 33,000원",미취학 아동 입장불가,대극장,대관,순수,클래식,유료,0,1,0,1,1,1021,979,22,1001,707,4,,,,,,2015-06-02,150602_01
35,아카데미 예울마루 영어뮤지컬 발표회,2015,6,6/4(목)19:00,예울마루,-,-,소극장,기타,기타,교육,무료,0,1,0,1,1,302,,120,120,,110,,,,,,2015-06-04,150604_01
36,아카데미 예울마루 성악아카데미 발표회,2015,6,6/5(금)19:00,예울마루,-,-,소극장,기타,기타,교육,무료,0,1,0,1,1,302,,207,207,,206,,,,,,2015-06-05,150605_01
37,가슴뛰는 시작 with 여수 심포니 오케스트라,2015,6,6/9(화)19:30,여수심포니오케스트라,무료,미취학 아동 입장불가,대극장,대관,순수,클래식,무료,0,1,0,1,1,948,,388,388,,297,,,,,,2015-06-09,150609_01
38,"6월 이야기 : Pieces,songs,and Miniatures",2015,6,6/11(목)19:30,남해안발전연구소,"전석 20,000원",미취학 아동 입장불가,소극장,대관,순수,클래식,유료,0,1,0,1,1,302,177,20,197,177,,,,,,,2015-06-11,150611_01
39,파워레인저 다이노포스(대관),2015,6,"6/12(토)~13(일) 11:00/14:00/16:30
11:00/14:00",(주)공연마루,"R석 55,000원
S석 44,000원",24개월 이상 관람가능,대극장,취소,취소,취소,취소,0,0,0,0,0,0,0,0,0,0,0,,6,7,2018,,2015-06-12,150612_01
40,클라세 앙상블과 함께하는 쉽게 듣고 배우는 클래식 향연,2015,7,7/14(화)14:00,(사)전남문화예술협회,무료,미취학 아동 입장불가,대극장,대관,순수,클래식,유료,0,1,0,1,1,948,622,58,680,622,28,,,,,,2015-07-14,150714_01
41,러시아 피아니스트 끼릴카슈닌 피아노 리사이틀,2015,7,7/16(목)19:30,숨E&M,무료,미취학 아동 입장불가,소극장,대관,순수,클래식,무료,0,1,0,1,1,302,,231,231,,212,,,,,,2015-07-16,150716_01
42,전남 제 3회 전국음악콩쿠르,2015,7,7/18(토)9:30~16:00,(사)전남문화예술협회,무료,24개월이상,대극장,대관,대중,행사,무료,0,1,0,1,2,1896,,300,300,,300,,,,,,2015-07-18,150718_01
43,피아노 듀오&솔로 제7회 연주회 DUO&SOLO PIANO CONCERT,2015,7,7/25(토)17:00,(사)한국음악협회여수지부,"전석 5,000원",5세이상관람가,소극장,대관,순수,클래식,유료,0,1,0,1,1,302,255,20,275,230,17,,,,,,2015-07-25,150725_01
44,예울마루 여성영화산책<할머니와란제리>,2015,7,7/29(수)14:00,예울마루/(사)서울국제여성영화제,"전석 1,000원",미취학 아동 입장불가,소극장,기획,대중,행사,유료,0,1,0,1,1,302,170,97,267,145,71,,,,,,2015-07-29,150729_01
45,"안성완 독창회 ""그리움""",2015,7,7/30(목)19:30,아르스노바남성합창단,"전석 10,000원",5세 이상 관람가,대극장,대관,순수,클래식,유료,0,1,0,1,1,948,271,41,312,227,22,,7,6,2065,,2015-07-30,150730_01
46,2015년 칠곡 세계 사물놀이겨루기한마당 한려지역아동센터 굴렁쇠 놀이패 연습,2015,8,8/1(토)10:00~22:00,한려지역아동센터,-,-,대극장,대관,대중,행사,무료,0,1,0,1,1,1021,0,24,24,0,24,,,,,,2015-08-01,150801_01
47,피아니스트 강현주와 함께하는 원스어폰어타임 로맨틱1865,2015,8,8/18(화)11:00,예울마루,"전석 10,000원",미취학 아동 입장불가,대극장,기획,순수,클래식,유료,2,1,0,3,1,948,747,95,842,735,72,,,,,,2015-08-18,150818_01
48,서주희 바이올린 독주회,2015,8,8/21(금)19:30,(사)한국음악협회여수지부,"전석 20,000원",미취학 아동 입장불가,소극장,대관,순수,클래식,유료,0,1,0,1,1,302,167,116,283,161,102,,,,,,2015-08-21,150821_01
49,어린이 영어뮤지컬 동아리 다다다 발표회,2015,8,8/22(토)15:00,여수교육지원청,-,-,소극장,대관,복합,뮤지컬,무료,0,1,0,1,1,302,204,0,204,177,0,,,,,,2015-08-22,150822_01
50,바이올리니스트 오주영 내한공연,2015,8,8/22(토)19:00,심포니W,"R석 50,000원
S석 35,000원
A석 25,000원",미취학 아동 입장불가,대극장,대관,순수,클래식,유료,0,1,0,1,1,948,530,0,530,372,0,,,,,,2015-08-22,150822_02
51,김선욱&이상엔더스 듀오콘서트,2015,8,8/25(화)19:30,예울마루,"R석 50,000원
S석 40,000원
A석 30,000원",미취학 아동 입장불가,대극장,기획,순수,클래식,유료,0,1,0,1,1,1021,234,99,333,221,71,,,,,,2015-08-25,150825_01
52,예울마루 여성영화산책<세컨드마더>,2015,8,8/26(수)14:00,예울마루/(사)서울국제여성영화제,"전석 1,000원",미취학 아동 입장불가,소극장,기획,대중,행사,유료,0,1,0,1,1,302,152,42,194,117,21,,,,,,2015-08-26,150826_01
53,The BEGINNING 제 2회 여수클래식 영재육성을 위한 음악회,2015,8,8/26(수)19:30,(사)한국음악협회여수지부,무료,5세이상관람가,대극장,대관,순수,클래식,무료,0,1,0,1,1,948,0,615,615,0,499,,,,,,2015-08-26,150826_02
54,블록버스터 뮤지컬 헬로카봇,2015,8,"8/29(토)11/14/16:30
8/30(일)11/14",컴퍼니에이이엔티/(주)하늘이엔티/샘물,"VIP석 55,000원
R석 44,000원",24개월 이상 관람가,대극장,대관,복합,뮤지컬,유료,1,2,0,3,5,5105,2480,0,2480,2284,0,,13,10,5505,,2015-08-29,150829_01
55,김진호 피아노 리사이틀,2015,9,9/1(화)19:30,시하나노래하나,무료,중학생 이상  관람가,소극장,대관,순수,클래식,무료,0,1,0,1,1,302,0,162,162,0,138,,,,,,2015-09-01,150901_01
56,소호초~베를린 프라이에 유켄트 오케스트 슐레 한독교류 <나라사랑음악회>,2015,9,9/2(수)14:00/19:00,여수소호초등학교/ 여수시교육지원청/여수시청,무료,6세 이상 관람가,소극장,대관,순수,클래식,무료,0,1,0,1,2,604,0,503,503,0,478,,,,,,2015-09-02,150902_01
57,뮤지컬 빨래,2015,9,"9/3(목)14:00/19:30
9/4(금)14:00/19:30
9/5(토)14:00/19:30",예울마루/여수MBC,"R석 50,000원
S석 40,000원
A석 30,000원",미취학 아동 입장불가,대극장,기획,복합,뮤지컬,유료,0,3,0,3,6,6126,4064,251,4315,3793,208,,,,,,2015-09-03,150903_01
58,ONE ASIA IN DANCE 2015춤으로 만나는 아시아,2015,9,9/6(일)17:00,아시아춤문화연구소,"R석 30,000원
S석 20,000원",미취학 아동 입장불가,대극장,대관,순수,무용,유료,1,1,0,2,1,948,220,728,948,203,686,,,,,,2015-09-06,150906_01
59,아카데미 클래식 파노라마,2015,9,9/8(목)15:00,예울마루,-,-,소극장,기타,기타,교육,유료,0,1,0,1,1,302,26,0,26,26,0,,,,,,2015-09-08,150908_01
60,한국음악협회여수지부 제40회 정기연주회,2015,9,9/8(목)19:30,(사)한국음악협회여수지부,"전석 5,000원",36개월 이상 관람가,대극장,대관,순수,클래식,유료,0,1,0,1,1,948,211,28,239,157,32,,,,,,2015-09-08,150908_02
61,"여수시립국악단 제29회 정기공연 황진이, 풍류에 노닐다.",2015,9,9/18(목)15:00/19:30,여수시/여수시립국악단,"전석 5,000원",36개월 이상 관람가,대극장,대관,복합,창극,유료,4,1,0,5,2,1896,696,306,1002,649,275,,,,,,2015-09-18,150918_01
62,2015 여수유스오케스트라 협주곡의 밤,2015,9,9/19(토)17:00,전라남도여수교육지원청/여수유스오케스트라,무료,미취학 아동 입장불가,대극장,대관,순수,클래식,무료,0,1,0,1,1,948,0,937,937,0,879,,,,,,2015-09-19,150919_01
63,아카데미 클래식 파노라마,2015,9,9/22(목)15:00,예울마루,-,-,소극장,기타,기타,교육,유료,0,1,0,1,1,302,26,0,26,26,0,,,,,,2015-09-22,150922_01
64,"피아니스트 박종화 콘서트 NUNAYA 동요, 클래식이 되다.",2015,9,9/24(목)11:00,예울마루,"R석 20,000원
S석 10,000원",미취학 아동 입장불가,대극장,기획,순수,클래식,유료,0,1,0,1,1,948,627,64,691,626,43,,,,,,2015-09-24,150924_01
65,예울마루 여성영화산책<골든차일드>,2015,9,9/30(수)14:00,예울마루/(사)서울국제여성영화제,"전석 1,000원",미취학 아동 입장불가,소극장,기획,대중,행사,유료,0,1,0,1,1,302,108,54,162,68,29,,,,,,2015-09-30,150930_01
66,달려라 피아노<기증받은 피아노예울에서 춤추다>,2015,9,9/30(수)16:30/18:30,문화융성위원회/문화체육관광부/한국문화예술위원회/달려라피아노/남해안발전연구소,무료,전체관람가,4층데크,대관,순수,클래식,무료,0,1,0,1,2,200,0,200,200,0,200,,20,14,9211,,2015-09-30,150930_02
67,광복 70주년 기념 기독교통일학회 특별학술대회,2015,10,10/3(금)11:00,기독교통일학회,무료,미취학 아동 입장불가,소극장,대관,대중,행사,무료,0,1,0,1,1,302,0,50,50,0,50,,,,,,2015-10-03,151003_01
68,마음톡톡캠프,2015,10,10/5(월)~10(토),GS칼텍스 CSR 추진팀,무료,전체관람가,소극장,대관,대중,행사,무료,1,6,0,7,2,604,0,120,120,0,120,,,,,,2015-10-05,151005_01
69,예울마루 성악 아카데미,2015,10,10/6(화)10:30,예울마루,-,-,소극장,기타,기타,교육,유료,0,1,0,1,1,302,16,0,16,16,0,,,,,,2015-10-06,151006_01
70,예울마루 성악 아카데미,2015,10,10/8(목)19:00,예울마루,-,-,소극장,기타,기타,교육,유료,0,1,0,1,1,302,30,0,30,30,0,,,,,,2015-10-08,151008_01
71,허영만전 특강,2015,10,10/10(토)15:00,예울마루,-,-,소극장,기타,대중,행사,유료,0,1,0,1,1,302,0,178,178,0,178,,,,,,2015-10-10,151010_01
72,피아니스트 강현주와 함께하는 원스어픈어타임_코스모1905,2015,10,10/13(화)11:00,예울마루,"전석 10,000원",미취학 아동 입장불가,대극장,기획,순수,클래식,유료,2,1,0,3,1,948,474,59,533,470,31,,,,,,2015-10-13,151013_01
73,감성듀오 유리상자 이세준과 함께하는 태교토크콘서트,2015,10,10/14(수)19:00,여수시/여수시보건소/JArt,무료,미취학 아동 입장불가,소극장,대관,대중,콘서트,무료,0,1,0,1,1,302,0,247,247,0,227,,,,,,2015-10-14,151014_01
74,"2015 좋은 수업 실천을 위한 유치원 교원 연찬회[행복한 유아, 좋은 선생님 되기]",2015,10,10/15(목)16:00,전라남도여수교육지원청,무료,미취학 아동 입장불가,소극장,대관,대중,행사,무료,0,1,0,1,1,302,0,192,192,0,172,,,,,,2015-10-15,151015_01
75,여수시립합창단 68회 정기연주회<4인 4색>,2015,10,10/15(목)19:30,여수시/여수시립합창단,"1층 10,000원
2층 5,000원",36개월 이상 관람가,대극장,대관,순수,클래식,유료,0,1,0,1,1,948,422,58,480,380,44,,,,,,2015-10-15,151015_02
76,가을밤의 세레나데,2015,10,10/16(금)19:30,한국예술인연합회여수지회/한국음악협회여수시지부,"전석 10,000원",5세이하 입장불가,소극장,대관,순수,클래식,유료,0,1,0,1,1,302,234,24,258,198,20,,,,,,2015-10-16,151016_01
77,농협푸른음악회,2015,10,10/17(토)19:00,농협은행여수시지부,무료,미취학 아동 입장불가,대극장,대관,순수,클래식,무료,0,1,0,1,1,1021,0,642,642,0,533,,,,,,2015-10-17,151017_01
78,허영만전 특강,2015,10,10/20(화) 14:00,예울마루,-,-,대극장,기타,대중,행사,유료,0,1,0,1,1,1021,579,122,701,579,122,,,,,,2015-10-20,151020_01
79,여수심포니 오케스트라 정기연주회<가을 베토벤을 느끼다>,2015,10,10/20(화) 19:30,여수심포니오케스트라,"전석 20,000원",미취학 아동 입장불가,대극장,대관,순수,클래식,유료,0,1,0,1,1,1021,427,52,479,413,39,,,,,,2015-10-20,151020_02
80,제4회 여수학생연극제,2015,10,10/21(수)14:00,전라남도여수교육지원청,무료,5세이하 입장불가,소극장,대관,순수,연극,무료,0,1,0,1,1,302,0,273,273,0,262,,,,,,2015-10-21,151021_01
81,피아니스트 강현주와 함께하는 찰리채플린의 모던타임즈,2015,10,"10/22(목)11:00
10/23(금)11:00",예울마루,"전석 10,000원",미취학 아동 입장불가,대극장,기획,순수,클래식,유료,1,2,0,3,2,1896,1074,81,1155,1073,61,,,,,,2015-10-22,151022_01
82,제4회 여수청소년관악단 정기연주회,2015,10,10/24(토)17:00,여수청소년관악단,무료,5세이하 입장불가,대극장,대관,순수,클래식,무료,1,1,0,2,1,948,0,613,613,0,537,,,,,,2015-10-24,151024_01
83,제13회 여수어머니리코더합주단 정기연주회,2015,10,10/24(토)18:00,여수어머니리코더합주단,무료,24개월 이상 관람가,소극장,대관,순수,클래식,무료,0,1,0,1,1,302,0,196,196,0,189,,,,,,2015-10-24,151024_02
84,아카데미 클래식 파노라마,2015,10,10/27(화)15:00,예울마루,-,-,소극장,기타,기타,교육,유료,0,1,0,1,1,302,26,0,26,26,0,,,,,,2015-10-27,151027_01
85,예울마루 여성영화산책<토헤즈>,2015,10,10/28(수)14:00,예울마루/(사)서울국제여성영화제,"전석 1,000원",미취학 아동 입장불가,소극장,기획,대중,행사,유료,0,1,0,1,1,302,102,32,134,66,3,,,,,,2015-10-28,151028_01
86,LUX앙상블 제3회 정기연주회(& prof.Andreas Lehmann),2015,10,10/30(금) 19:30,여수악기공연기획,"일반 15,000원
학생 10,000원",4세이하 입장불가,소극장,대관,순수,클래식,유료,0,1,0,1,1,302,142,20,162,139,13,,,,,,2015-10-30,151030_01
87,뮤지컬 명성황후 20주년 기념공연,2015,10,10/31(토)15:00/19:00,예울마루/여수MBC,"R석 110,000원
S석 90,000원
A석 70,000원",미취학 아동 입장불가,대극장,기획,복합,뮤지컬,유료,3,1,1,5,2,1896,1845,18,1863,1803,14,,24,27,8348,,2015-10-31,151031_01
88,뮤지컬 명성황후 20주년 기념공연,2015,11,11/01(일)14:00/18:00,예울마루/여수MBC,"R석 110,000원
S석 90,000원
A석 70,000원",미취학 아동 입장불가,대극장,기획,복합,뮤지컬,유료,0,1,0,1,2,1896,1842,30,1872,1794,25,,,,,,2015-11-01,151101_01
89,아카데미 클래식 파노라마,2015,11,11/03(화)15:00,예울마루,-,-,소극장,기타,기타,교육,유료,0,1,0,1,1,302,26,0,26,26,0,,,,,,2015-11-03,151103_01
90,제21회 여수아가페합창단 정기연주회<믿음의 여행>,2015,11,11/03(화)19:30,여수아가페합창단,"전석 10,000원",36개월 이상 관람가,대극장,대관,순수,클래식,유료,0,1,0,1,1,948,515,110,625,466,77,,,,,,2015-11-03,151103_02
91,국립현대무용단 이미아직,2015,11,11/07(토)19:00,예울마루,"R석 30,000원
S석 20,000원",미취학 아동 입장불가,대극장,기획,순수,무용,유료,3,1,0,4,1,1021,199,194,393,181,150,,,,,,2015-11-07,151107_01
92,제4회 여수 학생.학부모 합창페스티벌<내 노래에 날개를 달다>,2015,11,11/10(화)14:00,전라남도여수교육지원청,무료,5세이하 입장불가,대극장,대관,순수,클래식,무료,0,1,0,1,1,948,0,731,731,0,635,,,,,,2015-11-10,151110_01
93,아카데미 클래식 파노라마,2015,11,11/10(화)15:00,예울마루,-,-,소극장,기타,기타,교육,유료,0,1,0,1,1,302,26,0,26,26,0,,,,,,2015-11-10,151110_02
94,여수 사랑의 부부합창단 제9회 정기연주회<행복한 동행>,2015,11,11/12(목)19:30,사랑의부부합창단연합회/여수사랑의부부합창단,무료,5세이하 입장불가,소극장,대관,순수,클래식,무료,0,1,0,1,1,302,0,298,298,0,281,,,,,,2015-11-12,151112_01
95,허영만전 특강,2015,11,11/14(토)14:00,예울마루,-,-,소극장,기타,대중,행사,유료,0,1,0,1,1,302,198,42,240,198,42,,,,,,2015-11-14,151114_01
96,2015년 이미자 노래인생 55주년 기념콘서트<이미자 효 콘서트>,2015,11,11/14(토)14:00/17:00,(주)공연마루,"R석 99,000원
S석 77,000원",미취학 아동 입장불가,대극장,대관,대중,콘서트,유료,0,1,0,1,2,2042,1409,311,1720,1358,226,,,,,,2015-11-14,151114_02
97,제 12회 전남교육음악제,2015,11,11/17(화)15:00,전라남도교육청/전남중등음악연구회,무료,24개월 이상 관람가,대극장,대관,순수,클래식,무료,0,1,0,1,1,948,,887,887,,722,,,,,,2015-11-17,151117_01
98,아카데미 클래식 파노라마,2015,11,11/27(화),예울마루,-,-,소극장,기타,기타,교육,유료,0,1,0,1,1,302,26,0,26,26,0,,,,,,2015-11-27,151127_01
99,제3회 인도영화축제 5일간의 인도여행,2015,11,"11/18(수)14:00/19:00
11/19(목)10:00/14:00
11/20(금)10:00/14:00",여수시/순천시/광양시/(사)전남영상위원회/순천대학교,무료,6세이하 입장불가,소극장,대관,대중,행사,무료,0,3,0,3,6,1812,0,508,508,0,464,,,,,,2015-11-18,151118_01
100,바이올린 박지혜&바리톤 박경준과 함께하는 여수YWCA합창단 제16회 정기연주회,2015,11,11/19(목)19:30,여수YWCA,"전석 10,000원",4세이하 입장불가,대극장,대관,순수,클래식,유료,0,1,0,1,1,948,548,150,698,517,117,,,,,,2015-11-19,151119_01
101,여수 여도오케스트라 제16회 정기연주회,2015,11,11/20(금)19:00,학교법인여도학원 여도초등학교,무료,4세이하 입장불가,대극장,대관,순수,클래식,무료,0,1,0,1,1,948,0,832,832,0,742,,,,,,2015-11-20,151120_01
103,장미여관 여수콘서트,2015,11,11/21(토)19:00,여수MBC,"R석 77,000원
S석 66,000원
A석 55,000원",미취학 아동 입장불가,대극장,대관,대중,콘서트,유료,0,1,1,2,1,1021,857,107,964,819,105,,,,,,2015-11-21,151121_01
102,제13회 그레이스 콘서트,2015,11,11/21(토)18:00,(사)나눔과기쁨(달천지부)/(사)그레이스예술치유협의회/그레이스클래식오카리나,무료,6세이하 입장불가,소극장,대관,순수,클래식,무료,0,1,0,1,1,302,0,208,208,0,174,,,,,,2015-11-21,151121_02
104,2015 학생오케스트라 페스티벌,2015,11,"11/24(화)14:00
11/25(수)14:00",전라남도여수교육지원청,무료,6세이하 관람불가,대극장,대관,순수,클래식,무료,0,2,0,2,2,1896,0,1529,1529,0,1430,,,,,,2015-11-24,151124_01
105,클래식 파노라마 종강콘서트,2015,11,11/24(화)15:00,예울마루,-,-,소극장,기타,기타,교육,무료,0,1,0,1,1,302,0,59,59,0,42,,,,,,2015-11-24,151124_02
106,예울마루 여성영화산책<마이스키니시스터>,2015,11,11/25(수)14:00,예울마루/(사)서울국제여성영화제,"전석 1,000원",미취학 아동 입장불가,소극장,기획,대중,행사,유료,0,1,0,1,1,302,297,1,298,289,,,,,,,2015-11-25,151125_01
107,어린이 영어뮤지컬 발표회,2015,11,11/26(목)19:00,예울마루,-,-,소극장,기타,기타,교육,무료,0,1,0,1,1,302,0,93,93,0,82,,,,,,2015-11-26,151126_01
108,여수필하모닉오케스트라 제27회 정기연주회,2015,11,11/26(목)19:30,여수필하모닉오케스트라,"전석 30,000원",미취학 아동 입장불가,대극장,대관,순수,클래식,유료,0,1,0,1,1,948,373,62,435,303,48,,,,,,2015-11-26,151126_02
109,성악아카데미 발표회,2015,11,11/27(금)19:00,예울마루,-,-,소극장,기타,기타,교육,무료,0,1,0,1,1,302,0,230,230,0,212,,,,,,2015-11-27,151127_02
110,양성원&엔리코파체 첼로소나타 베토벤 전곡시리즈,2015,11,11/28(토)15:00/19:00,예울마루,"R석 50,000원
S석 40,000원
A석 30,000원",미취학 아동 입장불가,대극장,기획,순수,클래식,유료,1,1,0,2,2,2042,358,98,456,345,67,,,,,,2015-11-28,151128_01
111,허영만전 특강,2015,11,11/28(토)14:00,예울마루,-,-,소극장,기타,대중,행사,유료,0,1,0,1,1,302,202,27,229,202,27,,33,27,13383,,2015-11-28,151128_02
112,여수교직원합창단 제2회 정기연주회<고향의 노래>,2015,12,12/1(화)19:00,여수교직원합창단울림/좋은노래부르기연구회,무료,미취학 아동 입장불가,대극장,대관,순수,클래식,무료,0,1,0,1,1,948,0,626,626,0,583,,,,,,2015-12-01,151201_01
113,(사)뿌리패 예술단 여수시지부 정기연주회<불휘>,2015,12,12/3(목)19:00,(사)뿌리패예술단여수시지부,"전석 10,000원",24개월 미만 입장불가,대극장,대관,순수,국악,유료,1,1,0,2,1,948,620,110,730,589,97,,,,,,2015-12-03,151203_01
114,피어클랑 스트링 콰르텟 연주회,2015,12,12/4(금)19:30,(사)전남문화예술협회,"R석 30,000원
S석 20,000원
A석 10,000원",미취학 아동 입장불가,대극장,대관,순수,클래식,유료,0,1,0,1,1,948,295,24,319,276,13,,,,,,2015-12-04,151204_01
115,"이혜란의 토크 콘서트<사랑해요, 그대>",2015,12,12/4(금)19:30,남해안발전연구소,"R석 100,000원
S석 50,000원
A석 20,000원",미취학 아동 입장불가,소극장,대관,순수,클래식,유료,1,1,0,2,1,302,240,4,244,222,0,,,,,,2015-12-04,151204_02
116,여수교원교향악단 여덟번째 연주회,2015,12,12/5(토)19:00,전라남도여수교육지원청,무료,4세이하 입장불가,대극장,대관,순수,클래식,무료,0,1,0,1,1,948,0,608,608,0,527,,,,,,2015-12-05,151205_01
117,첼리스트 김기용&피아니스트 한네롯바이겔트 듀오리사이틀,2015,12,12/6(일)19:30,나투어뮤직,무료,6세이하 입장불가,소극장,대관,순수,클래식,무료,0,1,0,1,1,302,0,216,216,0,188,,,,,,2015-12-06,151206_01
118,전미숙과 Laboratory Dance Project<K'Arts와 LDP무용단의 Unique Play>,2015,12,12/8(화)19:30,LDP,무료,미취학 아동 입장불가,대극장,대관,순수,무용,무료,0,1,0,1,1,948,0,719,719,0,644,,,,,,2015-12-08,151208_01
120,제10회 리코더 페스티벌,2015,12,12/12(토)14:00,여수청소년리코더합주단,무료,4세이하 입장불가,소극장,대관,대중,행사,무료,0,1,0,1,1,302,0,205,205,0,193,,,,,,2015-12-12,151212_01
119,2015 파리나무 십자가 소년합창단 특별초청공연,2015,12,12/10(목)20:00,(주)KBC 플러스,"R석 99,000원
S석 88,000원",미취학 아동 입장불가,대극장,대관,순수,클래식,유료,0,1,0,1,1,1021,991,18,1009,900,9,,,,,,2015-12-10,151210_01
121,2015 여수 윈드오케스트라 Vituoso Trombone Ensemble,2015,12,12/19(토)17:00,여수윈드오케스트라,"전석 20,000원",미취학 아동 입장불가,소극장,대관,순수,클래식,유료,0,1,0,1,1,302,246,4,250,211,0,,,,,,2015-12-19,151219_01
122,피아니스트 강현주와 함께하는 원스어픈어타임_모던1945,2015,12,12/22(화)11:00,예울마루,"전석 10,000원",미취학 아동 입장불가,대극장,기획,순수,클래식,유료,3,1,0,4,1,948,908,28,936,905,28,,,,,,2015-12-22,151222_01
123,"연극<경숙이,경숙아버지>",2015,12,"12/23(수)15:00/19:30
12/24(목)15:00/19:30
12/25(금)15:00/19:30
12/26(토)15:00/19:30",예울마루,"전석 30,000원",미취학 아동 입장불가,소극장,기획,순수,연극,유료,2,4,0,6,8,2416,2221,82,2303,2153,11,,,,,,2015-12-23,151223_01
124,인터내셔널 쇼팽음반발매기념 <임동혁 피아노 리사이틀>,2015,12,12/24(목)19:30,예울마루,"R석 70,000원
S석 60,000원
A석 50,000원",미취학 아동 입장불가,대극장,기획,순수,클래식,유료,0,1,0,1,1,1021,541,215,756,524,167,,,,,,2015-12-24,151224_01
126,2015 제4회 지역 예술인재 콘서트<네 꿈에 날개를>,2015,12,12/28(월)19:00,(사)한국민족예술인총연합여수지부국악위원회,무료,4세이하 입장불가,소극장,대관,순수,클래식,무료,0,1,0,1,1,302,0,239,239,0,221,,,,,,2015-12-28,151228_01
125,2015 송년음악회<휠체어는 나의 날개>,2015,12,12/28(월)15:00,공감,"전석 55,000원",미취학 아동 입장불가,대극장,대관,순수,클래식,유료,0,1,0,1,1,1021,980,10,990,885,3,,,,,,2015-12-28,151228_02
127,제3회 여수유스오케스트라 정기연주회,2015,12,12/29(화)19:30,여수유스오케스트라,무료,4세이하 입장불가,대극장,대관,순수,클래식,무료,0,1,0,1,1,948,0,681,681,0,635,,,,,,2015-12-29,151229_01
128,예울마루 여성영화산책<반짝이는 박수소리>,2015,12,12/30(수)14:00,예울마루/(사)서울국제여성영화제,"전석 1,000원",미취학 아동 입장불가,소극장,기획,대중,행사,유료,0,1,0,1,1,302,118,4,122,94,0,,,,,,2015-12-30,151230_01
129,"금호아시아나 문화가 있는 날<클래식 음악선물 VI-Love, 사랑>",2015,12,12/30(수)19:30,(재)금호아시아문화재단,무료,5세이하 입장불가,대극장,대관,순수,클래식,무료,0,1,0,1,1,1021,0,728,728,0,671,,25,21,11681,,2015-12-30,151230_02
1,연세대 음대 오케스트라 멘토멘티화합레크레이션,2016,1,1/4(월)15:00,예울마루,-,-,소극장,기타,기타,교육,무료,0,1,0,1,1,948,0,120,120,0,86,,,,,,2016-01-04,160104_01
2,제3회 연세대학교와 함께하는 음악캠프 합동연주회,2016,1,1/7(목)19:00,예울마루/연세대학교 음악대학,무료,미취학 아동 입장불가,대극장,기타,기타,교육,무료,0,1,0,1,1,948,0,256,256,0,216,,,,,,2016-01-07,160107_01
3,여수시립국악단과 함께하는 여수청소년국악관현악단 합동연주회<어울림>,2016,1,1/15(금)19:00,여수시/예울마루/여수시립국악단,무료,36개월 이상 관람가,대극장,기획,순수,국악,무료,0,1,0,1,1,948,0,386,386,0,335,,,,,,2016-01-15,160115_01
4,유나이티드싱어즈와 함께하는 애국지사 손양원 기념 신년콘서트<LA CLEMENZA 용서>,2016,1,1/16(토)17:00,(사)민족지도자손양원목사기념사업회/(재)유나이티드문화재단,"R석 30,000원
S석 20,000원
A석 10,000원",미취학 아동 입장불가,대극장,대관,순수,클래식,유료,0,1,0,1,1,948,427,187,614,373,160,,,,,,2016-01-16,160116_01
5,용호기계기술 워크샵,2016,1,1/22(금)15:00~20:00,㈜용호기계기술,-,-,소극장,대관,대중,행사,무료,0,1,0,1,1,302,0,100,100,0,100,,,,,,2016-01-22,160122_01
6,"2016 신년음악회 심포니W,송소희",2016,1,1/30(토)15:00/19:00,심포니W,"R석 77,000원
S석 66,000원
A석 55,000원",미취학 아동 입장불가,대극장,대관,순수,클래식,유료,0,1,0,1,2,2042,934,56,990,888,33,,5,4,2090,,2016-01-30,160130_01
7,"열린챔버오케스트라 제11회 정기연주회<별,훨훨날다!>",2016,2,2/19(금)19:00,열린챔버오케스트라,무료,24개월이하 입장불가,소극장,대관,순수,클래식,무료,0,1,0,1,1,302,0,290,290,0,278,,,,,,2016-02-19,160219_01
8,예울마루 여성영화산책<도희야>,2016,2,2/24(수)14:00,예울마루/(사)서울국제여성영화제,"전석 1,000원",미취학 아동 입장불가,소극장,기획,대중,행사,유료,0,1,0,1,1,302,89,32,121,56,15,,,,,,2016-02-24,160224_01
9,조상님께 바치는 댄스,2016,2,"2/26(금)19:30
2/27(토)19:30",예울마루/여수MBC,"R석 50,000원
S석 40,000원
A석 30,000원",미취학 아동 입장불가,대극장,기획,순수,무용,유료,2,2,0,4,2,2042,1649,29,1678,1451,19,,4,4,2089,,2016-02-26,160226_01
10,손열음 피아노 리사이틀<모던타임즈>,2016,3,3/4(금)19:30,예울마루,"R석 70,000원
S석 50,000원
A석 30,000원",미취학 아동 입장불가,대극장,기획,순수,클래식,유료,0,1,0,1,1,1021,323,165,488,314,149,,,,,,2016-03-04,160304_01
11,아카데미 클래식 파노라마,2016,3,3/8(화)10:30,예울마루,-,-,소극장,기타,기타,교육,유료,0,1,0,1,1,302,12,0,12,12,0,,,,,,2016-03-08,160308_01
12,아카데미 클래식 파노라마,2016,3,3/15(화)10:30,예울마루,-,-,소극장,기타,기타,교육,유료,0,1,0,1,1,302,17,0,17,17,0,,,,,,2016-03-15,160315_01
13,아카데미 클래식 파노라마,2016,3,3/22(화)10:30,예울마루,-,-,소극장,기타,기타,교육,유료,0,1,0,1,1,302,26,0,26,26,0,,,,,,2016-03-22,160322_01
14,뮤지컬 바람이 불어오는 곳,2016,3,3/26(토)15:00/19:30,여수MBC,"R석 55,000원
S석 44,000원
A석 33,000원",미취학 아동 입장불가,대극장,대관,복합,뮤지컬,유료,2,1,0,3,2,2042,1253,165,1418,1179,120,,,,,,2016-03-26,160326_01
15,아카데미 클래식 파노라마,2016,3,3/29(화)10:30,예울마루,-,-,소극장,기타,기타,교육,유료,0,1,0,1,1,302,15,0,15,15,0,,,,,,2016-03-29,160329_01
16,환경오염통합관리법 설명회,2016,3,3/31(목)14:00~17:30,영산강유역환경청,-,-,소극장,대관,대중,행사,무료,0,1,0,1,1,302,0,300,300,0,300,,4,3,2206,,2016-03-31,160331_01
17,아카데미 클래식 파노라마,2016,4,4/5(화)10:30,예울마루,-,-,소극장,기타,기타,교육,유료,0,1,0,1,1,302,16,0,16,16,0,,,,,,2016-04-05,160405_01
18,"피아니스트 강현주와 함께하는 위대한 작가들의 음악책갈피Ⅰ
로맹롤랑의 사랑 베토벤",2016,4,4/6(수)11:00,예울마루,"전석 10,000원",미취학 아동 입장불가,대극장,기획,순수,클래식,유료,4,1,0,5,1,948,149,56,205,143,38,,,,,,2016-04-06,160406_01
19,아카데미 클래식 파노라마,2016,4,4/12(화)10:30,예울마루,-,-,소극장,기타,기타,교육,유료,0,1,0,1,1,302,19,0,19,19,0,,,,,,2016-04-12,160412_01
20,앙상블 네우마 제2회 정기연주회,2016,4,4/14(목)19:00,앙상블네우마,"전석 20,000원",미취학 아동 입장불가,소극장,대관,순수,클래식,유료,0,1,0,1,2,604,505,8,513,494,0,,,,,,2016-04-14,160414_01
21,여수 심포니 스트링 앙상블 창단 연주회_시작 그리고 울림,2016,4,4/16(토)17:00,여수심포니오케스트라,"전석 10,000원",미취학 아동 입장불가,소극장,대관,순수,클래식,유료,0,1,0,1,1,302,179,4,183,165,0,,,,,,2016-04-16,160416_01
22,아카데미 클래식 파노라마,2016,4,4/19(화)10:30,예울마루,-,-,소극장,기타,기타,교육,유료,0,1,0,1,1,302,18,0,18,18,0,,,,,,2016-04-19,160419_01
23,피아니스트 문지영 & 수원시립교향악단 연주회,2016,4,4/21(목)19:30,예울마루,"R석 50,000원
S석 30,000원
A석 20,000원",미취학 아동 입장불가,대극장,기획,순수,클래식,유료,1,1,0,2,1,948,752,98,850,687,81,,,,,,2016-04-21,160421_01
24,아카데미 클래식 파노라마,2016,4,4/26(화)10:30,예울마루,-,-,소극장,기타,기타,교육,유료,0,1,0,1,1,302,17,0,17,17,0,,,,,,2016-04-26,160426_01
25,예울마루 여성영화산책<주주Zouzou>,2016,4,4/27(수)14:00,예울마루/(사)서울국제여성영화제,"전석 1,000원",15세이상 관람가,소극장,기획,대중,행사,유료,0,1,0,1,1,302,65,29,94,42,21,,,,,,2016-04-27,160427_01
26,송승환의 명작동화뮤지컬 오즈의 마법사,2016,4,"4/28(목)11:00/14:00
4/29(금)11:00/14:00
4/30(토)11:00/14:00",예울마루/여수MBC,"R석 30,000원
S석 20,000원",24개월이하 입장불가,대극장,기획,복합,뮤지컬,유료,2,3,0,5,6,6126,3988,195,4183,3861,124,,12,8,6028,,2016-04-28,160428_01
27,타악앙상블 Meta Regular Concert,2016,5,5/3(화)19:30,Jubilee,"전석 20,000원",36개월 이상 관람가,대극장,대관,순수,클래식,유료,0,1,0,1,1,948,461,21,482,442,11,,,,,,2016-05-03,160503_01
28,아카데미 클래식 파노라마,2016,5,5/10(화)10:30,예울마루,-,-,소극장,기타,기타,교육,유료,0,1,0,1,1,302,17,0,17,17,0,,,,,,2016-05-10,160510_01
29,2016 여수자유학기제 지원단 위촉 및 진로체험처 홍보의 날,2016,5,5/12(목)10:00~11:15,여수교육지원청,-,-,소극장,대관,대중,행사,무료,1,1,0,2,1,302,0,250,250,0,250,,,,,,2016-05-12,160512_01
30,한국페스티벌앙상블 창단30주년 기념연주회 <해설이 있는 드보르작의 세계>,2016,5,5/13(금)14:30,예울마루,"R석 30,000원
S석 20,000원",미취학 아동 입장불가,대극장,기획,순수,클래식,유료,0,1,0,1,1,948,687,52,739,682,25,,,,,,2016-05-13,160513_01
31,아카데미 클래식 파노라마,2016,5,5/17(화)10:30,예울마루,-,-,소극장,기타,기타,교육,유료,0,1,0,1,1,302,12,0,12,12,0,,,,,,2016-05-17,160517_01
32,여수시립국악단 연습,2016,5,5/18(수),여수시립국악단,-,-,리허설룸,대관,기타,기타,무료,0,1,0,1,1,0,0,0,0,0,0,,,,,,2016-05-18,160518_01
33,여수시립합창단 제69회 정기연주회 <한국 동서양을 만나다>,2016,5,5/19(목)19:30,여수시/여수시립합창단,"R석 10,000원
S석 5,000원",5세이하 입장불가,대극장,대관,순수,클래식,유료,1,1,0,2,1,948,538,94,632,452,80,,,,,,2016-05-19,160519_01
34,유키구라모토 콘서트 <MISTY LAKE LOUISE>,2016,5,5/20(금)19:30,크레디아,"R석 80,000원
S석 60,000원
A석 40,000원",미취학 아동 입장불가,대극장,대관,순수,클래식,유료,0,1,0,1,1,1021,519,77,596,515,61,,,,,,2016-05-20,160520_01
35,키예프 국립발레단 내한공연,2016,5,"5/21(토)19:00
5/22(일)15:00",여수MBC/PMG Global,"R석 80,000원
S석 60,000원
A석 40,000원",5세미만 입장불가,대극장,대관,순수,무용,유료,1,2,0,3,2,2042,1036,85,1121,964,62,,,,,,2016-05-21,160521_01
36,여수 YWCA 창립 34주년 기념 행사_여성영화상영,2016,5,5/25(수)14:00,여수YWCA,무료,24개월이하 입장불가,소극장,대관,대중,행사,무료,0,1,0,1,1,302,0,93,93,0,93,,,,,,2016-05-25,160525_01
37,여수시립국악단과 GS칼텍스 예울마루가 함께하는<오월愛>,2016,5,5/27(금)19:30,예울마루/여수시/여수시립국악단,"R석 20,000원
S석 10,000원",36개월미만 입장불가,대극장,기획,순수,국악,유료,3,1,0,4,1,948,895,41,936,863,35,,,,,,2016-05-27,160527_01
38,여수 무지개학교 교육지구 협약 및 선포식,2016,5,5/30(월)13:00~18:00,여수교육지원청,-,-,대극장,대관,대중,행사,무료,0,1,0,1,1,948,0,323,323,0,323,,11,11,5172,,2016-05-30,160530_01
39,어린이영어뮤지컬발표회,2016,6,6/1(수) 19:00,예울마루,-,-,소극장,기타,기타,교육,무료,1,1,0,2,1,302,0,89,89,0,70,,,,,,2016-06-01,160601_01
40,성악아카데미 발표회,2016,6,6/3(금) 19:30,예울마루,-,-,소극장,기타,기타,교육,무료,1,1,0,2,1,302,0,242,242,0,234,,,,,,2016-06-03,160603_01
41,한국음악협회여수지부 제41회 정기연주회,2016,6,6/4(토)17:00,(사)한국음악협회여수지부,"전석 10,000원",5세이상관람가,소극장,대관,순수,클래식,유료,0,1,0,1,1,302,147,24,171,126,18,,,,,,2016-06-04,160604_01
42,뮤지컬 맘마미아,2016,6,"6/10(금)19:30
6/11(토)15:00/19:30
6/12(일)14:00",예울마루/여수MBC,"R석 120,000원
S석 100,000원
A석 80,000원",미취학 아동 입장불가,대극장,기획,복합,뮤지컬,유료,5,3,1,9,4,3792,3428,32,3460,3326,21,,,,,,2016-06-10,160610_01
43,전남창조경제혁신센터 개소 1주년 기념행사,2016,6,6/16(목)10:30~15:30,전남창조경제혁신센터,-,-,대극장,대관,대중,행사,무료,1,1,0,2,1,948,0,400,400,0,350,,,,,,2016-06-16,160616_01
44,아르스노바 남성합창단 창단10주년기념 제7회정기연주회,2016,6,6/18(토)17:30,아르스노바남성합창단,"R석 30,000원
S석 10,000원",24개월이하 입장불가,대극장,대관,순수,클래식,유료,0,1,0,1,1,1021,586,145,731,444,118,,,,,,2016-06-18,160618_01
45,현악사중주 파개그니니 내한공연,2016,6,6/20(월)19:30,전남 CBS,"R석 55,000원
S석 33,000원",미취학 아동 입장불가,대극장,대관,순수,클래식,유료,0,1,0,1,1,1021,979,10,989,696,0,,,,,,2016-06-20,160620_01
46,연극 늘근도둑이야기,2016,6,"6/24(금)19:30
6/25(토)15:00/18:00",아이엠컴퍼니,"R석 55,000원
S석 44,000원
A석 33,000원",중학생 이상  관람가,대극장,대관,순수,연극,유료,1,2,0,3,3,3063,1353,260,1613,1315,211,,,,,,2016-06-24,160624_01
47,"예울마루 여성영화산책<단편영화특선(콩나물,미자,아무일도없었다)>",2016,6,6/29(수)14:00,예울마루/(사)서울국제여성영화제,"전석 1,000원",15세이상 관람가,소극장,기획,대중,행사,유료,0,1,0,1,1,302,65,26,91,62,5,,12,10,7455,,2016-06-29,160629_01
48,광주연우회 여수공연 <님을 꿈꾸는 계절에>,2016,7,7/2(토)19:30,광주연우회,"일반 10,000원
학생 5,000원",미취학 아동 입장불가,소극장,대관,순수,클래식,유료,0,1,0,1,1,302,173,34,207,141,16,,,,,,2016-07-02,160702_01
49,여수 무지개학교 교육지구 학부모 아카데미 연찬회,2016,7,7/4(월)14:00,여수교육지원청,-,-,대극장,대관,대중,행사,무료,0,1,0,1,1,948,,742,742,,544,,,,,,2016-07-04,160704_01
50,"피아니스트 강현주와 함께하는 위대한 작가들의 음악책갈피Ⅱ <하루키의 영감,드뷔시>",2016,7,7/8(금)11:00,예울마루,"전석 10,000원",미취학 아동 입장불가,대극장,기획,순수,클래식,유료,2,1,0,3,1,948,686,49,735,682,46,,,,,,2016-07-08,160708_01
51,"러시아 피아니스트 키릴 카슈닌 <미항여수, 러시아를 품다>",2016,7,7/13(수)19:00,아티스트인홀리데이,무료,미취학 아동 입장불가,소극장,대관,순수,클래식,무료,0,1,0,1,1,302,,132,132,,109,,,,,,2016-07-13,160713_01
52,한국을 빛낸 세계적인 성악가 특별초청<오페라 갈라콘서트>,2016,7,7/14(목)19:30,예울마루,"R석 70,000원
S석 50,000원
A석 30,000원",미취학 아동 입장불가,대극장,기획,순수,클래식,유료,0,1,0,1,1,948,319,296,615,311,227,,,,,,2016-07-14,160714_01
53,2016 장범준 전국공연<사랑에 빠져요>-여수,2016,7,"7/15(금)19:30
7/16(토)18:00",여수MBC/㈜공연마루,"R석 99,000원
S석 88,000원",미취학 아동 입장불가,대극장,대관,대중,콘서트,유료,1,2,0,3,2,2042,1661,126,1787,1625,111,,,,,,2016-07-15,160715_01
54,유스오케스트라 앙상블 연주회,2016,7,7/16(토)15:00,전라남도 여수교육지원청 / 유스오케스트라,무료,5세이하 입장불가,소극장,대관,순수,클래식,무료,0,1,0,1,1,302,,298,298,,289,,,,,,2016-07-16,160716_01
55,하루쯤은 클래식,2016,7,7/17(일)16:00,(재)범민장학회/(사)한국음악협회여수지부,무료,5세 이상 관람가,소극장,대관,순수,클래식,무료,0,1,0,1,1,302,,220,220,,197,,,,,,2016-07-17,160717_01
57,여수특집 생방송 투데이,2016,7,7/22(금)18:00,㈜광주방송,-,-,분수광장,대관,대중,행사,무료,0,1,0,1,1,0,0,0,0,0,0,,,,,,2016-07-22,160722_01
56,Andreas hartsmann & 클래시칸 앙상블,2016,7,7/23(토)18:00,EJ엔터테인먼트/바로크 음악감상회,"전석 20,000원",7세 이상 관람가,대극장,대관,순수,클래식,유료,0,1,0,1,1,948,409,10,419,377,0,,,,,,2016-07-23,160723_01
58,마음톡톡캠프,2016,7,7/25(월)~7/27(수),GS칼텍스 CSR 추진팀,무료,전체관람가,소극장,대관,대중,행사,무료,1,1,0,2,1,302,0,150,150,0,150,,12,12,5305,,2016-07-25,160725_01
59,여수시립국악단과 함께하는 여수청소년국악관현악단 합동연주회<어울림>,2016,8,8/12(금)19:00,여수시/예울마루/여수시립국악단,무료,4세이하 입장불가,대극장,기획,순수,국악,무료,3,1,0,4,1,948,0,498,498,0,435,,,,,,2016-08-12,160812_01
60,The BEGINNING 제 3회 여수클래식 영재육성을 위한 음악회,2016,8,8/20(토)17:00,(사)한국음악협회여수지부,무료,5세이상관람가,대극장,대관,순수,클래식,무료,0,1,0,1,1,948,0,596,596,0,511,,,,,,2016-08-20,160820_01
61,한불 상호교류의 해 기념 실내악 페스티벌 여수에서 만나는 프랑스의 낭만,2016,8,"8/26(금)11:00
8/27(토)14:00/16:30 19:30
8/28(일)15:30",예울마루,"R석 40,000원
S석 20,000원",미취학 아동 입장불가,대극장,기획,순수,클래식,유료,3,2,0,5,5,4740,1037,734,983,447,1771,,,,,,2016-08-26,160826_01
62,한불 상호교류의 해 기념 실내악 페스티벌 여수에서 만나는 프랑스의 낭만,2016,8,8/28(일)14:00/18:30,예울마루,"전석 20,000원",미취학 아동 입장불가,소극장,기획,순수,클래식,유료,0,1,0,1,2,604,192,138,154,96,330,,,,,,2016-08-28,160828_01
63,예울마루 여성영화산책(08.31)_우리들,2016,8,8/31(수)14:00,예울마루,-,-,소극장,기획,대중,행사,유료,0,1,0,1,1,302,261,14,275,246,7,,,,,,2016-08-31,160831_01
64,앙상블 클라비어 여름밤 콘서트,2016,8,8/31(수)19:30,여수MBC,"R석 55,000원
S석 33,000원",미취학 아동 입장불가,대극장,대관,순수,클래식,유료,0,1,0,1,1,1021,620,120,740,519,104,,11,7,4210,,2016-08-31,160831_02
65,아카데미 클래식 파노라마,2016,9,9/06(화)11:00,예울마루,-,-,소극장,기타,기타,교육,유료,0,1,0,1,1,302,25,0,25,25,0,,,,,,2016-09-06,160906_01
66,장애인&비장애인 전문예술가와 함께하는 희망다리 콘서트,2016,9,9/10(토)17:00,The New Global darts/ NH Ent /HB Ensemble,무료,24개월 이상 관람가,대극장,대관,순수,클래식,무료,0,1,0,1,1,948,0,513,513,0,420,,,,,,2016-09-10,160910_01
67,장윤정 스위트 타임,2016,9,9/17(토)15:00/19:00,(주)우리기획,"R석 110,000원
S석 99,000원",미취학 아동 입장불가,대극장,대관,대중,콘서트,유료,1,1,0,2,2,2042,1247,238,1485,1139,165,,,,,,2016-09-17,160917_01
68,아카데미 클래식 파노라마,2016,9,9/21(화)11:00,예울마루,-,-,소극장,기타,기타,교육,유료,0,1,0,1,1,302,26,0,26,26,0,,,,,,2016-09-21,160921_01
69,2016년 전라남도 학생 예술교육페스티벌,2016,9,9/21(수)15:00,전라남도교육청,무료,24개월 이상 관람가,소극장,대관,복합,뮤지컬,무료,1,1,0,2,1,302,0,298,298,0,280,,,,,,2016-09-21,160921_02
70,2016년 전라남도 학생 예술교육페스티벌,2016,9,9/22(목)15:00,전라남도교육청,무료,24개월 이상 관람가,대극장,대관,순수,클래식,무료,0,1,0,1,1,948,0,936,936,0,691,,,,,,2016-09-22,160922_01
71,소프라노 윤한나 귀국 독창회,2016,9,9/23(금)19:30,윤한나,"전석 10,000원",6세이하 입장불가,소극장,대관,순수,클래식,유료,0,1,0,1,1,302,216,14,230,183,7,,,,,,2016-09-23,160923_01
72,전남동부지역 KBS방송 60년 2016 시민행복합창제,2016,9,9/24(토)15:00,KBS한국방송,무료,5세미만 입장불가,대극장,대관,순수,클래식,무료,1,1,0,2,1,948,0,681,681,0,581,,,,,,2016-09-24,160924_01
73,GS칼텍스 가족 한마음 행사,2016,9,"9/26(월)11:00/14:00
9/27(화)19:00
9/28(수)19:00",GS칼텍스,-,-,대극장,대관,대중,콘서트,무료,1,3,0,4,4,3792,0,3448,3448,0,1564,,,,,,2016-09-26,160926_01
74,아카데미 클래식 파노라마,2016,9,9/27(화)11:00,예울마루,-,-,소극장,기타,기타,교육,유료,0,1,0,1,1,302,24,0,24,24,0,,,,,,2016-09-27,160927_01
75,아카데미 화요인문학,2016,9,9/27(화)19:00,예울마루,-,-,소극장,기타,기타,교육,유료,0,1,0,1,1,302,163,0,163,163,0,,,,,,2016-09-27,160927_02
76,"만 9,900원의 행복",2016,9,9/30(금)20:00,늘픔이엔티,"전석 19,900원",미취학 아동 입장불가,대극장,대관,대중,콘서트,유료,1,1,0,2,1,948,453,16,469,437,0,,12,10,8060,,2016-09-30,160930_01
77,"만 9,900원의 행복",2016,10,"10/1(토)16:00/19:30
10/2(토)14:00/17:00",늘픔이엔티,"전석 19,900원",미취학 아동 입장불가,대극장,대관,대중,콘서트,유료,0,2,0,2,4,3792,1884,40,1924,1871,0,,,,,,2016-10-01,161001_01
78,아카데미 클래식 파노라마,2016,10,10/4(화)11:00,예울마루,-,-,소극장,기타,기타,교육,유료,0,1,0,1,1,302,24,0,24,24,0,,,,,,2016-10-04,161004_01
79,아카데미 화요인문학,2016,10,10/4(화)19:00,예울마루,-,-,소극장,기타,기타,교육,유료,0,1,0,1,1,302,161,0,161,161,0,,,,,,2016-10-04,161004_02
80,SMOKIE 원조보컬 크리스 노먼 최초 내한공연,2016,10,10/7(금)19:30,여수MBC,"R석 110,000원
S석 88,000원
A석 66,000원",미취학 아동 입장불가,대극장,대관,대중,콘서트,유료,1,1,0,2,1,1021,812,38,850,777,36,,,,,,2016-10-07,161007_01
81,아카데미 클래식 파노라마,2016,10,10/11(화)11:00,예울마루,-,-,소극장,기타,기타,교육,유료,0,1,0,1,1,302,27,0,27,27,0,,,,,,2016-10-11,161011_01
82,아카데미 화요인문학,2016,10,10/11(화)19:00,예울마루,-,-,소극장,기타,기타,교육,유료,0,1,0,1,1,302,128,0,128,128,0,,,,,,2016-10-11,161011_02
83,피아니스트 강현주와 함께하는 위대한 작가들의 음악책갈피Ⅲ_앙드레지드의 헌정 쇼팽,2016,10,10/12(수)11:00,예울마루,"전석 10,000원",미취학 아동 입장불가,대극장,기획,순수,클래식,유료,2,1,0,3,1,948,680,11,691,667,5,,,,,,2016-10-12,161012_01
84,아카데미 클래식 파노라마,2016,10,10/18(화)11:00,예울마루,-,-,소극장,기타,기타,교육,유료,0,1,0,1,1,302,22,0,22,22,0,,,,,,2016-10-18,161018_01
85,아카데미 화요인문학,2016,10,10/18(화)19:00,예울마루,-,-,소극장,기타,기타,교육,유료,0,1,0,1,1,302,113,0,113,113,0,,,,,,2016-10-18,161018_02
86,뮤직&조이 뮤지컬 명작 콘서트(교직원공제회),2016,10,10/19(수)19:00,(주)불루인마케팅서비스,무료,미취학 아동 입장불가,대극장,대관,복합,뮤지컬,무료,1,1,0,2,1,948,0,936,936,0,719,,,,,,2016-10-19,161019_01
87,여수사랑의부부합창단 창단20주년 및 제10회 정기연주회<아름다운 동행>,2016,10,10/20(목)19:30,사랑의부부합창단연합회/여수사랑의부부합창단,"전석 20,000원",미취학 아동 입장불가,대극장,대관,순수,클래식,무료,0,1,0,1,1,948,0,745,745,0,647,,,,,,2016-10-20,161020_01
88,여수심포니 오케스트라 제5회 정기연주회<가을편지>,2016,10,10/21(금)19:30,여수심포니오케스트라,"전석 20,000원",미취학 아동 입장불가,대극장,대관,순수,클래식,유료,0,1,0,1,1,1021,430,64,494,394,49,,,,,,2016-10-21,161021_01
89,"내친구 찰리:어린이 클래식음악,마임극",2016,10,10/21(금)10:30,여수시/전남 CBS,무료,24개월이하 입장불가,소극장,대관,순수,클래식,무료,1,1,0,2,1,302,0,295,295,0,295,,,,,,2016-10-21,161021_02
90,애국지사 손양원 순교기념 KBS교향악단 초청공연,2016,10,10/22(토)15:00,(사)민족지도자손양원목사기념사업회,"R석 50,000원
S석 30,000원
A석 20,000원",미취학 아동 입장불가,대극장,대관,순수,클래식,유료,0,1,0,1,1,948,638,37,675,583,10,,,,,,2016-10-22,161022_01
91,가을밤의 세레나데,2016,10,10/22(토)17:00,한국예술문화단체총연합회여수지부/한국음악협회 여수시지부,"전석 10,000원",5세 이상 관람가,소극장,대관,순수,클래식,유료,0,1,0,1,1,302,213,29,242,199,22,,,,,,2016-10-22,161022_02
92,아카데미 클래식 파노라마,2016,10,10/25(화)11:00,예울마루,-,-,소극장,기타,기타,교육,유료,0,1,0,1,1,302,24,0,24,24,0,,,,,,2016-10-25,161025_01
93,아카데미 화요인문학,2016,10,10/25(화)19:00,예울마루,-,-,소극장,기타,기타,교육,유료,0,1,0,1,1,302,192,0,192,192,0,,,,,,2016-10-25,161025_02
94,예울마루 여성영화산책<업포러브>,2016,10,10/26(수)14:00,예울마루/(사)서울국제여성영화제,"전석 1,000원",미취학 아동 입장불가,소극장,기획,대중,행사,유료,0,1,0,1,1,302,79,46,125,63,22,,,,,,2016-10-26,161026_01
95,난타(NANTA) -여수,2016,10,"10/27(목)10:30/19:30
10/28(금)10:30/19:30
10/29(토)15:00/19:00",여수MBC/(주)PMC프로덕션,"R석 50,000원
S석 30,000원",5세 이상 관람가,대극장,대관,복합,뮤지컬,유료,1,3,0,4,6,6126,4074,207,4281,3971,159,,,,,,2016-10-27,161027_01
96,제5회 여수 학생 연극 페스티벌,2016,10,10/28(금)14:00,여수교육지원청,무료,7세 이상 관람가,소극장,대관,순수,연극,무료,0,1,0,1,1,302,0,298,298,0,246,,,,,,2016-10-28,161028_01
97,이지인 귀국 피아노 리사이틀,2016,10,10/29(토)19:00,JJ예술기획,"전석 10,000원",24개월이하 입장불가,소극장,대관,순수,클래식,유료,0,1,0,1,1,302,96,4,100,86,0,,21,16,11656,,2016-10-29,161029_01
98,아카데미 클래식 파노라마,2016,11,11/01(화) 11:00,예울마루,-,-,소극장,기타,기타,교육,유료,0,1,0,1,1,302,24,0,24,24,0,,,,,,2016-11-01,161101_01
99,아카데미 화요인문학,2016,11,11/01(화) 19:00,예울마루,-,-,소극장,기타,기타,교육,유료,0,1,0,1,1,302,144,0,144,144,0,,,,,,2016-11-01,161101_02
100,전남동부극동방송개국1주년축하음악회,2016,11,11/01(화)19:30,전남동부극동방송,무료,36개월이하 입장불가,대극장,대관,순수,클래식,무료,0,1,0,1,1,1021,0,1009,1009,0,969,,,,,,2016-11-01,161101_03
101,"문학Concert 여수로 오이다, 얼릉 오이다.",2016,11,11/02(수)19:30,문화예술창작집단 울림,무료,미취학 아동 입장불가,소극장,대관,대중,콘서트,무료,0,1,0,1,1,302,0,79,79,0,53,,,,,,2016-11-02,161102_01
102,제5회 여수 학생.학부모 합창페스티벌<내 노래에 날개를 달다>,2016,11,11/02(수)14:00,여수교육지원청,무료,24개월이하 입장불가,대극장,대관,순수,클래식,무료,0,1,0,1,1,948,0,656,656,0,595,,,,,,2016-11-02,161102_02
103,"앙상블 네우마, 클래식을 선물하다",2016,11,11/04(금)19:30,앙상블네우마,"전석 10,000원",미취학 아동 입장불가,소극장,대관,순수,클래식,유료,0,1,0,1,1,302,189,4,193,179,0,,,,,,2016-11-04,161104_01
104,"애양청소년오케스트라FROM 제1회 정기연주회<마음을 깨우는 소리,희망을 연주하다>",2016,11,11/05(토)17:00,(사)애양청소년오케스트라 FROM,무료,4세이하 입장불가,소극장,대관,순수,클래식,무료,0,1,0,1,1,302,0,198,198,0,168,,,,,,2016-11-05,161105_01
105,아카데미 클래식 파노라마,2016,11,11/08(화)11:00,예울마루,-,-,소극장,기타,기타,교육,유료,0,1,0,1,1,302,19,0,19,19,0,,,,,,2016-11-08,161108_01
106,(사)뿌리패예술단 창단30주년 기념 (사)뿌리패예술단 여수지부 정기연주회<DRUM TOUR>,2016,11,11/08(화)19:00,(사)뿌리패예술단여수시지부,"전석 20,000원",24개월미만 입장불가,대극장,대관,순수,국악,유료,1,1,0,2,1,948,649,60,709,613,47,,,,,,2016-11-08,161108_02
107,피어클랑 콰르텟 정기연주회,2016,11,11/10(목)19:30,(사)전남문화예술협회,"일반 30,000원
학생 20,000원",24개월이하 입장불가,소극장,대관,순수,클래식,유료,0,1,0,1,1,302,87,4,91,72,0,,,,,,2016-11-10,161110_01
108,전장수 클래식 기타 독주회,2016,11,11/11(금)19:30,WE MUSIC,"전석 20,000원",미취학 아동 입장불가,소극장,대관,순수,클래식,유료,0,1,0,1,1,302,27,56,83,25,44,,,,,,2016-11-11,161111_01
109,제14회 여수어머니리코더합주단 정기연주회,2016,11,11/12(토)18:00,여수어머니리코더합주단,무료,24개월 이상 관람가,소극장,대관,순수,클래식,무료,0,1,0,1,1,302,0,249,249,0,233,,,,,,2016-11-12,161112_01
110,NH필하모닉오케스트라 해설이 있는 연주회,2016,11,11/12(토)17:00,NH음악그룹/NH필하모닉오케스트라/(사)빠른거북이 자원봉사단,"전석 30,000원",미취학 아동 입장불가,대극장,대관,순수,클래식,유료,0,1,0,1,1,1021,663,20,683,619,10,,,,,,2016-11-12,161112_02
111,꿈다락 토요문화학교 희로애락 뮤지컬 발표회,2016,11,11/13(일)15:00,예울마루,-,-,소극장,기타,기타,교육,무료,0,1,0,1,1,302,0,166,166,0,159,,,,,,2016-11-13,161113_01
112,제5회 여수학생오케스트라 페스티벌,2016,11,"11/14(월)14:00
11/15(화)14:00",여수교육지원청,무료,5세이하 입장불가,대극장,대관,순수,클래식,무료,0,2,0,2,2,1896,0,1793,1793,0,1707,,,,,,2016-11-14,161114_01
113,아카데미 클래식 파노라마,2016,11,11/15(화)11:00,예울마루,-,-,소극장,기타,기타,교육,유료,0,1,0,1,1,302,21,0,21,21,0,,,,,,2016-11-15,161115_01
114,여수필하모닉오케스트라 제28회 정기연주회,2016,11,11/17(목)19:30,여수필하모닉오케스트라,무료,미취학 아동 입장불가,대극장,대관,순수,클래식,무료,0,1,0,1,1,1021,0,306,306,0,240,,,,,,2016-11-17,161117_01
115,제8회 여도국악관현악단정기연주회,2016,11,11/18(금)19:00,학교법인여도학원 여도초등학교,무료,24개월 이상 관람가,대극장,대관,순수,국악,무료,0,1,0,1,1,948,0,691,691,0,629,,,,,,2016-11-18,161118_01
116,여수YWCA합창단 제17회 정기연주회 THE NEW STORY,2016,11,11/19(토)17:00,여수YWCA,"전석 10,000원",36개월 이상 관람가,대극장,대관,순수,클래식,유료,0,1,0,1,1,948,475,110,585,409,76,,,,,,2016-11-19,161119_01
117,The어울림 여수오카리나앙상블 예울 제2회정기연주회,2016,11,11/19(토)17:00,여수오카리나앙상블예울,"전석 1,000원",24개월이하 입장불가,소극장,대관,순수,클래식,유료,0,1,0,1,1,302,192,34,226,177,29,,,,,,2016-11-19,161119_02
118,뮤지컬<노트르담드 파리>,2016,11,"11/25(금)20:00
11/26(토)15:00/19:00
11/27(일)15:00",(주)공연마루/(주)마스트엔터테인먼트,"R석 140,000원
S석 120,000원
A석 90,000원
B석 70,000원",미취학 아동 입장불가,대극장,대관,복합,뮤지컬,유료,3,3,1,7,4,4084,2460,205,2665,2430,96,,20,19,10216,,2016-11-25,161125_01
119,리틀발레리나 & 어린이영어뮤지컬 발표회,2016,12,12/01(목)18:30,예울마루,-,-,소극장,기타,기타,교육,무료,0,1,0,1,1,302,0,175,175,0,159,,,,,,2016-12-01,161201_01
120,여수시립국악단 제32회 정기공연<거울나라>,2016,12,12/2(금)19:00,여수시/여수시립국악단,"전석 5,000원",36개월 이상 관람가,대극장,대관,복합,창극,유료,3,1,1,5,1,948,534,38,572,484,11,,,,,,2016-12-02,161202_01
121,피아니스트 문윤미와 함께하는 겨울이야기,2016,12,12/03(토)19:00,명지대학교 문화예술대학원 교회음학과/피아니스트 문윤미,"전석 10,000원",24개월 이상 관람가,소극장,대관,순수,클래식,유료,0,1,0,1,1,302,98,44,142,98,13,,,,,,2016-12-03,161203_01
122,감사음악회<고맙습니다.사랑합니다.행복하세요>,2016,12,12/6(화)18:30,사회복지법인은현/여수시장애인종합복지관,무료,미취학 아동 입장불가,소극장,대관,순수,클래식,무료,0,1,0,1,1,302,0,219,219,0,198,,,,,,2016-12-06,161206_01
123,여수교직원합창단울림 제3회 정기연주회 희망의 나라로,2016,12,12/6(화)19:00,여수교직원합창단울림/좋은노래부르기연구회,무료,24개월 이상 관람가,대극장,대관,순수,클래식,무료,0,1,0,1,1,948,0,623,623,0,581,,,,,,2016-12-06,161206_02
124,여수시립합창단 제70회 정기연주회 이영만 상임지휘자 취임연주회<환희의 송가>,2016,12,12/8(목)19:30,여수시/여수시립합창단,"1층 10,000원
2층 5,000원",5세이하 입장불가,대극장,대관,순수,클래식,유료,1,1,0,2,1,948,583,163,746,521,132,,,,,,2016-12-08,161208_01
125,2016 하반기 성악아카데미발표회,2016,12,12/09(금)19:00,예울마루,-,-,소극장,기타,기타,교육,유료,0,1,0,1,1,302,0,191,191,0,163,,,,,,2016-12-09,161209_01
126,제11회 여수리코더페스티벌,2016,12,12/10(토)14:00,여수청소년리코더합주단,무료,3세이하 입장불가,소극장,대관,대중,콘서트,무료,0,1,0,1,1,302,0,187,187,0,91,,,,,,2016-12-10,161210_01
127,피아니스트 강현주와 함께하는 위대한 작가들의 음악책갈피Ⅳ 톨스토이의 눈물 차이콥스키,2016,12,12/14(수)11:00,예울마루,"전석 10,000원",미취학 아동 입장불가,대극장,기획,순수,클래식,유료,2,1,0,3,1,948,773,40,813,759,26,,,,,,2016-12-14,161214_01
128,여수교원교향악단 아홉번째 연주회,2016,12,12/15(목)19:30,여수교원교향악단,무료,4세이하 입장불가,대극장,대관,순수,클래식,무료,0,1,0,1,1,948,0,597,597,0,540,,,,,,2016-12-15,161215_01
129,정경화리사이틀,2016,12,12/16(금)19:30,예울마루,"R석 90,000원
S석 70,000원
A석 50,000원",미취학 아동 입장불가,대극장,기획,순수,클래식,유료,0,1,0,1,1,1021,694,36,730,678,22,,,,,,2016-12-16,161216_01
130,여수청소년관악단 제5회 정기연주회,2016,12,12/17(토)17:30,여수청소년관악단,무료,6세 이상 관람가,대극장,대관,순수,클래식,유료,0,1,0,1,1,948,483,24,507,404,13,,,,,,2016-12-17,161217_01
131,마음톡톡 뮤직힐링 콘서트,2016,12,12/17(토)16:00,법사랑위원전남동부 지역연합회,무료,전체관람가,소극장,대관,대중,콘서트,무료,0,1,0,1,1,302,0,130,130,0,130,,,,,,2016-12-17,161217_02
132,국립극단 연극 타조소년들,2016,12,"12/23(금)14:00/19:30
12/24(토)15:00/19:00",예울마루,"전석 20,000원",중학생 이상  관람가,소극장,기획,순수,연극,유료,3,2,0,5,4,1208,810,56,866,724,24,,,,,,2016-12-23,161223_01
133,뮤지컬<그날들>,2016,12,"12/23(금)19:30
12/24(토)15:00/19:30
12/25(일)15:00",예울마루/여수MBC,"R석 120,000원
S석 100,000원
A석 80,000원
B석 60,000원",미취학 아동 입장불가,대극장,기획,복합,뮤지컬,유료,3,3,1,7,4,4084,3744,51,3795,3714,28,,,,,,2016-12-23,161223_02
134,초록우산 드림오케스트라 여수 창단연주회,2016,12,12/27(화)19:00,초록우산 어린이재단전남지역본부,"전석 10,000원",미취학 아동 입장불가,대극장,대관,순수,클래식,유료,0,1,0,1,1,948,366,64,430,332,46,,,,,,2016-12-27,161227_01
135,희망동행콘서트,2016,12,12/28(수)14:00,남해안신문사/소호초등학교,무료,24개월 이상 관람가,대극장,대관,순수,클래식,무료,0,1,0,1,1,948,0,539,539,0,483,,,,,,2016-12-28,161228_01
136,예울마루 여성영화산책<할머니의 먼집>,2016,12,12/28(수)14:00,예울마루/(사)서울국제여성영화제,"전석 1,000원",미취학 아동 입장불가,소극장,기획,대중,행사,유료,0,1,0,1,1,302,287,9,296,265,5,,,,,,2016-12-28,161228_02
137,제4회 유스오케스트라 정기연주회,2016,12,12/29(목)19:30,전라남도여수교육지원청/여수유스오케스트라,무료,4세이하 입장불가,대극장,대관,순수,클래식,무료,0,1,0,1,1,948,0,591,591,0,545,,,,,,2016-12-29,161229_01
138,2016 제5회 지역 예술인재 콘서트<네 꿈에 날개를>,2016,12,12/29(목)19:00,(사)한국민족예술인총연합여수지부국악위원회,무료,4세이하 입장불가,소극장,대관,순수,클래식,무료,0,1,0,1,1,302,0,208,208,0,170,,,,,,2016-12-29,161229_02
139,연극<러브액츄얼리>,2016,12,"12/30(금)19:30
12/31(토)15:00/18:00",집컴퍼니:1899-9498,"전석 30,000원",중학생 이상  관람가,소극장,대관,순수,연극,유료,0,2,0,2,3,906,592,0,592,553,0,,27,23,12583,,2016-12-30,161230_01
1,연세대학교와 함께하는 도서지역오케스트라 합동연주회,2017,1,1/6(금)11:00,예울마루/연세대학교 음악대학,무료,미취학 아동 입장불가,대극장,기타,기타,교육,무료,1,1,0,2,1,948,0,137,137,0,94,,,,,,2017-01-06,170106_01
2,임헌정과 코리안심포니오케스트라가 함께하는 <2017 예울마루 신년음악회>,2017,1,1/12(목)19:30,예울마루,"R석 25,000원
S석 15,000원",미취학 아동 입장불가,대극장,기획,순수,클래식,유료,0,1,0,1,1,948,617,97,714,587,80,,,,,,2017-01-12,170112_01
3,제3회 여수청소년 국악관현악캠프 어울림,2017,1,1/20(금)19:00,여수시/예울마루/여수시립국악단,무료,24개월이하 입장불가,대극장,기획,기타,교육,무료,0,1,0,1,1,948,0,443,443,0,358,,2,2,1157,,2017-01-20,170120_01
4,뮤지컬<젊음의 행진>,2017,2,"2/11(토)15:00/19:00
2/12(일)14:00/18:00",여수MBC,"R석 70,000원
S석 60,000원
A석 40,000원",미취학 아동 입장불가,대극장,대관,복합,뮤지컬,유료,4,2,1,7,4,3792,1908,450,2358,1839,429,,,,,,2017-02-11,170211_01
5,열린챔버오케스트라 제11회 정기연주회,2017,2,2/16(목)19:00,열린챔버오케스트라,무료,7세 이상 관람가,소극장,대관,순수,클래식,무료,0,1,0,1,1,302,0,294,294,,277,,,,,,2017-02-16,170216_01
6,예울마루 여성영화산책<홍콩은 언제나 내일>,2017,2,2/22(수)14:00,예울마루/(사)서울국제여성영화제,"전석 1,000원",미취학 아동 입장불가,소극장,기획,대중,행사,유료,0,1,0,1,1,302,50,30,80,37,16,,6,4,2732,,2017-02-22,170222_01
7,아카데미 화요인문학,2017,3,3/14(화)19:30,예울마루,-,-,소극장,기타,기타,교육,유료,0,1,0,1,1,302,264,0,264,231,0,,,,,,2017-03-14,170314_01
8,아카데미 클래식 파노라마,2017,3,3/14(화)11:00,예울마루,-,-,소극장,기타,기타,교육,유료,0,1,0,1,1,302,21,0,21,17,0,,,,,,2017-03-14,170314_02
9,아카데미 화요인문학,2017,3,3/21(화)19:30,예울마루,-,-,소극장,기타,기타,교육,유료,0,1,0,1,1,302,179,0,179,158,0,,,,,,2017-03-21,170321_01
10,아카데미 클래식 파노라마,2017,3,3/21(화)11:00,예울마루,-,-,소극장,기타,기타,교육,유료,0,1,0,1,1,302,21,0,21,17,0,,,,,,2017-03-21,170321_02
11,2017 예울마루 브런치 콘서트 ART&ARTISTⅠ_홍신자의 거울,2017,3,3/23(목)11:00,예울마루,"전석 20,000원",미취학 아동 입장불가,소극장,기획,대중,콘서트,유료,2,1,0,3,1,302,71,38,109,56,34,,,,,,2017-03-23,170323_01
12,신춘음악회,2017,3,3/25(토)17:00,(사)한국음악협회여수지부,"전석 10,000원",5세이상관람가,소극장,대관,순수,클래식,유료,0,1,0,1,1,302,103,54,157,96,42,,,,,,2017-03-25,170325_01
13,아카데미 화요인문학,2017,3,3/28(화)19:30,예울마루,-,-,소극장,기타,기타,교육,유료,0,1,0,1,1,302,164,,164,153,,,,,,,2017-03-28,170328_01
14,아카데미 클래식 파노라마,2017,3,3/28(화)11:00,예울마루,-,-,소극장,기타,기타,교육,유료,0,1,0,1,1,302,20,0,20,20,0,,2,2,266,,2017-03-28,170328_02
15,뮤지컬<공룡이 살아있다>,2017,4,"4/7(금)10:30/14:00
4/8(토)11:00/14:00/17:00",여수MBC,"R석 50,000원
S석 40,000원
A석 30,000원",24개월 이상 관람가,대극장,대관,복합,뮤지컬,유료,1,2,1,4,5,4740,2194,306,2500,2198,258,,,,,,2017-04-07,170407_01
16,앙상블네우마 제5회 정기연주회,2017,4,4/7(금)19:00,앙상블네우마,"전석 10,000원",미취학 아동 입장불가,소극장,대관,순수,클래식,유료,0,1,0,1,1,302,200,4,204,182,0,,,,,,2017-04-07,170407_02
17,한국국토정보공사와 국립발레단의 찾아가는 발레이야기,2017,4,4/10(월)19:00,LX한국국토정보공사,무료,5세부터 입장가능,대극장,대관,순수,무용,무료,1,1,0,2,1,948,0,938,938,0,886,,,,,,2017-04-10,170410_01
18,피아니스트 강현주의 음악으로 그린 그림Ⅰ_사랑과 꿈,2017,4,4/19(수)11:00,예울마루,"전석 10,000원",미취학 아동 입장불가,대극장,기획,순수,클래식,유료,4,1,0,5,1,948,177,88,265,166,51,,,,,,2017-04-19,170419_01
19,칸타빌레 플룻 앙상블 창단연주회,2017,4,4/22(토)17:00,여수칸타빌레플룻앙상블,"전석 10,000원",5세 이상 관람가,소극장,대관,순수,클래식,유료,0,1,0,1,1,302,233,39,272,211,31,,,,,,2017-04-22,170422_01
20,제26회 매일클래식<풍자와 저항>,2017,4,4/23(일)16:00,썸월드/매일유업,"지정석 20,000원
비지정석 무료",미취학 아동 입장불가,대극장,대관,순수,클래식,유료,0,1,0,1,1,948,1,559,560,1,481,,,,,,2017-04-23,170423_01
21,예울마루 여성영화산책<귀향>,2017,4,4/26(수)14:00,예울마루/(사)서울국제여성영화제,"전석 1,000원",미취학 아동 입장불가,소극장,기획,대중,행사,유료,0,1,0,1,1,302,43,158,201,30,117,,,,,,2017-04-26,170426_01
22,여수시립합창단 제71회 정기연주회<봄... 노래를 그리다>,2017,4,4/27(목)19:30,여수시/여수시립합창단,"1층 10,000원
2층 5,000원",6세 이상 관람가,대극장,대관,순수,클래식,유료,1,1,0,2,1,948,492,86,578,478,73,,12,9,5518,,2017-04-27,170427_01
23,2017 전남대학교 여수캠퍼스 개교 100주년 기념음악회,2017,5,5/10(수)19:30,전남대학교,무료,미취학 아동 입장불가,대극장,대관,순수,클래식,무료,0,1,0,1,1,948,,633,633,,546,,,,,,2017-05-10,170510_01
24,여수시립국악단 제33회 정기공연<바람이 전하는 말>,2017,5,5/19(금)19:30,여수시/여수시립국악단,"전석 5,000원",5세부터 관람가능,대극장,대관,순수,국악,유료,2,1,0,3,1,948,556,52,608,512,42,,,,,,2017-05-19,170519_01
25,2017 예울마루 브런치 콘서트 ART&ARTISTⅡ_김성녀의 무대인생,2017,5,5/24(수)11:00,예울마루,"전석 20,000원",미취학 아동 입장불가,소극장,기획,대중,콘서트,유료,1,1,0,2,1,302,58,201,259,53,180,,,,,,2017-05-24,170524_01
26,뮤지컬<영웅>,2017,5,"5/26(금)19:30
5/27(토)15:00/19:00
5/28(일)15:00",예울마루,"R석 120,000원
S석 100,000원
A석 80,000원",미취학 아동 입장불가,대극장,기획,복합,뮤지컬,유료,4,3,1,8,4,4084,3496,62,3558,3433,33,,,,,,2017-05-26,170526_01
27,전남동부극동방송 여성합창단 창단연주회,2017,5,5/30(화)19:30,전남동부극동방송,무료,36개월미만 입장불가,대극장,대관,순수,클래식,무료,0,1,0,1,1,948,0,929,929,0,903,,8,7,5987,,2017-05-30,170530_01
28,단국대학교대학원 뉴뮤직학과 콘서트<뉴뮤직퍼포먼스>,2017,6,6/2(금)18:00,단국대학교 뉴뮤직학과,무료,24개월이하 입장불가,소극장,대관,대중,콘서트,무료,0,1,0,1,1,302,0,14,14,0,10,,,,,,2017-06-02,170602_01
29,남도국제음악제,2017,6,6/7(수)19:30,(사)누림,"R석 80,000원
S석 50,000원
A석 30,000원
B석 10,000원",미취학 아동 입장불가,대극장,대관,순수,클래식,유료,0,1,0,1,1,948,684,10,694,676,1,,,,,,2017-06-07,170607_01
30,2017 문지영 피아노 리사이틀,2017,6,6/8(목)19:30,예울마루,"R석 50,000원
S석 40,000원
A석 30,000원",미취학 아동 입장불가,대극장,기획,순수,클래식,유료,0,1,0,1,1,948,318,159,477,307,132,,,,,,2017-06-08,170608_01
31,평화통일 공감메아리,2017,6,6/9(금)19:00,남해안신문사/소호초등학교/Freie Jugend Orchester Schule,무료,3세부터 입장가능,대극장,대관,순수,클래식,무료,0,1,0,1,1,948,0,875,875,0,796,,,,,,2017-06-09,170609_01
32,성악아카데미 발표회,2017,6,6/9(금)19:00,예울마루,-,-,소극장,기타,순수,클래식,무료,0,1,0,1,1,302,0,160,160,0,137,,,,,,2017-06-09,170609_02
33,변강쇠 점찍고 옹녀,2017,6,"6/15(목)19:30
6/16(금)19:30",예울마루,"전석 50,000원",청소년 관람 불가,대극장,기획,순수,국악,유료,4,2,1,7,2,1896,1852,20,1872,1517,0,,,,,,2017-06-15,170615_01
34,피아노 듀오&솔로 연주회 DUO&SOLO PIANO CONCERT,2017,6,6/17(토)17:00,(사)한국음악협회여수지부,"전석 10,000원",5세이상관람가,소극장,대관,순수,클래식,유료,0,1,0,1,1,302,182,16,198,169,11,,,,,,2017-06-17,170617_01
35,한국판소리보존회 여수지부 창립축하공연,2017,6,6/21(수)19:00,(사)한국판소리보존회여수지부,무료,24개월이하 입장불가,소극장,대관,순수,국악,무료,0,1,0,1,1,302,0,299,299,0,291,,,,,,2017-06-21,170621_01
36,앙상블 디토 '디베르티멘토',2017,6,6/23(금)19:30,예울마루,"R석 70,000원
S석 50,000원
A석 30,000원",미취학 아동 입장불가,대극장,기획,순수,클래식,유료,1,1,0,2,1,1021,581,75,656,554,62,,,,,,2017-06-23,170623_01
37,장미여관 여수콘서트,2017,6,6/24(토)19:00,여수MBC,"R석 77,000원
S석 66,000원
A석 55,000원",미취학 아동 입장불가,대극장,대관,대중,콘서트,유료,0,1,1,2,1,1021,690,136,826,674,116,,,,,,2017-06-24,170624_01
38,예울마루 여성영화산책<책속의 소녀>,2017,6,6/28(수)14:00,예울마루/(사)서울국제여성영화제,"전석 1,000원",청소년 관람 불가,소극장,기획,대중,행사,유료,0,1,0,1,1,302,64,20,84,47,10,,,,,,2017-06-28,170628_01
39,헬로! 오페라<사랑의 묘약>,2017,6,6/29(목)19:30,예울마루,"전석 25,000원",미취학 아동 입장불가,대극장,기획,복합,오페라,유료,3,1,0,4,1,948,386,110,496,386,76,,,,,,2017-06-29,170629_01
40,금난새와 한경필하모닉 오케스트라,2017,6,6/30(금) 16:00,한경필하모닉오케스트라,무료,11세이상,대극장,대관,순수,클래식,무료,0,1,0,1,1,948,0,787,787,0,690,,13,13,7278,,2017-06-30,170630_01
41,어린이영어뮤지컬발표회,2017,7,7/4(화)19:00,예울마루,-,-,소극장,기타,기타,교육,무료,0,1,0,1,1,302,,82,82,,82,,,,,,2017-07-04,170704_01
42,피아니스트 강현주의 음악으로 그린 그림Ⅱ_빛과 그림자,2017,7,7/12(수)11:00,예울마루,"전석 10,000원",미취학 아동 입장불가,대극장,기획,순수,클래식,유료,2,1,0,3,1,948,698,42,740,691,30,,,,,,2017-07-12,170712_01
43,"피아니스트 끼릴카슈닌&피아니스트 안미현 리사이틀<사랑의 미항, 여수. 러시아를 품다>",2017,7,7/15(토)19:00,아티스트인홀리데이,무료,미취학 아동 입장불가,소극장,대관,순수,클래식,무료,1,1,0,2,1,302,0,180,180,0,153,,,,,,2017-07-15,170715_01
44,이은미 WITH 민경인 트리오,2017,7,7/21(금)19:30,(주)라엘엔터테인먼트,"VIP석 80,000원
R석 70,000원",미취학 아동 입장불가,대극장,대관,대중,콘서트,유료,0,1,0,1,1,1021,944,2,946,924,0,,3,3,1866,,2017-07-21,170721_01
45,제4회 여수청소년국악관현악캠프 어울림,2017,8,8/4(금)19:00,여수시/예울마루/여수시립국악단,무료,24개월이하 입장불가,대극장,기획,기타,교육,무료,0,1,0,1,1,948,0,323,323,,281,,,,,,2017-08-04,170804_01
46,"여수영재교육원 예술영재 앙상블 연주회""꿈의 날개를 펴자""",2017,8,8/12(토)17:00,전라남도여수교육지원청/전라남도여수영재교육원,무료,24개월이하 입장불가,소극장,대관,순수,클래식,무료,0,1,0,1,1,302,0,294,294,,283,,,,,,2017-08-12,170812_01
47,헬로! 오페라<마술피리>,2017,8,8/17(목)19:30,예울마루,"전석 25,000원",미취학 아동 입장불가,대극장,기획,복합,오페라,유료,3,1,0,4,1,948,701,32,733,608,23,,,,,,2017-08-17,170817_01
48,2017 여수국제음악제,2017,8,"8/18(금)19:30
8/20(일)17:00",(재)범민문화재단,"일반 30,000원
학생 20,000원",미취학 아동 입장불가,소극장,대관,순수,클래식,유료,2,2,0,4,2,604,488,8,496,457,,,,,,,2017-08-18,170818_01
49,2017 여수국제음악제,2017,8,8/22(화)19:30,(재)범민문화재단,"일반 30,000원
학생 20,000원",미취학 아동 입장불가,대극장,대관,순수,클래식,유료,1,1,0,2,1,948,706,10,716,631,,,,,,,2017-08-22,170822_01
50,The BEGINNING 제 4회 여수클래식 영재육성을 위한 음악회,2017,8,8/19(토)17:00,(사)한국음악협회여수지부,무료,5세이상관람가,대극장,대관,순수,클래식,무료,0,1,0,1,1,948,0,441,441,,380,,,,,,2017-08-19,170819_01
51,예울마루 여성영화산책<미씽: 사라진 여자>,2017,8,8/30(수)14:00,예울마루/(사)서울국제여성영화제,"전석 1,000원",15세이상 관람가,소극장,기획,대중,행사,유료,0,1,0,1,1,302,37,39,76,35,23,,8,8,3079,,2017-08-30,170830_01
52,KBS교향악단과 함께하는 제 1회 여수음악제 개막식,2017,9,9/1(금)19:30,여수상공회의소/KBS교향악단,"R석 20,000원
S석 10,000원",미취학 아동 입장불가,대극장,대관,순수,클래식,유료,1,1,0,2,1,948,416,510,926,,,,,,,,2017-09-01,170901_01
53,KBS교향악단과 함께하는 제 1회 여수음악제 폐막식,2017,9,9/3(일)17:00,여수상공회의소/KBS교향악단,"R석 20,000원
S석 10,000원",미취학 아동 입장불가,대극장,대관,순수,클래식,유료,0,1,0,1,1,948,344,582,926,,,,,,,,2017-09-03,170903_01
54,2017 전라남도 학생예술교육페스티벌_복합장르,2017,9,9/5(화)15:00,전라남도교육청,무료,24개월이하 입장불가,소극장,대관,복합,뮤지컬,무료,1,1,0,2,1,302,0,294,294,,,,,,,,2017-09-05,170905_01
55,2017 전라남도 학생예술교육페스티벌_오케스트라,2017,9,"9/7(목)14:30
9/8(금)14:30",전라남도교육청,무료,24개월이하 입장불가,대극장,대관,순수,클래식,무료,0,2,0,2,2,1896,0,1336,1336,,,,,,,,2017-09-07,170907_01
56,제1회 사랑의 음악회,2017,9,9/9(토)17:00,여수시의사회,무료,36개월이하 입장불가,소극장,대관,순수,클래식,무료,0,1,0,1,1,302,0,131,131,,,,,,,,2017-09-09,170909_01
57,한영애 2017 콘서트,2017,9,9/9(토)18:00,예울마루,"R석 77,000원
S석 55,000원
A석 44,000원",미취학 아동 입장불가,대극장,대관,대중,콘서트,유료,0,1,0,1,1,1021,590,145,735,,,,,,,,2017-09-09,170909_02
58,"여수시립합창단 제72회 정기연주회_여수,강릉,군산 3해시립합창단<바다…소리로 어울리다>",2017,9,9/12(화)19:30,여수시/여수시립합창단,"전석 5,000원",5세이하 입장불가,대극장,대관,순수,클래식,유료,1,1,0,2,1,948,565,172,737,,,,,,,,2017-09-12,170912_01
59,이성열 바이올린 리사이틀,2017,9,9/12(화)19:30,조슈아 뮤직,"전석 20,000원",7세 이상 관람가,소극장,대관,순수,클래식,유료,0,1,0,1,1,302,240,24,264,,,,,,,,2017-09-12,170912_02
60,GS칼텍스 후원 EBS 육아학교 부모토크콘서트 맘터,2017,9,9/13(수)11:00,굿네이버스,무료,24개월이하 입장불가,소극장,대관,대중,행사,무료,0,1,0,1,1,302,,222,222,,,,,,,,2017-09-13,170913_01
61,정가영 귀국 바이올린 연주회,2017,9,9/14(목)19:00,EJ엔터테인먼트,"전석 10,000원",6세이하 입장불가,소극장,대관,순수,클래식,유료,0,1,0,1,1,302,196,4,200,,,,,,,,2017-09-14,170914_01
62,다비드 프레이 & 세종솔로이스츠,2017,9,9/15(금)19:30,예울마루,"R석 70,000원
S석 50,000원
A석 30,000원",미취학 아동 입장불가,대극장,기획,순수,클래식,유료,1,1,0,2,1,948,253,195,448,,,,,,,,2017-09-15,170915_01
63,"손양원 순교 67주기 기념 ""박지혜와 더 밴드"" 초청음악회",2017,9,9/16(토)17:00,(사)민족지도자손양원목사기념사업회,"R석 20,000원
S석 10,000원",36개월 이상 관람가,대극장,대관,순수,클래식,유료,0,1,0,1,1,1021,590,124,714,,,,,,,,2017-09-16,170916_01
64,12인의 피아니스트가 들려주는 이야기,2017,9,9/16(토)19:00,국립순천대학교피아노학과동문ANDANTE,"전석 5,000원",5세이하 입장불가,소극장,대관,순수,클래식,유료,0,1,0,1,1,302,185,4,189,,,,,,,,2017-09-16,170916_02
65,"2017 예울마루 브런치 콘서트 ART&ARTISTⅢ_하피스트 곽정 ""천상의 소리""",2017,9,9/20(수)11:00,예울마루,"전석 20,000원",미취학 아동 입장불가,소극장,기획,대중,콘서트,유료,2,1,0,3,1,302,255,21,276,,,,,,,,2017-09-20,170920_01
66,뮤지컬<정글북>,2017,9,"9/21(목)11:00/14:00
9/22(금)11:00/14:00
9/23(토)11:00/14:00",예울마루,"R석 50,000원
S석 30,000원",24개월이상,대극장,기획,복합,뮤지컬,유료,3,3,1,7,6,5688,4935,243,5178,,,,,,,,2017-09-21,170921_01
67,양성원 바흐 무반주 첼로 모음곡 전곡 연주,2017,9,9/28(목)19:30,예울마루,"R석 50,000원
S석 30,000원",미취학 아동 입장불가,대극장,기획,순수,클래식,유료,0,1,0,1,1,948,156,126,282,,,,22,19,12858,,2017-09-28,170928_01
68,피아니스트 강현주의 음악으로 그린 그림Ⅲ_여행과 고독,2017,10,10/11(수)11:00,예울마루,"전석 10,000원",미취학 아동 입장불가,대극장,기획,순수,클래식,유료,2,1,0,3,1,948,380,19,399,368,10,,,,,,2017-10-11,171011_01
69,가을밤의 세레나데,2017,10,10/14(토)17:00,(사)한국음악협회여수지부,"전석 10,000원",5세이상관람가,소극장,대관,순수,클래식,유료,0,1,0,1,1,302,170,24,194,,,,,,,,2017-10-14,171014_01
70,연극 유도소년,2017,10,"10/19(목)14:00/19:30
10/20(금)14:00/19:30",예울마루,"전석 40,000원",중학생 이상  관람가,대극장,기획,순수,연극,유료,3,2,1,6,4,3792,1725,156,1881,,,,,,,,2017-10-19,171019_01
71,예울마루 여성영화산책<소녀레슬러>,2017,10,10/25(수)14:00,예울마루/(사)서울국제여성영화제,"전석 1,000원",미취학 아동 입장불가,소극장,기획,대중,행사,유료,0,1,0,1,1,302,24,11,35,,,,,,,,2017-10-25,171025_01
72,예울마루 실내악 페스티벌,2017,10,"10/27(금)14:00/19:30
10/28(토)14:00/16:30/19:00
10/29(일)14:00",예울마루,"R석 20,000원
S석 15,000원",미취학 아동 입장불가,대극장,기획,순수,클래식,유료,4,3,0,7,6,5688,908,433,1341,,,,,,,,2017-10-27,171027_01
73,디코다 챔버 앙상블 첫 내한공연,2017,10,10/30(월)19:30,전남 CBS,"R석 50,000원
S석 30,000원",미취학 아동 입장불가,대극장,대관,순수,클래식,유료,0,1,0,1,1,1021,626,10,636,,,,,,,,2017-10-30,171030_01
74,여수심포니오케스트라 제6회 정기연주회<오케스트라 시에 물들다>,2017,10,10/31(화)19:00,여수심포니오케스트라,"전석 20,000원",미취학 아동 입장불가,대극장,대관,순수,클래식,유료,0,1,0,1,1,948,554,10,564,,,,15,10,5050,,2017-10-31,171031_01
75,"조합원과 함께, 김제동과 행복나눔",2017,11,11/2(목)19:00,여수시/여수시청공무원노동조합,무료,미취학 아동 입장불가,대극장,대관,대중,콘서트,무료,0,1,0,1,1,1021,0,1009,1009,0,472,,,,,,2017-11-02,171102_01
76,여수아가페합창단 제22회 정기연주회,2017,11,11/4(토)17:00,여수아가페합창단,"전석 10,000원",5세미만 입장불가,대극장,대관,순수,클래식,유료,0,1,0,1,1,1021,590,10,600,552,0,,,,,,2017-11-04,171104_01
77,애양청소년오케스트라FROM 제2회 정기연주회,2017,11,11/4(토)17:00,애양청소년오케스트라 FROM,무료,4세이하 입장불가,소극장,대관,순수,클래식,무료,0,1,0,1,1,302,0,236,236,0,207,,,,,,2017-11-04,171104_02
78,네가 걸어온 길이 아름다워,2017,11,11/6(월)11:00/14:00,정화용 Flute(플룻),"전석 15,000원",24개월이하 입장불가,소극장,대관,순수,클래식,유료,0,1,0,1,2,604,438,8,446,412,0,,,,,,2017-11-06,171106_01
79,감사음악회<박인수&음악친구들>,2017,11,11/7(화)19:00,사회복지법인은현/여수시장애인종합복지관,무료,미취학 아동 입장불가,대극장,대관,순수,클래식,무료,0,1,0,1,1,1021,0,959,959,0,887,,,,,,2017-11-07,171107_01
80,여수 YWCA합창단 제18회 정기연주회,2017,11,11/9(목)19:30,여수YWCA,무료,5세이하 입장불가,대극장,대관,순수,클래식,무료,0,1,0,1,1,948,0,541,541,0,0,,,,,,2017-11-09,171109_01
81,전남동부극동방송 개국2주년기념 어린이합창단 연주회,2017,11,11/11(토)15:00,전남동부극동방송,무료,36개월 이상 관람가,대극장,대관,순수,클래식,무료,0,1,0,1,1,1021,0,999,999,0,849,,,,,,2017-11-11,171111_01
82,칸타빌레 플룻 앙상블 연주회,2017,11,11/11(토)17:00,여수칸타빌레플룻앙상블,무료,5세미만 입장불가,소극장,대관,순수,클래식,무료,0,1,0,1,1,302,0,240,240,0,194,,,,,,2017-11-11,171111_02
83,필하모닉오케스트라 제 29회 정기연주회,2017,11,11/16(목)19:30,여수필하모닉오케스트라,"전석 30,000원",미취학 아동 입장불가,대극장,대관,순수,클래식,유료,0,1,0,1,1,948,307,10,317,304,0,,,,,,2017-11-16,171116_01
84,"변진섭 데뷔 30주년 여수콘서트 ""TIMELESS""",2017,11,"11/17(금)19:30
11/18(토)18:00",여수MBC,"R석 99,000원
S석 77,000원
A석 66,000원",미취학 아동 입장불가,대극장,대관,대중,콘서트,유료,0,2,0,2,2,2042,1243,213,1456,1210,162,,,,,,2017-11-17,171117_01
85,한국음악협회여수지부 제42회 정기연주회,2017,11,11/18(토)15:00,(사)한국음악협회여수지부,"전석 10,000원",5세이상관람가,소극장,대관,순수,클래식,유료,0,1,0,1,1,302,183,4,187,172,,,,,,,2017-11-18,171118_01
86,제6회 여수 학생 합창 페스티벌<내 노래에 날개를 달다>,2017,11,11/22(수)15:00,여수교육지원청,무료,24개월 이상 관람가,대극장,대관,순수,클래식,무료,0,1,0,1,1,948,0,713,713,,445,,,,,,2017-11-22,171122_01
87,제6회 여수학생오케스트라 페스티벌,2017,11,"11/23(목)14:00
11/24(금)14:00",여수교육지원청,무료,6세 이상 관람가,대극장,대관,순수,클래식,무료,0,2,0,2,2,1896,0,1572,1572,,1210,,,,,,2017-11-23,171123_01
88,제12회 여수리코더페스티벌,2017,11,11/25(토)14:00,여수청소년리코더합주단,무료,36개월 이상 관람가,소극장,대관,대중,행사,무료,0,1,0,1,1,302,0,141,141,,132,,17,16,9416,,2017-11-25,171125_01
89,성악아카데미 발표회,2017,12,12/1(금)19:00,예울마루,-,-,소극장,기타,기타,교육,무료,0,1,0,1,1,302,0,127,127,,,,,,,,2017-12-01,171201_01
90,뮤지컬<브로드웨이 42번가>,2017,12,"12/1(금) 19:30
12/2(토)15시19:30
12/3(일)15:00",예울마루/여수MBC,"R석 120,000원
S석 100,000원
A석 80,000원",미취학 아동 입장불가,대극장,기획,복합,뮤지컬,유료,3,3,1,7,4,4084,3783,35,3818,3728,15,,,,,,2017-12-01,171201_02
91,영어뮤지컬 발표회,2017,12,12/6(수) 19:00,예울마루,-,-,소극장,기타,기타,교육,무료,0,1,0,1,1,302,0,144,144,,,,,,,,2017-12-06,171206_01
92,"여수 교직원합창단 울림 제4회 정기연주회""행복을 주는 사람""",2017,12,12/8(금)19:00,여수교직원합창단울림,무료,24개월이하 입장불가,대극장,대관,순수,클래식,무료,0,1,0,1,1,948,0,709,709,,635,,,,,,2017-12-08,171208_01
93,여수시립합창단 2017 송년음악회,2017,12,12/9(토)17:00,여수시/여수시립합창단,"전석 5,000원",6세 이상 관람가,대극장,대관,순수,클래식,유료,0,1,0,1,1,948,648,21,669,600,,,,,,,2017-12-09,171209_01
94,피아니스트 강현주의 음악으로 그린 그림Ⅳ_냉정과열정,2017,12,12/13(수)11:00,예울마루,"전석 10,000원",미취학 아동 입장불가,대극장,기획,순수,클래식,유료,3,1,0,4,1,948,242,10,252,238,,,,,,,2017-12-13,171213_01
95,여수교원교향악단 제10회 정기연주회,2017,12,12/14(목)19:00,여수교원교향악단,무료,36개월이하 입장불가,대극장,대관,순수,클래식,무료,0,1,0,1,1,948,0,643,643,,537,,,,,,2017-12-14,171214_01
96,전라남도여수영재교육원 예술영재연주회 <피아니스트문지영과함께하는 우리들의 음악이야기>,2017,12,12/16(토)17:00,전라남도여수교육지원청/전라남도여수영재교육원,무료,5세이하 입장불가,대극장,대관,순수,클래식,무료,0,1,0,1,1,948,0,903,903,,880,,,,,,2017-12-16,171216_01
97,전남 꿈키움 창의학교 발표회,2017,12,12/17(일)14:00,전남복지재단,무료,24개월이하 입장불가,소극장,대관,복합,뮤지컬,무료,1,1,0,2,1,302,0,298,298,,,,,,,,2017-12-17,171217_01
98,마음톡톡 뮤직힐링 콘서트,2017,12,12/19(수)16:00,이화여자대학교 산학협력단,무료,24개월이하 입장불가,소극장,대관,대중,콘서트,무료,0,1,0,1,1,302,0,100,100,,100,,,,,,2017-12-19,171219_01
99,체코 소년합창단 보니푸에리공연,2017,12,12/22(금)19:30,예울마루,"R석 40,000원
S석 30,000원
A석 20,000원",24개월이하 입장불가,대극장,기획,순수,클래식,유료,1,1,0,2,1,948,479,40,519,485,,,,,,,2017-12-22,171222_01
100,뮤지컬 쿵짝,2017,12,"12/22(금)14:00/19:30
12/23(토)14:00/17:00
12/24(일)14:00/17:00",예울마루,"전석 30,000원",미취학 아동 입장불가,소극장,기획,복합,뮤지컬,유료,2,3,1,6,6,1812,1552,41,1593,861,,,,,,,2017-12-22,171222_02
101,예울마루 여성영화산책<체르노빌의 할머니들>,2017,12,12/27(수)14:00,예울마루/(사)서울국제여성영화제,"전석 1,000원",미취학 아동 입장불가,소극장,기획,대중,행사,유료,0,1,0,1,1,302,39,4,43,28,,,,,,,2017-12-27,171227_01
102,여수시립국악단 제34회 정기공연 <동백>,2017,12,12/27(수)19:00,여수시/여수시립국악단,"전석 5,000원",4세이하 입장불가(5세부터 가능),대극장,대관,복합,창극,유료,3,1,0,4,1,948,582,10,592,509,,,,,,,2017-12-27,171227_02
103,제6회 지역예술인재콘서트_네 꿈에 날개를!,2017,12,12/28(목)19:00,(사)한국민족예술인총연합여수지부국악위원회,무료,4세이하 입장불가(5세부터 가능),소극장,대관,순수,국악,무료,0,1,0,1,1,302,0,273,273,,213,,,,,,2017-12-28,171228_01
104,"김경호콘서트""the Show must go on""",2017,12,12/31(일)16:00/19:30,여수MBC,"R석 99,000원
S석 77,000원
A석 66,000원",미취학 아동 입장불가,대극장,대관,대중,콘서트,유료,1,1,1,3,2,2042,1091,294,1385,1077,284,,23,18,11797,,2017-12-31,171231_01
1,경기필하모닉오케스트라&여수시립합창단 <2018 예울마루 신년음악회>,2018,1,1/18(목)19:30,예울마루,"R석 40,000원
S석 20,000원",미취학 아동 입장불가,대극장,기획,순수,클래식,유료,0,1,0,1,1,948,584,117,701,536,85,,1,1,701,,2018-01-18,180118_01
2,"제 13회 열림챔버오케스트라 정기연주회""청춘, 봄을 노래하다!""",2018,2,2/9(금)19:00,열린챔버오케스트라,무료,7세 이상 관람가,소극장,대관,순수,클래식,무료,0,1,0,1,1,302,0,291,291,0,259,,1,1,291,,2018-02-09,180209_01
3,8090 추억여행 콘서트,2018,3,3/2(금)19:00,여수MBC,"R석 77,000원
S석 55,000원
A석 44,000원",미취학 아동 입장불가,대극장,대관,대중,콘서트,유료,0,1,0,1,1,1021,419,100,519,349,100,,,,,,2018-03-02,180302_01
4,박지혜 플룻독주회,2018,3,3/11(일)19:30,아시아문화기획,"전석 10,000원",24개월 이상 관람가,소극장,대관,순수,클래식,유료,0,1,0,1,1,302,290,4,294,49,0,,,,,,2018-03-11,180311_01
5,피아니스트 강현주의 브런치콘서트 Classic on Screen Ⅰ_사랑한다면 이들처럼,2018,3,3/15(목)11:00,예울마루,"전석 10,000원",미취학 아동 입장불가,대극장,기획,순수,클래식,유료,3,1,0,4,1,948,181,82,263,174,39,,,,,,2018-03-15,180315_01
6,뮤지컬<광화문연가>,2018,3,"3/23(금)19:30
3/24(토)15:00/19:30
3/25(일)15:00",예울마루/여수MBC,"R석 120,000원
S석 100,000원
A석 80,000원",미취학 아동 입장불가,대극장,기획,복합,뮤지컬,유료,2,3,1,6,4,4084,2478,90,2568,2425,41,,,,,,2018-03-23,180323_01
7,2018 초록우산드림오케스트라 정기연주회,2018,3,3/30(금)19:00,초록우산어린이재단 전남아동옹호센터,무료,24개월 이상 관람가,소극장,대관,순수,클래식,무료,0,1,0,1,1,302,0,298,298,0,219,,8,7,3942,,2018-03-30,180330_01
8,신춘음악회,2018,4,4/7(토)17:00,(사)한국음악협회여수지부,"전석 10,000원",5세이상관람가,소극장,대관,순수,클래식,유료,0,1,0,1,1,302,294,4,298,140,,,,,,,2018-04-07,180407_01
9,"경찰국악관현악단&독일 베를린 국립음대 교수 초청 연주 2018 한독문화교류""소리.Klang""",2018,4,4/10(화)19:30,EJ엔터테인먼트/경찰교육원,"전석 20,000원",24개월이하 입장불가,대극장,대관,순수,클래식,유료,0,1,0,1,1,948,601,10,611,557,,,,,,,2018-04-10,180410_01
10,여수 특수아이들을 위한<마음놀이터>,2018,4,4/12(목)10:30,정화용 Flute(플룻),"전석 15,000원",24개월이하 입장불가,소극장,대관,순수,클래식,유료,0,1,0,1,1,302,275,4,279,236,1,,,,,,2018-04-12,180412_01
11,시크릿쥬쥬,2018,4,"4/14(토)11:00/14:00/16:00
4/15(일)11:00/14:00",㈜초록공간문예기획단,"R석 55,000원
S석 44,000원",24개월미만 입장불가,대극장,대관,복합,뮤지컬,유료,1,2,0,3,5,4740,1643,50,1693,1633,0,,,,,,2018-04-14,180414_01
12,여수시립국악단 기획공연 국악으로 만나는 태교음악회  '어화둥둥',2018,4,4/19(목)19:00,여수시/여수시립국악단,"전석 1,000원",24개월 이상 관람가,대극장,대관,순수,국악,유료,2,1,0,3,1,948,423,10,433,336,0,,,,,,2018-04-19,180419_01
13,뮤지컬<배달왔습니다>,2018,4,4/20(금)10:00,엠스테이지,무료,미취학 아동 입장불가,대극장,대관,복합,뮤지컬,유료,0,1,0,1,1,948,568,0,568,542,0,,,,,,2018-04-20,180420_01
14,"앙상블여수 제1회 정기연주회(앙상블 여수 ""새로운 꽃이 피어나다"")",2018,4,4/28(토)17:00,(사)한국음악교육문화원,"전석 30,000원",미취학 아동 입장불가,소극장,대관,순수,클래식,유료,0,1,0,1,1,302,294,4,298,266,1,,,,,,2018-04-28,180428_01
15,동물원 데뷔30주년 기념콘서트,2018,4,4/28(토)19:00,(주)엑티브퍼포먼스플랜/다도기획,"R석 77,000원
S석 66,000원
A석 44,000원",미취학 아동 입장불가,대극장,대관,대중,콘서트,유료,0,1,0,1,1,948,112,160,272,92,111,,12,9,4452,,2018-04-28,180428_02
16,제73회 여수시립합창단 정기연주회<Bravo! Your life>,2018,5,5/3(목)19:30,여수시/여수시립합창단,"전석 5,000원",5세이하입장불가,대극장,대관,순수,클래식,유료,1,1,0,2,1,948,747,10,757,685,0,,,,,,2018-05-03,180503_01
17,통제영의 바람 / 해와 달 이야기,2018,5,5/5(토)15:00/18:00,(사)여수진남거북선축제보존회,무료,24개월 이상 관람가,대극장,대관,복합,뮤지컬,무료,0,1,0,1,2,1896,0,1072,1072,0,979,,,,,,2018-05-05,180505_01
18,2018 예울마루 야외콘서트,2018,5,5/12(토)17:00,예울마루,무료,전체관람가,4층데크,기획,대중,콘서트,무료,0,1,0,1,1,300,0,300,300,0,300,,,,,,2018-05-12,180512_01
19,2018년 문예회관과 함께하는 방방곡곡 문화공감사업<금상첨화>코리안심포니오케스트라와 만나는 오페라.발레음악,2018,5,5/16(수)19:30,한국문화예술위원회/예울마루/한국문화예술회관연합회/코리안심포니오케스트라,"R석 30,000원
S석 20,000원",미취학 아동 입장불가,대극장,기획,순수,클래식,유료,0,1,0,1,1,948,304,212,516,288,156,,,,,,2018-05-16,180516_01
20,최백호 청춘콘서트-회귀,2018,5,5/19(토)18:00,여수MBC,"R석 99,000원
S석 77,000원
A석 55,000원",미취학 아동 입장불가,대극장,대관,대중,콘서트,유료,0,1,0,1,1,1021,575,147,722,559,130,,,,,,2018-05-19,180519_01
,2018 아카데미 화요인문학,2018,5,3/27~5/23,예울마루,-,-,소극장,기타,기타,교육,유료,0,7,0,7,7,0,1599,0,1599,1599,0,,,,,,2018-03-27,180327_01
21,헬로! 오페라<잔니스키키>,2018,5,5/24(목)19:30,예울마루,"전석 30,000원",미취학 아동 입장불가,대극장,기획,복합,오페라,유료,3,1,0,4,1,948,505,49,554,492,32,,,,,,2018-05-24,180524_01
22,남도국제음악제,2018,5,5/30(수)19:30,(사)누림,"R석 88,000원
S석 55,000원
A석 33,000원
B석 10,000원",미취학 아동 입장불가,대극장,대관,순수,클래식,유료,0,1,0,1,1,948,926,0,926,750,0,,8,7,4847,,2018-05-30,180530_01
,김태훈&정화용 플룻 듀오 리사이틀,2018,6,6/2(토)16:30,정화용 Flute(플룻),"전석 10,000원",5세미만 입장불가,"소극장
(취소)",취소,취소,취소,취소,0,0,0,0,0,0,0,0,0,0,0,,,,,,2018-06-02,180602_01
23,코리안솔로이스츠&임지영,2018,6,6/15(금)19:30,예울마루,"R석 70,000원
S석 50,000원
A석 30,000원",미취학 아동 입장불가,대극장,기획,순수,클래식,유료,0,1,0,1,1,948,255,112,367,248,93,,,,,,2018-06-15,180615_01
24,제5회 빛고을 음악회<빛고을 실내앙상블의 향연>,2018,6,6/16(토)17:00,(사)빛고을문화예술공연위원회,무료,24개월 이상 관람가,소극장,대관,순수,클래식,무료,0,1,0,1,1,302,0,200,200,0,124,,,,,,2018-06-16,180616_01
25,어린이영어뮤지컬 종강발표회(상반기),2018,6,6/20(수)19:00,예울마루,-,-,소극장,기타,기타,교육,무료,0,1,0,1,2,0,0,200,200,0,151,,,,,,2018-06-20,180620_01
26,NEUMA de TANGO(네우마정기연주회),2018,6,6/23(토)17:00,앙상블네우마,"전석 10,000원",미취학 아동 입장불가,소극장,대관,순수,클래식,유료,0,1,0,1,1,302,294,0,294,206,0,,,,,,2018-06-23,180623_01
27,피아니스트 강현주의 브런치콘서트 Classic on Screen Ⅱ_미드나잇 인 여수,2018,6,6/28(목)11:00,예울마루,"전석 10,000원",미취학 아동 입장불가,대극장,기획,순수,클래식,유료,3,1,0,4,1,948,494,10,504,459,3,,4,4,1365,,2018-06-28,180628_01
28,앙상블여수&우크라이나 체르니우치 필하모니 오케스트라,2018,7,7/8(일)17:00,(사)한국음악교육문화원/앙상블여수,"전석 30,000원",미취학 아동 입장불가,대극장,대관,순수,클래식,유료,0,1,0,1,1,948,881,10,891,803,4,,,,,,2018-07-08,180708_01
29,첫번째찬양이야기 윤슬TRIO,2018,7,7/14(토)16:30,정화용 Flute(플룻),"전석 10,000원",5세 이상 관람가,소극장,대관,순수,클래식,유료,0,1,0,1,1,302,202,4,206,159,0,,,,,,2018-07-14,180714_01
30,3人3色 우정콘서트'Friendship',2018,7,7/15(일)17:00,(사)한국민족예술인총연합여수지부음악위원회,"전석 10,000원",미취학 아동 입장불가,대극장,대관,순수,클래식,유료,0,1,0,1,1,1021,666,10,676,515,0,,,,,,2018-07-15,180715_01
31,S-Chamber Society 제3회 정기연주회,2018,7,7/19(목)19:30,에스챔버소사이어티,"일반 10,000원
학생 5,000원",5세 이상 관람가,소극장,대관,순수,클래식,유료,0,1,0,1,1,302,133,4,137,120,0,,,,,,2018-07-19,180719_01
32,2018년 수산가공산업 'J-유레카' 경연대회,2018,7,7/20(금)15:00,창조경제혁신센터,무료,전체관람가,소극장,대관,기타,기타,무료,0,1,0,1,1,302,0,67,67,0,67,,,,,,2018-07-20,180720_01
33,정화용 플루트 독주회,2018,7,7/21(토)17:00,정화용 Flute(플룻),"전석 10,000원",5세 이상 관람가,소극장,대관,순수,클래식,유료,0,1,0,1,1,302,208,4,212,168,0,,,,,,2018-07-21,180721_01
34,러시아 피아니스트 키릴까슈닌 여수를 위한 피아노리사이틀,2018,7,7/25(수)19:00,아티스트인홀리데이/베타니아,무료,미취학 아동 입장불가,소극장,대관,순수,클래식,무료,0,1,0,1,1,302,0,188,188,0,145,,,,,,2018-07-25,180725_01
35,"여수영재교육원 예술영재 앙상블 연주회 ""영화 속 음악이야기""",2018,7,7/28(토)17:00,여수교육지원청,무료,5세부터입장가능,소극장,대관,순수,클래식,무료,0,1,0,1,1,302,0,298,298,0,293,,,,,,2018-07-28,180728_01
36,합창 지휘 전문가과정 종강발표회,2018,7,7/31(화)19:00,예울마루,-,-,소극장,기타,기타,교육,무료,0,1,0,1,1,0,0,45,45,0,45,,8,8,2675,,2018-07-31,180731_01
37,여수심포니오케스트라와 이민진패밀리의 뮤직샤워,2018,8,8/2(목)19:30,여수심포니오케스트라/ 여수청년예술단,"전석 20,000원",6세 이상 관람가,대극장,대관,순수,클래식,유료,0,1,0,1,1,948,480,10,490,424,0,,,,,,2018-08-02,180802_01
,뮤지컬 바람과함께사라지다,2018,8,"8/10(금)20:00
8/11(토)19:00",국제와이즈맨세계대회준비위원회/예향미디어,무료,미취학 아동 입장불가,"대극장
(취소)",취소,취소,취소,취소,0,0,0,0,0,0,0,0,0,0,0,,,,,,2018-08-10,180810_01
38,"제73차 국제와이즈맨 여수세계대회(뮤지컬과 오페라갈라쇼, 송승환의 오리지널 난타)",2018,8,"8/10(금)14:00/19:30
8/11(토)14:00",국제와이즈맨세계대회준비위원회/예향미디어,무료,미취학 아동 입장불가,대극장,대관,복합,뮤지컬,무료,5,2,1,8,3,2844,0,2808,2808,0,2192,,,,,,2018-08-10,180810_02
39,"광주은행메세나나눔다섯번째, 어린이뮤지컬<슈퍼맨처럼!>",2018,8,"8/17(금)11:00/15:00
8/18(토)11:00/15:00",광주은행본점/학전,무료,6세이상부터,소극장,대관,복합,뮤지컬,무료,2,2,0,4,4,1208,0,1192,1192,0,842,,,,,,2018-08-17,180817_01
40,헬로! 오페라<코지 판 투테>,2018,8,8/23(목)19:30,예울마루,"전석 30,000원",미취학 아동 입장불가,대극장,기획,복합,오페라,유료,3,1,0,4,1,948,258,52,310,211,25,,,,,,2018-08-23,180823_01
41,2018 여수국제음악제&앙상블,2018,8,8/23(목)19:30,(재)범민문화재단,"일반 50,000원 
학생 20,000원",미취학 아동 입장불가,소극장,대관,순수,클래식,유료,0,1,0,1,1,302,171,0,171,121,0,,,,,,2018-08-23,180823_02
42,The BEGINNING 제 5회 여수클래식 영재육성을 위한 음악회,2018,8,8/24(금)19:30,(사)한국음악협회여수지부,무료,5세이상관람가,대극장,대관,순수,클래식,무료,0,1,0,1,1,948,0,495,495,,404,,,,,,2018-08-24,180824_01
43,2018 여수국제음악제&앙상블,2018,8,"8/25(토)17:00
8/26(일)17:00",(재)범민문화재단,"일반 50,000원
학생 20,000원",미취학 아동 입장불가,대극장,대관,순수,클래식,유료,0,2,0,2,2,1896,1483,20,1503,1315,2,,,,,,2018-08-25,180825_01
44,KBS교향악단과 함께하는 제2회 여수음악제-음악학교수료식,2018,8,8/30(목)14:00,여수시/여수상공회의소/(재)KBS교향악단,무료,미취학 아동 입장불가,대극장,대관,순수,클래식,무료,1,1,0,2,1,948,0,142,142,0,142,,,,,,2018-08-30,180830_01
45,KBS교향악단과 함께하는 제2회 여수음악제-개막공연,2018,8,8/30(목)20:00,여수시/여수상공회의소/(재)KBS교향악단,"R석 20,000원
S석 10,000원",미취학 아동 입장불가,대극장,대관,순수,클래식,유료,0,0,0,0,1,948,219,702,921,178,552,,,,,,2018-08-30,180830_02
46,KBS교향악단과 함께하는 제2회 여수음악제-야노슈카앙상블,2018,8,8/31(금)20:00,여수시/여수상공회의소/(재)KBS교향악단,"R석 20,000원
S석 10,000원",미취학 아동 입장불가,대극장,대관,순수,클래식,유료,0,1,0,1,1,948,208,520,728,155,276,,16,12,8760,,2018-08-31,180831_01
47,KBS교향악단과 함께하는 제2회 여수음악제-만하임 체임버 오케스트라,2018,9,9/1(토)17:00,여수시/여수상공회의소/(재)KBS교향악단,"R석 20,000원
S석 10,000원",미취학 아동 입장불가,대극장,대관,순수,클래식,유료,0,1,0,1,1,948,152,612,764,146,262,,,,,,2018-09-01,180901_01
,KBS교향악단과 함께하는 제2회 여수음악제-그란데보체,2018,9,9/1(토)20:30,여수시/여수상공회의소/(재)KBS교향악단,"R석 20,000원
S석 10,000원",미취학 아동 입장불가,대극장,대관,순수,클래식,무료,0,0,0,0,1,948,0,926,926,0,497,,,,,,2018-09-01,180901_02
,KBS교향악단과 함께하는 제2회 여수음악제-폐막공연,2018,9,9/2(일)17:00,여수시/여수상공회의소/(재)KBS교향악단,"R석 20,000원
S석 10,000원",미취학 아동 입장불가,대극장,대관,순수,클래식,유료,0,1,0,1,1,948,230,688,918,218,459,,,,,,2018-09-02,180902_01
48,정경화&조성진 듀오콘서트,2018,9,9/6(목)19:30,예울마루,"R석 120,000원
S석 100,000원
A석 80,000원",미취학 아동 입장불가,대극장,기획,순수,클래식,유료,0,1,0,1,1,1021,977,12,989,965,10,,,,,,2018-09-06,180906_01
49,"손양원 순교 68주기 기념 ""국립합창단 초청음악회""",2018,9,9/7(금)19:30,(사)민족지도자손양원목사기념사업회/여수시,"R석 20,000원
S석 10,000원",7세 이상 관람가,대극장,대관,순수,클래식,유료,0,1,0,1,1,1021,866,10,876,741,1,,,,,,2018-09-07,180907_01
50,뮤지컬<보물섬>,2018,9,"9/13(목)11:00/14:00
9/14(금)11:00/14:00
9/15(토)11:00/14:00",예울마루,"R석 40,000원
S석 20,000원",24개월이상 관람가능,대극장,기획,복합,뮤지컬,유료,3,3,0,6,6,5688,5147,155,5302,5092,106,,,,,,2018-09-13,180913_01
51,"피아니스트 강현주의 브런치콘서트 Classic on Screen Ⅲ_상상,그 이상의 상상",2018,9,9/20(목)11:00,예울마루,"전석 10,000원",미취학 아동 입장불가,대극장,기획,순수,클래식,유료,3,1,0,4,1,948,621,10,631,599,0,,12,8,10406,,2018-09-20,180920_01
52,한국음악협회여수지부 제43회 정기연주회,2018,10,10/2(화)19:30,(사)한국음악협회여수지부,"전석 5,000원",5세이상관람가,소극장,대관,순수,클래식,유료,0,1,0,1,1,302,144,4,148,127,0,,,,,,2018-10-02,181002_01
53,판소리콘서트 소리맞장Ⅰ,2018,10,10/4(목)19:00,한국판소리보존회 여수지부,"전석 20,000원",24개월부터 입장가능,소극장,대관,순수,국악,유료,0,1,0,1,1,302,281,4,285,254,,,,,,,2018-10-04,181004_01
54,여수 사랑의부부합창단 제11회 정기연주회<아름다운 동행>,2018,10,10/4(목)19:30,여수사랑의부부합창단,"전석 10,000원",24개월 이상 관람가,대극장,대관,순수,클래식,유료,0,1,0,1,1,948,689,10,699,641,0,,,,,,2018-10-04,181004_02
55,마칭페스티벌 녹음,2018,10,10/5(금)10:00,마칭페스티벌추진위원회,-,-,소극장,기타,대중,행사,무료,0,1,0,1,1,0,0,0,0,0,0,,,,,,2018-10-05,181005_01
56,"2018년 만9,900원의 행복 서영은 콘서트",2018,10,10/7(일)16:00/19:30,하늘극단,"VIP석 29,900원
R석 19,900원
S석 9,900원",미취학 아동 입장불가,대극장,대관,대중,콘서트,유료,0,1,0,1,2,2042,1998,0,1998,1732,,,,,,,2018-10-07,181007_01
57,2018 예울마루 실내악페스티벌,2018,10,"10/12(금)14:00/19:30
10/13(토)14:00/16:30/19:00
10/14(일)14:00/15:30/17:00",예울마루,"R석 20,000원
S석 10,000원",미취학 아동 입장불가,대극장,기획,순수,클래식,유료,0,3,0,3,8,7584,752,805,1557,732,593,,,,,,2018-10-12,181012_01
58,뮤지컬<페인터즈 히어로>,2018,10,"10/16(화)14:00
10/17(수)14:00
10/18(목)14:00
10/19(금)14:00/19:30",예울마루,"전석 40,000원",24개월이하 입장불가,대극장,기획,복합,뮤지컬,유료,2,4,0,6,5,4740,3393,80,3473,3300,30,,,,,,2018-10-16,181016_01
59,여순1019 70주년 창작오페라<1948년 침묵>,2018,10,"10/20(토)19:00
10/21(일)19:00",여수심포니오케스트라,"R석 70,000원
S석 50,000원
A석 30,000원",미취학 아동 입장불가,대극장,대관,복합,오페라,유료,1,2,0,3,2,1896,1503,20,1523,1225,0,,,,,,2018-10-20,181020_01
60,여수시립합창단 제74회 정기연주회<사랑품고 가을피다>,2018,10,10/25(목)19:30,여수시/여수시립합창단,"전석 5,000원",5세 이하 입장불가,대극장,대관,순수,클래식,유료,1,1,0,2,1,948,610,10,620,509,0,,,,,,2018-10-25,181025_01
61,감사음악회<박인수&음악친구들>,2018,10,10/26(금)19:00,사회복지법인은현/여수시장애인종합복지관,무료,미취학 아동 입장불가,대극장,대관,순수,클래식,무료,0,1,0,1,1,1021,0,662,662,0,599,,,,,,2018-10-26,181026_01
62,가을밤의 세레나데,2018,10,10/27(토)17:00,(사)한국음악협회여수지부,"전석 10,000원",5세이상관람가,소극장,대관,순수,클래식,유료,0,1,0,1,1,302,151,4,155,120,0,,,,,,2018-10-27,181027_01
63,양성원&엔리코파체 듀오콘서트,2018,10,10/30(화)19:30,예울마루,"R석 50,000원
S석 30,000원",미취학 아동 입장불가,대극장,기획,순수,클래식,유료,0,1,0,1,1,948,193,50,243,185,12,,24,17,11363,,2018-10-30,181030_01
64,"(사)뿌리패예술단 여수시지부 정기연주회 ""진동""",2018,11,11/1(목)19:00,(사)뿌리패예술단여수시지부/여수시,"전석 10,000원",24개월 이상관람가,대극장,대관,순수,국악,유료,1,1,0,2,1,948,687,10,697,634,0,,,,,,2018-11-01,181101_01
65,홍지민과 함께하는 뮤지컬&오페라스타,2018,11,11/2(금)19:30,전남 CBS,"R석 50,000원
S석 35,000원",미취학 아동 입장불가,대극장,대관,대중,콘서트,유료,0,1,0,1,1,948,926,10,936,713,5,,,,,,2018-11-02,181102_01
66,여수 플룻콰르텟 창단연주회,2018,11,11/3(토)17:00,(사)한국음악교육문화원,"전석 20,000원",6세 이상 관람가,소극장,대관,순수,클래식,유료,0,1,0,1,1,302,263,4,267,242,0,,,,,,2018-11-03,181103_01
67,The color 더칼라,2018,11,11/7(수)18:30,전라남도학생교육문화회관,무료,10세 이상관람가,대극장,대관,대중,콘서트,무료,0,1,0,1,1,1021,0,1009,1009,0,564,,,,,,2018-11-07,181107_01
68,"여수필하모닉오케스트라 정기연주회 ""갈라""",2018,11,11/8(목) 19:30,여수필하모닉오케스트라,무료,미취학 아동 입장불가,대극장,대관,순수,클래식,무료,0,1,0,1,1,948,0,265,265,0,216,,,,,,2018-11-08,181108_01
69,제7회 여수학생오케스트라 페스티벌,2018,11,"11/9(금)13:30
11/9(금)19:30",여수교육지원청,무료,24개월 이상관람가,대극장,대관,순수,클래식,무료,0,1,0,1,2,1896,0,1704,1704,0,1231,,,,,,2018-11-09,181109_01
70,"전남극동방송 개국3주년기년 감사연주회 ""살아나리라""",2018,11,11/10(토)17:00,전남동부극동방송,무료,24개월 이하 관람불가,대극장,대관,대중,콘서트,무료,0,1,0,1,1,948,0,936,936,0,833,,,,,,2018-11-10,181110_01
71,제16회 여수어머니리코더합주단 정기연주회,2018,11,11/10(토)18:00,여수어머니리코더합주단,무료,24개월 이하 관람불가,소극장,대관,순수,클래식,무료,0,1,0,1,1,302,0,177,177,0,142,,,,,,2018-11-10,181110_02
72,뮤지컬 <시카고>,2018,11,"11/16(금)19:30
11/17(토)15:00/19:30
11/18(토)15:00",예울마루,"R석 130,000원
S석 110,000원
A석 80,000원",중학생 이상  관람가,대극장,기획,복합,뮤지컬,유료,3,3,0,6,4,4084,3921,40,3961,3864,6,,,,,,2018-11-16,181116_01
73,국립발레단<호두까기 인형>,2018,11,"11/23(금)19:30
11/24(토)19:30",예울마루,"R석 70,000원
S석 50,000원
A석 30,000원",48개월이상 관람가,대극장,기획,순수,발레,유료,2,2,0,4,2,1896,1851,19,1870,1831,15,,15,13,11822,,2018-11-23,181123_01
75,여수 시민오케스트라 한울림,2018,12,12/1(토)19:00,여수심포니오케스트라,무료,24개월 이하 관람불가,소극장,대관,순수,클래식,무료,0,1,0,1,1,302,0,298,298,0,259,,,,,,2018-12-01,181201_01
76,피아니스트 강현주의 브런치콘서트 Classic on Screen Ⅳ_끝은 또 다른 시작,2018,12,12/6(목)11:00,예울마루,"전석 10,000원",미취학 아동 입장불가,대극장,기획,순수,클래식,유료,3,1,0,4,1,948,314,10,324,301,0,,,,,,2018-12-06,181206_01
77,여수시립예술단과 함께하는 2018송년음악회,2018,12,12/8(토)17:00,여수시/여수시립국악단/여수시립합창단,"전석 5,000원",4세부터관람가능,대극장,대관,순수,클래식,유료,1,1,0,2,1,948,754,10,764,693,0,,,,,,2018-12-08,181208_01
78,"여수교직원합창단 울림 제5회 정기연주회 ""걱정말아요, 그대""",2018,12,12/11(화)19:00,여수교직원합창단울림,무료,24개월 이하 관람불가,대극장,대관,순수,클래식,무료,0,1,0,1,1,948,0,818,818,0,758,,,,,,2018-12-11,181211_01
80,여수교원교향악단 제11회 정기연주회,2018,12,12/13(목)19:00,여수교원교향악단,무료,36개월 이상 관람가,대극장,대관,순수,클래식,무료,0,1,0,1,1,948,0,581,581,0,497,,,,,,2018-12-13,181213_01
81,"여수심포니오케스트라 제7회 정기연주회 ""가을,멘델스존을 만나다""",2018,12,12/14(금)19:00,여수심포니오케스트라,"전석 20,000원",미취학 아동 입장불가,대극장,대관,순수,클래식,유료,0,1,0,1,1,948,398,10,408,343,0,,,,,,2018-12-14,181214_01
82,마음톡톡 뮤직힐링 콘서트,2018,12,12/15(토)16:00,이화여자대학교 산학협력단,-,-,소극장,기타,대중,행사,무료,0,1,0,1,1,0,0,96,96,0,96,,,,,,2018-12-15,181215_01
83,뮤지컬<식구를 찾아서>,2018,12,"12/21(금)14:00/19:30
12/22(토)15:00/19:00
12/23(일)15:00/19:00",예울마루,"전석 30,000원",미취학 아동 입장불가,소극장,기획,복합,뮤지컬,유료,3,3,0,6,6,1812,1601,26,1627,1511,3,,,,,,2018-12-21,181221_01
84,2018 예울마루 크리스마스 콘서트,2018,12,12/22(토)17:00,예울마루,"R석 40,000원
S석 30,000원",미취학 아동 입장불가,대극장,기획,순수,클래식,유료,0,1,0,1,1,948,441,62,503,406,19,,,,,,2018-12-22,181222_01
85,한국을 대표하는 최고의 지휘자 금노상과 100인의 예술영재 <여수영재교육원 오케스트라 정기연주회>,2018,12,12/29(토)17:00,전라남도여수교육지원청/여수영재교육원오케스트라,무료,36개월이상 관람가능,대극장,대관,순수,클래식,무료,0,1,0,1,1,948,0,723,723,0,652,,,,,,2018-12-29,181229_01
86,"제7회 지역예술인재콘서트 ""네꿈에 날개를""",2018,12,12/30(일)19:00,(사)한국민족예술인총연합여수지부국악위원회,무료,4세이하 입장불가(5세부터 가능),소극장,대관,복합,복합,무료,0,1,0,1,1,302,0,194,194,0,161,,15,12,6240,,2018-12-30,181230_01
1,2019 윤종신 전국투어 콘서트 “계절은 너에게 배웠어” - 여수,2019,1,1/5(토)19:00,"㈜타입커뮤니케이션, ㈜월간윤종신, ㈜전공이엔티","VIP석 121,000원
R석 110,000원
S석 88,000원",미취학 아동 입장불가,대극장,대관,대중,콘서트,유료,1,1,1,3,1,1021,899,50,949,817,41,,0.4886789162126948,,,,2019-01-05,190105_01
2,PARK WON TOUR- 여수,2019,1,1/12(토)17:00,㈜쇼플러스엔터테인먼트,"전석 77,000원",미취학 아동 입장불가,소극장,대관,대중,콘서트,유료,0,1,0,1,1,302,292,6,298,288,2,,,,,,2019-01-12,190112_01
3,부산시립교향악단과 함께하는 <2019 예울마루 신년음악회>,2019,1,1/17(목)19:30,예울마루,"R석 50,000원
S석 40,000원
A석 30,000원",미취학 아동 입장불가,대극장,기획,순수,클래식,유료,0,1,0,1,1,926,590,88,678,575,71,,,,,,2019-01-17,190117_01
4,CY Orchestra 창단연주,2019,1,1/19(토)17:00,CY Orchestra,"전석 10,000원",37개월부터 입장가능,소극장,대관,순수,클래식,유료,0,1,0,1,1,302,201,4,205,179,0,,,,,,2019-01-19,190119_01
5,사랑의달팽이 클라리넷 앙상블과 함께하는 여수청소년플룻앙상블 제5회 정기연주회<음악으로 행복더하고 마음나누는 우리>,2019,1,1/26(토)14:00,정화용플룻,무료,24개월 이상 관람가,대극장,대관,순수,클래식,유료,0,1,0,1,1,1021,0,725,725,0,626,,5,5,2855,,2019-01-26,190126_01
6,보헤미안 '랩소디 퀸' 내한공연 & 프레디 머큐리 미공개 사진전,2019,2,2/24(일)15:00/19:00,주식회사 더라이브컨텐츠그룹,"VIP석 110,000원
R석 99,000원
S석 88,000원",미취학 아동 입장불가,대극장,대관,대중,콘서트,유료,1,1,1,3,2,2042,238,803,1041,238,783,,,,,,2019-02-24,190224_01
7,"제14회 열린챔버오케스트라 정기연주회<청춘, 꽃보다 아름답다>",2019,2,2/28(목)19:00,열린챔버오케스트라,무료,미취학 아동 입장불가,소극장,대관,순수,클래식,무료,0,1,0,1,1,302,0,302,302,0,287,,3,2,1343,,2019-02-28,190228_01
8,제55회 전라남도 미술대전 심사위원위촉식,2019,3,3/6(수)10:00,한국미술협회 전라남도지회,-,-,소극장,대관,대중,행사,무료,0,1,0,1,1,302,0,60,60,0,60,,,,,,2019-03-06,190306_01
9,서주희 귀국 바이올린 독주회,2019,3,3/21(목)19:30,(사)한국음악교육문화원,"일반 20,000원
학생 10,000원",미취학 아동 입장불가,소극장,대관,순수,클래식,유료,0,1,0,1,1,302,294,4,298,280,0,,,,,,2019-03-21,190321_01
10,"만 9,900원의 행복 ""유리상자 콘서트""-여수",2019,3,3/23(토)16:00/19:30,㈜ 해드리운 ENT,"VIP석 29,900원
R석 19,900원
S석 9,900원",미취학 아동 입장불가,대극장,대관,대중,콘서트,유료,0,1,0,1,2,2042,1452,35,1487,1452,15,,,,,,2019-03-23,190323_01
11,Klangflair 피아노듀오리사이틀,2019,3,3/29(금)19:30,피아노앙상블 Klangflair,"일반 20,000원
학생 10,000원",미취학 아동 입장불가,소극장,대관,순수,클래식,유료,0,1,0,1,1,302,173,4,177,162,0,,,,,,2019-03-29,190329_01
12,연극<오이디푸스>,2019,3,"3/29(금)19:30
3/30(토)15:00/19:00
3/31(일)15:00",예울마루/여수MBC,"R석 80,000원
S석 60,000원
A석 40,000원",중학생 이상  관람가,대극장,기획,순수,연극,유료,4,3,0,7,4,3704,3049,40,3089,2987,14,,,,,,2019-03-29,190329_02
13,제55회 전라남도 미술대전 시상식,2019,3,3/31(일)14:00,한국미술협회 전라남도지회,-,-,소극장,대관,대중,행사,무료,0,1,0,1,1,302,,290,290,0,290,,10,6,5401,,2019-03-31,190331_01
16,신춘음악회,2019,4,4/11(목)19:30,(사)한국음악협회여수지부,"전석 10,000원",5세이상관람가,소극장,대관,순수,클래식,유료,0,1,0,1,1,302,247,4,251,201,0,,,,,,2019-04-11,190411_01
17,연극<늘근도둑이야기>,2019,4,"4/13(토)15:00/19:00
4/14(일)14:00",주식회사 원앤원엔터테인먼트,"R석 49,000원
S석 19,000원",중학생 이상  관람가,대극장,대관,순수,연극,유료,1,2,0,3,3,2844,1043,117,1160,1043,87,,,,,,2019-04-13,190413_01
19,트리오 오원 초청 음악회,2019,4,4/16(화)19:30,컬쳐비즈,무료,미취학 아동 입장불가,소극장,대관,순수,클래식,무료,0,1,0,1,1,302,0,110,110,0,110,,,,,,2019-04-16,190416_01
20,"피아니스트 강현주의 브런치콘서트 <음악가들의 뮤즈들Ⅰ> -라인강의 뮤즈, 클라라와 슈만",2019,4,4/18(목)11:00,예울마루,"전석 10,000원",미취학 아동 입장불가,대극장,기획,순수,클래식,유료,3,1,0,4,1,926,275,10,285,268,0,,,,,,2019-04-18,190418_01
21,LS와함께하는 2019초록우산드림오케스트라 정기연주회,2019,4,4/19(금)19:00,초록우산 어린이재단 전남지역본부/여수소라종합사회복지관,무료,24개월이하입장불가,소극장,대관,순수,클래식,무료,0,1,0,1,1,302,,240,240,0,224,,,,,,2019-04-19,190419_01
23,싱어롱 콘서트 뮤지컬 〈무지개 물고기〉,2019,4,"4/27(토)11:00/14:00/16:00
4/28(일)11:00/14:00/16:00",(주)해드리운ENT,"전석 30,000원
(인터넷 15,000원)",24개월 이상 관람가,소극장,대관,복합,뮤지컬,유료,1,2,0,3,6,1812,1153,24,1177,1132,0,,13,8,3223,,2019-04-27,190427_01
25,여수시립합창단 제 75회 정기연주회<그대앞의 눈부신 5월>,2019,5,5/2(목)19:30,여수시/여수시립합창단,"전석 5,000원",6세 이상 관람가,대극장,대관,순수,클래식,유료,1,1,0,2,1,948,806,10,816,700,0,,,,,,2019-05-02,190502_01
26,조수미콘서트<Mother Dear>,2019,5,5/7(화)19:30,예울마루,"R석 130,000원
S석 110,000원
A석 90,000원",미취학 아동 입장불가,대극장,기획,순수,클래식,유료,0,1,0,1,1,979,967,16,983,959,12,,,,,,2019-05-07,190507_01
27,이승환 전국투어 콘서트<최고의 하루>,2019,5,5/11(토)17:00,(주)하늘이엔티,"R석 132,000원
S석 110,000원",미취학 아동 입장불가,대극장,대관,대중,콘서트,유료,1,1,0,2,1,1021,770,40,810,767,35,,,,,,2019-05-11,190511_01
29,국립발레단 창작발레 <호이 랑>,2019,5,"5/17(금)19:30
5/18(토)17:00",예울마루/국립발레단,"R석 50,000원
S석 40,000원
A석 30,000원",미취학 아동 입장불가,대극장,기획,순수,무용,유료,5,2,0,7,2,1406,592,139,731,557,120,,,,,,2019-05-17,190517_01
31,헬로! 오페라<봄봄>,2019,5,5/23(목)19:30,예울마루,"전석 30,000원",미취학 아동 입장불가,대극장,기획,복합,오페라,유료,3,1,1,5,1,926,359,16,375,342,10,,,,,,2019-05-23,190523_01
32,김지원 귀국 첼로 독주회,2019,5,5/25(토)17:00,김지원,"전석 10,000원",6세 이하 입장 불가,소극장,대관,순수,클래식,유료,0,1,0,1,1,302,244,4,248,231,0,,,,,,2019-05-25,190525_01
33,김창옥 토크콘서트 ‘잘살아보세’,2019,5,5/26(일)17:00,(주)생명나무미디어,"R석 66,000원
S석 55,000원",만 15세이상,대극장,대관,대중,콘서트,유료,0,1,0,1,1,1021,999,10,1009,984,5,,,,,,2019-05-26,190526_01
34,전남CBS 창립 16주년기념 특별공연 <첼리스트 양성원과 서울첼로오케스트라의 슈베르트를 그리며...>,2019,5,5/28(화)19:30,전남 CBS,"R석 50,000원
S석 35,000원",미취학 아동 입장불가,대극장,대관,순수,클래식,유료,0,1,0,1,1,1021,700,10,710,658,0,,,,,,2019-05-28,190528_01
35,남도국제음악제,2019,5,5/29(수)19:30,(사)누림,"R석 80,000원
S석 50,000원
A석 30,000원
B석 10,000원",7세이상 관람가,대극장,대관,순수,클래식,유료,0,1,0,1,1,1021,240,10,250,223,0,,,,,,2019-05-29,190529_01
36,여수 YWCA합창단 제 19회 정기연주회,2019,5,5/30(목)19:30,여수YWCA,"전석 10,000원",24개월이하,대극장,대관,순수,클래식,유료,0,1,0,1,1,1021,674,10,684,581,0,,11,11,6616,,2019-05-30,190530_01
38,2019 동서화합천사프로젝트 오케스트라 협연 합동연주회 <영호남화합의하모니>,2019,6,6/8(토)14:00,초록우산어린이재단/전라남도/경상남도,무료,24개월이상,대극장,대관,순수,클래식,무료,0,1,0,1,1,948,0,744,744,0,503,,,,,,2019-06-08,190608_01
39,전남동부극동방송 여성합창단 제2회 정기연주회,2019,6,6/18(화)19:30,전남동부극동방송,"전석 10,000원",24개월이상,대극장,대관,순수,클래식,유료,0,1,0,1,1,948,926,12,938,866,0,,,,,,2019-06-18,190618_01
40,에스챔버소사이어티 제4회 정기연주회,2019,6,6/19(수)19:00,에스챔버소사이어티,"일반 10,000원
학생 5,000원",6세이상,소극장,대관,순수,클래식,유료,0,1,0,1,1,302,254,4,258,239,0,,,,,,2019-06-19,190619_01
41,2019 장범준 전국공연 <노래방에서> - 여수,2019,6,"6/21(금)19:30
6/21(토)18:00",(주)공연마루/여수MBC,"전석 99,000원",미취학 아동 입장불가,대극장,대관,대중,콘서트,유료,1,2,0,3,2,2042,1523,170,1693,1500,141,,,,,,2019-06-21,190621_01
42,"피아니스트 강현주의 브런치콘서트 <음악가들의 뮤즈들ⅠI> -비엔나의 팜므파탈,알마와 말러",2019,6,6/27(목)11:00,예울마루,"전석 10,000원",미취학 아동 입장불가,대극장,기획,순수,클래식,유료,3,1,0,4,1,926,318,15,333,291,11,,,,,,2019-06-27,190627_01
43,홍정인 플룻 독주회,2019,6,6/29(토)15:00,정화용플룻,"전석 10,000원",5세이상,소극장,대관,순수,클래식,유료,0,1,0,1,1,302,143,0,143,127,0,,,,,,2019-06-29,190629_01
44,여수아가페합창단 제 23회 정기연주회,2019,6,6/29(토)17:00,여수아가페합창단,"전석 10,000원",5세이상,대극장,대관,순수,클래식,유료,0,1,0,1,1,948,610,92,702,267,90,,,,,,2019-06-29,190629_02
45,앙상블 여수와 금노상 지휘자가 함께하는 생상스의 '동물의 사육제',2019,6,6/30(일)17:00,(사)한국음악교육문화원/복지TV전남방송,"전석 20,000원",미취학 아동 입장불가,소극장,대관,순수,클래식,유료,0,1,0,1,1,302,294,0,294,526,0,,9,8,5105,,2019-06-30,190630_01
46,2019 캥거루 창작 동요제(제13회),2019,7,7/06(토)16:00,한국어린이음악연구회(소리둥지) / 전남초등동요작곡연구회,무료,24개월이상,소극장,대관,순수,클래식,무료,0,1,0,1,1,302,0,298,298,,260,,,,,,2019-07-06,190706_01
47,한국전력과 함께하는 희망사랑 콘서트,2019,7,7/09(화)19:30,(사)군포프라임필하모닉오케스트라 / 한국전력공사,무료,미취학 아동 입장불가,대극장,대관,순수,클래식,무료,0,1,0,1,1,1021,0,600,600,,536,,,,,,2019-07-09,190709_01
48,바리톤 이중현 독창회,2019,7,7/11(목)19:30,HIS엔터테인먼트,"전석 20,000원",미취학 아동 입장불가,소극장,대관,순수,클래식,유료,0,1,0,1,1,302,234,0,234,197,0,,,,,,2019-07-11,190711_01
49,악기로 떠나는 시대별 음악여행_여수영재교육원 예술영재 엉상블 연주회,2019,7,7/13(토)17:00,전라남도여수교육지원청,무료,5세이상,소극장,대관,순수,클래식,무료,0,1,0,1,1,302,0,294,294,0,286,,,,,,2019-07-13,190713_01
50,뮤지컬<지킬앤하이드>,2019,7,"7/19(금)19:30
7/20(토)14:00/19:00
7/21(일)14:00",예울마루/여수MBC,"R석 130,000원
S석 110,000원
A석 90,000원",미취학 아동 입장불가,대극장,기획,복합,뮤지컬,유료,4,3,1,8,4,3880,3649,52,3701,3618,27,,8,7,5127,,2019-07-19,190719_01
51,"2019년 후원자, 자원봉사, 지역소외계층을 위한 감사음악회",2019,8,8/20(화)19:00,여수시장애인종합복지관,무료,미취학 아동 입장불가,대극장,대관,순수,클래식,무료,0,1,0,1,1,948,0,698,698,0,631,,,,,,2019-08-20,190820_01
52,2019 여수 국제음악제&앙상블,2019,8,8/22(목)19:30,(재)범민문화재단/여수국제음악제조직위원회/ (사)한국음악협회여수지부,"R석 50,000원
S석 30,000원",미취학 아동 입장불가,대극장,대관,순수,클래식,유료,0,1,0,1,1,948,688,10,698,619,0,,,,,,2019-08-22,190822_01
53,The BEGINNING 제 6회 여수클래식 영재육성을 위한 음악회,2019,8,8/23(금)19:30,(사)한국음악협회여수지부,무료,미취학 아동 입장불가,대극장,대관,순수,클래식,무료,0,1,0,1,1,948,0,404,404,0,345,,,,,,2019-08-23,190823_01
54,2019 여수 국제음악제&앙상블,2019,8,8/24(토)17:00,(재)범민문화재단/여수국제음악제조직위원회/ (사)한국음악협회여수지부,"R석 50,000원
S석 30,000원",미취학 아동 입장불가,대극장,대관,순수,클래식,유료,0,1,0,1,1,948,628,10,638,552,0,,,,,,2019-08-24,190824_01
55,2019 여수 국제음악제&앙상블,2019,8,8/25(일)17:00,(재)범민문화재단/여수국제음악제조직위원회/ (사)한국음악협회여수지부,"R석 50,000원
S석 30,000원",미취학 아동 입장불가,대극장,대관,순수,클래식,유료,0,1,0,1,1,948,633,10,643,573,0,,,,,,2019-08-25,190825_01
56,헬로! 오페라<돈 파스콸레>,2019,8,8/28(수)19:30,예울마루,"전석 30,000원",미취학 아동 입장불가,대극장,기획,복합,오페라,유료,2,1,0,3,1,926,476,54,530,462,35,,,,,,2019-08-28,190828_01
,KBS교향악단과 함께하는 제3회 여수음악제-[음악학교 수료식],2019,8,8/29(목)14:00,여수시/여수상공회의소/(재)KBS교향악단,무료,미취학 아동 입장불가,대극장,기타,대중,행사,무료,0,0,0,0,0,0,0,0,0,0,200,,,,,,2019-08-29,190829_01
57,KBS교향악단과 함께하는 제3회 여수음악제 - [아름다운 한국인 스페셜 I] 오프닝 콘서트 with 선우예권,2019,8,8/29(목)19:30,여수시/여수상공회의소/(재)KBS교향악단,"R석 20,000원
S석 10,000원
학생 5,000원",미취학 아동 입장불가,대극장,대관,순수,클래식,유료,0,1,0,1,1,948,246,656,902,,,,,,,,2019-08-29,190829_02
58,피아니스트 금혜승 & 키릴카슈닌 피아노듀오,2019,8,8/29(목)19:00,아티스트인홀리데이,무료,24개월이상관람가,소극장,대관,순수,클래식,무료,0,1,0,1,1,302,0,200,200,0,87,,,,,,2019-08-29,190829_03
59,KBS교향악단과 함께하는 제3회 여수음악제 - [행복을 여는 클래식 I] 유키 구라모토와 친구들,2019,8,8/30(금)19:30,여수시/여수상공회의소/(재)KBS교향악단,"R석 20,000원
S석 10,000원
학생 5,000원",미취학 아동 입장불가,대극장,대관,순수,클래식,유료,0,1,0,1,1,948,393,539,932,365,437,,,,,,2019-08-30,190830_01
60,"KBS교향악단과 함께하는 제3회 여수음악제 - [행복을 여는 클래식 II] 아침의 클래식 with 강동석과 친구들, 앙상블 여수",2019,8,8/31(토)11:00,여수시/여수상공회의소/(재)KBS교향악단,"R석 20,000원
S석 10,000원
학생 5,000원",미취학 아동 입장불가,소극장,대관,순수,클래식,유료,0,1,0,1,1,302,123,175,298,110,95,,10,9,5943,,2019-08-31,190831_01
61,KBS교향악단과 함께하는 제3회 여수음악제 - [아름다운 한국인 스페셜 II] 피날레 콘서트 with 강동석,2019,9,9/1(일)17:00,여수시/여수상공회의소/(재)KBS교향악단,"R석 20,000원
S석 10,000원
학생 5,000원",미취학 아동 입장불가,대극장,대관,순수,클래식,유료,0,1,0,1,1,948,336,556,892,303,401,,,,,,2019-09-01,190901_01
62,제14회 임산부의 날 기념 비커밈맘2 가족공감뮤지컬,2019,9,9/3(화)19:00,여수시/여수시보건소,무료,5세 이상 관람가,소극장,대관,복합,뮤지컬,무료,0,1,0,1,1,302,0,294,294,0,278,,,,,,2019-09-03,190903_01
63,라하영 바이올린 귀국 독주회,2019,9,9/5(목)19:30,라하영 바이올린 스튜디오,"전석 10,000원",미취학 아동 입장불가,소극장,대관,순수,클래식,유료,0,1,0,1,1,302,205,4,209,186,0,,,,,,2019-09-05,190905_01
64,손양원목사 순교69주년기념 박지혜와 락밴드 초청음악회,2019,9,9/7(토)17:00,(사)민족지도자손양원목사기념사업회/여수시,"R석 20,000원
S석 10,000원",7세 이상 관람가,대극장,대관,대중,콘서트,유료,0,1,0,1,1,948,685,10,695,562,0,,,,,,2019-09-07,190907_01
65,"피아니스트 강현주의 브런치콘서트<음악가들의 뮤즈들Ⅲ>_몸마르트의 첫사랑, 발라동와 사티",2019,9,9/19(목)11:00,예울마루,"전석 10,000원",미취학 아동 입장불가,대극장,기획,순수,클래식,유료,3,1,0,4,1,926,366,32,398,338,25,,,,,,2019-09-19,190919_01
66,2019 지역문화예술육성 공연예술지원_연극 야천,2019,9,9/20(금)19:00,여수생활문화연대,"전석 20,000원",미취학 아동 입장불가,대극장,대관,순수,클래식,유료,1,1,0,2,1,948,411,10,421,380,0,,,,,,2019-09-20,190920_01
67,전남수묵화발전을 위한 세미나,2019,9,9/21(토)15:00,,-,-,소극장,대관,대중,행사,무료,0,1,0,1,1,302,0,35,35,0,35,,,,,,2019-09-21,190921_01
68,여수마칭페스티벌,2019,9,9/21(토)14:00,여수마칭페스티벌추진위원회,무료,미취학 아동 입장불가,대극장,대관,순수,클래식,무료,0,1,0,1,1,948,0,703,703,0,703,,,,,,2019-09-21,190921_02
69,뮤지컬<더 스토리 오브 언더더씨>,2019,9,"9/26(목)11:00/14:00
9/27(금)11:00/14:00
9/28(토)11:00/14:00",예울마루,"R석 50,000원
S석 30,000원",만 24개월 이상,대극장,기획,복합,뮤지컬,유료,3,3,0,6,6,5556,4855,142,4997,4765,81,,,,,,2019-09-26,190926_01
70,트리오제이 창단 연주회<멘델스존 트리오 전곡 연주회>,2019,9,9/26(목)19:30,트리오 제이,"일반 20,000원
학생 10,000원",미취학 아동 입장불가,소극장,대관,순수,클래식,유료,0,1,0,1,1,302,250,4,254,228,0,,15,10,8898,,2019-09-26,190926_02
71,여수시립합창단 제76회 정기연주회 가을이여 사랑이여,2019,10,10/1(화)19:30,여수시/여수시립합창단,"전석 5,000원",5세이상,대극장,대관,순수,클래식,유료,1,1,0,2,1,948,576,10,586,486,0,,,,,,2019-10-01,191001_01
72,여수와 로마가 사랑한 스핀토 소프라노 <박소은 독창회>,2019,10,10/3(목)19:00,SW아트컴퍼니,"전석 20,000원",미취학 아동 입장불가,대극장,대관,순수,클래식,유료,0,1,0,1,1,948,595,10,605,557,0,,,,,,2019-10-03,191003_01
73,제5회 전남아동.청소년 문화예술 축제,2019,10,10/5(토)16:00,전남지역아동센터연합회,무료,24개월이상,대극장,대관,대중,콘서트,무료,0,1,0,1,1,948,0,680,680,0,583,,,,,,2019-10-05,191005_01
74,타악앙상블-JOY OF PERCUSSION,2019,10,10/5(토)17:00,JOY OF PERCUSSION,"전석 10,000원",5세이상,소극장,대관,순수,클래식,유료,1,1,0,2,1,302,146,4,150,129,0,,,,,,2019-10-05,191005_02
75,2019 예울마루 야외콘서트,2019,10,10/5(토)17:00,예울마루,무료,전체관람가,장도,기획,대중,콘서트,무료,0,1,0,1,1,0,0,400,400,0,400,,,,,,2019-10-05,191005_03
76,2019 평화통일 공감 메아리,2019,10,10/9(수)17:00,EJ엔터테인먼트,"전석 20,000원",24개월이상,대극장,대관,순수,클래식,유료,0,1,0,1,1,948,513,10,523,452,0,,,,,,2019-10-09,191009_01
77,2019 예울마루 실내악페스티벌,2019,10,"10/11(금)19:30
10/12(토)14:00/19:00
10/13(일)14:00",예울마루,"전석 30,000원",미취학 아동 입장불가,대극장,기획,순수,클래식,유료,1,3,0,4,4,3704,862,218,1080,715,100,,,,,,2019-10-11,191011_01
78,제 43회 여수예술제,2019,10,10/16(수)19:00,(사)한국문화예술단체총연합회여수지부,무료,6세이상,대극장,대관,대중,행사,무료,0,1,0,1,1,948,,713,713,0,612,,,,,,2019-10-16,191016_01
79,제7회 여수 학생 합창 페스티벌,2019,10,10/17(목)15:00,여수교육지원청,무료,24개월이상,소극장,대관,순수,클래식,무료,0,1,0,1,1,302,,298,298,0,251,,,,,,2019-10-17,191017_01
80,가을밤의 세레나데,2019,10,10/19(토)17:00,(사)한국음악협회여수지부,"전석 10,000원",5세이상관람가,소극장,대관,순수,클래식,유료,0,1,0,1,1,302,165,4,169,147,0,,,,,,2019-10-19,191019_01
81,명작 단편소설 뮤지컬<얼쑤>,2019,10,"10/22(화)14:00
10/23(수)14:00
10/24(목)14:00
10/25(금)14:00/19:30",예울마루,"전석 40,000원",미취학 아동 입장불가,대극장,기획,복합,뮤지컬,유료,3,4,0,7,5,3290,2811,500,3311,2779,329,,,,,,2019-10-22,191022_01
82,김경일 교수특강,2019,10,10/23(수) 19:30,GS칼텍스,무료,24개월이상,소극장,대관,대중,행사,무료,0,1,0,1,1,302,0,298,298,194,0,,,,,,2019-10-23,191023_01
83,전남학교예술교육페스티벌_오케스트라,2019,10,"10/28(월)14:30
10/29(화)14:30
10/30(수)14:30",전남도교육지원청,무료,24개월이상,대극장,대관,순수,클래식,무료,0,3,0,3,3,2844,0,2808,2808,0,1983,,,,,,2019-10-28,191028_01
84,CTS전남방송 개국15주년 기념음악회,2019,10,10/31(목)19:30,전남CTS,무료,24개월이상,대극장,대관,대중,콘서트,무료,0,1,0,1,1,1021,0,634,634,0,551,,23,18,12255,,2019-10-31,191031_01
83,"전남학교예술교육페스티벌_뮤지컬,연극등",2019,11,11/1(금)14:00,전남도교육지원청,무료,24개월이상,소극장,대관,복합,뮤지컬,무료,0,1,0,1,1,302,0,294,294,0,266,,,,,,2019-11-01,191101_01
84,"만 9,900원의 행복 유리상자콘서트 시즌3 - 여수",2019,11,11/2(토)16:00/19:30,㈜ 해드리운 ENT,"VIP석 29,900원
R석 19,900원
S석 9,900원",미취학 아동 입장불가,대극장,대관,대중,콘서트,유료,0,1,0,1,2,2042,960,20,980,946,0,,,,,,2019-11-02,191102_01
85,제 17회 여수어머니리코더합주단 정기연주회,2019,11,11/2(토)18:00,여수어머니리코더합주단,무료,24개월이상,소극장,대관,순수,클래식,무료,0,1,0,1,1,302,0,114,114,0,92,,,,,,2019-11-02,191102_02
86,여수시 초청 락음국악단 특별연주회,2019,11,11/6(수)19:30,락음국악단/여수시의회,무료,미취학 아동 입장불가,소극장,대관,순수,국악,무료,0,1,0,1,1,302,0,244,244,0,236,,,,,,2019-11-06,191106_01
87,여수심포니오케스트라 명연주자 초대전 '첼리스트 김규식 With 무누스 앙상블,2019,11,11/8(금)19:30,여수심포니오케스트라,"R석 50,000원
S석 30,000원
A석 20,000원",미취학 아동 입장불가,대극장,대관,순수,클래식,유료,0,1,0,1,1,948,395,70,465,336,47,,,,,,2019-11-08,191108_01
88,시로 읽는 여수<행복 시낭송 콘서트>,2019,11,11/8(금)19:00,여수물꽃시낭송회,무료,6세이상,소극장,대관,대중,콘서트,무료,0,1,0,1,1,302,0,298,298,0,229,,,,,,2019-11-08,191108_02
89,여수시립국악단 제36회 정기공연,2019,11,11/12(화)19:00,여수시/여수시립국악단,"전석 5,000원",5세이상,대극장,대관,순수,국악,유료,3,1,0,4,1,948,800,10,810,763,0,,,,,,2019-11-12,191112_01
90,2019 지역 예술인 페스티벌,2019,11,"11/13(수)19:30/18:30
11/14(목)19:30/18:30
11/15(금)19:30/18:30",예울마루,"전석 10,000원",미취학 아동 입장불가,소극장,기획,순수,클래식,유료,0,3,0,3,6,1764,1269,48,1317,1065,23,,,,,,2019-11-13,191113_01
91,여수필하모닉오케스트라 제31회 정기연주회,2019,11,11/14(목)19:30,여수필하모닉오케스트라,"전석 10,000원",미취학 아동 입장불가,대극장,대관,순수,클래식,유료,0,1,0,1,1,948,714,10,724,555,0,,,,,,2019-11-14,191114_01
92,제8회 여수학생오케스트라 페스티벌,2019,11,"11/18(화)14:00
11/19(수)14:00",전라남도여수교육지원청,무료,24개월이상,대극장,대관,순수,클래식,무료,0,2,0,2,2,1896,,1799,1799,0,1421,,,,,,2019-11-18,191118_01
93,트리오 오원 10주년 기념음악회,2019,11,11/22(금)19:30,예울마루,"전석 30,000원",미취학 아동 입장불가,대극장,기획,순수,클래식,유료,0,1,0,1,1,926,280,12,292,264,1,,,,,,2019-11-22,191122_01
94,한국음악협회여수지부 제44회 정기연주회,2019,11,11/23(토) 17:00,(사)한국음악협회여수지부,"전석 10,000원",5세이상관람가,소극장,대관,순수,클래식,유료,0,1,0,1,1,302,118,4,122,82,0,,,,,,2019-11-23,191123_01
95,뮤지컬<맘마미아>,2019,11,"11/29(금)19:30
11/30(토)14:00/19:00",예울마루/여수MBC,"R석 140,000원
S석 110,000원
A석 90,000원",미취학 아동 입장불가,대극장,기획,복합,뮤지컬,유료,3,2,1,6,3,2778,2752,29,2781,2733,8,,22,14,10240,,2019-11-29,191129_01
95,뮤지컬<맘마미아>,2019,11,12/1(일)14:00,예울마루/여수MBC,"R석 140,000원
S석 110,000원
A석 90,000원",미취학 아동 입장불가,대극장,기획,복합,뮤지컬,유료,0,1,0,1,1,926,903,19,922,896,9,,,,,,2019-12-01,191201_01
96,피아니스트 강현주의 브런치콘서트 <음악가들의 뮤즈들Ⅳ> -레닌그라드의 흥행사 디아길레프와스트라빈스키,2019,12,12/5(목)11:00,예울마루,"전석 10,000원",미취학 아동 입장불가,대극장,기획,순수,클래식,유료,3,1,0,4,1,926,252,10,262,238,0,,,,,,2019-12-05,191205_01
97,여수장로합창단 창단 20주년 기념 연주회,2019,12,12/5(목)19:30,여수장로합창단,무료,5세 이상 관람가,대극장,대관,순수,클래식,무료,0,1,0,1,1,948,0,653,653,0,582,,,,,,2019-12-05,191205_02
98,여수오카리나앙상블 예울 제5회 정기연주회 'THE TOGETHER',2019,12,12/7(토)17:00,여수오카리나앙상블예울,무료,5세 이상 관람가,소극장,대관,순수,클래식,무료,0,1,0,1,1,302,0,275,275,0,250,,,,,,2019-12-07,191207_01
99,여수교직원합창단 울림 제 6회 정기연주회<훨훨 날아요!>,2019,12,12/10(화)19:00,여수교육지원청/여수교직원합창단,무료,24개월이상관람가,대극장,대관,순수,클래식,무료,0,1,0,1,1,948,0,622,622,0,490,,,,,,2019-12-10,191210_01
100,여수시립예술단 송년음악회 <미래를 향한 여수의 행복>,2019,12,12/13(금)19:30,여수시/여수시립국악단/여수시립합창단,"전석 5,000원",5세 이상 관람가,대극장,대관,순수,클래식,유료,2,1,0,3,1,948,703,10,713,627,0,,,,,,2019-12-13,191213_01
101,마음톡톡 뮤직힐링 콘서트,2019,12,12/14(토)16:00,이화여자대학교 산학협력단,무료,미취학 아동 입장불가,소극장,대관,대중,콘서트,무료,0,1,0,1,1,302,0,108,108,0,108,,,,,,2019-12-14,191214_01
102,2019 여수영재교육원 예술영재 정기연주회,2019,12,12/15(일)17:00,여수교육지원청/여수영재교육원,무료,24개월이상관람가,대극장,대관,순수,클래식,무료,0,1,0,1,1,948,0,829,829,0,705,,,,,,2019-12-15,191215_01
103,여수교원교향악단 제 12회 정기연주회,2019,12,12/17(화)19:00,여수교원교향악단,무료,5세 이상 관람가,대극장,대관,순수,클래식,무료,0,1,0,1,1,948,0,498,498,0,405,,,,,,2019-12-17,191217_01
104,국민연극 라이어 Ⅰ,2019,12,"12/18(수)15:00
12/19(목)19:30
12/20(금)19:30
12/21(토)14:00/19:00
12/22(일)15:00
12/23(월)15:00
12/24(화)19:30
12/25(수 15:00",예울마루/여수MBC,"전석 30,000원",중학생 이상  관람가,소극장,기획,순수,연극,유료,2,8,0,10,9,2646,2635,41,2676,2500,6,,,,,,2019-12-18,191218_01
105,국민연극 라이어 Ⅰ-특별공연,2019,12,"12/18(수)19:30
12/23(월)19:30",예울마루/여수MBC/공연마루,"전석 30,000원",중학생 이상  관람가,소극장,기획,순수,연극,유료,0,2,0,2,2,588,552,8,560,543,3,,,,,,2019-12-18,191218_02
106,사라장 바이올린 리사이틀,2019,12,12/19(목)19:30,예울마루,"R석 120,000원
S석 100,000원
A석 80,000원",미취학 아동 입장불가,대극장,기획,순수,클래식,유료,0,1,0,1,1,999,930,19,949,903,13,,,,,,2019-12-19,191219_01
107,넌버벌 퍼포먼스 코미디극 옹알스,2019,12,12/24(화)19:30,예울마루,"R석 40,000원
S석 20,000원",24개월이상,대극장,기획,대중,콘서트,유료,0,1,0,1,1,969,970,10,980,951,0,,,,,,2019-12-24,191224_01
108,"만 9,900원의 행복 ""서영은 콘서트""-여수",2019,12,12/28(토)16:00/19:30,늘픔이엔티,"VIP석 29,900원
R석 19,900원
S석 9,900원",미취학 아동 입장불가,대극장,대관,대중,콘서트,유료,0,1,0,1,2,2042,1135,20,1155,1113,3,,,,,,2019-12-28,191228_01
109,지역인재콘서트 내꿈의 날개를,2019,12,12/30(월)19:00,(사)한국민족예술인총연합여수지부국악위원회,무료,24개월이상,소극장,대관,대중,콘서트,무료,0,1,0,1,1,302,0,298,298,0,172,,25,18,11500,,2019-12-30,191230_01
1,윤슬트리오 피아노 트리오의 밤<Trio triad>,2020,1,1/4(토)17:00,윤슬트리오,"전석 10,000원",5세이상,소극장,대관,순수,클래식,유료,0,1,0,1,1,302,230,4,234,224,0,,,,,,2020-01-04,200104_01
2,2020 예울마루 신년음악회,2020,1,1/16(목)19:30,예울마루,"R석 50,000원
S석 40,000원
A석 30,000원",미취학 아동 입장불가,대극장,기획,순수,클래식,유료,0,1,0,1,1,948,831,16,847,819,12,,,,,,2020-01-16,200116_01
3,여수시민과함께하는콘서트월드사랑나눔음악회,2020,1,1/30(목)19:30,콘서트월드/은파악기,무료,7세 이상 관람가,대극장,대관,순수,클래식,무료,0,1,0,1,1,948,0,510,510,0,115,,3,3,1591,,2020-01-30,200130_01
4,전남동부극동방송 어린이합창단 제2회 정기연주회,2020,2,2/1(토)17:00,전남동부극동방송,"전석 10,000원",24개월이상,대극장,대관,순수,클래식,무료,0,1,0,1,1,948,926,10,936,0,619,,1,1,936,,2020-02-01,200201_01
,국립발레단<백조의 호수>,2020,2,"2/20(목)19:30
2/21(금)19:30",예울마루,"R석 80,000원
S석 60,000원
A석 40,000원",미취학 아동 입장불가,대극장,취소,취소,취소,취소,0,0,0,0,0,0,0,0,0,0,0,,,,,,2020-02-20,200220_01
,세종솔로이스츠의 브란덴부르크 협주곡,2020,4,4/3(금)19:30,예울마루,"R석 70,000원
S석 50,000원
A석 30,000원",미취학 아동 입장불가,대극장,취소,취소,취소,취소,0,0,0,0,0,0,0,0,0,0,0,,,,,,2020-04-03,200403_01
5,김동준 피아노 독주회,2020,5,5/7(목)19:30,이든예술기획,"전석 20,000원",미취학 아동 입장불가,소극장,대관,순수,클래식,유료,0,1,0,1,1,302,167,0,167,167,0,,1,1,167,,2020-05-07,200507_01
6,플루티스트 윤혜리의 NIGHT FANTASY,2020,6,6/5(금)19:30,예울마루,"전석 30,000원",미취학 아동 입장불가,소극장,기획,순수,클래식,유료,0,1,0,1,1,302,128,7,135,126,4,,,,,,2020-06-05,200605_01
7,전남CBS 창립 17주년 기념 특별공연 JUMP,2020,6,6/11(목)19:30,전남C B S,"R석 50,000원
S석 35,000원",5세 이상 관람가,대극장,대관,복합,뮤지컬,유료,1,1,1,3,1,948,490,10,500,439,0,,,,,,2020-06-11,200611_01
8,"발렌타인30,",2020,6,6/13(토)19:00,턱시도드레스,"전석 15,000원",미취학 아동 입장불가,소극장,대관,순수,클래식,유료,0,1,0,1,1,302,68,4,72,56,0,,,,,,2020-06-13,200613_01
9,Trio J가 들려주는 시대의 멜로디,2020,6,6/18(목)19:30,Trio J,"전석 20,000원",미취학 아동 입장불가,소극장,대관,순수,클래식,유료,0,1,0,1,1,302,142,4,146,137,0,,,,,,2020-06-18,200618_01
10,브런치콘서트<술술클래식>,2020,6,6/19(금)11:00,예울마루,"전석 10,000원",미취학 아동 입장불가,대극장,기획,순수,클래식,유료,0,1,0,1,1,948,216,6,222,200,1,,,,,,2020-06-19,200619_01
11,이음스트링챔버오케스트라 창단연주회 <피어나다>,2020,6,6/20(토)17:00,이음스트링챔버오케스트라,"전석 10,000원",미취학 아동 입장불가,소극장,대관,순수,클래식,유료,0,1,0,1,1,302,170,4,174,161,0,,,,,,2020-06-20,200620_01
12,신춘음악회,2020,6,6/23(화)19:30,(사)한국음악협회여수지부,"전석 10,000원",5세이상관람가,소극장,대관,순수,클래식,유료,0,1,0,1,1,302,145,4,149,114,0,,,,,,2020-06-23,200623_01
13,2020 Theatre 이문세-여수,2020,6,"6/26(금)19:30
6/17(토)18:00",㈜공연마루,"R석 143,000원
S석 121,000원",미취학 아동 입장불가,대극장,대관,대중,콘서트,유료,3,2,0,5,2,2042,1510,44,1554,1485,31,,9,9,2952,,2020-06-26,200626_01
,뮤지컬<레베카>,2020,7,"7/10(금)19:30
7/11(토)14:00/19:00
7/12(일)14:00",예울마루/여수MBC,"R석 150,000원
S석 120,000원
A석 90,000원",미취학 아동 입장불가,대극장,취소,취소,취소,취소,0,0,0,0,0,0,0,0,0,0,0,,,,,,2020-07-10,200710_01
,2020 최현우의 빌리브: bELIEvE - 여수,2020,7,"7/18(토)14:00/18:00
7/19(일)13:00/17:00",(주)이디엔터테인먼트,"R석 88,000원
S석 66,000원",미취학 아동 입장불가,대극장,취소,취소,취소,취소,0,0,0,0,0,0,0,0,0,0,0,,,,,,2020-07-18,200718_01
14,섬으로 떠나는 클래식여행,2020,8,8/8(토)17:00,여수심포니오케스트라,전석 무료,미취학 아동 입장불가,대극장,대관,순수,클래식,무료,1,1,0,2,1,470,0,470,470,0,301,,,,,,2020-08-08,200808_01
15,연극<개세끼들>,2020,8,"8/14(금)19:30
8/15(토)15:00/18:00
8/16(일)15:00/18:00",㈜컬쳐익스트림엔터테인먼트,"전석 30,000원",15세 이상  관람가,소극장,대관,순수,연극,유료,1,3,0,4,5,1510,391,20,411,361,0,,,,,,2020-08-14,200814_01
16,여수국제음악제 땡큐클래식,2020,8,8/20(목)19:00,(재)범민문화재단,전석 무료,미취학 아동 입장불가,대극장,대관,순수,클래식,무료,0,1,0,1,1,470,0,470,470,0,279,,7,5,1351,,2020-08-20,200820_01
17,헬로!오페라<세빌리아의 이발사>_온라인생중계,2020,9,9/16(수) 19:30,예울마루,"전석 30,000원",미취학 아동 입장불가,대극장,기획,복합,오페라,유료,2,1,0,3,1,0,0,0,0,0,0,,,,,,2020-09-16,200916_01
18,락음국악단 한가위 효 콘서트,2020,9,9/29(화) 19:30,락음국악단,전석 무료,미취학 아동 입장불가,대극장,대관,순수,국악,무료,0,1,0,1,1,470,0,470,470,0,174,,2,2,470,,2020-09-29,200929_01
19,제정화의 젊은소리 열한번째 판 '심청'그녀의 이야기Ⅰ,2020,10,10/9(금) 15:00,사단법인 한국판소리보존회 여수지부,전석무료,미취학 아동 입장불가,소극장,대관,순수,국악,무료,0,1,0,1,1,148,0,148,148,0,115,,,,,,2020-10-09,201009_01
20,2020 여수영재교육원 오케스트라 협연의밤 연주회_무관중,2020,10,10/10(토) 15:00,여수교육지원청,전석무료,5세이상관람가,소극장,대관,순수,클래식,무료,0,1,0,1,1,0,0,0,0,0,0,,,,,,2020-10-10,201010_01
21,2020 예울마루 실내악페스티벌,2020,10,"10/16(금) 19:30
10/17(토) 14:00/19:00
10/18(일) 14:00",예울마루,"전석 30,000원",미취학 아동 입장불가,대극장,기획,순수,클래식,유료,0,3,0,3,4,1840,639,93,732,586,67,,,,,,2020-10-16,201016_01
22,환상가족음악극 〈리틀 뮤지션〉,2020,10,"10/22(목)11:00/14:00
10/23(금)11:00/14:00
10/24(토)11:00/14:00",예울마루,"R석 50,000원
S석 30,000원",만 24개월 이상,대극장,기획,복합,뮤지컬,유료,3,3,0,6,6,5556,2394,144,2538,2302,78,,,,,,2020-10-22,201022_01
23,피아니스트 김지은과 함께하는 Traum Festival,2020,10,10/24(토)17:00,트라움뮤직,"전석 10,000원",미취학 아동 입장불가,소극장,대관,순수,클래식,유료,0,1,0,1,1,148,148,4,152,92,0,,,,,,2020-10-24,201024_01
24,여수시립합창단 제 77회 정기연주회 '가을이 익어가오',2020,10,10/27(화)19:30,여수시/여수시립합창단,"전석 5,000원",5세이상관람가능,대극장,대관,순수,클래식,유료,1,1,0,2,1,470,460,10,470,333,1,,,,,,2020-10-27,201027_01
25,채동선실내악단 신여수춘향가,2020,10,10/29(목)19:00,아카데미 윤슬,"전석 10,000원",5세이상관람가능,대극장,대관,순수,클래식,유료,0,1,0,1,1,470,324,10,334,164,0,,,,,,2020-10-29,201029_01
26,손양원목사 70주년 기념 음악회 'SBS김정택예술단',2020,10,10/30(금)19:30,(사)민족지도자손양원목사기념사업회/여수시,"R석 20,000원
S석 10,000원",미취학 아동 입장불가,대극장,대관,순수,클래식,유료,0,1,0,1,1,470,460,10,470,135,0,,16,11,4844,,2020-10-30,201030_01
제외,블루투어 비전포럼,2020,11,11/4(수)15:00,전라남도,전석무료,미취학 아동 입장불가,소극장,기타,대중,행사,무료,1,1,0,2,1,0,0,0,0,,137,,공연실적제외,,,,2020-11-04,201104_01
28,CTS전남방송 개국 16주년 기념음악회,2020,11,11/6(금)19:30,CTS전남방송,전석 무료,만 24개월 이상,대극장,대관,대중,콘서트,무료,0,1,0,1,1,470,0,309,309,,232,,,,,,2020-11-06,201106_01
29,열린심포니오케스트라 제 15회 정기연주회,2020,11,11/7(토)17:00,열린심포니오케스트라,전석 무료,미취학 아동 입장불가,대극장,대관,순수,클래식,무료,0,1,0,1,1,470,0,334,334,,249,,,,,,2020-11-07,201107_01
30,"루미아플룻콰이어 제14회 정기연주회 이색조우, 은빛가락에 어우르다",2020,11,11/7(토)19:00,루미아플룻콰이어,"전석 10,000원",만 24개월 이상,소극장,대관,순수,클래식,유료,0,1,0,1,1,148,148,4,152,93,0,,,,,,2020-11-07,201107_02
31,COVID19'극복 위로 공연,2020,11,11/13(금)19:00,전남C B S,전석 무료,만 24개월 이상,대극장,대관,대중,콘서트,무료,0,1,0,1,1,470,0,334,334,0,114,,,,,,2020-11-13,201113_01
32,"무소르그스키 전람회의 그림_앙상블여수, 그림을만나다.",2020,11,11/14(토)15:00,앙상블여수,"전석 20,000원",미취학 아동 입장불가,대극장,대관,순수,클래식,유료,0,1,0,1,1,470,428,10,438,398,0,,,,,,2020-11-14,201114_01
33,한국음악협회여수지부 제45회 정기연주회,2020,11,11/17(화)19:30,(사)한국음악협회여수지부,"전석 10,000원",5세이상관람가,대극장,대관,순수,클래식,유료,0,1,0,1,1,470,324,10,334,75,0,,,,,,2020-11-17,201117_01
34,여수심포니오케스트라 제9회 정기연주회 베토벤 탄생 250주년 기념음악회,2020,11,11/19(목)19:30,여수심포니오케스트라,"전석 20,000원",미취학 아동 입장불가,대극장,대관,순수,클래식,유료,1,1,0,2,1,470,337,10,347,299,0,,,,,,2020-11-19,201119_01
35,클래식 산책 해설이 있는 오페라 갈라 콘서트 오페라 '라 트라비아타',2020,11,11/20(금)19:30,여수그랜드오페라단,"전석 10,000원",5세이상관람가,대극장,대관,순수,클래식,유료,0,1,0,1,1,470,273,10,283,119,0,,,,,,2020-11-20,201120_01
36,네번째 주민혁 클라리넷 독주회,2020,11,11/21(토)17:00,앙상블 소노,"전석 10,000원",미취학 아동 입장불가,소극장,대관,순수,클래식,유료,0,1,0,1,1,148,42,4,46,39,0,,,,,,2020-11-21,201121_01
37,제44회 여수예술제,2020,11,11/21(토)17:00,여수예총,전석무료,만 24개월 이상,대극장,대관,대중,콘서트,무료,0,1,0,1,1,470,280,0,280,193,0,,,,,,2020-11-21,201121_02
38,조성진 피아노리사이틀,2020,11,11/26(목)15:00/19:30,예울마루,"15:00_ R석 9만원 / S석 7만원 / A석 5만원 
19:30_ R석 11만원 / S석 9만원 / A석 7만원",미취학 아동 입장불가,대극장,기획,순수,클래식,유료,0,1,0,1,2,1300,1278,20,1298,1243,9,,12,9,4155,,2020-11-26,201126_01
39,브런치콘서트<술술클래식>,2020,12,12/2(수)11:00,예울마루,"전석 10,000원",미취학 아동 입장불가,대극장,기획,순수,클래식,유료,0,1,0,1,1,460,109,14,123,96,0,,,,,,2020-12-02,201202_01
40,이혜란 피아노 독주회,2020,12,12/3(목)19:00,이혜란,"전석 50,000원",미취학 아동 입장불가,소극장,대관,순수,클래식,유료,0,1,0,1,1,148,148,4,152,135,0,,,,,,2020-12-03,201203_01
41,헬로!오페라<피가로의 결혼>,2020,12,12/5(토)17:00,예울마루,"전석 30,000원",미취학 아동 입장불가,대극장,기획,복합,오페라,유료,1,1,0,2,1,460,228,18,246,218,2,,,,,,2020-12-05,201205_01
,뮤지컬<스웨그에이지 외쳐조선>,2020,12,"12/10(목)14:00/19:30
12/11(금)14:00/19:30
12/12(토)14:00",예울마루/여수MBC,"R석 70,000원
S석 50,000원
A석 30,000원",미취학 아동 입장불가,대극장,취소,취소,취소,취소,0,0,0,0,0,0,0,0,0,0,0,,,,,,2020-12-10,201210_01
42,제2회 서경진 가야금 독주회,2020,12,12/12(토)19:00,서경진,무료,24개월이상,소극장,대관,순수,국악,무료,0,1,0,1,1,90,0,44,44,0,31,,,,,,2020-12-12,201212_01
43,제6회 오카리나앙상블 예울 '지금 여기',2020,12,12/13(일)17:00,오카리나앙상블 예울,무료,미취학 아동 입장불가,소극장,대관,순수,클래식,무료,0,1,0,1,1,90,0,55,55,0,41,,,,,,2020-12-13,201213_01
,연극<라이어3>,2020,12,메모참고,예울마루/여수MBC,"전석 30,000원",중학생 이상  관람가,소극장,취소,취소,취소,취소,0,0,0,0,0,0,0,0,0,0,0,,,,,,,
44,여수시립국악단 제37회 정기공연 '다독이다'(비대면),2020,12,12/17(목)19:00(비대면),여수시/여수시립국악단,무료,비대면,대극장,대관,순수,국악,무료,3,1,0,4,1,0,0,0,0,0,0,,,,,,2020-12-17,201217_01
45,여수심포니오케스트라 <섬을 노래하다>,2020,12,12/18(금)19:00,여수심포니오케스트라,무료,미취학 아동 입장불가,대극장,대관,순수,클래식,무료,1,1,0,2,1,306,0,178,178,0,140,,,,,,2020-12-18,201218_01
46,유진 청소년 오케스트라 Togther We Can,2020,12,12/20(일)17:00,한독Einheit,"전석 10,000원",미취학 아동 입장불가,대극장,대관,순수,클래식,유료,0,1,0,1,1,306,259,10,269,218,0,,,,,,2020-12-20,201220_01
,크리스마스콘서트,2020,12,12/24(목)19:30,예울마루,"R석 90,000원
S석 70,000원
A석 50,000원",24개월이상,대극장,취소,취소,취소,취소,0,0,0,0,0,0,0,0,0,0,0,,,,,,2020-12-24,201224_01
47,리처드 용재오닐 <선물 2020>,2020,12,12/25(금)17:00,예울마루,"R석 80,000원
S석 60,000원
A석 40,000원",미취학 아동 입장불가,대극장,기획,순수,클래식,유료,0,1,0,1,1,306,234,2,236,231,1,,,,,,2020-12-25,201225_01
48,창작뮤지컬<별이쏟아진다>(비대면),2020,12,12/29(화)12:00(비대면),(사)학교폭력피해자가족협의회/GS칼텍스 예울마루,"전석 10,000원",미취학 아동 입장불가,소극장,기획,복합,뮤지컬,유료,2,1,0,3,1,0,0,0,0,0,0,,10,10,1303,,2020-12-29,201229_01
1,2021 예울마루 신년음악회,2021,1,1/14(목)19:30,예울마루,"R석 50,000원
S석 40,000원
A석 30,000원",미취학 아동 입장불가,대극장,기획,순수,클래식,유료,0,1,0,1,1,306,271,14,285,269,11,,,,,,2021-01-14,210114_01
2,JOY OF PERCUSSION 제2회 정기연주회,2021,1,1/16(토)17:00,JOY OF PERCUSSION,"전석 10,000원",5세이상관람가,소극장,대관,순수,클래식,유료,0,1,0,1,1,90,86,4,90,77,0,,,,,,2021-01-16,210116_01
3,"함춘호와 앙상블콰이어, 그리고 여수",2021,1,1/23(목)16:00,여수교육재단,"R석 50,000원
S석 30,000원",5세이상관람가,대극장,대관,대중,콘서트,유료,0,1,0,1,1,306,233,38,271,193,20,,3,3,646,,2021-01-23,210123_01
4,내셔널솔리스텐앙상블 ＆ 피아졸라사계 윤소영,2021,3,3/13(토)17:00,내셔널솔리스텐앙상블,"R석 50,000원
S석 30,000원",미취학 아동 입장불가,대극장,대관,순수,클래식,유료,0,1,0,1,1,507,150,85,235,135,72,,,,,,2021-03-13,210313_01
5,2021 예울마루 실내악페스티벌 스프링 콘서트 <비엔나의 로망스>,2021,3,3/19(금)19:30,예울마루,"R석 50,000원
S석 40,000원
A석 30,000원",미취학 아동 입장불가,대극장,기획,순수,클래식,유료,0,1,0,1,1,614,155,54,209,147,45,,,,,,2021-03-19,210319_01
6,브런치 콘서트<쇼팽으로 만나는 지브리>,2021,3,3/25(목)11:00,예울마루,"전석 10,000원",미취학 아동 입장불가,대극장,기획,순수,클래식,유료,1,1,0,2,1,614,424,10,434,397,2,,,,,,2021-03-25,210325_01
7,"영남의 소리, 춤",2021,3,3/27(토)15:00,사단법인 풍물마실,전석 무료,24개월이상,소극장,대관,순수,국악,무료,0,1,0,1,1,199,0,9,9,0,5,,4,4,887,,2021-03-27,210327_01
8,신춘음악회,2021,4,4/8(목)19:30,(사)한국음악협회여수지부,"전석 10,000원",5세이상관람가,소극장,대관,순수,클래식,유료,0,1,0,1,1,199,118,4,122,106,0,,,,,,2021-04-08,210408_01
9,제3회 트리오제이 정기연주회,2021,4,4/15(목)19:30,트리오 제이,"전석 20,000원",미취학 아동 입장불가,소극장,대관,순수,클래식,유료,0,1,0,1,1,199,80,4,84,77,0,,,,,,2021-04-15,210415_01
10,뮤지컬〈캣츠〉 40주년 내한공연,2021,4,"4/23(금)19:30
4/24(토)14:00/19:00
4/25(일)14:00/19:00",예울마루/공연마루,"R석 160,000원
S석 110,000원
A석 90,000원",미취학 아동 입장불가,대극장,기획,복합,뮤지컬,유료,4,3,1,8,5,3500,2606,50,2656,2587,7,,,,,,2021-04-23,210423_01
11,열린심포니오케스트라 제 16회 정기연주회,2021,4,4/30(금)19:30,열린합주단,전석 무료,5세이상관람가,대극장,대관,순수,클래식,무료,0,1,0,1,1,682,,463,463,,449,,,,,,2021-04-30,210430_01
12,매직 드로잉 가족극 「두들팝」,2021,4,"4/29(목)~5/8(토)
11:00/14:00
5/1(토),5/5(수)
11시/2시/5시
5/3(월)공연없음",예울마루/여수MBC,"전석 30,000원",24개월이상,소극장,기획,복합,뮤지컬,유료,2,2,0,4,4,864,678,32,710,676,15,,12,7,4035,,2021-04-29,210429_01
,매직 드로잉 가족극 「두들팝」,2021,5,,예울마루/여수MBC,"전석 30,000원",24개월이상,소극장,기획,복합,뮤지컬,유료,0,7,0,7,16,3456,1756,107,1863,1700,32,,,,,,,
13,헬로!오페라<신데렐라>,2021,5,5/22(토)17:00,예울마루,"전석 30,000원",미취학 아동 입장불가,대극장,기획,복합,오페라,유료,2,1,0,3,1,682,225,14,239,195,7,,,,,,2021-05-22,210522_01
14,"여수시립합창단 제 78회 정기연주회
<카르미나 부라나>",2021,5,5/25(화)19:30,여수시/여수시립합창단,"전석 5,000원",5세이상관람가,대극장,대관,순수,클래식,유료,1,1,0,2,1,486,324,10,334,214,0,,,,,,2021-05-25,210525_01
15,광주시립발레단<차이콥스키 발레 명작 시리즈>,2021,5,5/29(토)15:00/19:00,예울마루,"R석 50,000원
S석 40,000원
A석 30,000원",24개월이상,대극장,기획,순수,발레,유료,2,1,0,3,2,1364,654,33,687,621,17,,20,10,3123,,2021-05-29,210529_01
16,임현정의 리스트 초절기교 에튀드 전곡,2021,6,6/5(토)16:00,다나기획사,"R석 50,000원
S석 40,000원
A석 30,000원",미취학 아동 입장불가,대극장,대관,순수,클래식,유료,0,1,0,1,1,682,149,20,169,149,10,,,,,,2021-06-05,210605_01
17,여수시립국악단 제 38회 정기공연_꽃물에 배띄워,2021,6,6/10(목)19:00,여수시/여수시립국악단,"전석 5,000원",48개월이상 관람가,대극장,대관,순수,국악,유료,3,1,0,4,1,682,330,10,340,308,0,,,,,,2021-06-10,210610_01
18,어울림합창단과 아카데미 윤슬 교류연주,2021,6,6/12(토)17:00,아카데미 윤슬,전석 무료,24개월이상,소극장,대관,대중,콘서트,무료,0,1,0,1,1,228,0,164,164,0,135,,,,,,2021-06-12,210612_01
19,"브런치 콘서트<피아졸라,바흐를 만나다>",2021,6,6/17(목)11:00,예울마루,"전석 10,000원",미취학 아동 입장불가,대극장,기획,순수,클래식,유료,1,1,0,2,1,682,432,10,442,388,2,,,,,,2021-06-17,210617_01
20,이음스트링챔버오케스트라 제2회 정기연주회,2021,6,6/19(토)17:00,이음스트링챔버오케스트라,"전석 10,000원",미취학 아동 입장불가,소극장,대관,순수,클래식,유료,0,1,0,1,1,228,153,4,157,141,0,,,,,,2021-06-19,210619_01
21,앙상블여수 정기연주회_나를 찾는 기억,2021,6,6/26(토)17:00,앙상블여수,"전석 20,000원",미취학 아동 입장불가,소극장,대관,순수,클래식,유료,0,1,0,1,1,228,156,4,160,141,0,,6,6,1432,,2021-06-26,210626_01
22,조은앙상블 제24회 정기연주회 <오페라의 전설>,2021,7,7/3(토)17:00,조은앙상블,전석 무료,미취학 아동 입장불가,소극장,대관,순수,클래식,무료,0,1,0,1,1,228,0,130,130,0,122,,,,,,2021-07-03,210703_01
제외,국인포럼,2021,7,7/5(월)~7/6(화),,전석 무료,미취학 아동 입장불가,소극장,기타,대중,행사,무료,0,2,0,2,2,0,0,0,0,0,114,,공연실적제외,,,,2021-07-05,210705_01
제외,NPC네츄럴전남,2021,7,7/11(일)13:00~18:00,,"전석 50,000원",미취학 아동 입장불가,소극장,기타,대중,행사,유료,0,1,0,1,2,0,0,0,0,0,404,,공연실적제외,,,,2021-07-11,210711_01
25,여수심포니오케스트라 제10회 정기연주회_피아노협주곡의 밤,2021,7,7/16(금)19:30,여수심포니오케스트라,"전석 20,000원",미취학 아동 입장불가,대극장,대관,순수,클래식,유료,0,1,0,1,1,470,420,10,430,389,0,,,,,,2021-07-16,210716_01
제외,EPO Principal Series 1 - 여수,2021,7,7/25(일)19:00,어니스트필하모닉오케스트라/좋은날음악기획,"R석 30,000원
S석 20,000원
A석 10,000원",미취학 아동 입장불가,소극장,취소,취소,취소,취소,0,0,0,0,0,0,0,0,0,0,0,,,,,,2021-07-25,210725_01
제외,여수영재교육원 예술영재연주회 다시성장하다,2021,7,7/31(토)17:00,여수교육지원청,전석 무료,미취학 아동 입장불가,대극장,변경,변경,변경,변경,0,0,0,0,0,0,0,0,0,0,0,,2,2,560,,2021-07-31,210731_01
28,레이어스 클래식 라이브 콘서트 'LOVE SIGNAL',2021,8,8/8(일)19:00,AWESOME CLASSIC STUDIO,"R석 60,000원
S석 50,000원
A석 40,000원",7세이상관람가,대극장,대관,대중,콘서트,유료,0,1,0,1,1,682,244,10,254,233,0,,,,,,2021-08-08,210808_01
29,연극 <완벽한 타인>,2021,8,"8/13(금)19:30
8/14(토)15:00/19:00",예울마루/여수MBC,"R석 70,000원
S석 50,000원
A석 30,000원",고등학생 이상 관람가,대극장,기획,순수,연극,유료,3,2,1,6,3,2046,989,42,1031,972,19,,,,,,2021-08-13,210813_01
30,헬로!오페라<헨젤과 그레텔>,2021,8,8/21(토)17:00,예울마루,"전석 30,000원",미취학 아동 입장불가,대극장,기획,복합,오페라,유료,2,1,0,3,1,682,400,10,410,387,1,,,,,,2021-08-21,210821_01
31,"김시율의 첫소리, 내드름",2021,8,8/22(일)17:00,(사)한국민족예술단체총연합 여수지부 국악위원회,전석 무료,24개월이상관람가,소극장,대관,순수,국악,무료,0,1,0,1,1,682,0,125,125,0,114,,,,,,2021-08-22,210822_01
32,세종솔로이스츠 콘서트 오페라<람메르무어의 루치아>,2021,8,8/27(금)19:30,예울마루,"R석 90,000원
S석 70,000원
A석 50,000원",미취학 아동 입장불가,대극장,기획,순수,클래식,유료,0,1,0,1,1,682,129,34,163,128,27,,,,,,2021-08-27,210827_01
33,2021 여수국제음악제 & 앙상블,2021,8,"8/28(토)17:00
8/29(일)17:00
8/31(화)19:30",(재)범민문화재단,"전석 50,000원",미취학 아동 입장불가,대극장,대관,순수,클래식,유료,0,3,0,3,3,2046,1294,30,1324,1067,1,,10,9,3307,,2021-08-28,210828_01
34,"KBS교향악단과 함께하는 제5회 여수음악제 - 거장과 거장의 만남, 정명훈 ＆ 개릭 올슨",2021,9,9/1(수)19:30,(재)KBS교향악단/여수시/여수음악제 추진위원회,"R석 50,000원
S석 30,000원",미취학 아동 입장불가,대극장,대관,순수,클래식,유료,0,1,0,1,1,682,205,271,476,202,243,,,,,,2021-09-01,210901_01
35,JOY OF PERCUSSION 베토벤 5번 운명교향곡,2021,9,9/4(토)14:00,JOY OF PERCUSSION/전남문화재단,전석 무료,5세이상관람가,소극장,대관,순수,클래식,무료,0,1,0,1,1,228,0,148,148,0,108,,,,,,2021-09-04,210904_01
36,"미얀마의 봄, 광주를 만나다",2021,9,9/4(토)17:00,(재)전라남도문화재단/전남도립국악단,"전석 10,000원",미취학 아동 입장불가,대극장,대관,순수,국악,유료,2,1,0,3,1,682,22,79,101,22,69,,,,,,2021-09-04,210904_02
37,KBS교향악단과 함께하는 제5회 여수음악제 - 피아니스트 김정원과 함께하는 “뷰티풀 선데이”,2021,9,9/5(일)17:00,(재)KBS교향악단/여수시/여수음악제 추진위원회,"R석 20,000원
S석 10,000원",미취학 아동 입장불가,대극장,대관,순수,클래식,유료,0,1,0,1,1,682,165,257,422,133,207,,,,,,2021-09-05,210905_01
38,브런치콘서트<모차르트VS슈베르트>,2021,9,9/9(목)11:00,예울마루,"전석 10,000원",미취학 아동 입장불가,대극장,기획,순수,클래식,유료,1,1,0,2,1,682,283,10,293,260,0,,,,,,2021-09-09,210909_01
39,서주희 바이올린 독주회 Ⅲ with Fantasy,2021,9,9/9(목)19:30,(재)전라남도문화재단,"전석 20,000원",미취학 아동 입장불가,소극장,대관,순수,클래식,유료,0,1,0,1,1,154,148,4,152,138,0,,,,,,2021-09-09,210909_02
40,KBS교향악단과 함께하는 제5회 여수음악제 - 금난새와 여수 꿈나무 드림 콘서트,2021,9,9/10(금)19:30,(재)KBS교향악단/여수시/여수음악제 추진위원회,"R석 20,000원
S석 10,000원",미취학 아동 입장불가,대극장,대관,순수,클래식,유료,0,1,0,1,1,682,275,248,523,229,203,,,,,,2021-09-10,210910_01
41,KBS교향악단과 함께하는 제5회 여수음악제 - 금난새와 함께하는 “행복한 토요일”,2021,9,9/11(토)14:00,(재)KBS교향악단/여수시/여수음악제 추진위원회,"전석 10,000원",미취학 아동 입장불가,소극장,대관,순수,클래식,유료,0,1,0,1,1,228,38,173,211,29,156,,,,,,2021-09-11,210911_01
42,조성진 피아노 리사이틀,2021,9,9/11(토)17:00,예울마루,"R석 90,000원
S석 70,000원
A석 50,000원",미취학 아동 입장불가,대극장,기획,순수,클래식,유료,0,1,0,1,1,717,713,6,719,705,1,,,,,,2021-09-11,210911_02
43,이춘희 명창과 함께하는 추석맞이 효 공연,2021,9,9/15(수)19:30,락음국악단,전석 무료,미취학 아동 입장불가,대극장,대관,순수,국악,무료,0,1,0,1,1,682,0,191,191,0,169,,,,,,2021-09-15,210915_01
44,클라라 주미 강 & 김선욱 듀오 리사이틀,2021,9,9/17(금)19:30,예울마루,"R석 70,000원
S석 50,000원
A석 30,000원",미취학 아동 입장불가,대극장,기획,순수,클래식,유료,0,1,0,1,1,792,363,10,373,353,1,,,,,,2021-09-17,210917_01
45,우용기 피아노 독주회,2021,9,9/30(목)19:30,(재)범민문화재단,전석 무료,미취학 아동 입장불가,소극장,대관,순수,클래식,무료,0,1,0,1,1,228,0,218,218,0,203,,,,,,2021-09-30,210930_01
46,뮤지컬<알사탕>,2021,9,"9/30(목)11:00/14:00
10/1(금)11:00/14:00
10/2(토)11:00/14:00",예울마루,"R석 50,000원
S석 30,000원",24개월이상,대극장,기획,복합,뮤지컬,유료,2,1,0,3,2,1436,903,22,925,900,1,,14,9,4752,,2021-09-30,210930_02
,뮤지컬<알사탕>,2021,10,,예울마루,"R석 50,000원
S석 30,000원",24개월이상,대극장,기획,복합,뮤지컬,유료,0,2,0,2,4,2872,2122,77,2199,2100,42,,,,,,,
47,2021 지역예술인과 세계적거장들의 만남 Wald String Orchestra in Yeosu,2021,10,10/5(화)19:30,아카데미E J,"전석 20,000원",미취학 아동 입장불가,대극장,대관,순수,클래식,유료,0,1,0,1,1,682,397,10,407,338,0,,,,,,2021-10-05,211005_01
48,연극<장수상회>,2021,10,10/9(토)15:00/18:00,㈜전공이엔티,"R석 77,000원
S석 55,000원",미취학 아동 입장불가,대극장,취소,취소,취소,취소,취소,0,0,0,0,0,0,0,0,0,0,,,,,,2021-10-09,211009_01
49,손양원 목사 순교 71주기 기념 창작오페라,2021,10,10/12(화)19:30,(사)민족지도자손양원목사기념사업회/여수시,"R석 20,000원
S석 10,000원",미취학 아동 입장불가,대극장,대관,복합,오페라,유료,1,1,0,2,1,682,426,10,436,330,1,,,,,,2021-10-12,211012_01
50,제 45회 여수예술제 개막공연,2021,10,10/13(수)19:00,여수시/사단법인 한국예총 여수지회,전석 무료,미취학 아동 입장불가,대극장,대관,대중,콘서트,무료,0,1,0,1,1,682,0,411,411,0,345,,,,,,2021-10-13,211013_01
51,2021 예울마루 실내악페스티벌 〈렉처콘서트〉,2021,10,10/14(목)19:30,예울마루,"전석 10,000원",미취학 아동 입장불가,소극장,기획,순수,클래식,유료,0,1,0,1,1,228,11,60,71,11,56,,,,,,2021-10-14,211014_01
52,2021 예울마루 실내악페스티벌,2021,10,"10/15(금)19:30
10/16(토)14:00/19:00
10/17(일)14:00",예울마루,"R석 50,000원
S석 30,000원",미취학 아동 입장불가,대극장,기획,순수,클래식,유료,0,3,0,3,4,2728,476,91,567,459,47,,,,,,2021-10-15,211015_01
53,여순사건 오페라<1948년 침묵>,2021,10,"10/19(화)19:30
10/20(수)19:30",여수심포니오케스트라,"전석 50,000원",24개월이상,대극장,대관,복합,오페라,유료,1,2,0,3,2,1364,1026,20,1046,911,3,,,,,,2021-10-19,211019_01
54,여수시립합창단 제 79회 정기연주회,2021,10,10/22(금)19:30,여수시/여수시립합창단,"전석 5,000원",5세이상관람가,대극장,대관,순수,클래식,유료,1,1,0,2,1,682,380,10,390,357,1,,,,,,2021-10-22,211022_01
55,제 15회 여수 용문사 산사음악회,2021,10,10/24(일)14:00,여수시/용문사,전석 무료,24개월이상,대극장,대관,대중,콘서트,무료,0,1,0,1,1,682,0,286,286,0,224,,,,,,2021-10-24,211024_01
56,뮤지컬 〈전설의 리틀 농구단〉,2021,10,"10/28(목)14:00/19:30
10/29(금)14:00/19:30",예울마루,"R석 50,000원
S석 30,000원",미취학 아동 입장불가,대극장,기획,복합,뮤지컬,유료,2,2,0,4,4,2728,1771,49,1820,1750,8,,,,,,2021-10-28,211028_01
57,가을밤의 세레나데,2021,10,10/28(목)19:30,(사)한국음악협회여수지부,"전석 10,000원",5세이상관람가,소극장,대관,순수,클래식,유료,0,1,0,1,1,228,59,4,63,54,0,,,,,,2021-10-28,211028_02
58,가야금 앙상블 뜰연 제 2회 정기연주회,2021,10,10/30(토)17:00,가야금 앙상블 뜰연,전석 무료,미취학 아동 입장불가,소극장,대관,순수,국악,무료,0,1,0,1,1,228,0,150,150,0,122,,22,16,7846,,2021-10-30,211030_01
59,2021 전라남도 학교예술교육 페스티벌,2021,11,"11/01(월)09:00
11/02(화)09:00
11/03(수)09:00",전라남도교육청 / 전남중등음악사랑연구회,전석 무료,미취학 아동 입장불가,대극장,대관,순수,클래식,무료,0,3,0,3,3,비대면,0,0,0,0,0,,,,,,2021-11-01,211101_01
60,2021 전라남도 학교예술교육 페스티벌,2021,11,11/5(금)14:00,전라남도교육청 / 전남중등음악사랑연구회,전석 무료,미취학 아동 입장불가,소극장,대관,복합,뮤지컬,무료,1,1,0,2,1,비대면,0,0,0,0,0,,,,,,2021-11-05,211105_01
제외,제 28회 전남합창제,2021,11,11/6(토)14:00,전라남도/여수시/전남합창연합회,전석 무료,미취학 아동 입장불가,대극장,기타,대중,행사,무료,0,1,0,1,1,0,0,0,0,0,415,,공연실적제외,,,,2021-11-06,211106_01
62,2021 지역 예술인 페스티벌<국악>,2021,11,"11/11(목)19:30
11/12(금)19:30",예울마루,"전석 10,000원",미취학 아동 입장불가,소극장,기획,순수,국악,유료,0,2,0,2,2,456,341,8,349,265,0,,,,,,2021-11-11,211111_01
63,루미아플룻콰이어 제 15회 정기연주회 희희락락 씽씽씽,2021,11,11/13(토)17:00,루미아플룻콰이어,"전석 10,000원",6세이하입장불가,소극장,대관,순수,클래식,유료,0,1,0,1,1,228,90,4,94,83,0,,,,,,2021-11-13,211113_01
제외,여수YMCA,2021,11,11/14(일)14:00,여수YMCA,전석 무료,24개월이하입장불가,소극장,기타,대중,행사,무료,0,1,0,1,1,0,0,0,0,0,100,,공연실적제외,,,,2021-11-14,211114_01
65,달빛처럼,2021,11,11/18(목)19:00,여수시 / 남해안발전연구소,"전석 20,000원",미취학 아동 입장불가,소극장,대관,대중,콘서트,유료,0,1,0,1,1,228,31,156,187,30,132,,,,,,2021-11-18,211118_01
66,제 10회 한독음악교류 유진 청소년 오케스트라 연주회,2021,11,11/20(토)17:00,여수시/한독한마음,"전석 10,000원",24개월이하입장불가,소극장,대관,순수,클래식,유료,0,1,0,1,1,228,130,4,134,123,0,,,,,,2021-11-20,211120_01
67,MODAFE LEGEND STAGE in Yeosu,2021,11,11/21(일)18:00,사단법인 한국현대무용협회,전석 무료,미취학 아동 입장불가,대극장,대관,순수,무용,무료,1,1,0,2,1,682,0,262,262,0,218,,,,,,2021-11-21,211121_01
68,한국음악협회여수지부 제46회 정기연주회,2021,11,11/23(화)19:30,(사)한국음악협회여수지부,"전석 10,000원",5세이상관람가,대극장,대관,순수,클래식,유료,0,1,0,1,1,682,80,10,90,76,0,,,,,,2021-11-23,211123_01
69,여수시립국악단 제 39회 정기공연,2021,11,11/26(금)19:00,여수시/여수시립국악단,"전석 5,000원",미취학 아동 입장불가,대극장,대관,순수,국악,유료,2,1,0,3,1,682,359,10,369,350,0,,,,,,2021-11-26,211126_01
70,여문樂(락)페스티벌,2021,11,11/27(토)19:00,여문청년거리축제추진위원회,전석 무료,24개월이하입장불가,대극장,대관,대중,콘서트,무료,0,1,0,1,1,682,0,229,229,0,202,,,,,,2021-11-27,211127_01
71,"두 개의 선율, 하나의 울림 허혜정&정기쁨 바이올린 듀오 콘서트",2021,11,11/28(일)17:00,SG앙상블,"전석 20,000원",미취학 아동 입장불가,소극장,대관,순수,클래식,유료,0,1,0,1,1,228,109,4,113,97,0,,,,,,2021-11-28,211128_01
72,남도국제음악제,2021,11,11/30(화)19:30,(사)누림,"S석 30,000원
A석 20,000원",미취학 아동 입장불가,대극장,대관,순수,클래식,유료,0,1,0,1,1,682,31,191,222,30,143,,15,15,2049,,2021-11-30,211130_01
73,"브런치콘서트<북유럽 휘바클래식, 시벨리우스와 그리그>",2021,12,12/02(목)11:00,예울마루,"전석 10,000원",미취학 아동 입장불가,대극장,기획,순수,클래식,유료,1,1,0,2,1,682,343,10,353,263,0,,,,,,2021-12-02,211202_01
74,여수심포니오케스트라 <섬을 노래하다>,2021,12,12/03(금)19:00,여수심포니오케스트라,"전석 20,000원",미취학 아동 입장불가,대극장,대관,순수,클래식,유료,1,1,0,2,1,682,390,10,400,362,1,,,,,,2021-12-03,211203_01
75,에스챔버소사이어티 제 5회 정기연주회,2021,12,12/05(일)17:00,에스챔버소사이어티,"전석 10,000원",미취학 아동 입장불가,소극장,대관,순수,클래식,유료,0,1,0,1,1,228,54,4,58,45,0,,,,,,2021-12-05,211205_01
76,뮤지컬 <시카고>,2021,12,"12/10(금)19:30
12/11(토)14:00/18:30
12/12(일)14:00/18:30",예울마루/공연마루,"R석 140,000원
S석 120,000원
A석 90,000원",중학생 이상  관람가,대극장,기획,복합,뮤지컬,유료,3,3,1,7,5,4015,3789,61,3850,3631,26,,,,,,2021-12-10,211210_01
77,여수교원교향악단 제 13회 정기연주회,2021,12,12/14(화)19:00,여수교원교향악단,전석 무료,24개월이하입장불가,대극장,대관,순수,클래식,무료,0,1,0,1,1,682,0,244,244,0,226,,,,,,2021-12-14,211214_01
78,여수시립예술단과 함께하는 2021 송년음악회,2021,12,12/16(목)19:30,여수시/여수시립예술단,"전석 5,000원",6세이상 관람가,대극장,대관,순수,클래식,유료,1,1,0,2,1,682,268,10,278,234,0,,,,,,2021-12-16,211216_01
79,국민연극 〈라이어3탄 : 튀어!〉 - 여수,2021,12,"12/16(목)14:00/19:30 
12/17(금)14:00/19:30 
12/18(토)14:00/17:00
12/21(화)~22(수)14:00/ 19:30
12/23(목)~12/14(금)19:30 
12/25(토)14:00/17:00",예울마루/여수 MBC,"전석 30,000원",중학생 이상  관람가,소극장,기획,순수,연극,유료,2,8,0,10,14,3388,2141,119,2260,1980,75,,,,,,2021-12-16,211216_02
80,The BEGINNING 제 8회 여수클래식 영재육성을 위한 음악회,2021,12,12/17(금)19:30,(사)한국음악협회여수지부,무료,5세이상관람가,대극장,대관,순수,클래식,무료,0,1,0,1,1,682,0,120,120,0,105,,,,,,2021-12-17,211217_01
81,2021 여수영재교육원 예술영재 정기연주회,2021,12,12/18(토)17:00,전라남도여수교육지원청/여수영재교육원,전석 무료,6세이상 관람가,대극장,대관,순수,클래식,무료,0,1,0,1,1,682,0,382,382,0,317,,,,,,2021-12-18,211218_01
82,피아졸라 100주년 퀸텟 내한공연,2021,12,12/19(일)17:00,엔더블유에이뮤직,"R석 50,000원
S석 40,000원
A석 30,000원",미취학 아동 입장불가,대극장,대관,순수,클래식,유료,0,1,0,1,1,682,350,10,360,332,0,,,,,,2021-12-19,211219_01
83,페인터즈-여수,2021,12,"12/24(금)14:00/19:30
12/25(토)14:00/17:00",예울마루,"R석 50,000원
S석 40,000원
A석 30,000원",24개월이하입장불가,대극장,기획,복합,뮤지컬,유료,2,2,0,4,4,2872,1117,63,1180,1067,18,,,,,,2021-12-24,211224_01
84,Wald 오케스트라와 함께하는 유진 청소년 유망신예 협연의 밤,2021,12,12/26(일)17:00,아카데미E J,"전석 20,000원",24개월이하입장불가,소극장,대관,순수,클래식,유료,0,1,0,1,1,228,162,4,166,145,0,,,,,,2021-12-26,211226_01
85,클래식산책 해설이 있는 오페라 갈라콘서트<CARMEN>,2021,12,12/30(목)19:30,여수그랜드오페라단,"R석 20,000원
S석 10,000원",5세이상관람가,대극장,대관,순수,클래식,유료,0,1,0,1,1,682,245,10,255,243,0,,33,18,9906,,2021-12-30,211230_01
1,임현정의 바흐 렉쳐콘서트,2022,1,1/2(일)16:00,다나기획사,"R석 50,000원
S석 30,000원",미취학 아동 입장불가,대극장,대관,순수,클래식,유료,0,1,0,1,1,682,100,40,140,96,29,,,,,,2022-01-02,220102_01
2,어린이 가족 뮤지컬 <신데렐라>,2022,1,1/8(토)11시/14시/16시,명작극장,"전석 40,000원",24개월이하 입장불가,대극장,대관,복합,뮤지컬,유료,1,1,0,2,3,2046,619,30,649,613,0,,,,,,2022-01-08,220108_01
3,쇼콰이어그룹 하모나이즈의 해피홀릭 콘서트,2022,1,1/15(토)16:00,재단법인 여수교육재단,"R석 70,000원
S석 50,000원",24개월이하 입장불가,대극장,대관,대중,콘서트,유료,1,1,0,2,1,682,315,90,405,307,76,,,,,,2022-01-15,220115_01
4,연희판놀음 <상생의 비나리>,2022,1,1/18(화)19:30,전통연희단 잔치마당,전석 무료,24개월이하 입장불가,소극장,대관,순수,국악,무료,0,1,0,1,1,302,0,144,144,0,137,,,,,,2022-01-18,220118_01
5,2022 예울마루 신년음악회,2022,1,1/20(목)19:30,예울마루/코리안심포니오케스트라,"R석 70,000원
S석 50,000원
A석 30,000원",미취학 아동 입장불가,대극장,기획,순수,클래식,유료,1,1,0,2,1,766,376,42,418,364,34,,,,,,2022-01-20,220120_01
6,뮤지컬 번개맨 : 검은 번개맨의 정체는?,2022,1,"1/22(토)11/14/16:30
1/23(일)11:00/14:00",(주)하늘이엔티,"R석 66,000원
S석 55,000원",24개월이하 입장불가,대극장,대관,복합,뮤지컬,유료,1,2,0,3,5,3410,1637,66,1703,1628,22,,,,,,2022-01-22,220122_01
7,유세형 피아노 독주회,2022,1,1/26(수)19:00,(주)하나전력기술단,"전석 10,000원",미취학 아동 입장불가,소극장,대관,순수,클래식,유료,0,1,0,1,1,228,94,4,98,93,0,,13,8,3557,,2022-01-26,220126_01
8,연극<친정엄마와 2박3일>,2022,2,"2/4(금)19:30
2/5(토)14:00/18:00",(주)공연마루,"R석 77,000원
S석 66,000원",미취학 아동 입장불가,대극장,대관,순수,연극,유료,1,2,1,4,3,2271,1110,37,1147,1104,11,,,,,,2022-02-04,220204_01
9,클래식 음악여행,2022,2,2/24(목)19:00,쁄라뮤직아카데미(문윤미),"전석 20,000원",미취학 아동 입장불가,소극장,대관,순수,클래식,유료,0,1,0,1,1,228,36,4,40,34,0,,,,,,2022-02-24,220224_01
10,연극<더 드레서>,2022,2,"2/25(금)19:30
2/26(토)15:00/19:00",예울마루/여수MBC,"R석 70,000원
S석 50,000원",12세이하 입장불가,대극장,기획,순수,연극,유료,3,2,0,5,3,1692,630,42,672,595,16,,7,5,1859,,2022-02-25,220225_01
제외,와이즈맨,2022,3,3/12(토)13:00,와이즈맨,무료,미취학 아동 입장불가,소극장,기타,대중,행사,무료,0,1,0,1,1,0,0,0,0,0,99,,공연실적제외,,,,2022-03-12,220312_01
12,브런치콘서트〈엔니오 모리꼬네를 위하여〉,2022,3,3/24(목)11:00,예울마루,"전석 15,000원",미취학 아동 입장불가,대극장,기획,순수,클래식,유료,1,1,0,2,1,564,230,10,240,204,1,,,,,,2022-03-24,220324_01
13,김창옥 토크콘서트 시즌 2,2022,3,3/26(토)14:00/18:00,(주)하늘이엔티,"R석 77,000원
S석 66,000원",15세이하 입장불가,대극장,대관,대중,콘서트,유료,0,1,0,1,2,1586,1230,47,1277,1192,24,,,,,,2022-03-26,220326_01
14,SAVE THE PLANET(미디어아트 X VRI String Quartet의 환경메시지 ),2022,3,3/30(수)19:00,무선지,무료,12세이하 입장불가,대극장,대관,복합,다윈,무료,1,1,0,2,1,486,0,157,157,0,126,,,,,,2022-03-30,220330_01
제외,전남동부극동포럼,2022,3,3/31(목)19:00,전남동부극동방송,무료,미취학 아동 입장불가,소극장,기타,대중,행사,무료,0,1,0,1,1,0,0,0,0,0,159,,4,3,1674,,2022-03-31,220331_01
16,신춘음악회,2022,4,4/7(목)19:30,한국음악협회 여수지부,"전석 10,000원",5세이상관람가,소극장,대관,순수,클래식,유료,0,1,0,1,1,228,81,4,85,62,0,,,,,,2022-04-07,220407_01
17,2022 Joy Of Percussion 제 3회 정기연주회,2022,4,4/9(토)17:00,Joy Of Percussion,"전석 10,000원",5세이상관람가,대극장,대관,순수,클래식,유료,0,1,0,1,1,792,127,10,137,113,0,,,,,,2022-04-09,220409_01
18,뮤지컬 〈레베카〉 - 여수,2022,4,"4/15(금)19:30
4/16(토)14:00/19:00
4/17(일)14:00/19:00",예울마루/공연마루,"R석 150,000원
S석 130,000원
A석 90,000원",미취학 아동 입장불가,대극장,기획,복합,뮤지컬,유료,3,3,1,7,5,4680,3603,89,3692,3557,54,,,,,,2022-04-15,220415_01
19,열린심포니오케스트라 제 17회 정기연주회,2022,4,4/22(금)19:30,열린오케스트라,무료,5세이상관람가,대극장,대관,순수,클래식,무료,0,1,0,1,1,792,0,540,540,0,506,,,,,,2022-04-22,220422_01
20,가곡연주회-세미나콘서트' 이탈리아를 Let's SING!,2022,4,4/23(토)15:00,ThanksFULL,무료,24개월이하 입장불가,소극장,대관,순수,클래식,무료,0,1,0,1,1,298,0,169,169,0,142,,,,,,2022-04-23,220423_01
21,"다시 봄, 그대와 희망을 꿈꾸며",2022,4,4/29(금)19:30,광주문화재단,무료,미취학 아동 입장불가,대극장,대관,순수,클래식,무료,1,1,0,2,1,936,0,510,510,0,418,,,,,,2022-04-29,220429_01
22,2022 여수오케스트라 기획연주,2022,4,4/30(토)17:00,여수오케스트라,"전석 20,000원",미취학 아동 입장불가,대극장,대관,순수,클래식,유료,0,1,0,1,1,936,339,10,349,289,0,,11,9,5482,,2022-04-30,220430_01
23,여수시립합창단 제80회 정기연주회 <오월이 전하는 꽃비>,2022,5,5/19(목)19:30,여수시/여수시립합창단,"전석 5,000원",5세이상관람가,대극장,대관,순수,클래식,유료,2,1,0,3,1,936,523,10,533,452,1,,,,,,2022-05-19,220519_01
24,여수심포니오케스트라 제11회 정기연주회 거장의 울림,2022,5,5/26(목)19:30,여수심포니오케스트라,"전석 20,000원",5세이상관람가,대극장,대관,순수,클래식,유료,1,1,0,2,1,936,554,10,564,511,0,,,,,,2022-05-26,220526_01
25,모인콰르텟 제1회 정기연주회<모인콰르텟과 함께하는 5월의 마지막 밤>,2022,5,5/29(일)17:00,오예스유/모인콰르텟/범민문화재단,"전석 10,000원",미취학 아동 입장불가,소극장,대관,순수,클래식,유료,0,1,0,1,1,298,138,4,142,107,0,,3,3,1239,,2022-05-29,220529_01
26,조재혁 쇼팽 음반발매 기념 리사이틀,2022,6,6/3(금)19:30,예울마루,"R석 50,000원
S석 40,000원
A석 30,000원",미취학 아동 입장불가,대극장,기획,순수,클래식,유료,0,1,0,1,1,766,240,95,335,222,72,,,,,,2022-06-03,220603_01
27,이은결 MAGIC&ILLUSION,2022,6,"6/11(금)14:00/19:00
6/12(토)14:00","(유)예향미디어 / 라이브아트, 피알몬스터","R석 66,000
S석 55,000",만 5세 이상관람가,대극장,대관,복합,뮤지컬,유료,2,2,0,4,3,2997,2083,30,2113,2071,1,,,,,,2022-06-11,220611_01
28,브런치콘서트〈쇼팽으로 만나는 디즈니〉,2022,6,6/16(목)11:00,예울마루,"전석 15,000원",미취학 아동 입장불가,대극장,기획,순수,클래식,유료,1,1,0,2,1,784,777,10,787,758,0,,,,,,2022-06-16,220616_01
29,트리오제이 제4회 정기연주회,2022,6,6/16(목)19:30,트리오제이/전남문화재단,"전석 20,000원",미취학 아동 입장불가,소극장,대관,순수,클래식,유료,0,1,0,1,1,298,256,4,260,251,0,,,,,,2022-06-16,220616_02
30,이음스트링챔버오케스트라 제3회 정기연주회 Bohemian Romance,2022,6,6/18(토)17:00,이음스트링챔버오케스트라,"전석 10,000원",미취학 아동 입장불가,소극장,대관,순수,클래식,유료,0,1,0,1,1,298,222,4,226,207,0,,,,,,2022-06-18,220618_01
제외,와이즈발레단<발레 렉쳐>,2022,6,6/23(목)19:00,예울마루,전석 무료,미취학 아동 입장불가,소극장,기타,대중,행사,무료,0,0,0,0,1,0,0,0,0,0,18,,공연실적제외,,,,2022-06-23,220623_01
제외,와이즈발레단<발레 워크숍>,2022,6,6/24(금)19:00,예울마루,전석 무료,미취학 아동 입장불가,리허설룸2,기타,대중,행사,무료,0,0,0,0,1,0,0,0,0,0,14,,공연실적제외,,,,2022-06-24,220624_01
31,2022 theatre 이문세콘서트 여수,2022,6,"6/24(금)19:30
6/25(토)17:00",(주)공연마루,"R석 143,000원
S석 121,000원",미취학 아동 입장불가,대극장,대관,대중,콘서트,유료,2,2,1,5,2,2018,1988,30,2018,1976,15,,,,,,2022-06-24,220624_02
32,앙상블여수 정기연주회 '위로와 평화',2022,6,6/25(토)15:00,앙상블여수,"전석 20,000원",미취학 아동 입장불가,소극장,대관,순수,클래식,유료,0,1,0,1,1,298,294,4,298,286,0,,10,7,6037,,2022-06-25,220625_01
33,와이즈발레단 〈VITA〉 - 여수,2022,7,"7/1(금)19:30
7/2(토)17:00","(재)예술경영지원센터/GS칼텍스 예울마루,와이즈발레단","R석 30,000원
S석 20,000원",미취학 아동 입장불가,대극장,기획,순수,발레,유료,2,2,0,4,2,1584,336,77,413,318,47,,,,,,2022-07-01,220701_01
34,여수 중부새마을금고 40주년 기념음악회,2022,7,7/5(화)19:30,여수중부새마을금고/LG헬로비전,전석 무료,24개월이하 입장불가,대극장,대관,대중,콘서트,무료,1,1,0,2,1,1009,0,1009,1009,0,954,,,,,,2022-07-05,220705_01
35,2022 코리안챔버오케스트라 연주회,2022,7,7/8(금)19:30,예울마루,"R석 80,000원
S석 60,000원
A석 40,000원",미취학 아동 입장불가,대극장,기획,순수,클래식,유료,0,1,0,1,1,766,290,97,387,286,78,,,,,,2022-07-08,220708_01
36,서진아 피아노 독주회,2022,7,7/9(토)19:30,프랑스 파리 목양교회,"전석 20,000원",미취학 아동 입장불가,대극장,대관,순수,클래식,유료,0,1,0,1,1,1009,20,325,345,20,151,,,,,,2022-07-09,220709_01
37,Summer Festival 맛있는 클래식,2022,7,7/14(목)19:30,여수심포니오케스트라,"전석 20,000원",5세이상관람가,대극장,대관,순수,클래식,유료,1,1,0,2,1,936,497,10,507,464,1,,,,,,2022-07-14,220714_01
38,2022 이승환 콘서트 〈당신이 원하는 바로 그 콘서트〉 - 여수,2022,7,7/6(토)17:00,(주)하늘이엔티,"R석 143,000원
S석 121,000원
A석 110,000원",미취학 아동 입장불가,대극장,대관,대중,콘서트,유료,1,1,0,2,1,936,840,15,855,838,4,,,,,,2022-07-06,220706_01
39,이머시브 가족뮤지컬 〈알피〉 - 여수,2022,7,"7/22(금)11:00/14:00
7/23(토)11:00/14:00","(재)예술경영지원센터/GS칼텍스 예울마루,브러쉬씨어터","전석 30,000원",5세이상(2018년포함 이전출생자)가능,대극장,기획,복합,뮤지컬,유료,3,2,0,5,4,480,471,0,471,467,0,,,,,,2022-07-22,220722_01
40,오래되고 멋진 클래식 <바로크를 추앙하다>,2022,7,7/24(일)17:00,아카데미E J,"전석 30,000원",미취학 아동 입장불가,소극장,대관,순수,클래식,유료,0,1,0,1,1,298,247,4,251,232,0,,12,10,4238,,2022-07-24,220724_01
41,뮤지컬 헬로카봇 시즌6_흔들흔들 댄스파티,2022,8,"8/6(토)11:00/14:00/16:30
8/7(일)11:00/14:00",(주)씽크브릿지,"R석 66,000원
S석 55,000원",24개월이하 입장불가,대극장,대관,복합,뮤지컬,유료,1,2,0,3,5,4630,1665,85,1750,1636,34,,,,,,2022-08-06,220806_01
42,뮤지컬 지킬앤하이드 (Jekyll＆Hyde) - 여수,2022,8,"8/12(금)19:30
8/13(토)14:00/19:00
8/14(일)14:00",예울마루/밝은누리/여수MBC,"R석 150,000원
S석 130,000원
A석 90,000원",14세(중학교) 이상 관람가,대극장,기획,복합,뮤지컬,유료,3,3,1,7,4,3880,3603,73,3676,3568,49,,,,,,2022-08-12,220812_01
43,가족뮤지컬 〈캔터빌의 유령〉 - 여수,2022,8,"8/19(금)11:00/14:00
8/20(토)11:00/14:00","(재)예술경영지원센터/GS칼텍스 예울마루,엠제이플래닛","전석 30,000원",5세이상(2018년포함 이전출생자)가능,소극장,기획,복합,뮤지컬,유료,2,2,0,4,4,1208,803,26,829,781,11,,,,,,2022-08-19,220819_01
44,헬로!오페라〈사랑의 묘약〉 - 여수,2022,8,"8/19(금)19:30
8/20(토)17:00",예울마루,"전석 30,000원
전석 50,000원",미취학 아동 입장불가,대극장,기획,복합,오페라,유료,2,2,0,4,2,1852,395,22,417,379,6,,,,,,2022-08-19,220819_02
45,7th 2022 여수 ECO 국제음악제,2022,8,8/24(수)19:30,(재)범민문화재단,전석 무료,5세이상(2018년포함 이전출생자)가능,소극장,대관,순수,클래식,무료,0,1,0,1,1,926,0,239,239,0,206,,,,,,2022-08-24,220824_01
46,7th 2022 여수 ECO 국제음악제,2022,8,"8/25(목)19:30
8/26(금)19:30
8/27(일)17:00",(재)범민문화재단,"전석 50,000원",5세이상(2018년포함 이전출생자)가능,대극장,대관,순수,클래식,유료,1,3,0,4,3,2778,1481,30,1511,1397,2,,,,,,2022-08-25,220825_01
47,제3회 가야금앙상블 뜰연 너울을 거닐다,2022,8,8/27(토)17:00,가야금앙상블 뜰연/(재)전남문화재단,전석 무료,24개월이하 입장불가,소극장,대관,순수,국악,무료,0,1,0,1,1,302,0,70,70,0,58,,,,,,2022-08-27,220827_01
48,해설이 있는 오페라 부파 갈라 콘서트,2022,8,8/30(화)19:30,여수그랜드오페라단/여수시/(재)전남문화재단,"R석 20,000원
S석 10,000원",5세이상(2018년포함 이전출생자)가능,대극장,대관,순수,클래식,유료,0,1,0,1,1,926,368,10,378,328,0,,21,13,8870,,2022-08-30,220830_01
49,"브런치콘서트 <빈센트 반 고흐, 그리고 클래식>",2022,9,9/1(목)11:00,예울마루,"전석 15,000원",미취학 아동 입장불가,대극장,기획,순수,클래식,유료,1,1,0,2,1,688,545,10,555,519,1,,,,,,2022-09-01,220901_01
제외,GS칼텍스 명사특강,2022,9,9/1(목)19:30,GS칼텍스,전석 무료,24개월이하 입장불가,소극장,기타,대중,행사,무료,0,0,0,0,1,0,0,0,0,0,0,,공연실적제외,,,,2022-09-01,220901_02
50,KBS교향악단과 함께하는 제6회 여수음악제 개막연주회 - 정명훈의 ‘오르간’ 심포니,2022,9,9/2(금)19:30,여수시/여수음악제 추진위원회/(재)KBS교향악단,R석 5만원 / S석 3만원 / 청소년 전석 1만원,미취학 아동 입장불가,대극장,대관,순수,클래식,유료,1,1,0,2,1,936,450,370,820,446,344,,,,,,2022-09-02,220902_01
51,KBS교향악단과 함께하는 제6회 여수음악제 특별연주회 1 - 피아니스트 손민수 ‘초절기교’,2022,9,9/3(토)17:00,여수시/여수음악제 추진위원회/(재)KBS교향악단,R석 3만원 / S석 2만원 / 청소년 전석 1만원,미취학 아동 입장불가,대극장,대관,순수,클래식,유료,0,0,0,0,1,936,283,119,402,271,73,,,,,,2022-09-03,220903_01
52,KBS교향악단과 함께하는 제6회 여수음악제 체임버연주회 1 With 기타리스트 박규희,2022,9,9/3(토)19:30,여수시/여수음악제 추진위원회/(재)KBS교향악단,"전석 20,000원",미취학 아동 입장불가,소극장,대관,순수,클래식,유료,0,1,0,1,1,298,152,63,215,146,49,,,,,,2022-09-03,220903_02
53,KBS교향악단과 함께하는 제6회 여수음악제 체임버연주회 2 With 하모니시스트 박종성,2022,9,9/4(일)14:00,여수시/여수음악제 추진위원회/(재)KBS교향악단,"전석 20,000원",미취학 아동 입장불가,소극장,대관,순수,클래식,유료,0,0,0,0,1,298,60,67,127,52,51,,,,,,2022-09-04,220904_01
54,KBS교향악단과 함께하는 제6회 여수음악제 특별연주회 2 - 드라마 속 클래식,2022,9,9/4(일)17:00,여수시/여수음악제 추진위원회/(재)KBS교향악단,R석 3만원 / S석 2만원 / 청소년 전석 1만원,미취학 아동 입장불가,대극장,대관,순수,클래식,유료,0,1,0,1,1,936,143,174,317,122,50,,,,,,2022-09-04,220904_02
55,KBS교향악단과 함께하는 제6회 여수음악제 체임버연주회 3 With 반도네오니스트 고상지,2022,9,9/4(일)19:00,여수시/여수음악제 추진위원회/(재)KBS교향악단,"전석 20,000원",미취학 아동 입장불가,소극장,대관,순수,클래식,유료,0,1,0,1,1,936,213,80,293,192,59,,,,,,2022-09-04,220904_03
56,KBS교향악단과 함께하는 제6회 여수음악제 폐막연주회 - 여섯 번째 '결실',2022,9,9/7(수)19:30,여수시/여수음악제 추진위원회/(재)KBS교향악단,R석 3만원 / S석 2만원 / 청소년 전석 1만원,미취학 아동 입장불가,대극장,대관,순수,클래식,유료,0,1,0,1,1,936,225,356,581,220,304,,,,,,2022-09-07,220907_01
57,2022남도국제음악제,2022,9,9/8(목)19:30,(사)누림,전석 무료,미취학 아동 입장불가,대극장,대관,순수,클래식,무료,0,1,0,1,1,936,0,210,210,0,192,,,,,,2022-09-08,220908_01
58,GS칼텍스 예울마루 개관 10주년 기념 프린지 콘서트 및 야외 영화제,2022,9,9/13(화)18:00,예울마루,전석 무료,전체관람가,야외,기획,대중,행사,무료,1,1,0,2,1,500,0,200,200,0,200,,,,,,2022-09-13,220913_01
59,GS칼텍스 예울마루 개관 10주년 기념 프린지 콘서트 및 야외 영화제,2022,9,9/14(수)18:00,예울마루,전석 무료,전체관람가,야외,기획,대중,행사,무료,0,1,0,1,1,500,0,200,200,0,200,,,,,,2022-09-14,220914_01
60,GS칼텍스 예울마루 개관 10주년 기념 프린지 콘서트 및 야외 영화제,2022,9,9/15(목)19:00,예울마루,전석 무료,전체관람가,야외,기획,대중,행사,무료,0,1,0,1,1,500,0,300,300,0,300,,,,,,2022-09-15,220915_01
61,GS칼텍스 예울마루 개관 10주년 기념 음악회,2022,9,9/16(금)19:30,예울마루,전석 무료,미취학 아동 입장불가,대극장,기획,순수,클래식,무료,0,1,0,1,1,926,0,619,619,0,619,,,,,,2022-09-16,220916_01
62,GS칼텍스 예울마루 개관 10주년 기념 G콘서트,2022,9,9/17(토)18:00,예울마루,전석 무료,전체관람가,야외,기획,대중,행사,무료,4,1,1,6,1,1300,0,1300,1300,0,1300,,,,,,2022-09-17,220917_01
63,IYAGI 퓨전공연 출두요!,2022,9,9/18(일)17:00,IYAGI,"전석 20,000원",24개월이상,소극장,대관,복합,뮤지컬,유료,0,1,0,1,1,298,294,4,298,263,0,,,,,,2022-09-18,220918_01
64,헤럴드경제.남도일보 가을콘서트 “The Magic” - 여수,2022,9,9/20(화)19:00,헤럴드경제 / 남도일보,"R석 99,000원
S석 88,000원",미취학 아동 입장불가,대극장,대관,복합,다윈,유료,0,1,0,1,1,1009,490,10,500,477,0,,,,,,2022-09-20,220920_01
65,국립발레단 전막 발레〈백조의 호수〉 - 여수,2022,9,"9/23(금)19:30
9/24(토)15:00",GS칼텍스 예울마루/국립발레단,"R석 50,000원
S석 30,000원",7세이상(2016년포함 이전출생자)가능,대극장,기획,순수,발레,유료,2,2,0,4,2,1852,1401,74,1475,1358,48,,,,,,2022-09-23,220923_01
66,연극〈갈매기〉 - 여수,2022,9,"9/29(목)19:30
9/30(금)19:30","재)예술경영지원센터, GS칼텍스 예울마루,백수광부,한국소리문화의전당, 문화체육관광부","R석 50,000원
S석 30,000원",13세 이상 관람가(2010년생부터 입장가능),대극장,기획,순수,연극,유료,2,2,0,4,2,1852,124,239,363,119,190,,,,,,2022-09-29,220929_01
67,박준영 독창회,2022,9,9/30(금)19:30,박준영/전남문화재단,전석 무료,7세이상 관람가,소극장,대관,순수,클래식,무료,0,1,0,1,1,298,0,139,139,0,117,,21,17,8914,,2022-09-30,220930_01
68,양성원&엔리코 파체 듀오 리사이틀 - 여수,2022,10,10/1(토)17:00,예울마루,"R석 50,000원
S석 30,000원",미취학 아동 입장불가,대극장,기획,순수,클래식,유료,0,1,0,1,1,936,147,29,176,136,12,,,,,,2022-10-01,221001_01
69,뮤지컬쇼 〈핑크퐁과 아기상어의 월드투어쇼〉- 여수,2022,10,"10/6(목)11:00/14:00
10/7(금)11:00/14:00
10/8(토)11:00/14:00",예울마루/㈜밝은누리,"R석 50,000원
S석 30,000원",24개월이상,대극장,기획,복합,뮤지컬,유료,2,3,0,5,6,5616,3251,84,3335,3218,24,,,,,,2022-10-06,221006_01
70,제2회 플루트인 정기연주회,2022,10,10/8(토)16:00,Flute 人,"전석 10,000원",5세이상관람가,소극장,대관,순수,클래식,유료,0,1,0,1,1,298,174,4,178,161,0,,,,,,2022-10-08,221008_01
71,제11회 유진오케스트라 정기연주회,2022,10,10/9(일)17:00,한독한마음,"전석 20,000원",5세이상관람가,대극장,대관,순수,클래식,유료,0,1,0,1,1,668,533,10,543,470,1,,,,,,2022-10-09,221009_01
72,제46회 여수예술제,2022,10,10/11(화)19:00,한국예총 여수지회,전석 무료,6세이상관람가,대극장,대관,대중,행사,무료,0,1,0,1,1,668,0,607,607,0,519,,,,,,2022-10-11,221011_01
73,2022 예울마루 실내악페스티벌 렉쳐콘서트,2022,10,10/13(묵)19:30,예울마루,전석 무료,미취학 아동 입장불가,소극장,기획,대중,행사,무료,0,1,0,1,1,298,0,40,40,0,40,,,,,,2022-10-13,221013_01
74,2022 예울마루 실내악페스티벌,2022,10,"10/14(금)19:30
10/15(토)14:00/19:00
10/16(일)14:00",예울마루,"R석 50,000원
S석 30,000원",미취학 아동 입장불가,대극장,기획,순수,클래식,유료,0,3,0,3,4,3744,279,281,560,272,203,,,,,,2022-10-14,221014_01
75,1948 그날의 기억 <침묵>,2022,10,"10/19(수)19:30
10/20(목)19:30",여수심포니오케스트라,전석 무료,5세이상관람가,대극장,대관,복합,오페라,무료,2,2,0,4,2,1872,0,1327,1327,0,1233,,,,,,2022-10-19,221019_01
76,한국음악협회 여수지부 가을밤의세레나데,2022,10,10/21(금)19:30,한국음악협회 여수지부,"전석 10,000원",5세이상관람가,소극장,대관,순수,클래식,유료,0,1,0,1,1,298,177,4,181,164,0,,,,,,2022-10-21,221021_01
77,신비아파트 뮤지컬 시즌5：감염된 도시의 비밀,2022,10,"10/22(토)11시/14시/16:30
10/23(일)11:00/14:00",(주)파이오니아,"R석 66,000원
S석 55,000원",24개월이상,대극장,대관,복합,뮤지컬,유료,1,2,0,3,5,4680,1439,50,1489,1428,0,,,,,,2022-10-22,221022_01
78,여수시립국악단 제41회 정기공연 월하,2022,10,10/27(목)19:00,여수시/여수시립국악단,"전석 5,000원",5세이상관람가,대극장,대관,순수,국악,유료,2,1,1,4,1,936,476,10,486,376,0,,,,,,2022-10-27,221027_01
79,"쉼표, 잠시 쉬었다 가도 괜찮아",2022,10,10/29(토)17:00,루미아플룻콰이어,전석 무료,5세이상관람가,소극장,대관,순수,클래식,무료,0,1,0,1,1,298,0,132,132,0,129,,25,17,9054,,2022-10-29,221029_01
80,2022 최현우 〈THE BRAIN〉 - 여수,2022,11,"11/5(토)15:00/19:00
11/6(일)13:00/17:00",빅탑엔터테인먼트,"R석 88,000원
S석 66,000원",7세이상관람가,대극장,대관,복합,뮤지컬,유료,2,2,0,4,4,3744,2070,99,2169,2049,55,,,,,,2022-11-05,221105_01
81,2022년 GS칼텍스 희망에너지교실 친환경 창착연극,2022,11,11/5(토)15:00,지역아동센터연합회,전석 무료,5세이상관람가,소극장,대관,순수,연극,무료,0,1,0,1,1,298,0,298,298,0,257,,,,,,2022-11-05,221105_02
82,손양원목사 순교 72주기 기념 <The 사랑 Concert>,2022,11,11/8(화)19:00,(사)민족지도자손양원목사기념사업회,"R석 20,000원
S석 10,000원",미취학 아동 입장불가,대극장,대관,대중,콘서트,유료,1,1,0,2,1,999,469,10,479,444,4,,,,,,2022-11-08,221108_01
83,여수시립합창단 제81회 정기연주회 하이든 천지창조,2022,11,11/10(목)19:30,여수시/여수시립합창단,"전석 5,000원",6세이상관람가,대극장,대관,순수,클래식,유료,1,1,0,2,1,936,490,10,500,457,0,,,,,,2022-11-10,221110_01
84,뮤지컬 〈포파이〉 - 여수,2022,11,"11/11(금)15:00/18:00
11/12(토)14:00/17:00",예울마루,"전석 20,000원",11세이상관람가,소극장,기획,복합,뮤지컬,유료,2,2,0,4,4,1192,509,55,564,476,25,,,,,,2022-11-11,221111_01
85,JOY OF PERCUSSION 꿈다락 4회 정기연주회,2022,11,11/12(토)17:00,JOY OF PERCUSSION,"전석 10,000원",5세이상관람가,대극장,대관,순수,클래식,유료,1,1,0,2,1,668,114,10,124,104,0,,,,,,2022-11-12,221112_01
86,심포니 오브 메이플 스토리,2022,11,11/13(일)17:00,(주) 스톰프뮤직,"R석 90,000원
S석 70,000원
A석 50,000원",8세이상관람가,대극장,대관,순수,클래식,유료,0,1,0,1,1,936,597,10,607,585,0,,,,,,2022-11-13,221113_01
87,전남 CBS 가족과 함께하는 감사잔치 <바리톤 고성현 콘서트>,2022,11,11/15(화)19:30,전남 CBS,전석 무료,미취학 아동 입장불가,소극장,대관,순수,클래식,무료,0,1,0,1,1,298,0,298,298,0,219,,,,,,2022-11-15,221115_01
88,CTS 전남방송 개국 18주년 기념 < 가을음악회 >,2022,11,11/17(목)19:30,CTS 전남방송,전석 무료,미취학 아동 입장불가,대극장,대관,대중,콘서트,무료,0,1,0,1,1,936,0,493,493,0,429,,,,,,2022-11-17,221117_01
89,YB TOUR LIGHTS - 여수,2022,11,"11/19(토)18:00
11/20(일)17:00",(유)디온커뮤니케이션,"R석 132,000원 
S석 121,000원",8세이상관람가,대극장,대관,대중,콘서트,유료,1,2,0,3,2,1009,1677,80,1757,1647,66,,,,,,2022-11-19,221119_01
90,김선미 waa 판 세번째 여류지화,2022,11,11/19(토)17:30,전통연희연구소 다락,"전석 15,000원",4세이상관람가,소극장,대관,순수,국악,유료,0,1,0,1,1,298,224,4,228,171,0,,,,,,2022-11-19,221119_02
91,CY오케스트라 제2회 정기연주회,2022,11,11/20(일)17:00,아카데미윤슬,"전석 10,000원",7세이상관람가,소극장,대관,순수,클래식,유료,0,1,0,1,1,298,177,4,181,163,0,,,,,,2022-11-20,221120_01
92,한국음악협회 여수지부 정기연주회,2022,11,11/22(화)19:30,한국음악협회여수지부,"전석 10,000원",5세이상관람가,대극장,대관,순수,클래식,유료,0,1,0,1,1,926,154,10,164,145,0,,,,,,2022-11-22,221122_01
93,조미숙 독창회,2022,11,11/24(목)19:30,여수그랜드오페라단,전석 무료,5세이상관람가,대극장,대관,순수,클래식,유료,0,1,0,1,1,926,0,429,429,0,383,,,,,,2022-11-24,221124_01
94,그레이트 서울 인베이전 전국투어 콘서트 - 여수,2022,11,11/26(토)17:00,㈜타입커뮤니케이션/주식회사 엠피엠지,"VIP석 110,000원
R석 99,000원",8세이상관람가,대극장,대관,대중,콘서트,유료,1,1,0,2,1,926,350,10,360,346,0,,,,,,2022-11-26,221126_01
95,야망춘향,2022,11,11/26(토)17:00,임지연/전라남도문화재단,전석 무료,5세이상관람가,소극장,대관,복합,다윈,무료,0,1,0,1,1,298,0,298,298,0,200,,,,,,2022-11-26,221126_02
96,여수 영재교육원 오케스트라 정기연주회 클래식 그리고 GAME ON,2022,11,11/27(일)17:00,여수시교육지원청,전석 무료,8세이상관람가,대극장,대관,순수,클래식,무료,0,1,0,1,1,926,0,528,528,0,477,,24,15,9477,,2022-11-27,221127_01
97,뮤지컬〈킹키부츠〉,2022,12,"12/3(토)14:00/19:00
12/4(일)14:00/18:30",GS칼텍스 예울마루 / (주) 공연마루 / 여수MBC,R석 15만원 / S석 13만원 / A석 9만원,8세이상관람가,대극장,기획,복합,뮤지컬,유료,4,2,0,6,4,3932,3746,22,3768,3467,11,,,,,,2022-12-03,221203_01
98,여수필하모닉오케스트라 제34회 정기연주회 송년음악회 실내악시리즈 Ⅲ,2022,12,12/6(화)19:00,여수필하모닉오케스트라,전석 무료,8세이상관람가,소극장,대관,순수,클래식,무료,0,1,0,1,1,302,0,223,223,0,173,,,,,,2022-12-06,221206_01
,박준영변호사 초청 토크콘서트,2022,12,12/7(수)14:00,,전석 무료,24개월이상,소극장,기타,대중,행사,무료,0,0,0,0,0,0,0,0,0,0,0,,공연실적제외,,,,2022-12-07,221207_01
99,브런치콘서트 <크리스마스 첼로의 성가>,2022,12,12/8(목)11:00,예울마루,"전석 15,000원",미취학 아동 입장불가,대극장,기획,순수,클래식,유료,0,1,0,1,1,936,731,14,745,699,4,,,,,,2022-12-08,221208_01
100,신혜미 가야금 독주회,2022,12,12/11(일)15:00,신혜미/전라남도문화재단,전석 무료,5세이상관람가,소극장,대관,순수,국악,무료,0,1,0,1,1,302,0,123,123,0,116,,,,,,2022-12-11,221211_01
101,교원교향악단 제14회 정기연주회,2022,12,12/13(화)19:00,여수교원교향악단,전석 무료,24개월이상,대극장,대관,순수,클래식,무료,0,1,0,1,1,936,0,576,576,0,539,,,,,,2022-12-13,221213_01
102,섬&사람 마음을 잇다,2022,12,12/15(목)19:30,여수심포니오케스트라/전남문화재단,"전석 10,000원",5세이상관람가,대극장,대관,순수,클래식,유료,0,1,0,1,1,936,417,10,427,400,0,,,,,,2022-12-15,221215_01
103,국민연극「라이어2탄 : 그후20년」,2022,12,"12/16(금)19:30
12/17(토)14:00/17:00
12/18(일)17:00
12/20(화)~21(수)14:00
12/22(목)13:00/15:30
12/23(금)19:30
12/24(토)14:00/17:00
12/25(일)17:00",GS칼텍스 예울마루/여수 MBC,"전석 30,000원",14세(중학교) 이상 관람가,소극장,기획,순수,연극,유료,2,9,0,11,12,3576,2997,55,3052,2844,9,,,,,,2022-12-16,221216_01
104,THE BEGINNING 제8회 여수클래식 영재육성을 위한 음악회,2022,12,12/16(금)19:30,한국음악협회 여수지부,전석 무료,5세이상관람가,대극장,대관,순수,클래식,무료,0,1,0,1,1,936,0,223,223,0,204,,,,,,2022-12-16,221216_02
105,히사이시조 영화음악 콘서트,2022,12,12/18(일)15:00/19:00,라이브러리컴퍼니,R 12만원 / S 9만원 / A 6만원 / B 4만원,8세이상관람가,대극장,대관,순수,클래식,유료,0,1,0,1,2,2002,1836,20,1856,1809,1,,,,,,2022-12-18,221218_01
106,2022 여수시립예술단 송년음악회,2022,12,12/21(수)19:00,여수시/여수시립예술단,전석 1천원,4세이상관람가,대극장,대관,순수,클래식,유료,0,1,0,1,1,936,387,10,397,335,0,,,,,,2022-12-21,221221_01
107,크리스마스 재즈 나잇 CHRISTMAS JAZZ NIGHT,2022,12,12/24(토)17:00,GS칼텍스 예울마루/여수 MBC,"R석 60,000원
S석 40,000원",8세이상관람가,대극장,기획,순수,클래식,유료,1,1,0,2,1,1009,866,21,887,840,18,,,,,,2022-12-24,221224_01
108,가족오페라 '신콩쥐',2022,12,12/30(금)16:00,여수그랜드오페라단,"전석 10,000원",24개월이상관람가,대극장,대관,복합,오페라,유료,0,1,0,1,1,700,343,10,353,298,0,,,,,,2022-12-30,221230_01
109,박성언의 음악식당 연말콘서트,2022,12,12/30(금)19:30,여수문화방송㈜,전석 무료,6세이상관람가,소극장,대관,대중,콘서트,무료,0,1,0,1,1,302,0,298,298,0,242,,,,,,2022-12-30,221230_02
110,김현철의 유쾌한 오케스트라,2022,12,12/ 31(토)15:00/18:00,컬쳐익스트림엔터테인먼트,"R석 99,000원 
S석 88,000원 
A석 77,000원",24개월이상관람가,대극장,대관,순수,클래식,유료,0,1,0,1,2,2002,973,20,993,956,0,,30,18,13921,,2022-12-31,221231_01
1,하모나이즈 콘서트 The SHOWCHOIR - 여수,2023,1,1/13(금) 19:30,비치엔터테인먼트,"R석 110,000원
S석 90,000원",24개월이상,대극장,대관,대중,콘서트,유료,1,1,0,2,1,936,226,32,258,207,22,229,936,,,,2023-01-13,230113_01
2,2023 신년음악회,2023,1,1/19(목) 19:30,GS칼텍스 예울마루,"R석 70,000원
S석 50,000원
A석 30,000원",8세이상,대극장,기획,순수,클래식,유료,1,1,0,2,1,936,755,30,785,746,14,760,936,,,,2023-01-19,230119_01
3,제6회 청소년 플룻 앙상블 정기연주회,2023,2,2/11(토) 16:00,정화용플룻,"전석 10,000만원",5세이상,소극장,대관,순수,클래식,유료,0,1,0,1,1,298,214,4,218,210,0,210,298,,,,2023-02-11,230211_01
4,2023 이은미 여수 콘서트 녹턴,2023,2,2/12(일) 18:00,주식회사 플랜이,"VIP석 121,000원
R석 110,000원",만7세이상,대극장,대관,대중,콘서트,유료,0,1,0,1,1,936,502,138,640,496,128,624,936,,,,2023-02-12,230212_01
5,2023 여수오케스트라 정기연주회,2023,2,2/16(목) 19:30,여수오케스트라,전석 무료,24개월이상,소극장,대관,순수,클래식,무료,0,1,0,1,1,298,0,238,238,0,212,212,298,,,,2023-02-16,230216_01
6,한세페다고지 연구회와 함께하는 콩쿠르 릴레이 콘서트,2023,2,2/17(금) 19:30,한세피아노페다고지연구회,전석 무료,8세이상,소극장,대관,순수,클래식,무료,0,1,0,1,1,298,0,187,187,0,41,41,298,,,,2023-02-17,230217_01
7,제3회 전남동부극동방송 어린이합창단 정기연주회,2023,2,2/18(토) 15:00,"전남동부극동방송/
전남동부극동방송 운영위원회, 순광지회 창립위원회, 극동포럼",전석 무료,24개월이상,대극장,대관,순수,클래식,무료,0,1,0,1,1,936,0,732,732,0,675,675,936,,,,2023-02-18,230218_01
8,뮤지컬 <알사탕>,2023,3,"3/3(금) 16:00
3/4(토) 11:00/14:00/16:00
3/5(일) 11:00/14:00/16:00",(주)씽크브릿지,"1층 50,000원
2층 40,000원",24개월 이상,대극장,대관,복합,뮤지컬,유료,1,3,0,4,7,936,1577,70,1647,1547,0,1547,6552,,,,2023-03-03,230303_01
9,2023 남진 60주년 콘서트 - 여수,2023,3,3/18(토) 14:00/18:00,"㈜케이에이치제이미디어/
㈜열린미디어, ㈜전공이엔티","R석121,000원
S석110,000원
A석99,000원",만7세이상,대극장,대관,대중,콘서트,유료,1,1,0,2,2,1009,1546,104,1650,1540,88,1628,2018,,,,2023-03-18,230318_01
10,프란츠 리스트에게의 헌정 : 이별 홍은혜 피아노 독주회,2023,3,3/18(토) 19:00,NIDO Art Management,전석 무료,8세이상,소극장,대관,순수,클래식,무료,0,1,0,1,1,298,0,78,78,0,49,49,298,,,,2023-03-18,230318_02
11,"브런치콘서트<미술 속 음악 이야기 - 프리다칼로, 자클린 뒤 프레를 만나다>",2023,3,3/23(목) 11:00,GS칼텍스 예울마루,"15,000원","8세이상
(초등학생이상)",대극장,기획,순수,클래식,유료,1,1,0,2,1,668,501,12,513,479,3,482,668,,,,2023-03-23,230323_01
12,바이올리니스트 서주회와 함께하는 제1회 여수 영아티스트 연주회,2023,3,3/25(토) 16:00,서주희 바이올린,전석 무료,7세이상,소극장,대관,순수,클래식,무료,0,1,0,1,1,298,0,190,190,0,188,188,298,,,,2023-03-25,230325_01
13,여수시 개항 100주년 기념 뮤지컬 1598 여수밤바다,2023,3,3/31(금) 19:30,"여수시/여수시,컬쳐홀릭",전석 무료,5세이상,대극장,대관,복합,뮤지컬,무료,5,1,0,6,1,936,0,615,615,,548,548,936,,,,2023-03-31,230331_01
14,여수시 개항 100주년 기념 뮤지컬 1598 여수밤바다,2023,4,4/1(토) 14:00/16:30,"여수시/여수시,컬쳐홀릭",전석 무료,5세이상,대극장,대관,복합,뮤지컬,무료,0,1,0,1,2,936,0,1191,1191,,1007,1007,1872,,,,2023-04-01,230401_01
15,히사이시 조 영화음악 콘서트,2023,4,4/2(일) 14:00,라이브러리컴퍼니,"R석 120,000원
S석 90,000원
A석 60,000원
B석 40,000원",8세이상,대극장,대관,순수,클래식,유료,0,1,0,1,1,936,712,45,757,712,35,747,936,,,,2023-04-02,230402_01
16,뮤지컬 <브로드웨이42번가>,2023,4,"4/7(금) 19:30
4/8(토) 14:00/19:00
4/9(일) 14:00",GS칼텍스 예울마루/여수MBC,"R석 140,000원
S석 120,000원
A석 90,000원","8세이상
(초등학생이상)",대극장,기획,복합,뮤지컬,유료,1,3,1,5,4,989,2877,80,2957,2858,55,2913,3956,,,,2023-04-07,230407_01
17,열린심포니오케스트라 제18회 정기연주회,2023,4,4/11(화) 19:30,여수시/열린심포니오케스트라,전석 무료,7세이상,대극장,대관,순수,클래식,무료,0,1,0,1,1,936,0,618,618,0,510,510,936,,,,2023-04-11,230411_01
18,한국음악협회 여수지부 신춘음악회,2023,4,4/13(목) 19:30,여수시/한국음악협회 여수지부,전석 무료,5세이상,소극장,대관,순수,클래식,무료,0,1,0,1,1,298,0,156,156,0,134,134,298,,,,2023-04-13,230413_01
19,시크릿쥬쥬 별의여신 뮤지컬 시즌3 : 마지막 콘서트 - 여수,2023,4,"4/15(토) 11:00/14:00/16:30
4/16(일) 11:00/14:00",율문화예술기획,"전석 60,000원",24개월이상,대극장,대관,복합,뮤지컬,유료,1,2,0,3,5,936,1051,50,1101,1051,0,1051,4680,,,,2023-04-15,230415_01
20,한치윤&김꽃비 듀오리사이틀,2023,4,4/15(토) 19:00,한치윤/김꽃비,"전석 10,000원",24개월이상,소극장,대관,순수,클래식,유료,0,1,0,1,1,298,218,4,222,126,0,126,298,,,,2023-04-15,230415_02
21,여수시립합창단 제83회 정기연주회 봄내음 가득 오페라 속으로,2023,4,4/20(목) 19:30,여수시/여수시립합창단,"전석 5,000원",5세이상,대극장,대관,순수,클래식,유료,1,1,0,2,1,936,613,10,623,524,1,525,936,,,,2023-04-20,230420_01
22,뮤지컬 <장수탕 선녀님>,2023,4,"4/27(목) 11:00/14:00
4/28(금) 11:00/14:00
4/29(토) 11:00/14:00",GS칼텍스 예울마루,"1층 60,000원
2층 40,000원",24개월이상,대극장,기획,복합,뮤지컬,유료,1,3,0,4,6,936,3631,105,3736,3578,53,3631,5616,,,,2023-04-27,230427_01
23,"흥보, 그 삶의 무게와 꿈",2023,4,4/27(목) 19:00,전남대 소리문화연구소/(사) 한국판소리보존회 여수지부/(사) 전남민예총 여수지회 국악위원회,전석11만,24개월이상,소극장,대관,순수,국악,유료,0,1,0,1,1,298,152,0,152,144,0,144,,,,,2023-04-27,230427_02
24,2023 김창옥 토크 콘서트_여수,2023,5,5/6(토) 14:00/18:00,스포엔터테인먼트/다올기획,"R석88,000원
S석66,000원",만15세이상,대극장,대관,대중,콘서트,유료,0,1,0,1,2,1009,1435,35,1470,1435,16,1451,2018,,,,2023-05-06,230506_01
25,김수연 명창과 함께하는 효 큰잔치,2023,5,5/9(화) 19:00,락음국악단,전석 무료,7세이상,대극장,대관,순수,국악,무료,0,1,0,1,1,936,0,278,278,0,247,247,,,,,2023-05-09,230509_01
26,GS칼텍스 명사특강,2023,5,5/9(화) 19:30,GS칼텍스㈜ 교육팀,전석 무료,24개월 이상,소극장,기타,기타,특강,무료,0,1,0,1,1,298,0,298,0,0,177,0,,,,,2023-05-09,230509_02
27,집중력 향상을 위한 <실험실 콘서트>,2023,5,5/19(금) 11:00/19:30,"예술경영지원센터/
GS칼텍스 예울마루, 스테이지원","1층 30,000원
2층 20,000원","8세이상
(초등학생이상)",대극장,기획,순수,클래식,유료,0,1,0,1,2,936,601,32,633,584,13,597,1872,,,,2023-05-19,230519_01
28,제12회 정기연주회 낭만주의 거장 차이코프스키&드보르작,2023,5,5/24(수) 19:30,여수시/여수심포니오케스트라,"A석 50,000원
B석 30,000원",5세이상,대극장,대관,순수,클래식,유료,1,1,0,2,1,936,653,10,663,606,1,607,936,,,,2023-05-24,230524_01
29,EBS 최고다 호기심 딱지,2023,5,"5/26(금) 11:00/14:00/16:30
5/27(토) 11:00/14:00",예나가기획,"R석 66,000원
S석 55,000원",36개월이상,대극장,대관,복합,뮤지컬,유료,1,2,0,3,5,668,1940,50,1990,1940,0,1940,3340,,,,2023-05-26,230526_01
30,뮤지컬 〈여신님이 보고 계셔〉 10th Anniversary - 여수,2023,6,"6/2(금) 19:30
6/3(토) 14:00/18:00
6/4(일) 14:00",㈜컬쳐박스,"R석88,000원
OP석88,000원
S석77,000원
A석55,000원",만10세이상,대극장,대관,복합,뮤지컬,유료,3,3,1,7,4,965,1022,40,1062,1022,0,1022,3860,,,,2023-06-02,230602_01
31,"이음스트링 챔버오케스트라 제4회 정기연주회
낭만을 꽃피우다",2023,6,6/3(토) 17:00,이음스트링 챔버 오케스트라,"전석 10,000원",7세이상,소극장,대관,순수,클래식,유료,0,1,0,1,1,298,182,4,186,155,0,155,298,,,,2023-06-03,230603_01
32,2023 A-T 여수 고교학점제 선도지구 고교학점제&대학입시 진로특강,2023,6,6/9(금) 14:00,여수시교육지원청,전석 무료,24개월이상,소극장,기타,기타,특강,무료,0,1,0,1,1,298,0,298,0,0,249,0,,,,,2023-06-09,230609_01
33,국립발레단 <지젤> - 여수,2023,6,"6/9(금) 19:30
6/10(토) 17:00",GS칼텍스 예울마루/여수MBC,"R석 100,000원
S석 80,000원
A석 60,000원",8세이상,대극장,기획,순수,발레/무용,유료,3,2,1,6,2,1009,1444,53,1497,1424,33,1457,,,,,2023-06-09,230609_02
34,더비기닝 제9회 여수클래식영재육성을 위한 음악회,2023,6,6/13(화) 19:30,여수시/한국음악협회 여수지부,전석 무료,5세이상,대극장,대관,순수,클래식,무료,0,1,0,1,1,668,0,211,211,0,177,177,668,,,,2023-06-13,230613_01
35,2023 제8회 여수에코국제음악제(소),2023,6,6/15(목) 19:30,"전라남도,여수시/
범민문화재단, 한국음악협회 여수지부",전석 무료,8세이상,소극장,대관,순수,클래식,무료,0,1,0,1,1,298,0,265,265,0,231,231,298,,,,2023-06-15,230615_01
36,2023 제8회 여수에코국제음악제(대),2023,6,"6/16(금) 19:30
6/17(토) 17:00
6/18(일) 17:00","전라남도,여수시/
범민문화재단, 한국음악협회 여수지부","일반 50,000원
학생 20,000원",8세이상,대극장,대관,순수,클래식,유료,0,3,0,3,3,936,1857,30,1887,1647,2,1649,2808,,,,2023-06-16,230616_01
37,2023 여수교육지원청 WEE센터 가족프로그램 목각인형극,2023,6,6/17(토) 15:00,여수시교육지원청,전석 무료,6세이상,소극장,대관,순수,연극,무료,0,1,0,1,1,298,0,298,298,0,126,126,298,,,,2023-06-17,230617_01
38,브런치콘서트 <OST Classic>,2023,6,6/22(목) 11:00,GS칼텍스 예울마루,"전석 15,000원","8세이상
(초등학생이상)",대극장,기획,순수,클래식,유료,1,1,0,2,1,936,766,29,795,706,17,723,936,,,,2023-06-22,230622_01
39,세르게이 도렌스키 메모리얼 콘서트 : 2023 여수,2023,6,6/23(금) 19:30,"아티스트인홀리데이, studia",전석 무료,5세이상,대극장,대관,순수,클래식,무료,0,1,0,1,1,818,0,44,44,0,30,30,818,,,,2023-06-23,230623_01
40,2023 조항조&진성 앙상블콘서트,2023,6,6/24(토) 14:00/18:00,㈜공연마루/㈜우리기획,"VIP석132,000원
R석110,000원
S석99,000원",8세이상,대극장,대관,대중,콘서트,유료,1,1,0,2,2,983,1260,198,1458,1260,185,1445,1966,,,,2023-06-24,230624_01
41,제1회 류가연 가야금 독주회,2023,6,6/24(토) 17:00,류가연,전석 초대,"8세이상
(초등학생이상)",소극장,대관,순수,국악,무료,0,1,0,1,1,298,0,150,150,0,136,136,,,,,2023-06-24,230624_02
42,뮤직스토리 인 앙상블여수,2023,6,6/25(일) 17:00,앙상블여수,"전석 20,000원",5세이상,소극장,대관,순수,클래식,유료,0,1,0,1,1,298,298,0,298,293,0,293,298,,,,2023-06-25,230625_01
43,강금화 피아노 독주회,2023,6,6/30(금) 19:00,이든예술기획,"전석 20,000원",8세이상,소극장,대관,순수,클래식,유료,0,1,0,1,1,298,136,4,140,136,0,136,298,,,,2023-06-30,230630_01
44,제4회 가야금 앙상블 뜰연 정기연주회 더하다 + Add,2023,7,7/8(토) 17:00,가야금뜰연,"전석 5,000원",24개월이상,소극장,대관,순수,국악,유료,0,1,0,1,1,298,83,4,87,76,0,76,,,,,2023-07-08,230708_01
45,GS칼텍스 명사특강,2023,7,7/13(목) 19:30,GS칼텍스㈜ 교육팀,전석 무료,24개월이상,소극장,기타,기타,특강,무료,0,1,0,1,1,298,0,298,0,0,168,0,,,,,2023-07-13,230713_01
46,제4회 위드유앙상블 정기연주회 ROMANCE IN RUSSIAN MUSIC,2023,7,7/14(금) 19:30,위드유 앙상블,"전석 10,000원",8세이상,소극장,대관,순수,클래식,유료,0,1,0,1,1,298,161,4,165,118,0,118,298,,,,2023-07-14,230714_01
47,NEW 뮤지컬 미니특공대 브이레인저스 - 여수,2023,7,"7/22(토) 11:00/14:00/16:30
7/23(일) 11:00/14:00",㈜공연마루,"R석 65,000원
S석 55,000원",24개월이상,대극장,대관,복합,뮤지컬,유료,1,2,0,3,5,981,1324,50,1374,1324,12,1336,4905,,,,2023-07-22,230722_01
48,WALD 오케스트라와 함께하는 청소년 유망신예 협연의 밤,2023,7,7/22(토) 19:00,아카데미 EJ,"전석 10,000원",24개월이상,소극장,대관,순수,클래식,유료,0,1,0,1,1,298,194,4,198,177,0,177,298,,,,2023-07-22,230722_02
49,2023 늘봄학교 여름방학 문화예술체험 <잠자는 숲 속의 공주> 목각인형극,2023,8,8/5(토) 15:00,여수시교육지원청,전석 무료,24개월이상,소극장,대관,순수,연극,무료,0,1,0,1,1,298,0,234,234,0,140,140,298,,,,2023-08-05,230805_01
50,신카이 마코토 영화음악 콘서트－여수,2023,8,8/12(토) 17:00,아트인뮤직,"R석 88,000원
S석 66,000원
A석 44,000원",8세이상,대극장,대관,순수,클래식,유료,0,1,0,1,1,936,495,32,527,495,24,519,936,,,,2023-08-12,230812_01
51,류희윤 바이올린 독주회,2023,8,8/17(목) 19:00,류희윤,전석 무료,8세이상,소극장,대관,순수,클래식,무료,0,1,0,1,1,298,0,268,268,0,249,249,298,,,,2023-08-17,230817_01
52,희망에너지 발표회,2023,8,8/19(토) 17:00,GS칼텍스,전석 무료,-,소극장,기타,기타,아카데미,무료,1,1,0,2,1,298,0,0,0,0,0,0,,,,,2023-08-19,230819_01
53,CHEER UP! 청춘 FIRST SERIES SPARKULOUS,2023,8,8/20(일) 15:00,PIABLURS/전라남도문화재단,전석 무료,7세이상,소극장,대관,순수,클래식,무료,0,1,0,1,1,298,0,41,41,0,37,37,298,,,,2023-08-20,230820_01
54,헬로!오페라 <마술피리>,2023,8,8/26(토) 17:00,GS칼텍스 예울마루,"R석 50,000원",8세이상,대극장,기획,복합,오페라,유료,3,1,0,4,1,936,885,50,935,747,43,790,936,,,,2023-08-26,230826_01
55,해설이 있는 오페라 갈라콘서트 '리골레토',2023,8,8/31(목) 19:30,전라남도문화재단/여수그랜드오페라단,"전석 5,000원",5세이상,대극장,대관,복합,오페라,유료,0,1,0,1,1,936,539,10,549,452,0,452,936,,,,2023-08-31,230831_01
56,연극 <서교동에서 죽다>,2023,9,"9/1(금) 19:30
9/5(토) 15:00/19:00","(재)예술경영지원센터/
GS칼텍스 예울마루,백수광부","전석 30,000원",만9세이상,소극장,기획,순수,연극,유료,3,2,0,5,3,298,453,289,742,416,53,469,894,,,,2023-09-01,230901_01
57,‘바리톤 이중현의 여수! 그리고 1948 그날의 노래’,2023,9,9/1(금) 19:30,델마레 코러레이션,"전석 30,000원",6세이상,대극장,대관,순수,클래식,유료,0,1,0,1,1,936,574,10,584,445,0,445,936,,,,2023-09-01,230901_02
58,KBS교향악단과 함께하는 제7회 여수음악제 개막연주회 - 정명훈의 ‘브루크너’,2023,9,9/2(토) 17:00,"여수시,여수음악제추진위원회/
KBS교향악단","R석 50,000원
S석 30,000원
청소년 10,000원",7세이상,대극장,대관,순수,클래식,유료,0,1,0,1,1,936,494,374,868,494,370,864,936,,,,2023-09-02,230902_01
59,세상에서 가장 작은 오케스트라,2023,9,9/3(일) 16:00,김선아/앙상블보니,"전석 10,000원",24개월이상,소극장,대관,순수,클래식,유료,0,1,0,1,1,298,152,4,156,119,0,119,298,,,,2023-09-03,230903_01
60,KBS교향악단과 함께하는 제7회 여수음악제 특별연주회 - 정트리오 ‘세기의 거장들’,2023,9,9/3(일) 17:00,"여수시,여수음악제추진위원회/
KBS교향악단","R석 70,000원
S석 40,000원
청소년 10,000원",7세이상,대극장,대관,순수,클래식,유료,0,1,0,1,1,936,468,258,726,468,248,716,936,,,,2023-09-03,230903_02
61,KBS교향악단과 함께하는 제7회 여수음악제 실내악 시리즈 1 - 색소포니스트 브랜든 최의 ‘Golden Night’,2023,9,9/6(수) 19:30,"여수시,여수음악제추진위원회/
KBS교향악단","전석 20,000원
청소년 10,000원",7세이상,소극장,대관,순수,클래식,유료,0,1,0,1,1,298,133,93,226,89,89,178,298,,,,2023-09-06,230906_01
62,KBS교향악단과 함께하는 제7회 여수음악제 실내악 시리즈 2 - 테너 존노의 ‘그리움’,2023,9,9/7(목) 19:30,"여수시,여수음악제추진위원회/
KBS교향악단","전석 20,000원
청소년 10,000원",7세이상,소극장,대관,순수,클래식,유료,0,1,0,1,1,298,237,64,301,219,60,279,298,,,,2023-09-07,230907_01
63,KBS교향악단과 함께하는 제7회 여수음악제 실내악 시리즈 3 - Quartet FINALLY의 ‘황제’,2023,9,9/8(금) 19:30,"여수시,여수음악제추진위원회/
KBS교향악단","전석 20,000원
청소년 10,000원",7세이상,소극장,대관,순수,클래식,유료,0,1,0,1,1,298,164,106,270,67,102,169,298,,,,2023-09-08,230908_01
64,KBS교향악단과 함께하는 제7회 여수음악제 폐막연주회 - Music Exhibition,2023,9,9/9(토) 17:00,"여수시,여수음악제추진위원회/
KBS교향악단","R석 30,000원
S석 20,000원
청소년 10,000원",7세이상,대극장,대관,순수,클래식,유료,1,1,0,2,1,936,359,452,811,332,372,704,936,,,,2023-09-09,230909_01
65,가족뮤지컬 <이상한 엄마>,2023,9,"9/14(목) 11:00/14:00
9/15(금) 11:00/14:00
9/16(토) 11:00/14:00","예술경영지원센터/
GS칼텍스 예울마루, 할리퀸크레에이션즈","1층 60,000원
2층 40,000원",24개월이상,대극장,기획,복합,뮤지컬,유료,2,3,0,5,6,936,3750,77,3827,3640,57,3697,5616,,,,2023-09-14,230914_01
66,서주희X김동준 듀오 콘서트,2023,9,9/14(목) 19:30,트리오제이,"전석 20,000원
청소년 10,000원",8세이상,소극장,대관,순수,클래식,유료,0,1,0,1,1,298,287,4,291,281,0,281,298,,,,2023-09-14,230914_02
67,"건반과 현의 조화, 트라움 실내악 콘서트",2023,9,9/16(토) 17:00,트라움뮤직,전석 무료,7세이상,소극장,대관,순수,클래식,무료,0,1,0,1,1,298,0,209,209,0,190,190,298,,,,2023-09-16,230916_01
68,여수필하모닉오케스트라 제35회 정기연주회,2023,9,9/19(화) 19:30,여수시/여수필하모닉오케스트라,전석 무료,5세이상,대극장,대관,순수,클래식,무료,0,1,0,1,1,936,0,294,294,0,257,257,936,,,,2023-09-19,230919_01
69,브런치콘서트 <미술 속 음악 이야기 - 고흐 vs 고갱>,2023,9,9/21(목) 11:00,GS칼텍스 예울마루,"전석 15,000원",8세이상,대극장,기획,순수,클래식,유료,1,1,0,2,1,936,626,56,682,551,17,568,936,,,,2023-09-21,230921_01
70,Y-BRASS 제3회 정기연주회,2023,9,9/23(토) 17:00,Y BRASS,"전석 20,000원",5세이상,소극장,대관,순수,클래식,유료,0,1,0,1,1,298,244,4,248,205,0,205,298,,,,2023-09-23,230923_01
71,히사이시 조 영화음악 콘서트 2023_여수 앙코르,2023,9,9/24(일) 17:00,라이브러리컴퍼니,"R석 120,000원
S석 90,000원
A석 60,000원
B석 40,000원",,대극장,대관,순수,클래식,유료,0,1,0,1,1,936,774,24,798,774,23,797,936,,,,2023-09-24,230924_01
72,아름다운 중소기업 나눔콘서트,2023,10,10/8(목) 17:00,중소기업중앙회/중소기업사랑나눔재단,-,-,대극장,대관,대중,콘서트,무료,1,1,0,2,1,936,0,529,529,0,520,520,936,,,,2023-10-08,231008_01
73,첼리스트 서지수의 TANGO WITH ME,2023,10,10/6(금) 19:30,서지수,전석 무료,8세이상,소극장,대관,순수,클래식,무료,0,1,0,1,1,298,0,170,170,0,147,147,298,,,,2023-10-06,231006_01
74,JOY OF PERCUSSION 제7회 정기연주회,2023,10,10/7(토) 15:00,JOY OF PERCUSSION,전석 무료,5세이상,대극장,대관,순수,클래식,무료,0,1,0,1,1,936,0,138,138,0,112,112,936,,,,2023-10-07,231007_01
75,2023 예울마루 야외콘서트,2023,10,10/7(토) 16:00,GS칼텍스 예울마루,전석 무료,전체관람가,장도,기획,대중,콘서트,무료,0,1,0,1,1,500,0,500,500,0,0,0,500,,,,2023-10-07,231007_02
76,2023여수재즈페스티벌,2023,10,10/8(일) 16:00,여수시,전석 무료,5세이상,대극장,대관,대중,콘서트,무료,1,1,0,2,1,936,0,747,747,0,696,696,936,,,,2023-10-08,231008_02
77,제47회 여수예술제,2023,10,10/10(화) 19:00,여수시/한국예총여수지회,전석 무료,5세이상,대극장,대관,대중,행사,무료,0,1,0,1,1,936,0,488,488,0,423,423,936,,,,2023-10-10,231010_01
78,10월 그대와 함께 꿈꾸는 희망,2023,10,10/11(수) 19:30,"문화체육관광부,광주광역시/
광주문화재단,여수심포니오케스트라",전석 무료,5세이상,대극장,대관,클래식,클래식,무료,0,1,0,1,1,936,0,334,334,0,275,275,936,,,,2023-10-11,231011_01
79,2023 예울마루 실내악 페스티벌,2023,10,"10/12(목) 19:30
10/13(금) 19:30
10/14(토) 17:00
10/15(일) 15:00",GS칼텍스 예울마루,"1층 50,000원
2층 30,000원","7세이상
(초등생이상)",대극장,기획,클래식,클래식,유료,0,4,0,4,4,668,372,755,1127,242,655,897,2672,,,,2023-10-12,231012_01
80,가을밤의 세레나데,2023,10,10/14(토) 15:00,여수시/한국음악협회 여수지부,전석 무료,5세이상,소극장,대관,클래식,클래식,무료,0,1,0,1,1,298,0,162,162,0,146,146,298,,,,2023-10-14,231014_01
81,창작오페라 침묵 '바다에 핀 동백',2023,10,"10/18(수) 19:30
10/19(목) 19:30",여수시/여수심포니오케스트라,전석 무료,5세이상,대극장,대관,클래식/오페라,오페라,무료,2,2,0,4,2,936,0,1746,1746,0,1650,1650,1872,,,,2023-10-18,231018_01
82,선우예권 피아노 리사이틀,2023,10,10/20(금) 19:30,GS칼텍스 예울마루,"R석 70,000원
S석 50,000원
A석 30,000원",8세이상,대극장,기획,클래식,클래식,유료,0,1,0,1,1,936,381,24,405,370,16,386,936,,,,2023-10-20,231020_01
83,양성원&엔리코파체 듀오 리사이틀,2023,10,10/21(일) 15:00,GS칼텍스 예울마루,"전석 30,000원","7세이상
(초등생이상)",소극장,기획,클래식,클래식,유료,0,1,0,1,1,298,115,22,137,111,18,129,298,,,,2023-10-21,231021_01
84,손양원목사 순교 73주기 기념 콘서트,2023,10,10/21(일) 19:00,여수시/손양원목사기념사업회,전석 무료,24개월이상,대극장,대관,콘서트,콘서트,무료,0,1,0,1,1,1009,0,709,709,0,584,584,1009,,,,2023-10-21,231021_02
85,제12회 한독국제교류 유진청소년 정기연주회,2023,10,10/22(일) 17:00,"여수시/
한독유진,베를린자유 청소년오케스트라","전석 20,000원",24개월이상,대극장,대관,클래식,클래식,유료,0,1,0,1,1,936,474,10,484,428,0,428,936,,,,2023-10-22,231022_01
86,여수시립국악단 제43회 정기공연 '조우',2023,10,10/26(목) 19:00,여수시/여수시립국악단,"전석 5,000원",5세이상,대극장,대관,무용/전통예술,국악,유료,2,1,0,3,1,936,352,10,362,324,0,324,,,,,2023-10-26,231026_01
87,뮤지컬 <포파이>,2023,10,10/28(토) 14:00/18:00,"예술경영지원센터/
GS칼텍스예울마루,충무아트센터","전석 30,000원","8세이상
(초등학생이상)",소극장,기획,연극,연극,유료,4,1,0,5,2,298,276,56,332,259,31,290,596,,,,2023-10-28,231028_01
88,2023 이승철 전국투어 콘서트: RETRO Night,2023,10,10/28(토) 17:00,㈜전공이엔티,"FS석 176,000원
VIP석 154,000원
R석 132,000원
S석 110,000원",초등학생이상,대극장,대관,콘서트,발라드,유료,1,1,0,2,1,961,937,10,947,937,3,940,961,,,,2023-10-28,231028_02
89,e: 本[리:본]-딸과 함께 듣고 싶은 감성콘서트,2023,10,10/29(일) 17:00,루미아플룻콰이어,전석 무료,5세이상,소극장,대관,콘서트,콘서트,무료,0,1,0,1,1,298,0,94,94,0,65,65,298,,,,2023-10-29,231029_01
90,2023. 제10회 전남학교예술페스티벌,2023,10,10/31(화) 13:30,"전라남도교육청/
전남중등음악사랑연구회",전석 무료,24개월이상,대극장,대관,콘서트,페스티벌,무료,1,1,0,2,1,936,0,1059,1059,0,663,663,936,,,,2023-10-31,231031_01
91,2023. 제10회 전남학교예술페스티벌(대),2023,11,"11/1(수) 13:30
11/2(목) 13:30
1","전라남도교육청/
전남중등음악사랑연구회",전석 무료,24개월이상,대극장,대관,콘서트,페스티벌,무료,0,2,0,2,2,936,0,1324,1324,0,1046,1046,1872,,,,2023-11-01,231101_01
92,2023. 제10회 전남학교예술페스티벌(소),2023,11,11/3(금) 13:30,"전라남도교육청/
전남중등음악사랑연구회",전석 무료,24개월이상,소극장,대관,콘서트,페스티벌,무료,1,1,0,2,1,298,0,202,202,0,151,151,298,,,,2023-11-03,231103_01
93,뮤지컬 <고고다이노 고고킹의 귀환>,2023,11,"11/4(토) 11:00/14:00
11/5(일) 11:00/14:00",㈜창라이프,"R석 66,000원
S석 44,000원",24개월이상,대극장,대관,뮤지컬,아동/가족극,유료,1,2,0,3,4,936,1252,106,1358,1252,72,1324,3744,,,,2023-11-04,231104_01
94,여수시민오케스트라 제7회 정기연주회,2023,11,11/4(토) 17:00,여수시/여수시민오케스트라,전석 무료,24개월이상,소극장,대관,클래식,클래식,무료,0,1,0,1,1,298,0,298,298,0,0,0,298,,,,2023-11-04,231104_02
95,2023 졸업무대 창의학교 전남,2023,11,11/5(일) 15:00,CJ나눔재단/전라남도교육청 외,전석 무료,24개월이상,소극장,대관,콘서트,페스티벌,무료,1,1,0,2,1,298,0,175,175,0,155,155,298,,,,2023-11-05,231105_01
96,CTS전남방송 개국 19주년 기념 감사콘서트,2023,11,11/7(화) 19:00,CTS 전남방송,전석 무료,24개월이상,대극장,대관,콘서트,콘서트,무료,0,1,0,1,1,1009,0,543,543,0,440,440,1009,,,,2023-11-07,231107_01
97,제9회 여수학생오케스트라 페스티벌,2023,11,"11/8(수) 14:00
11/9(목) 14:00",전라남도여수교육지원청,전석 무료,24개월이상,대극장,대관,콘서트,페스티벌,무료,0,1,0,1,2,936,0,1860,1860,0,1468,1468,1872,,,,2023-11-08,231108_01
98,세종솔로이스츠와 이안보스트리지의 <일뤼미나시옹>,2023,11,11/10(금) 19:30,세종솔로이스츠/GS칼텍스예울마루,"R석 50,000원
S석 30,000원",8세이상,대극장,기획,클래식,클래식,유료,0,1,0,1,1,936,232,94,326,219,75,294,936,,,,2023-11-10,231110_01
99,파파스 10주년 기념 연주회,2023,11,11/11(토) 17:00,파파스중창단,전석 무료,24개월이상,소극장,대관,콘서트,콘서트,무료,0,1,0,1,1,298,0,247,247,0,203,203,298,,,,2023-11-11,231111_01
100,2023 이승환 콘서트 〈이상한 이승환〉,2023,11,11/11(토) 19:00,㈜블리스이엔티,"R석 143,000원
S석 132,000원",만7세이상,대극장,대관,콘서트,콘서트,유료,0,1,1,2,1,936,644,10,654,644,0,644,936,,,,2023-11-11,231111_02
101,String Octet Ensemble,2023,11,11/12(일) 17:00,STRING OCTET  ENSEMBLE,전석 무료,7세이상,소극장,대관,클래식,클래식,무료,0,1,0,1,1,298,0,93,93,0,76,76,298,,,,2023-11-12,231112_01
102,에코국제음악제아티스트시리즈,2023,11,11/14(화) 19:30,"전라남도,여수시/
범민문화재단,한국음악협회여수지부",전석 무료,8세이상,소극장,대관,클래식,클래식,무료,0,1,0,1,1,298,0,102,102,0,92,92,298,,,,2023-11-14,231114_01
103,GS칼텍스 명사특강,2023,11,11/15(수) 19:00,GS칼텍스㈜ 교육팀,전석 무료,24개월이상,소극장,기타,기타,특강,무료,0,1,0,1,1,298,0,298,0,0,196,0,,,,,2023-11-15,231115_01
104,뮤지컬 <그래비티 스페이스>,2023,11,"11/17(금) 11:00/14:00/16:30
11/18(토) 11:00/14:00/16:30","예술경영지원센터/
GS칼텍스예울마루,브러쉬시어터","전석 30,000원",8세이상,대극장,기획,뮤지컬,라이선스,유료,3,2,0,5,6,100,557,38,595,505,19,524,600,,,,2023-11-17,231117_01
105,성악아카데미 발표회,2023,11,11/17(금) 19:00,GS칼텍스 예울마루,-,-,소극장,기타,기타,아카데미,무료,0,1,0,1,1,298,0,210,210,0,210,210,,,,,2023-11-17,231117_02
106,애양청소년오케스트라,2023,11,11/18(토) 17:00,"여수시/
애양청소년오케스트라FROM",전석 무료,24개월이상,소극장,대관,클래식,클래식,무료,0,1,0,1,1,298,0,258,258,0,242,242,298,,,,2023-11-18,231118_01
107,주현주 네 번째 소리판 춘향가 2 - 節槪,2023,11,11/19(일) 15:00,주현주,전석 무료,36개월이상,소극장,대관,무용/전통예술,국악,무료,0,1,0,1,1,298,0,117,117,0,105,105,,,,,2023-11-19,231119_01
108,허영만 토크 콘서트,2023,11,11/24(금) 15:00,2026여수세계섬박람회 범시민준비위원회,전석 무료,-,소극장,대관,콘서트,토크/강연,무료,0,1,0,1,1,298,0,298,298,0,243,243,298,,,,2023-11-24,231124_01
109,뮤지컬 <맘마미아>,2023,11,"11/24(금) 19:30
11/25(토) 14:00/19:00
11/26(일) 14:00",GS칼텍스 예울마루/여수MBC,"R석 150,000원
S석 130,000원
A석 90,000원",8세이상,대극장,기획,뮤지컬,라이선스,유료,3,3,1,7,4,936,3551,73,3624,3516,55,3571,3744,,,,2023-11-24,231124_02
110,전남동부극동방송 여성합창단 제3회 정기연주회,2023,11,11/28(화) 19:30,전남동부극동방송운영위원회 외,전석 무료,24개월이상,대극장,대관,클래식,클래식,무료,0,1,0,1,1,936,0,548,548,0,480,480,936,,,,2023-11-28,231128_01
111,YWCA여성합창단,2023,11,11/30(목) 19:00,여수YMC/여수YMCA혼성합창단,"전석 10,000원",24개월이상,대극장,대관,클래식,클래식,유료,0,1,0,1,1,936,520,10,530,437,0,437,936,,,,2023-11-30,231130_01
112,2023 지역예술인페스티벌,2023,11,11/30(목) 19:30,GS칼텍스 예울마루,"전석 10,000원","7세이상
(초등학생이상)",소극장,기획,클래식,클래식,유료,0,1,0,1,1,298,174,6,180,133,2,135,298,,,,2023-11-30,231130_02
113,2023 지역예술인페스티벌,2023,12,12/2(토) 14:00,GS칼텍스 예울마루,"전석 10,000원","7세이상
(초등학생이상)",소극장,기획,클래식,클래식,유료,0,1,0,1,1,298,187,4,191,169,0,169,298,,,,2023-12-02,231202_01
114,송승환의 오리지널 '난타',2023,12,"12/2(토) 15:00/19:00
12/3(일) 14:00/18:00",㈜컬쳐박스,"R석 66,000원
S석 55,000원",36개월이상,대극장,대관,콘서트,콘서트,유료,1,2,0,3,4,936,1332,40,1372,1332,0,1332,3744,,,,2023-12-02,231202_02
115,클래식기타 듀오 폴리포니 갈라콘서트,2023,12,12/3(일) 17:00,클래식기타협회,"전석 20,000원",8세이상,대극장,대관,클래식,클래식,유료,0,1,0,1,1,936,34,4,38,34,0,34,936,,,,2023-12-03,231203_01
116,여수시립예술단 2023 송년음악회 ‘섬섬여수’,2023,12,12/7(목) 19:30,여수시/여수시립예술단,"전석 5,000원",5세이상,대극장,대관,콘서트,콘서트,유료,2,1,0,3,1,936,677,10,687,569,0,569,936,,,,2023-12-07,231207_01
117,제9회 지역예술인재 콘서트 '네 꿈에 날개를',2023,12,12/8(금) 19:00,"여수시/
전남민예총여수지회국악위원회",전석 무료,24개월이상,소극장,대관,콘서트,콘서트,무료,0,1,0,1,1,298,0,142,142,0,117,117,298,,,,2023-12-08,231208_01
118,환경음악제(자연과 인간의 공존) 지리산 사계,2023,12,12/9(토) 17:00,여수심포니오케스트라,"전석 무료
(페트병소지자)",7세이상,대극장,대관,클래식,클래식,무료,1,1,0,2,1,936,0,235,235,0,185,185,936,,,,2023-12-09,231209_01
119,앙상블보니 크리스마스 기획공연 ‘호두까기 인형’,2023,12,12/10(일) 15:00,앙상블보니,"전석 20,000원",24개월이상,소극장,대관,클래식,클래식,유료,0,1,0,1,1,298,207,4,211,197,0,197,298,,,,2023-12-10,231210_01
120,여수하트오케스트라,2023,12,12/12(화) 19:00,여수심포니오케스트라,전석 무료,5세이상,소극장,대관,클래식,클래식,무료,0,1,0,1,1,298,0,186,186,0,164,164,298,,,,2023-12-12,231212_01
121,브런치콘서트 'Christmas Classic',2023,12,12/14(목) 11:00,GS칼텍스 예울마루,"전석 15,000원","8세이상
(초등학생이상)",대극장,기획,클래식,클래식,유료,1,1,0,2,1,936,871,41,912,818,17,835,936,,,,2023-12-14,231214_01
122,제48회 한국음악협회 여수지부 정기연주회,2023,12,12/14(목) 19:30,여수시/한국음악협회 여수지부,전석 무료,5세이상,대극장,대관,클래식,클래식,무료,0,1,0,1,1,936,0,186,186,0,134,134,936,,,,2023-12-14,231214_02
123,연극 <옥탑방 고양이>,2023,12,"12/15(금) 15:00
12/16(토) 15:00/19:00
12/19(화) 15:30 
12/20(수) 14:00/19:30
12/21(목) 13:00/15:30
12/22(금) 15:00/19:30
12/23(토)~24(일) 15:00/19:00
12/25(월) 17:00",GS칼텍스 예울마루,"전석 40,000원","만13세이상
(중학생이상)",소극장,기획,연극,스테디셀러연극,유료,2,9,0,11,15,298,3153,57,3210,3165,19,3184,4470,,,,2023-12-15,231215_01
124,여수영재교육원 오케스트라 정기연주회,2023,12,12/16(토) 17:00,"전라남도여수교육지원청/
전라남도여수영재교육원",전석 무료,5세이상,대극장,대관,클래식,클래식,무료,0,1,0,1,1,936,0,590,590,0,497,497,936,,,,2023-12-16,231216_01
125,여수전남교원오케스트라 제15회 기념 연주회,2023,12,12/19(화) 19:00,전남교원오케스트라,전석 무료,5세이상,대극장,대관,클래식,클래식,무료,0,1,0,1,1,936,0,496,496,0,431,431,936,,,,2023-12-19,231219_01
126,대니구 크리스마스 콘서트 : HOME,2023,12,12/23(토) 19:00,GS칼텍스 예울마루/여수MBC,"R석 70,000원
S석 50,000원
A석 30,000원","7세이상
(초등학생이상)",대극장,기획,클래식,클래식,유료,3,1,0,4,1,936,477,24,501,450,15,465,936,,,,2023-12-23,231223_01
127,홍진호&박현수&조윤성의 시네마 파라디소,2023,12,12/24(토) 19:00,GS칼텍스 예울마루/여수MBC,"R석 70,000원
S석 50,000원
A석 30,000원","7세이상
(초등학생이상)",대극장,기획,클래식,클래식,유료,0,1,0,1,1,936,260,29,289,229,16,245,936,,,,2023-12-24,231224_01
1,2024 예울마루 신년음악회,2024,1,1/19(금) 19:30,GS칼텍스 예울마루,"R석 120,000원
S석 90,000원
A석 60,000원
B석 40,000원",8세이상,대극장,기획,순수,클래식,유료,0,1,0,1,1,936,673,85,758,648,77,725,936,,,,2024-01-19,240119_01
2,김광윤 첫 번째 독주회 - 백미,2024,1,1/28(일) 16:00,김광윤,"전석 20,000만원",6세이상,소극장,대관,순수,국악,유료,1,1,0,2,1,298,294,4,298,270,0,270,298,,,,2024-01-28,240128_01
3,엠씨더맥스 이수 콘서트 '기행문' - 여수,2024,2,"2/17(토) 19:00  
2/18(일) 18:00",㈜공연마루,"R석 143,000원 
S석 132,000원 
A석 121,000원",8세이상,대극장,대관,대중,콘서트,유료,1,2,1,4,2,986,1585,20,1605,1545,42,1587,1972,,,,2024-02-17,240217_01
4,이지희&장인규 피아노 조인트 리사이틀,2024,3,3/2(토) 17:00,장인규,"전석 10,000만원","7세이상
(초등학생이상)",소극장,대관,순수,클래식,유료,0,1,0,1,1,298,163,4,167,163,0,163,298,,,,2024-03-02,240302_01
5,2024 조명섭 ‘달밤 음악회’ 시즌2 - 여수,2024,3,3/16(토) 13:00/18:00,(주)밝은누리,"VIP석 143,000원
R석 132,000원",8세이상,대극장,대관,대중,콘서트,유료,1,1,0,2,2,1009,605,41,646,605,21,626,2018,,,,2024-03-16,240316_01
6,"브런치콘서트 <봄, 여행, 춤 그리고 음악>-여수",2024,3,3/20(수) 11:00,GS칼텍스 예울마루,"전석 15,000원",8세이상,대극장,기획,순수,클래식,유료,1,1,0,2,1,668,546,26,572,519,15,534,668,,,,2024-03-20,240320_01
7,헬로카봇 뮤지컬 시즌7 〈웰컴 투 파라다이스〉 - 여수,2024,3,"3/23(토) 11:00/14:00/16:30
3/24(일) 11:00/14:00",㈜전공이엔티,"R석 77,000원
S석 66,000원",24개월이상,대극장,대관,복합,뮤지컬,유료,1,2,0,3,5,981,1644,94,1738,1644,49,1693,4905,,,,2024-03-23,240323_01
8,히사이시 조 영화음악 콘서트,2024,4,4/13(토) 17:00,라이브러리 컴퍼니,"R석 77,000원
S석 66,000원","7세이상
(초등학생이상)",대극장,대관,순수,클래식,유료,0,1,0,1,1,936,703,13,716,703,5,708,936,,,,2024-04-13,240413_01
9,2024 신춘음악회,2024,4,4/18(목) 19:30,한국음악협회 여수지부,전석 무료,5세이상,소극장,대관,순수,클래식,무료,0,1,0,1,1,298,0,214,214,0,193,193,298,,,,2024-04-18,240418_01
10,백은선 최옥산류 가야금 산조 독주회,2024,4,4/19(금) 19:00,백은선,전석 무료,만5세이상,소극장,대관,순수,국악,무료,0,1,0,1,1,298,0,50,50,0,46,46,298,,,,2024-04-19,240419_01
11,열린심포니오케스트라 제 19회 정기연주회,2024,4,4/19(금) 19:30,열린 심포니오케스트라,전석 무료,24개월이상,대극장,대관,순수,클래식,무료,0,1,0,1,1,936,0,497,497,0,455,455,936,,,,2024-04-19,240419_02
12,루체 클라리넷 앙상블,2024,4,4/20(토) 17:00,루체 클라리넷 앙상블,전석 만원,만5세이상,소극장,대관,순수,클래식,유료,0,1,0,1,1,298,143,4,147,0,129,129,298,,,,2024-04-20,240420_01
13,2024 김창완밴드 전국투어 <개구쟁이> 여수공연,2024,4,4/21(일) 18:00,주식회사 파이오니아,"R석 121,000원
 S석110,000원
 A석 99,000원","7세이상
(초등학생이상)",대극장,대관,대중,콘서트,유료,1,1,0,2,1,936,213,10,223,213,7,220,936,,,,2024-04-21,240421_01
14,2024 주현미 콘서트 <The Original> - 여수,2024,4,4/27(토) 17:00,쇼플러스 주식회사,"R석 121,000원
S석 99,000원",만7세이상,대극장,대관,대중,콘서트,유료,1,1,0,2,1,1009,763,10,773,763,6,769,1009,,,,2024-04-27,240427_01
제외,GS칼텍스 예울마루 위크,2024,5,5/1(수)~5/3(금) 19:00,GS칼텍스 예울마루,전석 무료,전체관람가,장도,기획,대중,콘서트,무료,1,3,1,5,3,500,0,1480,1480,0,1480,1480,제외,,,5/1 230,2024-05-01,240501_01
15,어린이 뮤지컬 <폴리팝> - 여수,2024,5,5/8(수)~5/12(일) 11:00/14:00,GS칼텍스 예울마루,"R석 60,000원
S석 40,000원",24개월이상,대극장,기획,복합,뮤지컬,유료,2,5,0,7,10,991,3622,139,3761,3558,38,3596,9910,,,5/2 503,2024-05-08,240508_01
16,2024 조이 오브 퍼커션 제 5회 정기연주회,2024,5,5/11(토)17:00,조이오브퍼커션,전석 만원,미취학 아동 입장불가,소극장,대관,순수,클래식,유료,0,1,0,1,1,298,183,4,187,177,0,177,298,,,5/3 747,2024-05-11,240511_01
17,뮤지컬 <썸데이> - 여수,2024,5,"5/14(화)~5/19(일)
5/14(화) 19:30
5/15(수) 14:00
5/16(목) 10:00
5/17(금) 10:00/19:30
5/18(토) 14:00, 16:30
5/19(일) 15:00",GS칼텍스 예울마루/여수MBC,"전석 55,000원",미취학 아동 입장불가,소극장,기획,순수,연극,유료,1,6,0,7,8,294,1748,53,1801,1688,22,1710,2352,,,,2024-05-14,240514_01
18,최현우 Answer - 여수,2024,5,"5/18(토) 15:00/19:00
5/19(일) 13:00/17:00",㈜하늘이엔티,"R석 88,000원
S석 66,000원",미취학 아동 입장불가,대극장,대관,복합,뮤지컬,유료,2,2,0,4,4,936,967,269,1236,967,231,1198,3744,,,,2024-05-18,240518_01
19,2024 이후성 첼로 독주회,2024,5,5/25(토) 17:00,이후성,전석 2만원,미취학 아동 입장불가,소극장,대관,순수,클래식,유료,0,1,0,1,1,298,114,4,118,114,0,114,298,,,,2024-05-25,240525_01
20,"브런치콘서트 <룰루랄라, 우리 함께 노래해요>",2024,6,6/5(수) 11:00,GS칼텍스 예울마루,"전석 15,000원",미취학 아동 입장불가,대극장,기획,순수,클래식,유료,1,1,0,2,1,936,691,32,723,653,18,671,936,,,,2024-06-05,240605_01
21,여수시립합창단 제 84회 정기연주회 <모짜르트 '레퀴엠'>,2024,6,6/7(금) 19:30,여수시/여수시립합창단,"전석 5,000원",5세이상,대극장,대관,순수,클래식,유료,1,1,0,2,1,936,666,10,676,574,0,574,936,,,,2024-06-07,240607_01
22,2024 김창옥 시즌4 토크 콘서트 - 여수,2024,6,6/8(토) 14:00/18:00,(유)라이브아트,"R석 88,000원
S석 77,000원",만 15세 이상,대극장,대관,대중,콘서트,유료,0,1,0,1,2,1009,1901,26,1927,1901,18,1919,2018,,,,2024-06-08,240608_01
23,앙상블여수 정기공연 연주회,2024,6,6/9(일) 15:00,앙상블여수,전석 4만원,미취학아동 입장불가,소극장,대관,순수,클래식,유료,0,1,0,1,1,298,250,4,254,205,0,205,298,,,,2024-06-09,240609_01
24,이음 스트링 챔버 오케스트라 제 5회 정기연주회,2024,6,6/15(토) 17:00,이음 스트링 챔버 오케스트라,전석 만원,미취학아동 입장불가,소극장,대관,순수,클래식,유료,0,1,0,1,1,298,168,4,172,154,0,154,298,,,,2024-06-15,240615_01
25,어린이 뮤지컬 바다탐험대 옥토넛3 <바다넘어육지까지> - 여수,2024,6,"6/15(토) 11:00/14:00/16:00
6/16(일) 11:00/14:00",율컴퍼니,"1층 R석 66,000원",24개월이상,대극장,대관,복합,뮤지컬,유료,1,2,0,3,5,936,460,61,521,460,11,471,4680,,,,2024-06-15,240615_02
26,봄연주회 위풍당당 음악회,2024,6,6/16(일) 17:00,한독한마음,전석 무료,24개월이상,소극장,대관,순수,클래식,무료,0,1,0,1,1,298,0,298,298,0,262,262,298,,,,2024-06-16,240616_01
제외,제4회 전남동부극동포럼,2024,6,6/16(일) 17:00,전남동부극동방송,전석 무료,24개월이상,소극장,기타,대중,행사,무료,0,1,0,1,1,298,0,0,0,0,245,245,298,,,,2024-06-16,240616_02
27,제 9회 2024 여수에코국제음악제,2024,6,"6/20(목)~6/21(금) 19:30
6/22(토)~6/23(일) 17:00",(재)범민문화재단,"전석 50,000원",미취학아동 입장불가,대극장,대관,순수,클래식,유료,0,4,0,4,4,936,2078,40,2118,2077,12,2089,3744,,,,2024-06-20,240620_01
28,뽀로로와 친구들의 드림콘서트 - 잃어버린 꿈을 찾아서,2024,6,"6/29(토) 11:00/14:00/16:30
6/30(일) 11:00/14:00",주식회사 이에스생활문화,"1층 R석 50,000원",전체관람가,대극장,대관,복합,뮤지컬,유료,1,2,0,3,5,1009,2051,58,2109,2051,8,2059,5045,,,,2024-06-29,240629_01
29,뮤지컬 <노트르담 드 파리>,2024,7,"7/12(금) 19:30 
7/13(토) 14:00, 19:00 
7/14(일) 14:00",GS칼텍스 예울마루/여수MBC,"R석 160,000원
S석 130,000원
A석 90,000원",초등학생 이상부터,대극장,기획,복합,뮤지컬,유료,4,3,0,7,4,1001,3634,63,3697,3606,32,3638,4004,,,,2024-07-12,240712_01
30,2024 WALD 스트링 오케스트라와 함께하는 청소년 협연의 밤,2024,7,7/18(목) 19:00,아카데미 EJ,전석 무료,24개월이상,소극장,대관,순수,클래식,무료,0,1,0,1,1,298,221,4,225,205,0,205,298,,,,2024-07-18,240718_01
31,의혈지사 윤형숙 열사 기념사업회,2024,7,7/19 (금) 19:30,여수지역독립운동가유족회,"전석 30,000원",8세이상,소극장,대관,대중,행사,유료,0,1,0,1,2,298,588,8,596,394,0,394,596,,,,2024-07-19,240719_01
32,2024 뮤지컬 <장영실과 함께하는 별별GPT>,2024,7,"7/19 (금) 19:30
7/20 (토) 11:00, 15:00","GS칼텍스 예울마루
/쎈스 CenS","R석 30,000원
S석 20,000원",8세이상,대극장,기획,복합,뮤지컬,유료,4,2,0,6,3,490,273,180,453,266,135,401,1470,,,,2024-07-19,240719_02
33,"타악앙상블 META 제 4회 정기연주회
<헝가리안 소나타>",2024,7,7/27 (토) 17:00,타악 앙상블 META,전석 무료,초등학생 이상부터,소극장,대관,순수,클래식,무료,1,1,0,2,1,298,0,298,298,0,56,56,298,,,,2024-07-27,240727_01
34,"김지안의 소리2-춘향, 이별",2024,8,8/11(일) 16:00,김지안,전석 무료,5세이상관람가,소극장,대관,순수,국악,무료,0,1,0,1,1,298,0,251,251,0,221,221,298,,,,2024-08-11,240811_01
35,플루트 기타 듀오 N’kinSuh 리사이틀,2024,8,8/15(목) 19:00,서정하,전석 2만원,24개월이상,소극장,대관,순수,클래식,유료,0,1,0,1,1,298,256,4,260,245,0,245,298,,,,2024-08-15,240815_01
36,연희단팔산대 <무풍(舞風): 바람의 춤>,2024,8,8/17(토)~8/18(일) 17:00,GS칼텍스 예울마루,전석 2만원,미취학아동 입장불가,소극장,기획,순수,국악,유료,1,2,0,3,2,298,548,9,557,502,1,503,596,,,,2024-08-17,240817_01
37,탈북민과 함께부르는 통일기원음악회,2024,8,8/22(목) 14:00,"민주평화통일자문회의 
전남여성위원회",전석 무료,24개월이상,소극장,대관,대중,행사,무료,0,1,0,1,1,298,0,286,286,0,253,253,298,,,,2024-08-22,240822_01
38,헬로! 오페라 <봄봄>,2024,8,8/23(금)19:30~8/24(토) 17:00,GS칼텍스 예울마루,전석 4만원,초등학생 이상부터,대극장,기획,복합,오페라,유료,1,2,0,3,2,440,553,44,597,534,23,557,880,,,,2024-08-23,240823_01
39,히사이시 조 영화음악 콘서트 2024_여수 앙코르,2024,8,8/25(일) 17:00,라이브러리컴퍼니,"R석 120,000원 
 S석 90,000원 
A석 60,000원 
 B석 40,000원",초등학생 이상부터,대극장,대관,순수,클래식,유료,0,1,0,1,1,936,679,129,808,679,120,799,936,,,,2024-08-25,240825_01
40,여수심포니오케스트라 제 13회 정기연주회,2024,8,8/29(목) 19:30,여수심포니오케스트라,전석 3만원,5세이상,대극장,대관,순수,클래식,유료,0,1,0,1,1,936,433,10,443,395,0,395,936,,,,2024-08-29,240829_01
41,2024 영호남 4개도시 청소년 교류음악회,2024,8,8/31(토) 15:00,여수교육지원청,전석 무료,24개월이상,대극장,대관,순수,클래식,유료,0,1,0,1,1,936,926,10,936,867,0,867,936,,,,2024-08-31,240831_01
42,"브런치콘서트 <앙리 마티스와 클래식, 그리고 ""스캔들"">",2024,9,9/4(수) 11:00,GS칼텍스 예울마루,"전석 15,000원",미취학 아동 입장불가,대극장,기획,순수,클래식,유료,1,1,0,2,1,936,718,10,728,648,1,649,936,,,,2024-09-04,240904_01
43,인천시립합창단과 함께하는 <손양원 목사 음악회>,2024,9,9/5(목) 19:00,(사)민족지도자 손양원목사 기념사업회,전석 무료,24개월이상,대극장,대관,대중,행사,무료,0,1,0,1,1,936,0,713,713,0,678,678,936,,,,2024-09-05,240905_01
44,제 1회 여수 국제 웹페스트,2024,9,"9/5(목) 19:00~9/6(금) 10:00,18:00",여수시,전석 무료,중학생 이상  관람가,소극장,대관,대중,행사,무료,0,2,1,3,2,298,0,894,894,0,449,449,596,,,,2024-09-05,240905_02
45,트리오 인 : 드보르자크,2024,9,9/6(금) 19:30,GS칼텍스 예울마루,"R석 7만원
S석 5만원",미취학 아동 입장불가,대극장,기획,순수,클래식,유료,0,1,0,1,1,936,173,125,298,166,85,251,936,,,,2024-09-06,240906_01
46,제 2회 남도 전국 합창 경연 페스티벌,2024,9,9/7(토) 13:00,한국음악협회 전라남도지회,전석 무료,24개월이상,대극장,대관,대중,행사,무료,0,1,0,1,1,936,0,821,821,0,700,700,936,,,,2024-09-07,240907_01
47,어린이 뮤지컬 <친구의 전설>,2024,9,9/10(화)~9/12(목) 11:00/14:00,GS칼텍스 예울마루/여수MBC,전석 6만원,24개월이상,대극장,기획,복합,뮤지컬,유료,1,3,0,4,6,936,2378,90,2468,2334,29,2363,5616,,,,2024-09-10,240910_01
48,"오누이 <김용임, 진성 콘서트>",2024,9,"9/14(토) 13:00, 17:00",조은소리,"VIP석 132,000원
R석 110,000원",미취학 아동 입장불가,대극장,대관,대중,콘서트,유료,1,1,0,2,2,1009,736,77,813,736,57,793,2018,,,,2024-09-14,240914_01
49,뮤지컬 캐치! 티니핑 <두근두근 싱어롱 콘서트>,2024,9,9/21(토)~9/22(일)11:00/14:00/ 16:30,(주) 하늘이엔티,"R석 66,000원
S석 44,000원",24개월이상,대극장,대관,복합,뮤지컬,유료,1,2,0,3,6,936,2227,327,2554,2227,267,2494,5616,,,,2024-09-21,240921_01
50,JOY OF PERCUSSION 제6회 정기연주회 <지브리X탱고>,2024,9,9/21(토) 17:00,JOY OF PERCUSSION,전석 무료,5세이상,소극장,대관,순수,클래식,무료,0,1,0,1,1,298,0,231,231,0,199,199,298,,,,2024-09-21,240921_02
51,"모두 모여락(樂) + 해피 콘서트 "" 짬쏭 """,2024,9,9/28(토) 18:30,루미아플룻콰이어,전석 무료,5세이상,소극장,대관,순수,클래식,무료,0,1,0,1,1,298,0,129,129,0,114,114,298,,,,2024-09-28,240928_01
52,GS칼텍스 예울마루 실내악 페스티벌 Part 1.,2024,10,"10/10(목)~10/11(금) 19:30
10/12(토)~10/13(일) 17:00",GS칼텍스 예울마루,"R석 5만원
S석 3만원
학생전석 1만원",초등학생 이상,대극장,기획,순수,클래식,유료,0,4,0,4,4,668,333,346,679,311,250,561,2672,,,,2024-10-10,241010_01
53,내가 사랑한 프랑스화가와 음악가,2024,10,10/12(토) 19:00,앙상블보니,전석 만원,24개월이상,소극장,대관,순수,클래식,유료,0,1,0,1,1,298,85,4,89,83,0,83,298,,,,2024-10-12,241012_01
54,제 48회 여수 예술제,2024,10,10/14(월) 19:00,한국예총 여수지회,전석 무료,24개월이상,대극장,대관,대중,행사,무료,0,1,0,1,1,936,0,631,631,0,545,545,936,,,,2024-10-14,241014_01
55,여순사건 창작오페라 <바다에 핀 동백>,2024,10,10/18(금)~10/19(토) 19:00,여수심포니오케스트라,전석 무료,5세이상,대극장,대관,복합,오페라,무료,3,2,0,5,2,936,0,1656,1656,0,1512,1512,1872,,,,2024-10-18,241018_01
56,KBS교향악단과 함께하는 여수음악제,2024,10,10/20(일)~10/26(토),(재)여수음악제,"R석 6만원
S석 3만원",초등학생이상,대극장,대관,순수,클래식,유료,0,4,0,4,5,936,1936,1050,2986,1663,962,2625,4680,,,,2024-10-20,241020_01
57,KBS교향악단과 함께하는 여수음악제,2024,10,10/24(목)~10/25(금) 19:30,(재)여수음악제,전석 2만원,초등학생이상,소극장,대관,순수,클래식,유료,0,2,0,2,2,936,394,82,476,332,75,407,1872,,,,2024-10-24,241024_01
58,CTS 전남방송 개국 20주년 기념 음악회,2024,10,10/22(화)19:00,CTS전남방송,전석 무료,만 7세이상,대극장,대관,대중,콘서트,무료,0,1,0,1,1,936,0,549,549,0,444,444,936,,,,2024-10-22,241022_01
59,여수학생오케스트라 페스티벌,2024,10,10/24(목)~10/25(금) 14:00,여수교육지원청,전석 무료,24개월이상,대극장,대관,순수,클래식,무료,0,2,0,2,2,936,0,1653,1653,0,1562,1562,1872,,,,2024-10-24,241024_02
60,전남학생오케스트라 페스티벌-오케스트라,2024,10,10/29(화)~10/31(목) 13:30/15:00,전라남도교육청,전석 무료,24개월이상,대극장,대관,순수,클래식,무료,0,3,0,3,6,936,0,3722,3722,0,2461,2461,5616,,,,2024-10-29,241029_01
61,제 48회 여수예술제 - 가을밤의 세레나데,2024,10,10/30(목)19:30,한국음악협회 여수지부,전석 무료,만 7세이상,소극장,대관,순수,클래식,무료,0,1,0,1,1,298,0,198,198,0,175,175,298,,,,2024-10-30,241030_01
62,전남학생오케스트라 페스티벌-복합,2024,11,11/1(금)13:30/15:00,전라남도교육청,전석 무료,24개월이상,소극장,대관,복합,다원,무료,1,1,0,2,2,298,0,351,351,0,281,281,596,,,,2024-11-01,241101_01
63,3테너 콘서트 in 여수,2024,11,11/1(금)19:30,GS칼텍스 예울마루,"R석 7만원
S석 5만원
A석 3만원",미취학 아동 입장불가,대극장,기획,순수,클래식,유료,0,1,0,1,1,936,339,67,406,335,56,391,936,,,,2024-11-01,241101_02
64,루체 클라리넷 앙상블 정기연주회,2024,11,11/2(토) 17:30,사운드웍스,전석 만원,5세이상,소극장,대관,순수,클래식,유료,0,1,0,1,1,298,121,4,125,100,0,100,298,,,,2024-11-02,241102_01
65,VOS 20주년 전국투어 콘서트,2024,11,11/2(토) 19:00,(주)에프엘엔터테인먼트,"R석 88,000원
S석 66,000원",만 7세 이상,대극장,대관,대중,콘서트,유료,0,1,0,1,1,1009,704,10,714,704,0,704,1009,,,,2024-11-02,241102_02
66,카메라타 전남 제 13회 정기연주회 <희망나눔 콘서트>,2024,11,11/8(금) 19:30,사운드웍스,전석 만원,만 7세이상,대극장,대관,순수,클래식,유료,0,1,0,1,1,936,270,10,280,270,0,270,936,,,,2024-11-08,241108_01
67,제 8회 여수시민오케스트라 정기연주회 '가을... 비상을 꿈꾸다',2024,11,11/9(토) 17:00,여수시민오케스트라,전석 무료,24개월이상,대극장,대관,순수,클래식,무료,0,1,0,1,1,936,0,564,564,0,471,471,936,,,,2024-11-09,241109_01
68,2024 여수 남해 음악협회 교류연주회,2024,11,11/9(토) 18:00,한국음악협회 여수지부,전석 무료,24개월이상,소극장,대관,순수,클래식,무료,0,1,0,1,1,298,0,38,38,0,29,29,298,,,,2024-11-09,241109_02
69,한독 국제 유진 청소년 오케스트라 제 13회 정기연주회,2024,11,11/10(일) 17:00,한독한마음,전석 무료,24개월이상,대극장,대관,순수,클래식,무료,0,1,0,1,1,936,0,807,807,0,684,684,936,,,,2024-11-10,241110_01
70,뮤지컬 <오즈의 의류수거함>,2024,11,"11/13(수),11/15일 10:30/14:00
11/16(토) 14:00/17:00",GS칼텍스 예울마루,"R석(1층) 5만원
S석(2층) 3만원",24개월이상,대극장,기획,복합,뮤지컬,유료,2,3,0,5,6,926,2244,92,2336,2149,32,2181,5556,,,,2024-11-13,241113_01
71,반짝반짝 빛나는 마술사의 방,2024,11,11/16 (토) 11:00 14:00 16:00,인생마술,"전석 25,000원",24개월이상,소극장,대관,복합,뮤지컬,유료,1,1,0,2,3,298,572,12,584,572,0,572,894,,,,2024-11-16,241116_01
72,뮤지컬 <젠틀맨스 가이드: 사랑과 살인편>,2024,11,"11/22(금) 19:30
11/23(토) 14:00, 18:30
11/24(일) 14:00",GS칼텍스 예울마루/여수MBC,"전석 25,000원",24개월이상,대극장,기획,복합,뮤지컬,유료,4,3,0,7,4,1001,2149,69,2218,1967,39,2006,4004,,,,2024-11-22,241122_01
73,GS칼텍스 예울마루 실내악 페스티벌 Part 2.,2024,11,11/26(화) 19:30,GS칼텍스 예울마루,"R 50,000원
S 30,000원
학생 전석 10,000원",24개월이상,대극장,기획,순수,클래식,유료,0,1,0,1,1,936,140,72,212,124,61,185,936,,,,2024-11-26,241126_01
74,시립합창단 정기연주회,2024,11,11/28(금) 19:30,여수시립합창단,전석 5천원,5세이상,대극장,대관,순수,클래식,유료,1,1,0,2,1,936,666,10,676,576,1,577,936,,,,2024-11-28,241128_01
75,시민합창제,2024,11,11/30 (토) 13:00,"여수시, 여수시민합창제 추진위원회",전석 무료,24개월이상,대극장,대관,대중,행사,무료,1,1,0,2,1,936,0,710,710,0,700,700,936,,,,2024-11-30,241130_01
76,애양청소년 오케스트라 연주회,2024,11,11/30 (토) 17:00,애양청소년오케스트라,전석 무료,24개월이상,소극장,대관,순수,클래식,무료,0,1,0,1,1,298,0,244,244,0,226,226,298,,,,2024-11-30,241130_02
77,신혜미 가야금 연주회,2024,12,12/1(일)15:00,신혜미,전석 무료,5세이상,소극장,대관,순수,국악,무료,0,1,0,1,1,298,0,120,120,0,109,109,298,,,,2024-12-01,241201_01
78,"이혜란의 장도 소나타Ⅱ: 새벽빛, 그 소리를 담다.",2024,12,12/3(화)19:00,이혜란,전석 5만원,24개월이상,소극장,대관,순수,클래식,유료,0,1,0,1,1,298,258,4,262,235,2,237,298,,,,2024-12-03,241203_01
79,브런치 콘서트 <그 어느 겨울보다 따뜻한>,2024,12,12/4(수)11:00,GS칼텍스 예울마루,"전석 15,000원",미취학 아동 입장불가,대극장,기획,순수,클래식,유료,1,1,0,2,1,937,921,16,937,831,6,837,937,,,,2024-12-04,241204_01
80,"윈터워크-재즈 피아노, 트리오, 재즈 빅밴드와 함께하는 특별한 음악 산책",2024,12,12/6(금)19:30,GS칼텍스 예울마루,전석 5만원,5세이상,대극장,기획,순수,클래식,유료,1,1,0,2,1,668,285,98,383,253,65,318,668,,,,2024-12-06,241206_01
81,마음톡톡 힐링콘서트,2024,12,12/7(토) 16:00,GS칼텍스,전석 무료,24개월이상,소극장,대관,대중,콘서트,무료,1,1,0,2,1,298,0,150,150,0,150,150,298,,,,2024-12-07,241207_01
82,"여수필하모닉오케스트라 제 36회 정기연주회 <2024 송년의 밤, 가족음악회>",2024,12,12/9(월) 19:00,여수필하모닉오케스트라,전석 무료,24개월이상,대극장,대관,순수,클래식,무료,0,1,0,1,1,936,0,262,262,0,187,187,936,,,,2024-12-09,241209_01
83,연극 <시간을 파는 상점>,2024,12,"12/11(수) 10:30, 15:00
12/12(목) 10:30, 14:30
12/13(금) 10:30, 15:00, 19:30
12/14(토) 14:00, 17:00
12/17(화) 10:30, 15:00
12/18(수) 10:30",GS칼텍스 예울마루,전석 4만5천원,초등학생 이상,소극장,기획,순수,연극,유료,1,6,1,8,12,298,3467,50,3517,3237,14,3251,3576,,,,2024-12-11,241211_01
84,"여수시립국악단 제 45회 정기공연_창극 <아름다운 사람, 이순신>",2024,12,12/12(목) 19:00,여수시립국악단,전석 5천원,5세이상,대극장,대관,복합,창극,유료,2,1,0,3,1,936,658,10,668,539,0,539,936,,,,2024-12-12,241212_01
85,제 16회 여수전남교원오케스트라 정기연주회 <사제동행>,2024,12,12/13(금) 18:00,여수교육지원청,전석 무료,24개월이상,대극장,대관,순수,클래식,무료,0,1,0,1,1,936,453,10,463,408,1,409,936,,,,2024-12-13,241213_01
86,"2024 여수영재교육원 오케스트라 정기연주회 <차인홍, 안트리오와 꿈을 연주하다>",2024,12,12/14(토) 17:00,전라남도여수영재교육원,전석 무료,24개월이상,대극장,대관,순수,클래식,무료,0,1,0,1,1,936,556,10,566,453,0,453,936,,,,2024-12-14,241214_01
87,발레와 함께하는 클래식 음악동화 <호두까기 인형>,2024,12,12/15(일) 17:00,앙상블보니,전석 2만원,24개월이상,대극장,대관,순수,클래식,유료,0,1,0,1,1,936,567,10,577,506,0,506,936,,,,2024-12-15,241215_01
88,창작오페라 <거문도의 캐롤>,2024,12,12/19(목) 19:30,"여수시, 여수그랜드오페라단","R석 2만원
S석 1만원",24개월이상,대극장,대관,복합,오페라,유료,2,1,0,3,1,936,547,10,557,458,0,458,936,,,,2024-12-19,241219_01
89,아레나 디 베로나 오페라 페스티벌 <라 보엠> 공연실황 상영,2024,12,12/21(토) 17:00,GS칼텍스 예울마루,전석 2만원,초등학생 이상,대극장,기획,순수,클래식,유료,0,1,0,1,1,668,151,18,169,140,1,141,668,,,,2024-12-21,241221_01
90,제 10회 지역예술인재콘서트 <내 꿈에 날개를>,2024,12,12/21(토) 16:00,사단법인 한국민족예술단체총연합회 국악위원회,전석 무료,24개월이상,소극장,대관,대중,콘서트,무료,0,1,0,1,1,298,0,133,133,0,105,105,298,,,,2024-12-21,241221_02
91,발레 <호두까기 인형>,2024,12,"12/24(화)19:30
12/25(수)17:00",GS칼텍스 예울마루/여수MBC,"R 77,000원
S 55,000원
A 44,000원",5세이상,대극장,기획,순수,무용,유료,2,2,0,4,2,936,1846,18,1864,1786,9,1795,1872,,,,2024-12-24,241224_01
92,"제 2회 류영숙 전통무용 발표회 <꽃, 춤으로 피어오르다>",2024,12,12/25(수) 15:00,류영숙한국전통무용연구원,전석 무료,24개월이상,소극장,대관,순수,무용,무료,1,1,0,2,1,298,0,289,289,0,274,274,298,,,,2024-12-25,241225_01
1,베베핀 뮤지컬<우당탕탕 패밀리>,2025,1,"1/11(토)
11:00, 14:00, 16:30
1/12(일)
11:00, 14:00, 16:30",㈜애트칸,"VIP석 70,000원
R석 55,000원",12개월이상,대극장,대관,복합,뮤지컬,유료,1,2,0,3,6,936,1433,164,1597,1433,104,1537,5616,,,,2025-01-11,250111_01
2,지브리 영화음악 콘서트<지브리와 사랑에 빠지다>,2025,1,1/11(토) 15:00,스테이지엠,전석 3만5천원,5세이상,소극장,대관,대중,콘서트,유료,0,1,0,1,1,298,180,22,202,180,18,198,298,,,,2025-01-11,250111_02
3,2025 예울마루 신년음악회,2025,1,1/16(목) 19:30,GS칼텍스 예울마루,"R 70,000원
S 50,000원
A 30,000원",초등학생 이상,대극장,기획,순수,클래식,유료,0,1,0,1,1,926,464,40,504,449,25,474,926,,,23108000,2025-01-16,250116_01
4,"전남동부극동방송 개국 10주년 기념
전속합창단 연합공연",2025,1,1/23(목) 19:30,전남동부 극동방송,전석 무료,24개월이상,대극장,대관,순수,클래식,무료,0,1,0,1,1,936,0,677,677,0,575,575,936,,,0,2025-01-23,250123_01
5,원더매직의 <과학마술콘서트>,2025,2,"2/8(토) 11:00, 14:00
2/9(일) 11:00, 14:00","주최: 원더매직
주관/우주아트","전석 40,000원",24개월이상,대극장,대관,대중,콘서트,유료,1,2,0,3,2,936,1218,40,1258,1218,0,1218,1872,,,,2025-02-08,250208_01
6,뮤지컬 <시카고>,2025,2,"2/14(금) 19:30
2/15(토) 14:00, 18:30
2/16(일) 14:00","주최/주관: 공연이야기
GS칼텍스 예울마루
여수 MBC","R 160,000원
S 140,000원
A 110,000원",중학생이상,대극장,기획,복합,뮤지컬,유료,4,3,1,8,4,969,3808,76,3884,3761,38,3799,3876,,,,2025-02-14,250214_01
7,콘서트 월드 국제음악제,2025,2,2/20(목)19:00,㈜은파악기,전석 무료,초등학생이상,대극장,대관,순수,클래식,무료,0,1,0,1,1,926,0,174,174,0,152,152,926,,,,2025-02-20,250220_01
8,백건우와 모차르트,2025,3,3/8(토) 17:00,GS칼텍스 예울마루,"R 70,000원
S 50,000원
A 30,000원",초등학생이상,대극장,기획,순수,클래식,유료,0,1,0,1,1,926,811,10,821,800,2,802,926,,,,2025-03-08,250308_01
9,2025 이승철 전국투어 콘서트 -여수,2025,3,3/15(토) 16:00,㈜타입커뮤니케이션,"FS 198,000원VIP 187,000원",8세이상,대극장,대관,대중,콘서트,유료,1,1,0,2,1,959,900,10,910,900,0,900,959,,,,2025-03-15,250315_01
10,2025 GS칼텍스 예울마루 브런치콘서트,2025,3,3/27(목) 11:00,GS칼텍스 예울마루,"전석 20,000원",초등학생이상,대극장,기획,순수,클래식,유료,1,1,0,2,1,926,309,31,340,293,19,312,926,,,,2025-03-27,250327_01
11,감마선은 달무늬 얼룩진 금잔화에 어떤 영향을 주었는가?,2025,3,"3/28(금) 19:30
3/29(토) 16:00
3/30(일) 15:00",예술집단 아트봤슈,"전석 50,000원",17세이상,소극장,대관,순수,연극,유료,2,3,0,5,3,298,413,12,425,413,0,413,894,,,,2025-03-28,250328_01
12,히사이시 조 영화음악 콘서트 2025_파이널 여수,2025,3,3/29(토) 15:00,라이브러리컴퍼니,"R 120,000원
S 90,000원
A 60,000원
B 40,000원",초등학생이상,대극장,대관,대중,콘서트,유료,0,1,0,1,1,926,422,103,525,422,93,515,926,,,,2025-03-29,250329_01
13,뮤지컬 번개맨 시즌2 <번개맨!VS번개맨?>-여수,2025,4,"4/5(토) 11:00/14:00/16:30
4/6(일) 11:00/14:00/16:30",(주)창라이프,"R 66,000원
S 55,000원",24개월이상,대극장,대관,복합,뮤지컬,유료,1,2,0,3,6,926,2454,63,2517,2454,3,2457,5556,,,,2025-04-05,250405_01
14,열린심포니오케스트라 제20회 정기연주회 오페라 헨젤과 그레텔,2025,4,4/11(금) 16:30/19:30,여수시/열린심포니오케스트라,전석 무료,36개월이상,소극장,대관,복합,오페라,무료,1,1,0,2,2,298,0,513,513,0,472,472,596,,,,2025-04-11,250411_01
15,제13회 한국리스트협회 호남지부 정기연주회,2025,4,4/12(토) 15:00,휘예술기획,"전석 20,000원",만6세이상,소극장,대관,순수,클래식,유료,0,1,0,1,1,298,85,4,89,85,0,85,298,,,,2025-04-12,250412_01
16,박두규 기타 독주회,2025,4,4/15(화) 19:00,박두규기타앙상블,"전석 10,000원",24개월이상,소극장,대관,순수,클래식,유료,0,1,0,1,1,298,197,4,201,181,0,181,298,,,,2025-04-15,250415_01
17,무용<스페인 국립 플라멩코 발레단 내한공연 - 아파나도르>,2025,4,"4/24(목) 19:30
4/25(금) 19:30",GS칼텍스 예울마루,"R 110,000원
S 90,000원
A 70,000원
B 50,000원",초등학생 4학년이상,대극장,기획,순수,무용,유료,2,2,2,6,2,852,546,211,757,526,181,707,1704,,,,2025-04-24,250424_01
18,2025 김창옥 토크콘서트 시즌5 - 여수,2025,5,5/3(토) 14:00/18:00,(주)신세계이엔티,"R 88,000원
 S 77,000원
 A 66,000원",15세이상관람가,대극장,대관,대중,콘서트,유료,0,1,0,1,2,1009,1244,20,1264,1264,0,1264,2018,,,,2025-05-03,250503_01
19,김유상 이윤희 듀오 리사이틀,2025,5,5/11(일) 15:00,한국리스트협회 호남지부,"전석 20,000원",만7세이상,소극장,대관,순수,클래식,유료,0,1,0,1,1,298,110,4,114,110,0,110,298,,,,2025-05-11,250511_01
20,뮤지컬 <넌 특별하단다_서커스버전>,2025,5,"5/13(화) 11:00
5/14(수) 11:00
5/15(목) 11:00/14:00
5/16(금) 11:00
5/17(토) 11:00/14:00",GS칼텍스 예울마루,"R 60,000원
S 40,000원",만24개월이상,대극장,기획,복합,뮤지컬,유료,2,5,0,7,7,926,2756,97,2853,2690,16,2706,6482,,,,2025-05-13,250513_01
21,2025 GS칼텍스 예울마루 위크,2025,5,5/17(토) 18:00,GS칼텍스 예울마루,전석 무료,전 연령 관람가,야외공연장 바닥분수,기획,대중,콘서트,무료,1,1,0,2,1,900,0,900,900,0,900,900,900,,,,2025-05-17,250517_01
22,베르디 레퀴엠 프리렉처 콘서트,2025,5,5/20(화) 19:30,여수시/여수시립합창단,전석 무료,5세이상관람가,소극장,대관,대중,콘서트,무료,0,1,0,1,1,298,0,212,212,0,123,123,298,,,,2025-05-20,250520_01
23,2025 GS칼텍스 예울마루 브런치콘서트<냠냠 클래식>,2025,5,5/22(목) 11:00,GS칼텍스 예울마루,"전석 20,000원",초등학생이상,대극장,기획,순수,클래식,유료,1,1,0,2,1,926,400,34,434,383,30,413,926,,,,2025-05-22,250522_01
24,가족과 함께하는 음악여행 Harmonic Echo,2025,5,5/24(토) 17:00,(사)한국음악교육문화원,"전석 50,000원",8세이상관람가,소극장,대관,순수,클래식,유료,0,1,0,1,1,298,259,4,263,259,,259,298,,,,2025-05-24,250524_01
25,서주희 바이올린 리사이트,2025,5,5/27(화) 19:30,전남문화재단,"전석 30,000원",8세이상관람가,소극장,대관,순수,클래식,유료,0,1,0,1,1,298,281,4,285,269,,269,298,,,,2025-05-27,250527_01
26,창작발레 <갓 GAT>,2025,5,5/29(목) 19:30,"(재)예술경영지원센터
GS칼텍스 예울마루
윤별발레컴퍼니","R 30,000원
S 20,000원",초등학생이상관람가,대극장,기획,순수,무용,유료,1,1,0,2,1,973,638,16,654,594,6,600,973,,,,2025-05-29,250529_01
27,2025년 남진 60주년 전국투어 콘서트,2025,5,5.31(토) 15:00,제주플레이,"R 121,000원",만7세이상,대극장,대관,대중,콘서트,유료,1,1,0,2,1,926,675,10,685,675,0,675,926,,,,,
28,2025 유키 구라모토 콘서트 Peacefully 여수,2025,6,6/1(일) 17:00,(주)원앤원엔터테인먼트,"R 90,000원
S 80,000원
A 70,000원
B 50,000원
C 40,000원",만7세이상,대극장,대관,대중,콘서트,유료,0,1,0,1,1,926,741,10,751,741,0,741,926,,,,2025-06-01,250601_01
29,여수시립합창단 제86회 정기연주회 <베르디 레퀴엠>,2025,6,6/5(목) 19:30,여수시/여수시립합창단,"전석 5,000원",5세이상,대극장,대관,순수,클래식,유료,1,1,0,2,1,926,890,10,900,777,1,778,926,,,,2025-06-05,250605_01
30,"이음스트링쳄버오케스트라 제6회 정기연주회
 with 드보르작 슬라브의 숨결",2025,6,6/7(토) 17:00,이음 스트링 챔버 오케스트라,"전석 20,000원",8세이상관람가,소극장,대관,순수,클래식,유료,0,1,0,1,1,298,203,4,207,193,0,193,298,,,,2025-06-07,250607_01
31,2025여수재즈페스티벌,2025,6,6/7(토) 17:00,여수시,무료,나이제한없음,장도야외공연장,대관,대중,콘서트,무료,2,1,0,3,1,1000,0,1000,1000,0,1000,1000,1000,,,,2025-06-07,250607_02
32,바리톤 고성현 시인의 사랑과 생애,2025,6,6/8(일) 15:00,고성현클래식,"전석 20,000원",8세이상관람가,소극장,대관,순수,클래식,유료,0,1,0,1,1,298,231,4,235,231,2,233,298,,,,2025-06-08,250608_01
33,여수시립국악단 제46회 정기연주회 <창해화>,2025,6,6/12(목) 19:30,여수시/여수시립국악단,"전석 5,000원",5세이상관람가,대극장,대관,순수,국악,유료,2,1,0,3,1,926,599,10,609,537,1,538,926,,,,2025-06-12,250612_01
34,루체클라리넷 앙상블 목관과 금관의 토요일,2025,6,6/14(토) 17:00,"루체클라리넷앙상블
나팔브라스 앙상블 사운드웍스","전석 10,000원",5세이상관람가,소극장,대관,순수,클래식,유료,0,1,0,1,1,298,210,4,214,186,0,186,298,,,,2025-06-14,250614_01
35,시대음악 시리즈 VI. 슈만과 사랑,2025,6,6/15(일) 15:00,담아앙상블,전석 무료,8세이상,소극장,대관,순수,클래식,무료,0,1,0,1,1,298,0,149,149,0,132,132,298,,,,2025-06-15,250615_01
36,"제10회 여수 에코 국제 음악제 < 비상, 바다를 날다. >",2025,6,"6/19(목) 19:30
6/20(금) 19:30
6/21(토) 17:00
6/22(일) 17:00",(재) 범민문화재단,"전석 50,000원",8세이상,대극장,대관,순수,클래식,유료,0,4,0,4,4,926,2303,40,2343,2303,2,2305,3704,,,,2025-06-19,250619_01
37,주현주 다섯번째 소리판 <해후>,2025,6,6/21(토) 13:00,주현주 / 전남문화재단,전석 무료,36개월이상,소극장,대관,순수,국악,무료,0,1,0,1,1,298,0,103,103,0,94,94,298,,,,2025-06-21,250621_01
38,뮤지컬 <명성황후> 30주년 기념공연 -여수,2025,7,"7/4(금) 19:30
7/5(토) 14:00/19:00
7/6(일) 14:00",GS칼텍스 예울마루/여수MBC,"R 160,000원
S 140,000원
A 110,000원",초등학생이상,대극장,기획,복합,뮤지컬,유료,3,3,1,7,4,918,3636,45,3681,3621,20,3641,3672,,,,2025-07-04,250704_01
39,2025 GS칼텍스 예울마루 브런치콘서트<썸머 페스티벌>,2025,7,7/10(목) 11:00,GS칼텍스 예울마루,"전석 20,000원",초등학생이상,대극장,기획,순수,클래식,유료,1,1,0,2,1,926,405,34,439,361,14,375,926,,,,2025-07-10,250710_01
40,Joy Of Percussion 7회 정기연주회,2025,7,7/12(토) 17:00,여수시/Joy Of Percussion,전석 무료,5세이상,소극장,대관,순수,클래식,무료,0,1,1,2,1,298,0,200,200,0,175,175,298,,,,2025-07-12,250712_01
41,연극 <꽃의 비밀 >,2025,7,"7/19(토) 17:00
7/20(일) 15:00","(재)예술경영지원센터
GS칼텍스 예울마루
(주)파크컴퍼니","R 40,000원
S 30,000원",중학생이상,대극장,기획,순수,연극,유료,2,2,0,4,2,949,1892,28,1920,1812,4,1816,1898,,,,2025-07-19,250719_01
42,멘토와 멘티의 만남 FluteIN 여수청소년플루트앙상블,2025,7,7/25(금) 19:00,"정화용 Flute
여수청소년플루트앙상블",전석 무료,5세이상,소극장,대관,순수,클래식,무료,0,1,0,1,1,298,0,228,228,0,212,212,298,,,,2025-07-25,250725_01
43,2025년 여수에코국제음악제_영재오케스트라,2025,7,7/26(토) 17:00,(재)범민문화재단/여수시,전석 무료,5세이상,대극장,대관,순수,클래식,무료,0,1,0,1,1,926,0,542,542,0,533,533,926,,,,2025-07-26,250726_01
44,가족뮤지컬 <넘버블록스> - 여수,2025,8,"8/2(토) 11:00/14:00/16:30
8/3(일) 11:00/14:00/16:30","GS칼텍스 예울마루
브러쉬씨어터(주)","전석 70,000원",24개월이상,대극장,기획,복합,뮤지컬,유료,1,2,0,3,6,961,2921,79,3000,2893,20,2913,5766,,,,2025-08-02,250802_01
45,리듬 오브 더 라이트 '캔들라이트 콘서트',2025,8,8/16(토) 19:00,여수시 관광과/한국관광공사,전석 무료,전체관람가,장도야외공연장,대관,대중,콘서트,무료,0,1,0,1,1,950,0,950,950,0,950,950,950,,,,2025-08-16,250816_01
46,뮤지컬 한글용사 아이야 새로운 이야기 〈달라도 친구야!〉,2025,8,"8/16(토) 11:00/14:00/16:30
8/17(일) 11:00/14:00/16:30",씨엘엔터테인먼트,"R 66,000원
S 55,000원",24개월이상,대극장,대관,복합,뮤지컬,유료,1,2,0,3,6,926,1832,68,1900,1832,8,1840,5556,,,,2025-08-16,250816_02
47,타악앙상블 META의 '프랙탈',2025,8,8/23(토) 17:00,타악앙상블 META/전남문화재단,전석 무료,7세이상,소극장,대관,순수,클래식,무료,0,1,0,1,1,298,0,169,169,0,134,134,298,,,,2025-08-23,250823_01
48,라벨 150주년 기념 음악회 with Festival M. Ravel,2025,8,8/27(수) 19:30,휘예술기획/전남문화재단,"성인 30,000원
학생 20,000원",8세이상,소극장,대관,순수,클래식,유료,0,1,0,1,1,298,122,4,126,122,0,122,298,,,,2025-08-27,250827_01
49,판타지 가족오페라 〈신비한 시간여행〉 - 여수,2025,8,8/29(금) 19:00,(주)영아츠컴퍼니,"R 20,000원
S 15,000원
A 10,000원",48개월이상,대극장,대관,복합,오페라,유료,0,1,0,1,1,926,394,10,404,394,0,394,926,,,,2025-08-29,250829_01
50,"KBS교향악단과 함께하는 제9회 여수음악제 개막연주회
 - 마에스트로 정명훈의 ‘환상교향곡’",2025,8,8/30(토) 17:00,"(재)여수음악제, (재)KBS교향악단
 / 전라남도, 여수시","R 60,000원
S 30,000원
청소년 10,000원",8세이상,대극장,대관,순수,클래식,유료,0,1,0,1,1,926,678,215,893,678,209,887,926,,,,2025-08-30,250830_01
51,"KBS교향악단과 함께하는 제9회 여수음악제 
- 백윤학 지휘자와 함께하는 패밀리 판타지 콘서트",2025,8,8/31(일) 17:00,,,8세이상,대극장,대관,대중,콘서트,유료,0,1,0,1,1,926,558,177,735,558,167,725,926,,,,2025-08-31,250831_01
52,"KBS교향악단과 함께하는 제9회 여수음악제 
- 임산부를 위한 찾아가는 음악회",2025,8,8/31(일) 14:00,,전석무료,성인,소극장,대관,대중,콘서트,무료,0,1,0,1,1,298,0,222,222,0,218,218,298,,,,2025-08-31,250831_02
53,KBS교향악단과 함께하는 제9회 여수음악제 - 프랑스 정통 피아니스트 장 에플랑 바부제의 ‘The French’,2025,9,9/2 (화) 19:30,,"전석 30,000원
청소년 10,000원",8세이상,소극장,대관,순수,클래식,유료,0,1,0,1,1,298,121,110,231,121,106,227,298,,,,2025-09-02,250902_01
54,KBS교향악단과 함께하는 제9회 여수음악제 - 팬텀싱어 우승자 테너 유채훈의 ‘Solus’,2025,9,9/3 (수) 19:30,,,8세이상,소극장,대관,순수,클래식,유료,0,1,0,1,1,298,275,18,293,275,14,289,298,,,,2025-09-03,250903_01
55,열혈건반 <쇼팽 그리고 쇼팽>,2025,9,9/4 (목) 19:30,"(재)예술경영지원센터  
GS칼텍스 예울마루
 (주)스테이지원","R 30,000원
S 20,000원
학생 10,000원",초등학생이상,대극장,기획,순수,클래식,유료,0,1,0,1,1,926,331,57,388,303,42,345,926,,,,2025-09-04,250904_01
56,KBS교향악단과 함께하는 제9회 여수음악제 - 한국을 대표하는 베이스 바리톤 사무엘 윤의 ‘토크 콘서트’,2025,9,9/5 (금) 19:30,"(재)여수음악제, (재)KBS교향악단
/ 전라남도, 여수시","전석 30,000원
청소년 10,000원",8세이상,소극장,대관,대중,콘서트,유료,0,1,0,1,1,298,131,112,243,131,108,239,298,,,,2025-09-05,250905_01
57,"KBS교향악단과 함께하는 제9회 여수음악제 폐막연주회 
- 새로운 도전 ‘카바코스의 쇼스타코비치’",2025,9,9/6 (토) 17:00,,"R 60,000원
S 30,000원
청소년 10,000원",8세이상,대극장,대관,순수,클래식,유료,0,1,0,1,1,926,321,320,641,321,311,632,926,,,,2025-09-06,250906_01
58,브런치 콘서트 <꼬리에 꼬리를 무는 클래식>,2025,9,9/11 (목) 11:00,GS칼텍스 예울마루,"전석 20,000원",초등학생이상,대극장,기획,대중,콘서트,유료,1,1,0,2,1,926,503,33,536,461,20,481,926,,,,2025-09-11,250911_01
59,뮤지컬 사랑의 하츄핑-여수,2025,9,"9/13(토) 11:00/14:00/16:30
9/14(일) 11:00/14:00/16:30",주식회사 이제이(EJ),"R 70,000원
S 60,000원",24개월이상,대극장,대관,복합,뮤지컬,유료,1,2,0,3,6,926,3277,106,3383,3277,46,3323,5556,,,,2025-09-13,250913_01
60,뮤지컬 <설민석의 한국사 대모험 : 안중근> - 여수,2025,9,"9/18(목) 10:30/19:30
9/19(금) 10:30/14:30
9/20(토) 10:30/14:30",GS칼텍스 예울마루,"R 66,000원
S 55,000원",24개월이상,대극장,기획,복합,뮤지컬,유료,3,3,1,7,6,926,3042,136,3178,3016,72,3088,5556,,,,2025-09-18,250918_01
61,트리오제이와 친구들 '클래식톡톡',2025,9,9/23(화) 19:30,트리오 제이,"전석 10,000원",5세이상,소극장,대관,순수,클래식,유료,0,1,0,1,1,298,215,4,219,174,0,174,298,,,,2025-09-23,250923_01
62,"연극 어느, 어느날",2025,9,"9/26(금) 19:30
9/27(토) 16:00/19:00
9/28(일) 16:00",스웜프컴퍼니/전남문화재단,"전석 30,000원",13세이상,소극장,대관,순수,연극,유료,1,3,0,4,4,298,86,16,102,86,0,86,1192,,,,2025-09-26,250926_01
63,"사랑의 성자 산돌 손양원, 베토벤을 만나다",2025,10,10/2(목) 19:00,"사단법인 민족지도자손양원목사
기념사업회",전석무료,7세이상,대극장,대관,순수,클래식,무료,1,1,0,2,1,926,0,556,556,0,495,495,926,,,,2025-10-02,251002_01
64,"지브리와 사랑에 빠지다 : 지브리 영화음악 콘서트 2025
 - 여수 앙코르",2025,10,10/11(토) 15:00,스테이지 M,"전석 40,000원",5세이상,소극장,대관,대중,콘서트,유료,0,1,0,1,1,298,264,8,272,264,4,268,298,,,,2025-10-11,251011_01
65,제49회 여수예술제,2025,10,10/14(화) 19:00,한국예총 여수지회,전석무료,48개월이상,대극장,대관,순수,클래식,무료,0,1,0,1,1,926,0,679,679,0,573,573,926,,,,2025-10-14,251014_01
66,2025 실내악 페스티벌 Pre Festival Concert,2025,10,10/17(금) 19:30,GS칼텍스 예울마루,"전석 30,000원",초등학생이상,소극장,기획,순수,클래식,유료,0,1,0,1,1,298,70,31,101,65,21,86,298,,,,2025-10-17,251017_01
67,창작오페라 침묵 1948,2025,10,"10/18(토) 17:00
10/19(일) 19:00",여수심포니오케스트라,전석무료,8세이상,대극장,대관,복합,오페라,무료,1,2,0,3,2,926,0,1510,1510,0,1290,1290,1852,,,,2025-10-18,251018_01
68,제14회 한독국제교류유진청소년 정기연주회,2025,10,10/21(화) 19:00,사단법인 한독한마음,"전석 20,000원",24개월이상,대극장,대관,순수,클래식,유료,0,1,0,1,1,926,0,800,800,0,748,748,926,,,,2025-10-21,251021_01
69,2025 실내악 페스티벌 <동유럽의 춤>,2025,10,"10/23(목) 19:30
10/24(금) 19:30
10/25(토) 17:00
10/26(일) 17:00",GS칼텍스 예울마루,"R 50,000원
S 30,000원
학생 10,000원",초등학생이상,대극장,기획,순수,클래식,유료,0,4,0,4,4,926,968,263,1231,726,193,919,3704,,,,2025-10-23,251023_01
70,제12회 전남학교예술교육페스티벌,2025,10,"10/28(화) 13:30/15:15
10/29(수) 13:30/15:15
10/30(목) 13:30/15:15",전라남도교육청,전석무료,24개월이상,대극장,대관,순수,클래식,무료,0,3,0,3,6,926,0,3841,3841,0,2627,2627,5556,,,,2025-10-28,251028_01
71,2025 V.O.S 전국투어콘서트 <동창회>,2025,11,11/01(토) 18:00,주식회사 에프엘엔터테인먼트,"R 99,000원
S 77,000원",7세이상,대극장,대관,대중,콘서트,유료,0,1,0,1,1,926,390,35,425,390,25,415,926,,,,2025-11-01,251101_01
72,제49회 여수예술제 한국음악협회 여수지부 가을밤의 세레나데,2025,11,11/04(화) 19:30,한국음악협회 여수지부,전석무료,5세이상,소극장,대관,순수,클래식,무료,0,1,0,1,1,298,0,186,186,0,168,168,298,,,,2025-11-04,251104_01
73,2025년 제11회 여수학생오케스트라 페스티벌,2025,11,"11/04(화) 14:00
11/05(수) 14:00",여수교육지원청,전석무료,24개월이상,대극장,대관,순수,클래식,무료,0,2,0,2,2,926,0,1777,1777,0,1478,1478,1852,,,,2025-11-04,251104_02
74,"여수시립합창단 제87회 정기연주회 네 개의 색, 하나의 노래",2025,11,11/07(금) 19:30,여수시/여수시립합창단,"전석 5,000원",5세이상,대극장,대관,순수,클래식,유료,1,1,0,2,1,926,454,10,464,375,1,376,926,,,,2025-11-07,251107_01
75,소프라노 박준영 리사이틀 '물결 위의 선율',2025,11,11/08(토) 17:00,여수시/이태리가곡협회/독일 데트몰트 국립음악대학교 동문회,전석무료,5세이상,소극장,대관,순수,클래식,무료,0,1,0,1,1,298,0,132,132,0,118,118,298,,,,2025-11-08,251108_01
76,여수시립국악단 제 47회 정기공연 혼신-영웅을 위하여,2025,11,11/13(목) 19:00,여수시/ 여수시립국악단,"전석 5,000원",5세이상,대극장,대관,순수,국악,유료,2,1,0,3,1,926,786,10,796,683,1,684,926,,,,2025-11-13,251113_01
77,헬로! 오페라 <오페라 하이라이트>,2025,11,11/15(토) 17:00,GS칼텍스 예울마루,"전석 30,000원
학생 10,000원",초등학생이상,대극장,기획,복합,오페라,유료,1,1,0,2,1,926,428,30,458,398,21,419,926,,,,2025-11-15,251115_01
78,2025 뮤지컬〈킹키부츠〉,2025,11,"11/22(토) 14:00/19:00
11/23(일) 14:00/19:00","GS칼텍스 예울마루, 여수MBC","R 170,000원
S 140,000원
A 110,000원",8세이상,대극장,기획,복합,뮤지컬,유료,2,2,0,4,4,926,3280,30,3310,3254,5,3259,3704,,,,2025-11-22,251122_01
79,연극 <내일은 내일에게>,2025,11,"11/27(목) 10:30/14:30
11/28(금) 10:30/19:30
11/29(토) 14:00/17:00",GS칼텍스 예울마루,"전석 45,000원",초등학생이상,대극장,기획,순수,연극,유료,1,3,0,4,6,926,3568,155,3723,3364,95,3459,5556,,,,2025-11-27,251127_01
80,브런치 콘서트 <크리스마스가 우리 마을에>,2025,12,12/04(목) 11:00,GS칼텍스 예울마루,"전석 20,000원",초등학생이상,대극장,기획,대중,콘서트,유료,1,1,0,2,1,926,899,10,909,842,1,843,926,,,,2025-12-04,251204_01
81,OPERA 인턴해녀 PROJECT,2025,12,12/07(일) 16:00/19:00,광주전남예술기획,전석무료,5세이상,소극장,대관,복합,오페라,무료,2,1,0,3,2,298,0,352,352,0,344,344,596,,,,2025-12-07,251207_01
82,여수전남교원오케스트라 제 17회 정기연주회,2025,12,12/11(목) 19:00,여수교육지원청/전라남도교육청/전남교원오케스트라연구회,전석무료,24개월이상,대극장,대관,순수,클래식,무료,0,1,0,1,1,926,0,561,561,0,443,443,926,,,,2025-12-11,251211_01
83,우주매직쇼,2025,12,"12/13(토) 11:00/14:00
12/14(일) 11:00/14:00",우주아트,"전석 40,000원",24개월이상,대극장,대관,대중,콘서트,유료,1,2,0,3,4,926,1198,40,1238,1198,0,1198,3704,,,,2025-12-13,251213_01
84,2025 애양청소년 오케스트라 제10회 정기연주회,2025,12,12/13(토) 17:00,사단법인 애양청소년오케스트라,전석무료,24개월이상,소극장,대관,순수,클래식,무료,0,1,0,1,1,298,0,210,210,0,198,198,298,,,,2025-12-13,251213_02
85,"신혜미 가야금 독주회 '숨 쉬는 장단, 노래하는 숲'",2025,12,12/14(일) 16:00,여수시/신혜미,전석무료,5세이상,소극장,대관,순수,국악,무료,0,1,0,1,1,298,0,139,139,0,101,101,298,,,,2025-12-14,251214_01
86,여수시립합창단과 함께하는 2025년 송년음악회 <HANDAL'S MESSIAH>,2025,12,12/18(목) 19:30,여수시/여수시립합창단,"전석 5,000원",5세이상,대극장,대관,순수,클래식,유료,1,1,0,2,1,926,681,10,691,622,1,623,926,,,,2025-12-18,251218_01
87,뮤지컬 <김종욱 찾기> - 여수,2025,12,"12/19(금) 15:30/19:00
12/20(토) 14:00/17:00
12/21(일) 14:00/17:00
12/23(화) 10:30/15:00
12/24(수) 10:30/19:30",GS칼텍스 예울마루,"전석 50,000원",초등학생이상,소극장,기획,복합,뮤지컬,유료,2,5,0,7,10,298,2732,68,2800,2553,29,2582,2980,,,,2025-12-19,251219_01
88,2025 여수영재교육원오케스트라 정기연주회,2025,12,12/20(토) 17:00,여수교육지원청/영재교육원 오케스트라,전석무료,5세이상,대극장,대관,순수,클래식,무료,0,1,0,1,1,926,0,668,668,0,492,492,926,,,,2025-12-20,251220_01
89,2025 크리스마스 특별공연 발레 <호두까기 인형>,2025,12,12/25(목) 15:00/19:00,"GS칼텍스 예울마루, 여수MBC","R 77,000원
S 55,000원
A 44,000원",5세이상,대극장,기획,순수,무용,유료,4,1,1,6,2,926,1408,34,1442,1373,23,1396,1852,,,,2025-12-25,251225_01
1,2025 예울마루 신년음악회,2026,1,1/9(금) 19:30,GS칼텍스 예울마루,"R 55,000원
S 33,000원",초등학생 이상,대극장,기획,순수,클래식,유료,0,1,0,1,1,926,908,10,918,869,4,873,926,,,,2026-01-09,260109_01
2,뮤지컬 〈 미세스 다웃파이어〉 - 여수,2026,1,"1/24(토) 14:00/19:00
1/25(일) 14:00/19:00","GS칼텍스 예울마루, 여수MBC","R 170,000원
S 140,000원
A 110,000원",초등학생 이상,대극장,기획,복합,뮤지컬,유료,4,2,1,7,4,973,3286,46,3332,3259,10,3269,3892,,,,2026-01-24,260124_01
3,여수시립합창단 봄봄봄 콘서트 상춘곡 청풍명월,2026,3,3/31(화) 19:30,여수시/여수시립합창단,"전석 5,000원",5세이상,대극장,대관,순수,클래식,유료,0,1,0,1,1,668,486,10,496,450,0,450,668,,,23108000,2026-03-31,260331_01
4,지브리와 사랑에 빠지다 : 지브리 영화음악 콘서트 2026 - 여수,2026,4,4/4(토) 14:30,스테이지M,"전석 40,000원",5세이상,소극장,대관,순수,클래식,유료,0,1,0,1,1,298,173,0,173,173,0,173,298,,,0,2026-04-04,260404_01
5,가족뮤지컬 <에그박사 : 해적 보물섬의 비밀> - 여수,2026,4,"4/4(토) 11:00/14:00/16:30
4/5(일) 11:00/14:00/16:30",㈜ES생활문화,"R 70,000원
S 50,000원",24개월이상,대극장,대관,복합,뮤지컬,유료,1,2,0,3,5,926,1638,34,1672,1638,34,1672,4630,,,,2026-04-04,260404_02
6,브런치 콘서트 <클래식과 함께 하는 미술관 여행 I>,2026,4,4/9(목) 11:00,GS칼텍스 예울마루,"전석 20,000원",초등학생 이상,대극장,기획,순수,클래식,유료,1,1,0,2,1,926,270,28,298,258,20,278,926,,,,2026-04-09,260409_01
7,뮤지컬 번개맨 시즌2 〈번개맨!VS번개맨？〉,2026,4,"4/11(토) 11:00/14:00/16:30
4/12(일) 11:00/14:00/16:30",DS뮤지컬컴퍼니,"R 66,000원
S 55,000원",24개월이상,대극장,대관,복합,뮤지컬,유료,1,2,0,3,5,926,1686,19,1705,1686,19,1705,4630,,,,2026-04-11,260411_01
8,"2026 실내악 페스티벌 <실내악, 그 이상의 세계>",2026,4,"4/16(목) 19:30 
4/17(금) 19:30
4/18(토) 17:00
4/19(일) 17:00",GS칼텍스 예울마루,"R 50,000원
S 30,000원
학생 10,000원",초등학생 이상,대극장,기획,순수,클래식,유료,0,4,0,4,4,668,500,339,839,478,237,715,2672,,,,2026-04-16,260416_01
9,여수시립국악단 제 48회 정기연주회 '불의소리 바람의노래',2026,4,4/23(목) 19:00,여수시/여수시립국악단,"전석 5,000원",5세이상,대극장,대관,순수,국악,유료,2,1,0,3,1,668,550,10,560,511,3,514,668,,,,2026-04-23,260423_01
10,쇼뮤지컬 <프린세스 캐치!티니핑> - 여수,2026,4,"4/25(토) 11:00/14:00/16:30
4/26(일) 11:00/14:00/16:30",씨엘엔터테인먼트,"R 70,000원
S 60,000원",24개월이상,대극장,대관,복합,뮤지컬,유료,1,2,0,3,6,926,2804,46,2850,2804,46,2850,5556,,,,2026-04-25,260425_01
11,김영욱×콜레기움 무지쿰 서울 <8 Seasons>,2026,5,5/7(목) 19:30,GS칼텍스 예울마루,"R 30,000원
S 20,000원",초등학생 이상,대극장,기획,순수,클래식,유료,0,1,0,1,1,926,179,30,209,166,20,186,926,,,,2026-05-07,260507_01
12,뮤지컬 <100층짜리 집> - 여수,2026,5,"5/14(목) 11:00 
5/15(금) 11:00/14:00
4/16(토) 11:00/14:00/16:30",GS칼텍스 예울마루,"전석 70,000원",20개월이상,대극장,기획,복합,뮤지컬,유료,1,3,0,4,6,926,3185,174,3359,3142,103,3245,5556,,,,2026-05-14,260514_01
13,여수시립합창단 사전해설콘서트 '운명을 바라보는 두개의 시선',2026,5,5/19(화) 19:30,여수시립합창단,전석 무료,5세이상,소극장,대관,순수,클래식,무료,0,1,0,1,1,294,55,4,59,43,0,43,294,,,,2026-05-19,260519_01
14,제11회 크라운해태한음회,2026,5,5/20(수) 19:00,크라운해태/락음국악단,전석 무료,24개월이상,대극장,대관,순수,국악,무료,0,1,0,1,1,658,467,10,477,467,0,467,658,,,,2026-05-20,260520_01
15,한국페스티발앙상블 <세상에서 가장 편한 음악>,2026,5,5/23(토) 17:00,GS칼텍스 예울마루,"R 50,000원
S 30,000원
학생 10,000원",초등학생 이상,대극장,기획,순수,클래식,유료,0,1,0,1,1,658,176,34,210,167,24,191,658,,,,2026-05-23,260523_01
16,곽진후 첼로 귀국 독주회,2026,5,5/28(목) 19:30,곽진후,전석 무료,8세 이상,소극장,대관,순수,클래식,무료,0,1,0,1,1,294,294,4,298,0,282,282,294,,,,2026-05-28,260528_01
17,국립심포니오케스트라 라이브 애니메이션 <피터와 늑대 & 어미 거위>,2026,5,5/30(토) 15:00,GS칼텍스 예울마루,"R 60,000원
S 40,000원",4세 이상,대극장,기획,순수,클래식,유료,1,1,0,2,1,658,276,133,409,268,116,384,658,,,,2026-05-30,260530_01
18,브런치 콘서트 <클래식과 함께 하는 미술관 여행 II>,2026,6,6/4(목) 11:00,GS칼텍스 예울마루,"전석 20,000원",초등학생 이상,대극장,기획,순수,클래식,유료,1,1,0,2,1,668,311,14,325,297,5,302,668,,,,2026-06-04,260604_01
19,여수시립합창단 제88회 정기연주회,2026,6,6/5(금) 19:30,여수시/여수시립합창단,"전석 5,000원",5세이상,대극장,대관,순수,클래식,유료,1,1,0,2,1,926,581,56,637,502,1,503,926,,,,2026-06-05,260605_01
20,앙상블여수 정기연주회 '섬도시를잇다',2026,6,6/9(화) 19:30,사)한국음악교육문화원,전석 무료,8세 이상,소극장,대관,순수,클래식,무료,0,1,0,1,1,294,255,4,259,221,0,221,294,,,,2026-06-09,260609_01
21,연극 <노인의 꿈>,2026,6,6/13(토) 14:00/18:00,GS칼텍스 예울마루,"R 77,000원
S 55,000원",초등학생 이상,대극장,기획,순수,연극,유료,2,1,0,3,2,977,982,18,1000,948,6,954,1954,,,,2026-06-13,260613_01
22,이음스트링챔버오케스트라 제7회 정기연주회,2026,6,6/13(토) 17:00,이음스트링챔버오케스트라,"전석 20,000원",8세 이상,소극장,대관,순수,클래식,유료,0,1,0,1,1,294,218,4,222,200,0,200,294,,,,2026-06-13,260613_02
23,헬로!오페라 <세비야의 이발사>,2026,6,"6/19(금) 19:30
6/20(토) 17:00",GS칼텍스 예울마루,"R 50,000원
S 30,000원
학생 10,000원",초등학생 이상,대극장,기획,복합,오페라,유료,3,2,0,5,2,926,637,73,710,617,47,664,1852,,,,2026-06-19,260619_01
24,열린심포니오케스트라 제21회 정기연주회,2026,6,6/23(화) 19:30,열린오케스트라,전석 무료,24개월이상,대극장,대관,순수,클래식,무료,0,1,0,1,1,926,509,10,519,0,467,467,926,,,,2026-06-23,260623_01
25,2026년 여수에코국제음악제,2026,6,"6/25(목) 19:30 
6/26(금) 19:30
6/27(토) 17:00
6/28(일) 17:00","전라남도, 여수시,(재)범민문화재단, 한국음악협회 여수시지부","전석 50,000원",7세 이상,대극장,대관,순수,클래식,유료,0,4,0,4,4,926,2025,40,2065,2025,7,2032,3704,,,,2026-06-25,260625_01
