규정명,조항,제목,본문,키워드
GS칼텍스 예울마루 수탁 운영규정,제1조,목적,"본 규정은 재단법인 지에스칼텍스재단(이하 “법인”이라 한다)이 수탁 운영하는 GS칼텍
스 예울마루(이하 “예울마루”라 한다)의 운영에 관한 기본 방침을 규정함을 목적으로 
한다.",목적
GS칼텍스 예울마루 수탁 운영규정,제2조,적용범위,"본 규정은 특별히 정하는 경우를 제외하고는 수탁 운영하는 예울마루에 이를 적용하며, 
규정되지 아니한 사항은 관련 법률 규정 적용 또는 이사장의 승인을 득하여 세칙으로 
둘 수 있다.",적용범위
GS칼텍스 예울마루 수탁 운영규정,제3조,수탁 운영의 권한과 의무,"법인은 예울마루에 대한 수탁 운영 기간 만료 또는 수탁 운영 정지 시에는 수탁
시설에 대한 모든 권한과 의무가 소멸한다.","수탁,운영의,권한과,의무"
GS칼텍스 예울마루 수탁 운영규정,제4조,이사회,법인 이사회가 예울마루의 이사회로서 역할을 수행한다.,이사회
GS칼텍스 예울마루 수탁 운영규정,제5조,이사회의 기능,"이사회는 예울마루의 운영과 관련하여 다음 각 항의 사항을 심의·결정한다. 다만, 제2
항, 제4항의 경우는 이사장에게 위임한다. 
①예울마루의 예산·결산에 관한 사항 
②규정의 신설 또는 개정에 관한 사항 
③관장의 임면에 관한 사항 
④그 밖에 예울마루의 운영에 관한 중요한 사항","이사회의,기능"
GS칼텍스 예울마루 수탁 운영규정,제6조,관장등,"①예울마루에 관장을 둔다. 
②관장은 이사장과 상임이사를 보좌하고 예울마루의 총괄로서 예울마루 업무를 통할

하고, 소속 직원을 지휘·감독한다.",관장등
GS칼텍스 예울마루 수탁 운영규정,제7조,운영협의회,예울마루 운영에 대한 자문을 위하여 예울마루 내에 운영협의회를 둔다.,운영협의회
GS칼텍스 예울마루 수탁 운영규정,제8조,조직,하부조직의 구성에 관한 사항은 따로 정한다.,조직
GS칼텍스 예울마루 수탁 운영규정,제9조,자격,"①직원의 임용기준은 인사 규정으로 따로 정한다.
②직원의 신규임용에 있어서는 학력에 제한을 두지 아니한다. 다만, 수행직무 및 직종
에 따라 학력, 경력, 전문성 등을 필요로 하는 경우에는 예외로 할 수 있다.",자격
GS칼텍스 예울마루 수탁 운영규정,제10조,임용,"①직원의 신규채용, 승진, 전직, 직무순환, 강임, 휴직, 직위해제, 복직, 면직, 해임 및 
파면(이하 “임용”이라 한다)에 관하여는 따로 정한다. 임용권자가 공개 채용, 전형 
또는 근무 성적 기타 능력의 실증에 의하여 행함을 원칙으로 한다.
②이사장이 필요하다고 인정할 때에는 법인소속 및 관련 직원을 예울마루에 파견 또
는 겸직 발령할 수 있다.",임용
GS칼텍스 예울마루 수탁 운영규정,제11조,복무,직원의 복무에 관하여는 따로 정한다.,복무
GS칼텍스 예울마루 수탁 운영규정,제12조,보수,"직원의 보수는 이사장의 승인을 받아 직무의 난이성 및 책임의 정도에 따라 직책 또는 
직위별 연봉을 책정하고 세부사항은 따로 정한다.",보수
GS칼텍스 예울마루 수탁 운영규정,제13조,정원,예울마루 직원의 정원은 별표 1과 같다.,정원
GS칼텍스 예울마루 수탁 운영규정,제14조,자본적 지출과 수익적 지출,"자산의 내용연수를 연장시키거나 당해 자산의 가치를 실질적으로 증가시키는 지출은 자
본적 지출로서 당해 자산의 장부가액에 가산한다. 이 외의 지출에 대하여는 수익적 지
출로서 당기 비용으로 처리한다.","자본적,지출과,수익적,지출"
GS칼텍스 예울마루 수탁 운영규정,제15조,자본적 지출의 범위,위수탁 재산관리의 자본적 지출의 범위는 별표 2와 같다.,"자본적,지출의,범위"
GS칼텍스 예울마루 수탁 운영규정,제16조,회계의 구분,"①예울마루에 속하는 회계는 법인에 속하는 회계와 구분하여 독립적으로 적용한다.
②예울마루의 회계에 관한 사항은 따로 정한다.","회계의,구분"
GS칼텍스 예울마루 수탁 운영규정,제17조,회계연도,예울마루의 회계연도는 정부의 회계연도에 의한다.,회계연도
GS칼텍스 예울마루 수탁 운영규정,제18조,사무 처리 규정,"예울마루 운영을 위해 필요한 직인 관리, 대관사무, 감사, 자산관리, 일반 사무, 여비 지
급 등의 규정은 따로 정한다.","사무,처리,규정"
GS칼텍스 예울마루 수탁 운영규정,별표2,위·수탁 재산관리의 자본적 지출의 범위,"구분관장팀장직원계
정원143035
분야“예울”(여수시)“마루”(예울마루)
안전진단
및
안전관리
Ÿ전체시설의 정밀안전진단
Ÿ무대 시설의 안전진단을 예산의 범
위 안에서 지급 가능
Ÿ정기, 수시, 일상점검 및 진단
Ÿ통상적, 법적 안전진단 및 관리
Ÿ무대시설 안전 점검 및 진단(수시, 
일일, 정기, 정밀)
시설
개선
Ÿ준공 전부터 미흡, 시설개선의 효과
가 현저하다고 판단되는 시설개선
(금액 제한 없음)
Ÿ시설 시공상의 하자
Ÿ기타 운영관리 중 발생되는 문제점 
해소를 위한 건당 1억원 초과의 시설
개선
Ÿ조립식 칸막이 설치 등의 기존시설
물에 영향을 주지 않는 범위에서의 
시설개선
Ÿ기타 운영관리 중 발생되는 문제점 
해소를 위한 건당 1억원 이하의 간
단한 시설개선(도장, 기능개선, 기능
보완 등)
시설,
물품의 
보수 및 
교체
Ÿ정밀, 정기안전진단의 결과 발생되는 
1억원 초과의 보수비용
Ÿ천재지변 및 내용연수 초과 등 노후화
로 인한 보수 및 교체 비용
Ÿ운영관리 중 발생되는 시설 및 물품의 
문제점 중 수탁자의 부주의 및 과실
로 판단되지 않는 1억원 초과의 보수
비용
Ÿ안전진단의 결과 발생되는 1억원 이
하의 보수 및 교체비용
Ÿ운영관리 중 발생되는 시설 및 물품
의 보수 및 교체비용
물품등 
자산의 
취 득
ŸGS칼텍스 예울마루 운영상 필수적
으로 필요한 물품 중 건당 5천만원 
초과의 물품 구입비용
ŸGS칼텍스 예울마루 운영관리에 
필요한 물품의 구입(건당 5천만
원 이하)
기타
Ÿ상기 조항에도 불구하고 금액의 제한 Ÿ상기 사항 중 비용이 초과되는 경우

없이 예산의 범위 안에서 시설 및 
물품에 대한 자본적 지출을 할 수 
있다.
Ÿ상기 “마루”의 자본적 지출 중 수탁
기관으로서는 감당할 수 없는 비용
이라 판단되는 비용
※ 처리 절차
1.“마루”의 요청(연간 사업계획서 
제출 시 요청)
2.“예울”의 심의와 검토 및 예산 
반영
3.예산확보 후 집행
라도 수탁자가 감당할 수 있는 경우
에는 시에 보고하여 승인을 득한 후 
집행할 수 있음
Ÿ상기 사항 중 수탁자로서는 감당할 
수 없는 비용이라 판단되는 비용은 
매년 연간 사업계획서 제출 시 청구
할 수 있음
   ※ 보고 및 제출 시 내용
1.건명, 금액, 사유, 기대효과 
2.분석 자료를 포함하여 제출","수탁,재산관리의,자본적,지출의,범위"
직제규정,제1조,목적,"본 규정은 재단법인 지에스칼텍스재단(이하 “법인”이라 한다)이 수탁 운영하는 GS칼텍
스 예울마루(이하 “예울마루”라 한다)의 수탁 운영 규정 제6조 및 제8조에 의하여 예울
마루의 직제에 관한 사항을 정하여 예울마루를 체계적이고 합리적으로 운영함을 목적으
로 한다.",목적
직제규정,제2조,업무분장,이 규정에 의하여 설치된 각 부서의 업무분장은 업무분장 규정에 의한다.,업무분장
직제규정,제3조,직제개편 및 정원조정,"직제를 개편하거나 정원을 조정하고자 하는 때에는 여수시와 협의를 거쳐 이사장의 승
인을 득해야한다.","직제개편,정원조정"
직제규정,제4조,관장,"관장은 이사장과 상임이사를 보좌하고 예울마루의 업무를 통할하고, 소속 직원을 지휘·
감독한다.",관장
직제규정,제5조,운영협의회,"예울마루 운영에 대한 자문을 위하여 예울마루 내에 운영협의회(이하 “협의회”라 한다)
를 둔다.",운영협의회
직제규정,제6조,목적,"「GS칼텍스 예울마루」관리 운영을 위한 위.수탁 협약이 체결됨에 따라 위탁자(여수시)
와 수탁자(GS칼텍스재단) 간 효율적이고 체계적인 관리 운영을 도모함을 목적으로 한
다.",목적
직제규정,제7조,기능,"위.수탁 협약서 제11조에 따라 「GS칼텍스 예울마루」운영에 대하여 다음 각 호 사항
을 협의한다.

1.「GS칼텍스 예울마루」연간 운영계획
2.시설물 증설 등 수탁재산 관리.운영계획
3.여수시 또는 GS칼텍스재단이 필요하다고 인정하는 사항",기능
직제규정,제7조-1,기능 — 「GS칼텍스 예울마루」연간 운영계획,"「GS칼텍스 예울마루」연간 운영계획
(직제규정 제7조 기능 제1호)","기능,GS칼텍스,예울마루연간,운영계획"
직제규정,제7조-2,기능 — 시설물 증설 등 수탁재산 관리.운영계획,"시설물 증설 등 수탁재산 관리.운영계획
(직제규정 제7조 기능 제2호)","기능,시설물,증설,수탁재산,관리운영계획"
직제규정,제7조-3,기능 — 여수시 또는 GS칼텍스재단이 필요하다고 인정하는 사,"여수시 또는 GS칼텍스재단이 필요하다고 인정하는 사항
(직제규정 제7조 기능 제3호)","기능,여수시,또는,GS칼텍스재단이,필요하다고,인정하는,사항"
직제규정,제8조,구성,"①운영협의회는 위원장 1인, 부위원장 1인을 포함하여 9인 이내로 구성한다. 
②위원은 예울마루 관장과 여수시 업무 담당 국장을 당연직으로 하고 문화예술계, 학
계, 언론계 등 지역 명망 인사 중 여수시와 GS칼텍스재단의 추천을 받아 여수시장
이 위촉한다.  
③위원장 및 부위원장은 위원 중 호선한다.",구성
직제규정,제9조,임기,"①위원의 임기는 2년 6개월로 하되 연임할 수 있다. 단, 첫 회 위원 임기는 2017. 8. 
29.부터 2019. 6. 30.까지로 한다.
②위원의 사퇴, 장기치료를 요하는 질병, 그 밖의 사유로 임무 수행이 곤란한 경우에
는 해촉 할 수 있다.",임기
직제규정,제10조,운영,"①회의는 정기회와 임시회를 둔다.
②정기회는 연 2회 개최하고, 임시회는 여수시 또는 GS칼텍스재단 필요시 위원장이 
소집할 수 있다. 
③회의는 재적 위원 과반수 출석으로 개회하고 출석위원 과반수의 찬성으로 의결한다.
④사무처리를 위해 간사 2명을 두되 여수시는 업무 담당과장, GS칼텍스 예울마루는 
업무 담당 팀장이 수행한다.
⑤이 규정에서 명시하지 않은 사항은 여수시와 GS칼텍스재단의 협의로 정할 수 있다.",운영
직제규정,제11조,비밀의 준수,"운영협의회의 위원 및 업무에 관여한 자는 그 업무수행 상 알게 된 비밀을 누설하여서
는 안 된다.","비밀의,준수"
직제규정,제12조,수당,"운영협의회에 출석하는 위원은 예산의 범위 내에서 수당을 지급할 수 있다. 단, 당연직 
위원인 경우에는 그러하지 아니하다.",수당
직제규정,제13조,하부조직,"①예울마루의 원활한 업무추진을 위하여 다음과 같이 하부조직을 둔다.
1. 운영지원팀
2. 예술사업팀
3. 극장운영팀

4. 시설관리팀
②예울마루는 필요에 따라 자문역 등을 둘 수 있다.",하부조직
직제규정,제13조-1,하부조직 — 운영지원팀,"운영지원팀
(직제규정 제13조 하부조직 제1호)","하부조직,운영지원팀"
직제규정,제13조-2,하부조직 — 예술사업팀,"예술사업팀
(직제규정 제13조 하부조직 제2호)","하부조직,예술사업팀"
직제규정,제13조-3,하부조직 — 극장운영팀,"극장운영팀
(직제규정 제13조 하부조직 제3호)","하부조직,극장운영팀"
직제규정,제13조-4,하부조직 — 시설관리팀,"시설관리팀
(직제규정 제13조 하부조직 제4호)","하부조직,시설관리팀"
직제규정,제14조,조직도,"예울마루의 조직은 별표 1과 같다. 필요한 경우 기구의 신설·폐지·명칭변경을 하되 여
수시와 협의를 거쳐 이사장의 승인을 득해야 한다.",조직도
직제규정,제15조,보직,보직이라 함은 기구표상의 조직 최소단위 이상의 장의 직을 말한다.,보직
직제규정,제16조,임면,"모든 보직은 이사장이 임면한다. 단, 관장 임면은 이사회의 의결을 거쳐야 한다.",임면
직제규정,제17조,해임,"조직개편 또는 근무성적, 성과평가 등에 의해 필요한 경우 보직을 해임할 수 있다.",해임
직제규정,제18조,겸직,"①이사장은 필요하다고 인정되는 경우 법인 소속 및 관련 직원을 예울마루의 보직에 
겸직 발령할 수 있다.
②보직자는 필요하다고 인정되는 경우 다른 보직을 겸직할 수 있다.",겸직
사무관리 규정,제1조,목적,"본 규정은 재단법인 지에스칼텍스재단(이하 “법인”이라 한다)이 수탁 운영하는 GS칼텍
스 예울마루(이하 “예울마루”라 한다)의 사무관리에 관한 사항을 규정함으로써 사무의 
간소화·표준화·과학화 및 정보화를 기하여 행정의 능률을 높이는 것을 목적으로 한다.",목적
사무관리 규정,제2조,적용범위,"예울마루의 사무관리에 관하여는 다른 규정이 특별히 정한 경우를 제외하고는 이 규정
에 의한다.",적용범위
사무관리 규정,제3조,용어의 정의,"이 규정에서 사용되는 용어의 정의는 다음의 각 항과 같다.
①“문서”라 함은 예울마루 내부 또는 대외적으로 업무상 작성 또는 시행되는 문서(도
면·사진·디스크·테이프·필름·슬라이드·전자문서 등의 특수매체 기록을 포함한다.) 및 
예울마루가 접수한 모든 기록물을 말한다.
②“처리부서”라 함은 문서의 수발 및 당해 사무처리를 주관하는 부서를 말한다.
③“전자문서”라 함은 컴퓨터 등 정보처리 능력을 갖춘 장치에 의하여 전자적인 형태로 
작성, 송·수신 또는 저장된 문서를 말한다.
④“서명”이라 함은 기안자·검토자·협조자·결재권자 또는 발신명의인이 문서상에 자필로 
자기의 성명을 다른 사람이 알아볼 수 있도록 한글로 표시하는 것을 말한다. 또는 
전자결재 시스템에서 결재하는 것을 말한다.
⑤“결재권자”라 함은 이사장으로부터 결재권을 위임받은 자 및 위임전결 규정 제6조에 
의하여 대결하는 자를 말한다.","용어의,정의"
사무관리 규정,제4조,사무관리의 원칙,"예울마루의 사무는 용이성·정확성·신속성·연속성 및 경제성이 확보될 수 있도록 관리하
여야 한다.","사무관리의,원칙"
사무관리 규정,제5조,사무의 분장,"각 처리부서의 장은 사무의 능률적 처리와 책임소재의 명확성을 기하기 위하여 소관 사
무를 단위업무별로 분장하되, 업무 분장 규정으로 따로 정한다.","사무의,분장"
사무관리 규정,제6조,사무의 인계.인수,예울마루의 사무의 인계·인수에 관하여는 직원복무 규정에서 정하는 사항을 따른다.,"사무의,인계인수"
사무관리 규정,제7조,문서의 종류,"문서는 다음 각 항과 같이 규정문서 · 지시문서 · 공고문서 · 비치문서 및 일반문서로 
나눈다.
①규정문서는 예울마루의 제규정 등에 관한 문서를 말한다.
②지시문서는 이사장, 상임이사 또는 예울마루 관장이 소속 직원에 대하여 일정한 사
항을 지시하는 문서를 말한다.
③공고문서는 고시·공고 등 예울마루가 일정한 사항을 일반인에게 알리기 위한 문서를 
말한다.
④비치문서는 각종 대장, 카드 등 예울마루의 일정한 사항을 기록하여 예울마루 내부
에 비치하면서 업무에 활용하는 문서를 말한다.
⑤일반문서는 제1항 내지 제4항에 속하지 아니하는 모든 문서를 말하며, 다음 각호와 
같이 구분한다.
1.외부문서 : 예울마루에서 외부로 발송하거나 외부로부터 접수하는 문서
2.내부문서는 다음과 같다.
  가. 사내공문 : 예울마루가 일정한 사항을 내부직원에게 알리기 위한 문서
  나. 부서메모 : 예울마루 내부에서의 상하 또는 횡적 부서간의 지시, 의견, 조회, 협조, 
제안, 보고 및 명령 등에 관한 문서","문서의,종류"
사무관리 규정,제7조-1,문서의 종류 — 외부문서,"외부문서 : 예울마루에서 외부로 발송하거나 외부로부터 접수하는 문서
(사무관리 규정 제7조 문서의 종류 제1호)","문서의,종류,외부문서,예울마루에서,외부로,발송하거나,외부로부터,접수하는,문서"
사무관리 규정,제7조-2,문서의 종류 — 내부문서는 다음과 같다. 가. 사내공문,"내부문서는 다음과 같다. 가. 사내공문 : 예울마루가 일정한 사항을 내부직원에게 알리기 위한 문서 나. 부서메모 : 예울마루 내부에서의 상하 또는 횡적 부서간의 지시, 의견, 조회, 협조, 제안, 보고 및 명령 등에 관한 문서
(사무관리 규정 제7조 문서의 종류 제2호)","문서의,종류,내부문서는,다음과,같다,사내공문,예울마루가,일정한,사항을,내부직원에게,알리기,위한,문서,부서"
사무관리 규정,제8조,문서의 성립 및 효력발생,"문서는 특별한 경우를 제외하고는 당해 문서에 대한 서명에 의한 결재가 있음으로써 성
립한다.
제 2 절  문서의 작성","문서의,성립,효력발생"
사무관리 규정,제9조,문서작성의 일반원칙,"①문서는 어문 규범에 맞게 한글로 작성하되, 쉽고 간명하게 표현하고, 뜻을 정확하게 
전달하기 위하여 필요한 경우에는 괄호 안에 한자, 기타 외국어를 넣어 쓸 수 있으
며, 특별한 사유가 있는 경우를 제외하고는 가로로 쓴다. 
②문서에 쓰는 숫자는 특별한 사유가 있는 경우를 제외하고는 아라비아숫자로 한다.
③문서에 쓰는 날짜의 표기는 숫자로 하되, 연·월·일의 글자는 생략하고 그 자리에 온
점(.)을 찍어 표시하며, 시.분의 표기는 24시간제에 따라 숫자로 하되, 시·분의 글자
는 생략하고 그 사이에 두 점(:)을 찍어 구분한다. 다만, 특별한 사유로 인하여 다
른 방법으로 표시할 필요가 있는 경우에는 그러하지 아니하다.

④문서의 작성에 쓰이는 용지의 크기는 특별한 사유가 있는 경우를 제외하고는 가로 
210밀리미터, 세로 297밀리미터(A4지)로 한다.
⑤기타 전자문서의 작성은 국가 행정시스템에 기반하여 구성된 그룹웨어를 따른다.","문서작성의,일반원칙"
사무관리 규정,제10조,분류기호와 문서번호,"①문서번호는 부서기호와 문서분류기호, 문서등록번호로 구성되며 부서기호는 각 부서 
단위로 한다.
②문서번호는 결재가 완료되어 시행문이 발송되는 시점에 부여한다.
③동일 건의 기안문과 시행문의 문서번호는 일치하여야 한다.","분류기호와,문서번호"
사무관리 규정,제11조,항목의 구분 및 표시,"문서의 내용을 2이상의 항목으로 구분할 필요가 있는 때에는 다음 구분에 의하여 표시
하여야 한다. 다만, 필요한 경우에는 부분적으로 □, ○, ―, ? 등과 같은 특수한 기호로 
표시할 수 있다.
①첫째 항목의 구분은1., 2., 3. ,4., 5....로 나누어 표시한다.
②둘째 항목의 구분은 가., 나., 다., 라. . . .로 나누어 표시한다.
③셋째 항목의 구분은 1), 2), 3), 4) . . .로 나누어 표시한다.
④넷째 항목의 구분은 가), 나), 다), 라) . . .로 나누어 표시한다.
⑤다섯째 항목의 구분은 (1), (2), (3), (4) . . .로 나누어 표시한다.
⑥여섯째 항목의 구분은 (가), (나), (다), (라) . . .로 나누어 표시한다.
⑦일곱째 항목의 구분은 ①, ②, ③, ④ . . .로 나누어 표시한다.
⑧여덟째 항목의 구분은 ㉮, ㉯, ㉰, ㉱ . . .로 나누어 표시한다.","항목의,구분,표시"
사무관리 규정,제12조,끝표시,"①문서의 본문이 끝나면 한 자(2타) 띄우고 “끝” 표시를 하며, 붙임물이 있는 경우에
는 붙임의 표시문 끝에 한 자(2타) 띄우고 “끝” 표시를 하여야 한다.
②본문의 내용이나 붙임의 표시문이 오른쪽 한계선에 닿은 때에는 다음 줄의 왼쪽 기
본선에서 한 자(2타) 띄우고 “끝” 표시를 하여야 한다.
③표 등의 서식을 작성할 때 기재사항이 서식의 마지막 칸까지 작성되는 경우에는 서
식의 칸 밖의 아래 왼쪽 기본선에서 한 자(2타)를 띄운 후 “끝” 표시를 하고, 서식
의 칸 중간에서 기재사항이 끝나는 경우에는 제1항의 규정에 의한 “끝” 표시를 하지 
아니하고 기재사항 마지막 자의 다음 칸에 “이하 빈칸” 표시를 하여야 한다. 
④일괄기안의 경우 “끝” 표시는 각 안마다 제2항 및 제3항의 요지에 의하여 표시하여
야 한다.",끝표시
사무관리 규정,제13조,발신명의,"①외부문서의 발신 명의는 “GS칼텍스 예울마루 수탁 운영 재단법인 지에스칼텍스재단 
이사장”으로 한다. 
②내부결재문서는 발신 명의를 표시하지 아니한다.",발신명의
사무관리 규정,제14조,문서의 간인,"다음 각 항의 어느 하나에 해당하고, 그 내용이 2장 이상의 분량으로 이루어진 문서일 

경우에는 간인하여야 한다.
①전후관계를 명백히 할 필요가 있는 문서
②사실 또는 법률관계의 증명에 관계되는 문서
③허가.인가 및 등록, 계약 등에 관계되는 문서","문서의,간인"
사무관리 규정,제15조,면표시,"문서의 면 표시는 문건별 면수를 중앙 하단에 표시하되, 2장 이상으로 이루어진 문서 
중 전후 관계를 명확히 할 필요가 있는 중요한 문서의 경우에는 문건별 면수를 당해 문
건의 전체 면수와 그 면의 일련번호를 붙임표(―)로 이어 표시한다.
제 3 절  문서의 기안",면표시
사무관리 규정,제16조,문서의 기안,"①문서의 기안은 기안문서(이하 “기안문”이라 한다) (별지서식 제1호 또는 별지서식 제2
호)로 하여야 한다. 다만, 내부문서(협조문) 등은 별도의 서식에 의하여 작성할 수 있다.
②사업비 집행은 기안상신이 필수이며, 운영비는 지출 금액이 1백만원 이상인 경우 기안을 
상신한다.
③2 이상의 부서장의 결재를 요하는 문서는 그 문서의 처리를 주관하는 부서에서 기
안하여야 한다.
④기안문에는 규정이 정하는 바에 따라 발의자(기안하도록 지시한 자를 말하며, 기안
자가 스스로 입안한 경우에는 기안자를 말한다)와 보고자(결재권자에게 직접 보고
하는 자를 말한다)를 알 수 있도록 표시하여야 한다. 다만, 다음 각호의 문서는 이
를 생략할 수 있다. 
1.검토 및 결정을 요하지 아니하는 문서
2.제증명 발급, 회의록 기타 단순 사실을 기록한 문서
3.일상적·반복적인 업무로서 경미한 사항에 관한 문서
⑤경미한 사항의 증명서 교부 기타 관례적인 사무에 관한 문서는 따로 기안하는 것을 
생략하고, 그 내용을 관련 장부에 기입하여 처리할 수 있다.","문서의,기안"
사무관리 규정,제16조-1,문서의 기안 — 검토 및 결정을 요하지 아니하는 문서,"검토 및 결정을 요하지 아니하는 문서
(사무관리 규정 제16조 문서의 기안 제1호)","문서의,기안,검토,결정을,요하지,아니하는,문서"
사무관리 규정,제16조-2,"문서의 기안 — 제증명 발급, 회의록 기타 단순 사실을 기록한 문서","제증명 발급, 회의록 기타 단순 사실을 기록한 문서
(사무관리 규정 제16조 문서의 기안 제2호)","문서의,기안,제증명,발급,회의록,기타,단순,사실을,기록한,문서"
사무관리 규정,제16조-3,문서의 기안 — 일상적·반복적인 업무로서 경미한 사항에 관한 문서,"일상적·반복적인 업무로서 경미한 사항에 관한 문서
(사무관리 규정 제16조 문서의 기안 제3호)","문서의,기안,일상적,반복적인,업무로서,경미한,사항에,관한,문서"
사무관리 규정,제17조,문서의 일괄기안,문서의 내용이 서로 관련성이 있는 경우에는 각 안을 동시에 일괄하여 기안할 수 있다.,"문서의,일괄기안"
사무관리 규정,제18조,검토 및 협조,"①기안문은 결재권자의 결재를 받기 전에 검토자의 검토를 받아야 한다. 다만, 검토자
의 출장 등의 사유로 검토를 받을 수 없는 등 부득이한 경우에는 이를 생략할 수 
있다. 
②문서의 내용이 다른 부서의 업무와 관련이 있는 때에는 그 기관의 협조를 받아야 
한다.
③제1항 및 제2항의 규정에 의하여 기안문을 검토 또는 협조함에 있어서 그 내용과 
다른 의견이 있는 때에는 당해 문서 또는 비고에 그 의견을 표시하여야 한다. 
④협조가 이루어지지 아니한 사항은 상급 결재자의 결정에 따른다.

제 4 절  결  재","검토,협조"
사무관리 규정,제19조,결재,"①기안한 문서는 결재 순위에 따라 결재권자의 결재를 받아야 한다.
②결재는 결재권자가 소정의 결재란에 서명 또는 날인하고 결재 일자를 명시하여야 
한다. 다만, 필요에 따라 시간을 명시할 수 있다.
③이사장은 사무의 내용에 따라 상임이사, 예울마루 관장 또는 사무담당자가 위임전결
하게 할 수 있으며, 그 위임전결에 관한 사항은 위임전결규정으로 정한다.
④결재권자가 휴가·출장·기타의 사유로 결재할 수 없는 때에는 위임전결 규정에서   
정하는 바에 따른다.
⑤기안한 문서의 결재에 있어 결재권자가 부결하고자 하거나 그 내용에 관하여 의견
을 달리할 때는 그 사유를 명시하여 재지시하여야 한다.
제 5 절  시행 및 발송",결재
사무관리 규정,제20조,시행문의 작성,"결재를 받은 문서 중 발신을 하여야 하는 문서에 대하여는 시행문을 작성하여야 하며, 
시행문은 별도의 서식에 의하여 작성할 수 있다.","시행문의,작성"
사무관리 규정,제21조,직인 날인 및 서명,"이사장 또는 관장 명의로 발신하는 문서의 시행문, 게시판 등에 고시 또는 공고하는 문서, 
임용장, 상장 및 각종 증명서에 속하는 문서에는 직인을 찍거나 서명한다.","직인,날인,서명"
사무관리 규정,제22조,직인생략,"동일한 시행 문서를 인쇄 또는 복사하여 여러 기관에 발송할 때에는 직인 날인을 생략
할 수 있으며 이 경우에는 기관명 위에 “직인 생략”을 표시하여야 한다. 다만, 중요한 
문서일 경우에는 직인을 날인하여 발송하여야 한다.",직인생략
사무관리 규정,제23조,문서의 발송,"시행문은 처리부서에서 출력하여 발송할 수 있다. 
제 6 절  접  수","문서의,발송"
사무관리 규정,제24조,문서의 접수.처리,"모든 대외문서는 전자결재시스템을 통하여 접수할 수 있으며 접수된 문서는 해당부서로 
송부한다.","문서의,접수처리"
사무관리 규정,제25조,용어의 정의,"이 장에서 사용하는 용어의 정의는 다음 각 호와 같다.
1.“보관”이라 함은 문서의 처리 완결 후부터 보존되기 전까지의 관리를 말한다.
2.“보존”이라 함은 보관이 끝난 문서를 소정의 보존 기간에 따라 관리하는 것을 말한
다.
3.“이관”이라 함은 완결된 문서를 문서 보존 부서로 인계하는 것을 말한다.","용어의,정의"
사무관리 규정,제25조-1,용어의 정의 — “보관”이라 함은 문서의 처리 완결 후부터 보존되기,"“보관”이라 함은 문서의 처리 완결 후부터 보존되기 전까지의 관리를 말한다.
(사무관리 규정 제25조 용어의 정의 제1호)","용어의,정의,보관이라,함은,문서의,처리,완결,후부터,보존되기,전까지의,관리를,말한다"
사무관리 규정,제25조-2,용어의 정의 — “보존”이라 함은 보관이 끝난 문서를 소정의 보존,"“보존”이라 함은 보관이 끝난 문서를 소정의 보존 기간에 따라 관리하는 것을 말한 다.
(사무관리 규정 제25조 용어의 정의 제2호)","용어의,정의,보존이라,함은,보관이,끝난,문서를,소정의,보존,기간에,따라,관리하는,것을,말한"
사무관리 규정,제25조-3,용어의 정의 — “이관”이라 함은 완결된 문서를 문서 보존 부서로,"“이관”이라 함은 완결된 문서를 문서 보존 부서로 인계하는 것을 말한다.
(사무관리 규정 제25조 용어의 정의 제3호)","용어의,정의,이관이라,함은,완결된,문서를,문서,보존,부서로,인계하는,것을,말한다"
사무관리 규정,제26조,보존기간,"①문서의 보존 기간의 기준은 영구, 10년, 5년, 3년, 1년 등 5종으로 구분하며 설정 
기준은 별표 1과 같다.
②제1항의 각 기준에 해당하지 않는 문서는 그 성격에 따라 해당 부서장이 정한다.",보존기간
사무관리 규정,제27조,보존 기간의 기산,문서의 보존 기간은 처리 완결된 연도의 다음 해 1월 1일부터 기산한다.,"보존,기간의,기산"
사무관리 규정,제28조,문서의 보관 및 이관,"①문서의 보관은 각 부서별로 집중 보관 관리하며, 문서의 사물화를 방지하여야 한다.
②모든 문서철은 연도별로 구분 보관함을 원칙으로 하며, 보관기간은 문서의 완결 연
도를 제외하고 최고 3년으로 한다. 제26조 규정에 의거 보존 기간이 끝난 문서는 
자체 폐기 또는 문서 주관부서로 이관시킨다.","문서의,보관,이관"
사무관리 규정,제29조,이관문서의 보존,"①문서 주관팀은 각 팀으로부터 이관된 문서를 보존기간별로 분류하여 기록한다.
②전자결재로 작성된 문서는 컴퓨터파일로 보존하거나 출력하여 보존할 수 있다.","이관문서의,보존"
사무관리 규정,제30조,비밀문서,"①비밀문서는 다음과 같다.
1.비  밀 : 대내 또는 대외적으로 비밀 취급을 요하는 문서
2.인  비 : 인사에 관한 문서로서 비밀 취급을 요하는 문서
3.대외비 : 대외적으로 비밀 취급을 요하는 문서
②비밀의 표시는 문서의 첫 면 오른쪽 윗부분에 “비밀”, “인비”, “대외비” 등 해당 표시
를 한다. 다만, 여러 장으로 된 문서, 책자, 도면 등의 비밀 표시는 필요에 따라 각 
면마다 표시할 수 있다.",비밀문서
사무관리 규정,제30조-1,비밀문서 — 비  밀,"비  밀 : 대내 또는 대외적으로 비밀 취급을 요하는 문서
(사무관리 규정 제30조 비밀문서 제1호)","비밀문서,대내,또는,대외적으로,비밀,취급을,요하는,문서"
사무관리 규정,제30조-2,비밀문서 — 인  비,"인  비 : 인사에 관한 문서로서 비밀 취급을 요하는 문서
(사무관리 규정 제30조 비밀문서 제2호)","비밀문서,인사에,관한,문서로서,비밀,취급을,요하는,문서"
사무관리 규정,제30조-3,비밀문서 — 대외비,"대외비 : 대외적으로 비밀 취급을 요하는 문서
(사무관리 규정 제30조 비밀문서 제3호)","비밀문서,대외비,대외적으로,비밀,취급을,요하는,문서"
사무관리 규정,제31조,비밀문서의 취급,"①비밀문서의 취급 인가자는 관장이 정한다.
②비밀문서는 관장 또는 작성자의 허가 없이는 복제 또는 복사할 수 없다.
③문서주관부서는 비밀문서의 접수 및 발송에 대하여 별도로 기록 관리한다.

④비밀문서는 일반문서와 구분하여 반드시 보안장치가 된 서류함에 보관, 보존한다.","비밀문서의,취급"
사무관리 규정,제32조,비밀문서의 폐기,"보존 기간이 끝난 비밀문서의 폐기는 문서주관 부서장이 관장의 승인을 얻어 해당 부서
장의 입회하에 반드시 소각 처분하여야 한다.","비밀문서의,폐기"
사무관리 규정,제33조,직인의 종류,"직인의 종류는 다음 각 호와 같다.
1.GS칼텍스 예울마루 수탁 운영 재단법인 지에스칼텍스재단 이사장의 인
2.GS칼텍스 예울마루 수탁 운영 재단법인 지에스칼텍스재단의 인
3.GS칼텍스 예울마루 관장의 인
4.그 밖에 이사장이 필요하다고 인정하는 인(지에스칼텍스재단 사용인감)","직인의,종류"
사무관리 규정,제33조-1,직인의 종류 — GS칼텍스 예울마루 수탁 운영 재단법인 지에스칼텍스,"GS칼텍스 예울마루 수탁 운영 재단법인 지에스칼텍스재단 이사장의 인
(사무관리 규정 제33조 직인의 종류 제1호)","직인의,종류,GS칼텍스,예울마루,수탁,운영,재단법인,지에스칼텍스재단,이사장의"
사무관리 규정,제33조-2,직인의 종류 — GS칼텍스 예울마루 수탁 운영 재단법인 지에스칼텍스,"GS칼텍스 예울마루 수탁 운영 재단법인 지에스칼텍스재단의 인
(사무관리 규정 제33조 직인의 종류 제2호)","직인의,종류,GS칼텍스,예울마루,수탁,운영,재단법인,지에스칼텍스재단의"
사무관리 규정,제33조-3,직인의 종류 — GS칼텍스 예울마루 관장의 인,"GS칼텍스 예울마루 관장의 인
(사무관리 규정 제33조 직인의 종류 제3호)","직인의,종류,GS칼텍스,예울마루,관장의"
사무관리 규정,제33조-4,직인의 종류 — 그 밖에 이사장이 필요하다고 인정하는 인(지에스칼텍,"그 밖에 이사장이 필요하다고 인정하는 인(지에스칼텍스재단 사용인감)
(사무관리 규정 제33조 직인의 종류 제4호)","직인의,종류,밖에,이사장이,필요하다고,인정하는,지에스칼텍스재단,사용인감"
사무관리 규정,제34조,직인의 인영,"①직인의 인영은 직위의 명칭에 “인”자를 붙인다.
②직인의 인영은 한글로 하되, 가로로 새긴다.","직인의,인영"
사무관리 규정,제35조,규격 및 글씨,"①직인은 정사각형으로 하되 그 일변의 길이는 다음과 같다.
②제33조 제1호의 직인: 길이 3센티미터
③그 밖의 직인 : 길이 2.4센티미터","규격,글씨"
사무관리 규정,제36조,직인의 보관 및 관리책임자,직인의 보관 및 관리 책임자는 운영지원팀장으로 한다.,"직인의,보관,관리책임자"
사무관리 규정,제37조,"직인의 제작, 등록, 폐기 등","①직인의 제작.등록.폐기 및 교부는 운영지원팀에서 담당한다. 운영지원팀장은 직인 대장
(별지 서식 제3호)을 비치하고 영구 보존하여야 한다.
②직제의 신설이나 변경, 직인의 분실이나 마모 등으로 인하여 직인의 교부 또는 재교
부를 받고자 하는 경우에는 이사장의 승인을 받아 직인을 제작하여야 한다.
③직인을 폐기하고자 하는 경우 관장은 직인 폐기의 필요 여부를 판단한 후 이사장의 
승인을 얻어 해당 직인을 폐기한다. 이 경우 관장은 직인 대장에 폐기 사실을 기재
하고 폐기대상 직인을 소각한다.
④직인을 제작한 때에는 관장은 직인 대장에 직인의 인영을 등록하여야 한다.
⑤전자문서에 사용하기 위하여 전자관인을 가질 수 있으며, 전자관인의 인영규격 및 
글씨체는 일반관인의 규격 및 글씨체와 같아야 한다.","직인의,제작,등록,폐기"
사무관리 규정,제38조,직인의 사용,"①제33조 제1호의 직인은 예울마루에서 발송하는 공문서(계약 관련 문서 포함)로서 

결재가 완료된 문서에 한하여 사용하여야 한다.
②제1항의 직인 사용 및 제 증명서 발급대장 기록은 전자 문서(인감 날인 신청서) 결
재로 대신한다.
③제1항의 직인은 발신 명의 표시의 마지막 글자에 겹치지 않고 옆에 오도록 한다.
④제33조 제3호의 직인은 예울마루에서 발생하는 대관신청, 제 증명서, 상장, 수료증 등
에 한하여 사용한다.
⑤제33조 제4호의 직인을 사용하는 경우, 계약체결을 위한 인감날인 신청서를 작성할 
때 결재를 득한 기안에 첨부된 계약서가 확인되어야 한다.","직인의,사용"
사무관리 규정,제39조,직인생략,"동일한 시행 문서를 인쇄 또는 복사하여 여러 기관에 발송할 때에는 직인 날인을 생략
할 수 있으며 이 경우에는 기관명 위에 “직인 생략”을 표시하여야 한다. 다만, 중요한 
문서일 경우에는 직인을 날인하여 발송하여야 한다.",직인생략
사무관리 규정,제40조,비상시의 직인 관리,비상사태의 발생 시에는 직인 상자를 우선적으로 반출하여야 한다.,"비상시의,직인,관리"
사무관리 규정,제41조,작성대상,"모든 업무담당자는 인사발령 및 업무 위임 시 담당업무 전반에 관한 업무인계ᆞ인수서를 
7일 이내에 인계자, 인수자 및 입회자의 서명 날인으로 작성하여야 한다.",작성대상
사무관리 규정,제42조,작성부수 및 보관,"인계인수서는 각 3부를 작성하여 관장의 결재를 득한 후 인계ᆞ인수자 각 1부, 1부는 
운영지원팀에서 보관한다.","작성부수,보관"
사무관리 규정,제43조,업무협조,"① 각 부서가 다음 각 호의 어느 하나에 해당하는 업무를 행하고자 하는 때에는 당해 업
무의 기획ᆞ확정ᆞ공표 또는 시행 전에 관계부서의 업무협조를 받아야 한다. 이 경우 
업무협조의 요청을 받은 부서는 업무가 효율적으로 수행될 수 있도록 적극 협조하여
야 한다.
  1. 2개 이상의 부서가 공동으로 행하는 것이 필요한 업무
  2. 다른 부서의 지원을 필요로 하는 업무
  3. 다른 부서의 승인 등을 거쳐야 하는 업무
  4. 그 밖에 다른 부서의 협의ᆞ동의 및 의견조회 등이 필요한 업무
② 업무협조를 요청함에 있어서는 그 취지와 추진계획 및 파급효과 등 당해 업무협조  

사안에 대한 이해를 도울 수 있는 관계 자료를 함께 송부하여야 한다.",업무협조
사무관리 규정,제43조-1,업무협조 — 2개 이상의 부서가 공동으로 행하는 것이 필요한 업,"2개 이상의 부서가 공동으로 행하는 것이 필요한 업무
(사무관리 규정 제43조 업무협조 제1호)","업무협조,2개,이상의,부서가,공동으로,행하는,것이,필요한,업무"
사무관리 규정,제43조-2,업무협조 — 다른 부서의 지원을 필요로 하는 업무,"다른 부서의 지원을 필요로 하는 업무
(사무관리 규정 제43조 업무협조 제2호)","업무협조,다른,부서의,지원을,필요로,하는,업무"
사무관리 규정,제43조-3,업무협조 — 다른 부서의 승인 등을 거쳐야 하는 업무,"다른 부서의 승인 등을 거쳐야 하는 업무
(사무관리 규정 제43조 업무협조 제3호)","업무협조,다른,부서의,승인,등을,거쳐야,하는,업무"
사무관리 규정,제43조-4,업무협조 — 그 밖에 다른 부서의 협의ᆞ동의 및 의견조회 등이,"그 밖에 다른 부서의 협의ᆞ동의 및 의견조회 등이 필요한 업무
(사무관리 규정 제43조 업무협조 제4호)","업무협조,밖에,다른,부서의,협의동의,의견조회,등이,필요한,업무"
사무관리 규정,제44조,업무협조의 방법,"업무협조는 다음의 방법에 의한다.
  1. 문서에 의한 협조
  2. 회의 등에 의한 협조
  3. 공동작업반 편성 등에 의한 협조
  4. 전화 등에 의한 협조","업무협조의,방법"
사무관리 규정,제44조-1,업무협조의 방법 — 문서에 의한 협조,"문서에 의한 협조
(사무관리 규정 제44조 업무협조의 방법 제1호)","업무협조의,방법,문서에,의한,협조"
사무관리 규정,제44조-2,업무협조의 방법 — 회의 등에 의한 협조,"회의 등에 의한 협조
(사무관리 규정 제44조 업무협조의 방법 제2호)","업무협조의,방법,회의,등에,의한,협조"
사무관리 규정,제44조-3,업무협조의 방법 — 공동작업반 편성 등에 의한 협조,"공동작업반 편성 등에 의한 협조
(사무관리 규정 제44조 업무협조의 방법 제3호)","업무협조의,방법,공동작업반,편성,등에,의한,협조"
사무관리 규정,제44조-4,업무협조의 방법 — 전화 등에 의한 협조,"전화 등에 의한 협조
(사무관리 규정 제44조 업무협조의 방법 제4호)","업무협조의,방법,전화,등에,의한,협조"
사무관리 규정,제45조,사무개선,"①각 부서장은 서비스의 질 및 사무의 생산성을 향상시키기 위하여 지속적으로 해당 
부서의 사무수행절차 및 방법을 개선하여야 한다.
②각 부서장은 사무개선을 추진하기 위하여 해당 부서의 사무에 대한 체계적인 목표
관리와 행정정보의 공동 활용에 노력하여야 한다.",사무개선
사무관리 규정,제46조,사무관리에 관한 교육,"직원에 대한 일반적인 사무관리에 관한 교육은 운영지원팀이 주관한다. 다만, 업무의 
특성상 다른 부서가 교육을 주관하는 것이 타당하다고 인정되는 경우에는 그 부서가 교
육을 담당하고 운영지원팀이 협조한다.","사무관리에,관한,교육"
사무관리 규정,제47조,시행규칙,이 규정의 시행에 관하여 필요한 사항은 따로 규칙으로 이사장이 정할 수 있다.,시행규칙
사무관리 규정,별표1,문서 보존 기간 (제26조 관련),"보존기간문 서 종 류
영 구
Ÿ정관, 규정, 이사회 회의록
Ÿ소송, 등기 등에 관련된 문서
Ÿ관청의 중요 인·허가서
Ÿ채용, 휴.복직, 퇴직, 상벌 등 인사기록
Ÿ감사보고서, 결산보고서
Ÿ문서 보존대장
Ÿ그 밖의 예울마루의 존속, 권익, 연혁에 관련된 문서
10년
Ÿ사업계획서
Ÿ예산 및 결산서류
Ÿ급여, 상여금, 퇴직금 지급에 관한 문서
Ÿ세무‧회계 관계 문서와 증빙서류 
5년
Ÿ임대차 계약서
Ÿ각종 증명서 발급
Ÿ재해보상, 복리후생, 보험 등에 관한 문서
Ÿ각종 실적 보고서
Ÿ운영에 관한 각종 대외보고서
Ÿ공사, 구매 관련 계약서
3년
Ÿ교육, 출장 등에 관한 문서
Ÿ통상적인 회의록
Ÿ일상감사에 관한 문서
Ÿ문서처리에 관한 각종 대장
Ÿ행사, 근태, 휴가, 직무평가 등에 관한 문서
1년
Ÿ휴일 근무 등 근무명령에 관한 문서
Ÿ참고 정도로 받은 각종 보고서, 회람문서 등
Ÿ그 밖의 일시적 처리문서
Ÿ입장권 판매 등 단순하고 일상적인 업무를 수행하면서 생산한 기록물
기타
Ÿ주요 시설물, 설비 등의 설치 및 보수의 이력에 관한 문서는 설비 대체 
시까지 또는 내구연수까지 보존한다.
Ÿ차량, 비품, 집기 등의 물품 보수 이력에 관한 문서는 그 내구연수까지 
보존한다.

(별지 서식 제1호) 내부문서

(별지 서식 제2호) 대외문서

(별지서식 제3호)
 No. :        
직  인  대  장
 기관명 :        
직    인사    인
등 록   년     월     일검 인
각 인 일
각 인 자
재 료인 의 형 상
적 요
폐 기 일
폐 기 사 유","문서,보존,기간,제26조,관련"
업무 분장 규정,제1조,목적,"본 규정은 재단법인 지에스칼텍스재단(이하 “법인”이라 한다)이 수탁 운영하는 GS칼텍
스 예울마루(이하 “예울마루”라 한다) 직제규정 제2조에 근거하여 예울마루의 사무를 
체계적이며 합리적으로 수행하기 위하여 직제상 부서별 소관 업무를 규정함을 목적으로 
한다.",목적
업무 분장 규정,제2조,관련 업무의 처리,"둘 이상의 팀에 관련되는 업무는 그 비중이 많은 부서에서, 비중이 동일하거나 또는  
처리할 부서를 판단하기 곤란할 때는 관련 부서와 협의를 거쳐 관장이 결정한다.","관련,업무의,처리"
업무 분장 규정,제3조,각 부서의 공통업무,"각 부서는 다음 각 호의 사항을 공통업무로 분장한다.
1.부서별 기본 운영 계획·예산 수립 및 시행
2.자료 수집, 통계 작성 및 분석
3.지출 원인 행위
4.자산 및 비품 관리
5.출장 신청 및 복명
6.업무 분담 및 인계인수
7.고객 불편사항 접수 및 관리
8.운영협의회 지원 업무","부서의,공통업무"
업무 분장 규정,제3조-1,각 부서의 공통업무 — 부서별 기본 운영 계획·예산 수립 및 시행,"부서별 기본 운영 계획·예산 수립 및 시행
(업무 분장 규정 제3조 각 부서의 공통업무 제1호)","부서의,공통업무,부서별,기본,운영,계획,예산,수립,시행"
업무 분장 규정,제3조-2,"각 부서의 공통업무 — 자료 수집, 통계 작성 및 분석","자료 수집, 통계 작성 및 분석
(업무 분장 규정 제3조 각 부서의 공통업무 제2호)","부서의,공통업무,자료,수집,통계,작성,분석"
업무 분장 규정,제3조-3,각 부서의 공통업무 — 지출 원인 행위,"지출 원인 행위
(업무 분장 규정 제3조 각 부서의 공통업무 제3호)","부서의,공통업무,지출,원인,행위"
업무 분장 규정,제3조-4,각 부서의 공통업무 — 자산 및 비품 관리,"자산 및 비품 관리
(업무 분장 규정 제3조 각 부서의 공통업무 제4호)","부서의,공통업무,자산,비품,관리"
업무 분장 규정,제3조-5,각 부서의 공통업무 — 출장 신청 및 복명,"출장 신청 및 복명
(업무 분장 규정 제3조 각 부서의 공통업무 제5호)","부서의,공통업무,출장,신청,복명"
업무 분장 규정,제3조-6,각 부서의 공통업무 — 업무 분담 및 인계인수,"업무 분담 및 인계인수
(업무 분장 규정 제3조 각 부서의 공통업무 제6호)","부서의,공통업무,업무,분담,인계인수"
업무 분장 규정,제3조-7,각 부서의 공통업무 — 고객 불편사항 접수 및 관리,"고객 불편사항 접수 및 관리
(업무 분장 규정 제3조 각 부서의 공통업무 제7호)","부서의,공통업무,고객,불편사항,접수,관리"
업무 분장 규정,제3조-8,각 부서의 공통업무 — 운영협의회 지원 업무,"운영협의회 지원 업무
(업무 분장 규정 제3조 각 부서의 공통업무 제8호)","부서의,공통업무,운영협의회,지원,업무"
업무 분장 규정,제4조,운영지원팀,"운영지원팀은 다음 각 호의 사항을 담당한다. 
1.조정/지원
가.예울마루의 업무를 원활하게 추진하기 위해 지원하는 업무
나.예울마루 직인의 관리에 관한 업무
다.예울마루 업무추진을 위한 법인이사회 관련 업무
라.대외기관 평가 보고서 작성에 관한 업무
마.각 부서별 업무조정에 관한 사항
2.인사
가.채용 및 인사위원회 관련 업무
나.인사평가

다.직원 포상 및 징계에 관한 업무
라.직원 교육훈련 계획 수립 및 실시
마.직원 급여 관리, 4대 보험, 연말정산, 원천징수 업무
바.복무관리 : 근무명령, 휴가원, 대휴 등
사.노사협의회에 관한 업무
아.고충처리에 관한 사항
자. 제 증명서 관리
3.재무회계
가. 예산 및 결산, 월 마감 및 반기별 마감, 세무 관련 업무
나. 여수시 및 유관기관 각종 보고서(재무제표 등) 작성 및 신고에 관한 업무
다. 회계프로그램 전산처리업무
라. 대외기관 평가 및 감사 수감에 관한 업무
마. 금융기관 관련 업무   
4.총무
가.일반서무업무
나.차량 관리 업무
다.전대차 부대시설(카페, 구내식당 등) 관리 업무
라.그 밖에 각호에 부수되는 사항에 관한 업무
5.IT/그룹웨어
가. IT 유지보수 관리
나. 그룹웨어 유지보수 및 서버 관리
다. 보안 복합기 관리 업무
6. 위수탁 관리
가. 연간 사업계획 및 결산(수탁비 정산 등) 여수시 보고
나. 예울마루 운영에 대한 유관부서(문화예술과) 업무 협의 및 협조
다. 재물 관리 및 보고
라. 사무처리규정 신설·개정에 관한 업무
7. 홍보물 제작 및 관리
가. 예울마루 관련 대외홍보물 작성 및 발송
나. 각종 홍보자료 발굴 및 VIP 자료관리
다. 예울마루 견학 접수 및 시행
라. 예울마루 온라인 소식지 발행",운영지원팀
업무 분장 규정,제4조-1,운영지원팀 — 조정/지원 가.예울마루의 업무를 원활하게 추진하기,"조정/지원 가.예울마루의 업무를 원활하게 추진하기 위해 지원하는 업무 나.예울마루 직인의 관리에 관한 업무 다.예울마루 업무추진을 위한 법인이사회 관련 업무 라.대외기관 평가 보고서 작성에 관한 업무 마.각 부서별 업무조정에 관한 사항
(업무 분장 규정 제4조 운영지원팀 제1호)","운영지원팀,조정,지원,가예울마루의,업무를,원활하게,추진하기,위해,지원하는,업무,나예울마루,직인의,관리에,관한"
업무 분장 규정,제4조-2,운영지원팀 — 인사 가.채용 및 인사위원회 관련 업무 나.인사평가,"인사 가.채용 및 인사위원회 관련 업무 나.인사평가
(업무 분장 규정 제4조 운영지원팀 제2호)","운영지원팀,인사,가채용,인사위원회,관련,업무,나인사평가"
업무 분장 규정,제4조-3,"운영지원팀 — 재무회계 가. 예산 및 결산, 월 마감 및 반기별","재무회계 가. 예산 및 결산, 월 마감 및 반기별 마감, 세무 관련 업무 나. 여수시 및 유관기관 각종 보고서(재무제표 등) 작성 및 신고에 관한 업무 다. 회계프로그램 전산처리업무 라. 대외기관 평가 및 감사 수감에 관한 업무 마. 금융기관 관련 업무
(업무 분장 규정 제4조 운영지원팀 제3호)","운영지원팀,재무회계,예산,결산,마감,반기별,세무,관련,업무,여수시,유관기관,각종,보고"
업무 분장 규정,제4조-4,운영지원팀 — 총무 가.일반서무업무 나.차량 관리 업무 다.전대차,"총무 가.일반서무업무 나.차량 관리 업무 다.전대차 부대시설(카페, 구내식당 등) 관리 업무 라.그 밖에 각호에 부수되는 사항에 관한 업무
(업무 분장 규정 제4조 운영지원팀 제4호)","운영지원팀,총무,가일반서무업무,나차량,관리,업무,다전대차,부대시설,카페,구내식당,라그,밖에"
업무 분장 규정,제4조-5,운영지원팀 — IT/그룹웨어 가. IT 유지보수 관리 나. 그룹웨,"IT/그룹웨어 가. IT 유지보수 관리 나. 그룹웨어 유지보수 및 서버 관리 다. 보안 복합기 관리 업무
(업무 분장 규정 제4조 운영지원팀 제5호)","운영지원팀,IT,그룹웨어,유지보수,관리,서버,보안,복합기,업무"
업무 분장 규정,제4조-6,운영지원팀 — 위수탁 관리 가. 연간 사업계획 및 결산(수탁비 정,"위수탁 관리 가. 연간 사업계획 및 결산(수탁비 정산 등) 여수시 보고 나. 예울마루 운영에 대한 유관부서(문화예술과) 업무 협의 및 협조 다. 재물 관리 및 보고 라. 사무처리규정 신설·개정에 관한 업무
(업무 분장 규정 제4조 운영지원팀 제6호)","운영지원팀,위수탁,관리,연간,사업계획,결산,수탁비,정산,여수시,보고,예울마루,운영에,대한,유관부서"
업무 분장 규정,제4조-7,운영지원팀 — 홍보물 제작 및 관리 가. 예울마루 관련 대외홍보물,"홍보물 제작 및 관리 가. 예울마루 관련 대외홍보물 작성 및 발송 나. 각종 홍보자료 발굴 및 VIP 자료관리 다. 예울마루 견학 접수 및 시행 라. 예울마루 온라인 소식지 발행
(업무 분장 규정 제4조 운영지원팀 제7호)","운영지원팀,홍보물,제작,관리,예울마루,관련,대외홍보물,작성,발송,각종,홍보자료,발굴,VIP,자료관"
업무 분장 규정,제5조,예술사업팀,"예술사업팀은 다음 각 호의 사항을 담당한다.
1. 공연기획   
 가. 공연기획 사업의 중장기발전계획 수립에 관한 업무
 나. 연간 사업계획서 및 실적보고서 작성에 관한 업무

 다. 공연의 기획, 유치, 섭외, 마케팅, 진행, 평가보고서 작성에 관한 업무
 라. 공연 관련 자료 보존 및 정리
 마. 문화 소외계층 지원에 관한 업무
 바. 신규사업 아이템 발굴
 사. 공모사업 신청 및 진행에 관한 업무
 아. 그 밖에 각호에 부수되는 사항에 관한 업무
2. 전시/교육 기획 및 운영
 가. 전시/교육사업의 중장기 발전 계획 수립에 관한 업무
 나. 연간 사업계획서 및 실적 보고서 작성에 관한 업무
 다. 전시/교육의 기획, 섭외, 홍보마케팅, 진행, 평가 보고서 작성에 관한 업무
 라. 신규 사업 아이템 발굴
 마. 대외기관 평가자료 작성 및 수감
 바. 공모사업 신청 및 진행에 관한 업무
 사. 전시/교육 관련 자료 보존 및 정리
 아. 문화소외계층 지원에 관한 업무
 자. 미술 소장품 관리 업무(구입, 리스트 작성, 수장고 관리 등)
 차. 장도 창작스튜디오 입주 작가 선정 및 지원 업무
3. 전시/교육 대관
 가. 전시실 대관업무 : 대관 공고, 접수, 일정 조정, 대관심의위원회 준비, 대관 결과 
통보, 계약 체결, 대관 진행, 대관료 정산, 결과 보고서 작성 등
 나. 회의실 대관업무 : 대관 공고, 접수, 일정 조정, 대관 승인, 대관 진행, 대관료 정
산, 결과 보고서 작성 등
4. 홈페이지 운영 및 관리
 가. 예울마루 홈페이지의 운영 및 보수
 나. 홈페이지 질의 사항 응대
 다. 기획공연 및 전시정보의 업데이트
 라. 대관 공연 홈페이지업무 지원
5. 온라인 회원 및 채널 운영
 가. 온라인 회원의 신규모집 및 가입
 나. 회원 관련 정보의 업데이트 및 보고
 다. 회원의 불만 사항 접수 및 관리
 라. 온라인 채널 운영 및 관리
6. 매표
 가. 입장권 현장 판매 및 정산
 나. 입장권 판매 입금정산서 작성
 다. 입장 수입 결산표 작성
7. 편집 디자인
 가. 예울마루 내 각종 사인물 CI 작업
 나. 기획공연의 포스터 및 각종 안내물 등의 디자인 
 다. 기획공연･전시 업무 디자인 작업 지원

8. 정보보안
 가. 연간 정보보안 내부관리계획 수립 및 시행
 나. 개인정보처리시스템 접근 통제 및 관리
 다. 악성코드/바이러스 침입 방지 솔루션 관리
 라. 임직원 및 개인정보 취급자 교육 계획 수립 및 시행
 마. 연간 정보보안 컨설팅 진행
9. 그 밖에 각호에 부수되는 사항에 관한 업무",예술사업팀
업무 분장 규정,제5조-1,예술사업팀 — 공연기획 가. 공연기획 사업의 중장기발전계획 수립에,"공연기획 가. 공연기획 사업의 중장기발전계획 수립에 관한 업무 나. 연간 사업계획서 및 실적보고서 작성에 관한 업무
(업무 분장 규정 제5조 예술사업팀 제1호)","예술사업팀,공연기획,사업의,중장기발전계획,수립에,관한,업무,연간,사업계획서,실적보고서,작성에"
업무 분장 규정,제5조-2,예술사업팀 — 전시/교육 기획 및 운영 가. 전시/교육사업의 중장,"전시/교육 기획 및 운영 가. 전시/교육사업의 중장기 발전 계획 수립에 관한 업무 나. 연간 사업계획서 및 실적 보고서 작성에 관한 업무 다. 전시/교육의 기획, 섭외, 홍보마케팅, 진행, 평가 보고서 작성에 관한 업무 라. 신규 사업 아이템 발굴 마. 대외기관 평가자료 작성 및 수감 바. 공모사업 신청 및 진행에 관한 업무 사. 전시/교육 관련 자료 보존 및 정리 아. 문화소외계층 지원에 관한 업무 자. 미술 소장품 관리 업무(구입, 리스트 작성, 수장고 관리 등) 차. 장도 창작스튜디오 입주 작가 선정 및 지원 업무
(업무 분장 규정 제5조 예술사업팀 제2호)","예술사업팀,전시,교육,기획,운영,교육사업의,중장기,발전,계획,수립에,관한,업무,연간,사업계획서"
업무 분장 규정,제5조-3,예술사업팀 — 전시/교육 대관 가. 전시실 대관업무,"전시/교육 대관 가. 전시실 대관업무 : 대관 공고, 접수, 일정 조정, 대관심의위원회 준비, 대관 결과 통보, 계약 체결, 대관 진행, 대관료 정산, 결과 보고서 작성 등 나. 회의실 대관업무 : 대관 공고, 접수, 일정 조정, 대관 승인, 대관 진행, 대관료 정 산, 결과 보고서 작성 등
(업무 분장 규정 제5조 예술사업팀 제3호)","예술사업팀,전시,교육,대관,전시실,대관업무,공고,접수,일정,조정,대관심의위원회,준비,결과"
업무 분장 규정,제5조-4,예술사업팀 — 홈페이지 운영 및 관리 가. 예울마루 홈페이지의 운,"홈페이지 운영 및 관리 가. 예울마루 홈페이지의 운영 및 보수 나. 홈페이지 질의 사항 응대 다. 기획공연 및 전시정보의 업데이트 라. 대관 공연 홈페이지업무 지원
(업무 분장 규정 제5조 예술사업팀 제4호)","예술사업팀,홈페이지,운영,관리,예울마루,홈페이지의,보수,질의,사항,응대,기획공연"
업무 분장 규정,제5조-5,예술사업팀 — 온라인 회원 및 채널 운영 가. 온라인 회원의 신규,"온라인 회원 및 채널 운영 가. 온라인 회원의 신규모집 및 가입 나. 회원 관련 정보의 업데이트 및 보고 다. 회원의 불만 사항 접수 및 관리 라. 온라인 채널 운영 및 관리
(업무 분장 규정 제5조 예술사업팀 제5호)","예술사업팀,온라인,회원,채널,운영,회원의,신규모집,가입,관련,정보의,업데이트,보고"
업무 분장 규정,제5조-6,예술사업팀 — 매표 가. 입장권 현장 판매 및 정산 나. 입장권,"매표 가. 입장권 현장 판매 및 정산 나. 입장권 판매 입금정산서 작성 다. 입장 수입 결산표 작성
(업무 분장 규정 제5조 예술사업팀 제6호)","예술사업팀,매표,입장권,현장,판매,정산,입금정산서,작성,입장,수입,결산표"
업무 분장 규정,제5조-7,예술사업팀 — 편집 디자인 가. 예울마루 내 각종 사인물 CI 작,"편집 디자인 가. 예울마루 내 각종 사인물 CI 작업 나. 기획공연의 포스터 및 각종 안내물 등의 디자인 다. 기획공연･전시 업무 디자인 작업 지원
(업무 분장 규정 제5조 예술사업팀 제7호)","예술사업팀,편집,디자인,예울마루,각종,사인물,CI,작업,기획공연의,포스터,안내물,등의"
업무 분장 규정,제5조-8,예술사업팀 — 정보보안 가. 연간 정보보안 내부관리계획 수립 및,"정보보안 가. 연간 정보보안 내부관리계획 수립 및 시행 나. 개인정보처리시스템 접근 통제 및 관리 다. 악성코드/바이러스 침입 방지 솔루션 관리 라. 임직원 및 개인정보 취급자 교육 계획 수립 및 시행 마. 연간 정보보안 컨설팅 진행
(업무 분장 규정 제5조 예술사업팀 제8호)","예술사업팀,정보보안,연간,내부관리계획,수립,시행,개인정보처리시스템,접근,통제,관리,악성"
업무 분장 규정,제5조-9,예술사업팀 — 그 밖에 각호에 부수되는 사항에 관한 업무,"그 밖에 각호에 부수되는 사항에 관한 업무
(업무 분장 규정 제5조 예술사업팀 제9호)","예술사업팀,밖에,각호에,부수되는,사항에,관한,업무"
업무 분장 규정,제6조,극장운영팀,"극장운영팀은 다음 각 호의 사항을 담당한다.
1. 무대
 가. 각 공연장의 무대 및 기계설비의 관리, 점검, 보수 사용에 따른 안전관리
 나. 무대 및 기계설비 관련 자재, 부품의 관리
 다. 공연 및 행사의 진행에 따른 무대 및 기계설비의 사용관리
 라. 기획공연 제작지원
 마. 대관자와의 스태프회의 참석
 바. 각 공연장의 조명 및 음향설비의 관리, 점검, 보수, 사용에 따른 안전관리
 사. 조명 및 음향설비 관련 자재, 부품의 관리
 아. 공연 및 행사의 진행에 따른 조명 및 음향설비의 사용관리
 자. 공연 및 행사에 따른 진행 시트의 작성
 차. 무대 및 기계설비 관련 자재, 부품의 관리
2. 대관
 가. 대극장, 소극장 및 장도잔디광장 대관업무 : 대관 공고, 접수, 일정조정, 스태프회의, 
기획유치, 자료관리, 사용료 산출, 심의자료 준비 등
 나. 대관공연의 사후평가 보고 및 대관자의 불편사항 해소
 다. 대외기관 평가 자료 작성 및 수감 
3. 하우스관리
4. 그 밖에 각호에 부수되는 사항에 관한 업무",극장운영팀
업무 분장 규정,제6조-1,"극장운영팀 — 무대 가. 각 공연장의 무대 및 기계설비의 관리,","무대 가. 각 공연장의 무대 및 기계설비의 관리, 점검, 보수 사용에 따른 안전관리 나. 무대 및 기계설비 관련 자재, 부품의 관리 다. 공연 및 행사의 진행에 따른 무대 및 기계설비의 사용관리 라. 기획공연 제작지원 마. 대관자와의 스태프회의 참석 바. 각 공연장의 조명 및 음향설비의 관리, 점검, 보수, 사용에 따른 안전관리 사. 조명 및 음향설비 관련 자재, 부품의 관리 아. 공연 및 행사의 진행에 따른 조명 및 음향설비의 사용관리 자. 공연 및 행사에 따른 진행 시트의 작성 차. 무대 및 기계설비 관련 자재, 부품의 관리
(업무 분장 규정 제6조 극장운영팀 제1호)","극장운영팀,무대,공연장의,기계설비의,관리,점검,보수,사용에,따른,안전관리,기계설비"
업무 분장 규정,제6조-2,"극장운영팀 — 대관 가. 대극장, 소극장 및 장도잔디광장 대관업무","대관 가. 대극장, 소극장 및 장도잔디광장 대관업무 : 대관 공고, 접수, 일정조정, 스태프회의, 기획유치, 자료관리, 사용료 산출, 심의자료 준비 등 나. 대관공연의 사후평가 보고 및 대관자의 불편사항 해소 다. 대외기관 평가 자료 작성 및 수감
(업무 분장 규정 제6조 극장운영팀 제2호)","극장운영팀,대관,대극장,소극장,장도잔디광장,대관업무,공고,접수,일정조정,스태프회의,기획유치"
업무 분장 규정,제6조-3,극장운영팀 — 하우스관리,"하우스관리
(업무 분장 규정 제6조 극장운영팀 제3호)","극장운영팀,하우스관리"
업무 분장 규정,제6조-4,극장운영팀 — 그 밖에 각호에 부수되는 사항에 관한 업무,"그 밖에 각호에 부수되는 사항에 관한 업무
(업무 분장 규정 제6조 극장운영팀 제4호)","극장운영팀,밖에,각호에,부수되는,사항에,관한,업무"
업무 분장 규정,제7조,시설관리팀,"시설 관리팀은 다음 각 호의 사항을 담당한다. 
 1. 공원시설 관리에 대한 유관부서(공원과) 업무 협의 및 협조
 2. 시설 관련 용역, 공사, 물품구매 및 기타 계약

 3. 건축·전기·소방·설비·통신 등 시설관리
 4. 건축·전기·소방·기계설비·가스·승강기 등의 법정 안전관리 업무
 5. 공연장 소독·저수조 청소, 정화조 청소 등 법정 보건 위생 관리에 관한 업무
 6. 재산종합보험·승강기사고배상책임보험·가스사고배상책임보험 관련 업무
 7. 미화·조경·경비 등 용역 관리
 8. 기존 시설물 하자 보수 관리 및 시설 개선에 관한 업무
 9. 사인물 점검 및 보수
 10. 시설보안(무인경비/인력경비) 및 제한구역 설정 관리 
 11. 그 밖에 각 호에 부수되는 사항에 관한 업무",시설관리팀
업무 분장 규정,제7조-1,시설관리팀 — 공원시설 관리에 대한 유관부서(공원과) 업무 협의,"공원시설 관리에 대한 유관부서(공원과) 업무 협의 및 협조
(업무 분장 규정 제7조 시설관리팀 제1호)","시설관리팀,공원시설,관리에,대한,유관부서,공원과,업무,협의,협조"
업무 분장 규정,제7조-2,"시설관리팀 — 시설 관련 용역, 공사, 물품구매 및 기타 계약","시설 관련 용역, 공사, 물품구매 및 기타 계약
(업무 분장 규정 제7조 시설관리팀 제2호)","시설관리팀,시설,관련,용역,공사,물품구매,기타,계약"
업무 분장 규정,제7조-3,시설관리팀 — 건축·전기·소방·설비·통신 등 시설관리,"건축·전기·소방·설비·통신 등 시설관리
(업무 분장 규정 제7조 시설관리팀 제3호)","시설관리팀,건축,전기,소방,설비,통신,시설관리"
업무 분장 규정,제7조-4,시설관리팀 — 건축·전기·소방·기계설비·가스·승강기 등의 법정 안,"건축·전기·소방·기계설비·가스·승강기 등의 법정 안전관리 업무
(업무 분장 규정 제7조 시설관리팀 제4호)","시설관리팀,건축,전기,소방,기계설비,가스,승강기,등의,법정,안전관리,업무"
업무 분장 규정,제7조-5,"시설관리팀 — 공연장 소독·저수조 청소, 정화조 청소 등 법정 보","공연장 소독·저수조 청소, 정화조 청소 등 법정 보건 위생 관리에 관한 업무
(업무 분장 규정 제7조 시설관리팀 제5호)","시설관리팀,공연장,소독,저수조,청소,정화조,법정,보건,위생,관리에,관한,업무"
업무 분장 규정,제7조-6,시설관리팀 — 재산종합보험·승강기사고배상책임보험·가스사고배상책임보,"재산종합보험·승강기사고배상책임보험·가스사고배상책임보험 관련 업무
(업무 분장 규정 제7조 시설관리팀 제6호)","시설관리팀,재산종합보험,승강기사고배상책임보험,가스사고배상책임보험,관련,업무"
업무 분장 규정,제7조-7,시설관리팀 — 미화·조경·경비 등 용역 관리,"미화·조경·경비 등 용역 관리
(업무 분장 규정 제7조 시설관리팀 제7호)","시설관리팀,미화,조경,경비,용역,관리"
업무 분장 규정,제7조-8,시설관리팀 — 기존 시설물 하자 보수 관리 및 시설 개선에 관한,"기존 시설물 하자 보수 관리 및 시설 개선에 관한 업무
(업무 분장 규정 제7조 시설관리팀 제8호)","시설관리팀,기존,시설물,하자,보수,관리,시설,개선에,관한,업무"
업무 분장 규정,제7조-9,시설관리팀 — 사인물 점검 및 보수,"사인물 점검 및 보수
(업무 분장 규정 제7조 시설관리팀 제9호)","시설관리팀,사인물,점검,보수"
업무 분장 규정,제7조-10,시설관리팀 — 시설보안(무인경비/인력경비) 및 제한구역 설정 관리,"시설보안(무인경비/인력경비) 및 제한구역 설정 관리
(업무 분장 규정 제7조 시설관리팀 제10호)","시설관리팀,시설보안,무인경비,인력경비,제한구역,설정,관리"
업무 분장 규정,제7조-11,시설관리팀 — 그 밖에 각 호에 부수되는 사항에 관한 업무,"그 밖에 각 호에 부수되는 사항에 관한 업무
(업무 분장 규정 제7조 시설관리팀 제11호)","시설관리팀,밖에,호에,부수되는,사항에,관한,업무"
위임전결 규정,제1조,목적,"본 규정은 재단법인 지에스칼텍스재단(이하 “법인”이라 한다)이 수탁 운영하는 예울마루
(이하 “예울마루”라 한다)의 문서결재 및 업무처리에 관한 직무권한과 위임전결에 관한 
사항을 규정함으로써 권한과 책임의 소재를 명확히 하고 사무 처리의 효율화를 도모함
을 목적으로 한다.",목적
위임전결 규정,제2조,적용범위,위임전결에 관하여 따로 규정하는 경우를 제외하고는 본 규정이 정하는 바에 의한다.,적용범위
위임전결 규정,제3조,권한과 책임,"이 규정에 의한 전결권자는 그 직무를 수행하기 위해 필요한 권한을 가지며, 전결한 사항에 
대해서 책임을 진다.","권한과,책임"
위임전결 규정,제4조,중요사항,"①전결권자는 전결사항이라 할지라도 그 내용이 특히 중요하다고 인정되는 사항은 구두 
또는 문서로 상위자의 지침 또는 결재를 받아 처리할 수 있다.
②전결권자는 전결 처리한 사항이 중요하다고 인정되는 경우에는 상위자에게 보고 하
여야 한다.",중요사항
위임전결 규정,제5조,협조,"전결사항 중 타 부서와 관련되는 사항은 해당 부서와 협조하여 처리하여야 한다. 다만, 
협조가 이루어지지 않는 경우에는 그 사유를 기재하여 관장의 결재를 받아야 한다.",협조
위임전결 규정,제6조,"대행, 대결","①결재권자가 궐위된 때에는 직무 대행자가 업무를 대행한다.
②결재권자가 휴가·출장 기타의 사유로 결재할 수 없는 경우에는 결재권자가 위임한 
자가 대결한다.","대행,대결"
위임전결 규정,제7조,효력,전결권자가 전결 한 문서의 효력은 최종 결재권자의 결재와 동일한 효력을 갖는다.,효력
위임전결 규정,제8조,시행명의,"위임전결 사항이라도 대외관계 또는 필요한 경우에는 관장 또는 이사장의 명의로 시행
하여야 한다.",시행명의
위임전결 규정,제9조,결재,"예울마루의 업무처리를 위한 결재는 다음 각 호에 의하여 시행한다.
1.결재는 담당, 팀장, 관장, 상임 이사, 이사장의 단계를 거쳐야 한다. 다만, 예산의 집행, 

자금의 지출 업무는 재무 담당의 사전 검토(협조 결재)를 거쳐야 한다. 
2.업무 수행 중 관련 부서의 협조가 필요한 경우에는 팀장의 승인을 득하고 관련 팀장의 
협조를 구한 후 상위자의 결재를 득한다.
3.전결 처리된 사항의 집행에 있어서 내용의 일부 또는 전부를 변경하고자 할 경우에
는 그 업무의 당초 전결자로부터 재결재를 받아서 시행하여야 한다.",결재
위임전결 규정,제9조-1,"결재 — 결재는 담당, 팀장, 관장, 상임 이사, 이사장의","결재는 담당, 팀장, 관장, 상임 이사, 이사장의 단계를 거쳐야 한다. 다만, 예산의 집행,
(위임전결 규정 제9조 결재 제1호)","결재,결재는,담당,팀장,관장,상임,이사,이사장의,단계를,거쳐야,한다,다만,예산의,집행"
위임전결 규정,제9조-2,결재 — 업무 수행 중 관련 부서의 협조가 필요한 경우에는,"업무 수행 중 관련 부서의 협조가 필요한 경우에는 팀장의 승인을 득하고 관련 팀장의 협조를 구한 후 상위자의 결재를 득한다.
(위임전결 규정 제9조 결재 제2호)","결재,업무,수행,관련,부서의,협조가,필요한,경우에는,팀장의,승인을,득하고,협조를,구한,상위자의"
위임전결 규정,제9조-3,결재 — 전결 처리된 사항의 집행에 있어서 내용의 일부 또는,"전결 처리된 사항의 집행에 있어서 내용의 일부 또는 전부를 변경하고자 할 경우에 는 그 업무의 당초 전결자로부터 재결재를 받아서 시행하여야 한다.
(위임전결 규정 제9조 결재 제3호)","결재,전결,처리된,사항의,집행에,있어서,내용의,일부,또는,전부를,변경하고자,경우에,업무의,당초,전결자로"
위임전결 규정,제10조,전결사항,"위임전결사항은 별표 1과 같다. 단, 별표에 명시되지 않은 사항은 유사업무의 기준에 
따르되 관장의 별도 지시가 있을 경우에는 예외로 한다.",전결사항
위임전결 규정,별표1,전결사항,"1. 공통사항
( ○ 전자결재 / □ 수기결재 )
단 위 업 무 명세 부 업 무 명이사장
전결권자
상임이사관장팀장
1.사업계획연간 사업계획 승인○
연간 사업계획 승인 후 세부사항 변경○
연간 사업계획 세부추진□
2.예산편성 및 조정연간 예산결정○
예산편성 검토/부서간 조정□
부서 예산안 편성, 제출□
단위사업 간 예산전용○
세부사업 간 예산전용○
동일 세부사업 내 편성목 간 예산전용○
3.예산집행(기안)승인 사업비 집행(3,000만원 초과)○
승인 사업비 집행(3,000만원 이하)○
4.수입결의기 승인 수입결의○
5.지출결의기 승인 지출결의○
6.. 경비사용보고서 승인관장○
(법인카드 정산)팀장○
팀원(30만원 초과)○
팀원(30만원 이하)○
7.결손처리500만원 초과○
500만원 이하○
8 .타 부서와의 업무협조정책적인 사항□
일반적인 사항□
9. 소속 직원의 복무부서내 직원의 사무분장□
출결, 특근, 외출, 조퇴의 허가○
직원의 연장 및 휴일 근무 승인 명령○
(배우자)출산휴가 및 휴직○
10. 사무인계관장□
팀장□
팀원□
11. 출장(복명) 및 휴가관장의 국내출장 및 휴가○
팀장의 국내출장 및 휴가○
팀원의 국내출장 및 휴가○
임직원의 해외출장(연수)○

2. 운영지원팀
  ( ○ 전자결재 / □ 수기결재 )
단 위 업 무 명세 부 업 무 명이사장
전결권자
상임이사관장팀장
12. 통계자료총괄사항 분석□
통계자료 수집 및 종합□
13. 대내외 문서처리외부 공문의 접수, 처리, 통보○
사내 공문의 접수, 처리, 통보○
14. 기타문서분류, 통제, 보관□
문서의 폐기□
부서내 보안관리○
직원경조 업무 연락□
15. 재산관리재산대장 등재○
비품대장 카드작성 및 정리□
비품 출납·보관·관리·수리·검수□
16. 물품 불용 결정, 처리500만원 초과○
500만원 이하○
17. 고객불편사항 접수 처리□
접수 승인□
단 위 업 무 명세 부 업 무 명이사장
전결권자
상임이사관장팀장
1. 직인직인의 신규 조각 및 변경○
직인 등록 및 폐기○
직인대장 정리□
직인날인신청 승인○
2. 문서관리문서통제□
문서보관 및 보존□
보존문서 폐기□
3. 규정 등 관리기구 조정 및 규정 제‧개정 검토○
기구 조정 및 규정 제‧개정 승인○
4. 일반업무우편물 분류 및 배부□
업무용 차량관리 및 운영계획○
외부공문 접수(문서24)○
5. 직원인사 및 복무직원 임면○
보직 임면○
발령대장 정리, 보관□
인사카드작성, 정리, 보관□
6. 직원인력수급자료수집, 분석, 평가□
계획수립○

단 위 업 무 명세 부 업 무 명이사장
전결권자
상임이사관장팀장
7. 직원신규채용신규채용계획 및 공고○
서류접수 및 심사□
신규 채용자 선정○
8. 직원 교육훈련교육훈련 계획 수립○
진행상황 및 결과보고□
9. 직원 인사평가근무성적평정표 결과보고□
승진후보자 명부작성○
10.. 직원 복리후생제도
 개선
복리후생제도 개선 계획 수립○
진행상황 및 결과보고□
복리후생지원 신청 승인○
11. 직원 현황 통계직원 현황 통계 작성 및 보고□
12. 직원 훈ᆞ포상공적조서 작성□
포상(팀장이상)○
포상(팀",전결사항
공연장 대관 규정,제1조,목적,"본 규정은 예울마루의 효율적인 운영을 위하여 대극장, 소극장, 연습실, 분장실, 장도 야외
공연장 등의 대관 및 설비와 장비사용, 전문인력과 기술 지원에 대한 원칙을 밝히고 대
관자가 준수하여야 할 사항을 규정함을 목적으로 한다.",목적
공연장 대관 규정,제2조,용어의 정의,"①“기본시설”이라 함은 대극장과 소극장을 말한다.
②“부속시설”이라 함은 리허설룸 1과 리허설룸 2 및 분장실, 세탁실을 말한다. 
③“부대장비”라 함은 예울마루 소유의 공연장비 중 별도 사용료를 징수하는 품목을 말
한다.
④“부대시설”이라 함은 기본시설과 부속시설을 제외한 공간을 말한다. 
⑤“대관”이라 함은 ‘공연’, ‘연습’, ‘녹음’, ‘녹화’ 등을 위해 소정의 절차를 거쳐 기본시
설과 부속시설 및 부대장비, 부대시설 등을 임대 사용하는 것을 말한다.
⑥“대관자”라 함은 제6조의 대관 절차를 통해 예울마루와 계약을 체결한 개인 또는 단체
를 말한다.
⑦“대관료”라 함은 상기 제1항, 제2항, 제3항, 제4항의 대관 또는 사용함에 따라 예울
마루가 징수하는 요금을 말한다. 
⑧“기본 대관료”라 함은 기본시설을 대관함에 따라 예울마루가 징수하는 요금을 말한다.
⑨“공연 진행”이라 함은 공연 기간뿐만 아니라 공연 준비 및 철수 기간을 포함한 공연 
대관 기간에 이루어지는 공연과 관련된 진행 제반 사항을 말한다.","용어의,정의"
공연장 대관 규정,제3조,대관의 범위,"본 규정의 적용을 받는 대관시설은 기본시설, 부속시설, 부대장비, 부대시설이며, 대관
은 공연 및 이와 관련된 부대행사를 대상으로 한다.","대관의,범위"
공연장 대관 규정,제4조,대관의 종류,"①신청 시기에 따른 대관의 종류는 다음 각 호와 같다.
1.정기대관: 차기연도의 공연일정 확정을 위해 예울마루가 상·하반기로 나누어 시행하는 대관
2.수시대관: 정기대관 이후 잔여일정 발생 시 기간을 정하지 않고 시행하는 대관 

②사용 목적에 따른 대관의 종류는 다음 각 호와 같다.
1.공연 대관: 공연을 목적으로 하는 기본시설, 부속시설 등의 대관
2.준비 대관: 공연 전·후에 무대 설치 및 무대 철수를 목적으로 하는 기본시설, 부속
시설 등의 대관
3.연습 대관: 공연 연습을 목적으로 하는 기본시설 또는 부속시설 등의 대관
4.기타 대관: 공연 목적 이외의 방송, 영화, CF, 음반제작등 상기 1, 2, 3 각호에 해당
하지 않는 대관","대관의,종류"
공연장 대관 규정,제4조-1,대관의 종류 — 정기대관,"정기대관: 차기연도의 공연일정 확정을 위해 예울마루가 상·하반기로 나누어 시행하는 대관
(공연장 대관 규정 제4조 대관의 종류 제1호)","대관의,종류,정기대관,차기연도의,공연일정,확정을,위해,예울마루가,하반기로,나누어,시행하는,대관"
공연장 대관 규정,제4조-2,대관의 종류 — 수시대관,"수시대관: 정기대관 이후 잔여일정 발생 시 기간을 정하지 않고 시행하는 대관
(공연장 대관 규정 제4조 대관의 종류 제2호)","대관의,종류,수시대관,정기대관,이후,잔여일정,발생,기간을,정하지,않고,시행하는,대관"
공연장 대관 규정,제4조-1,대관의 종류 — 공연 대관,"공연 대관: 공연을 목적으로 하는 기본시설, 부속시설 등의 대관
(공연장 대관 규정 제4조 대관의 종류 제1호)","대관의,종류,공연,대관,공연을,목적으로,하는,기본시설,부속시설,등의"
공연장 대관 규정,제4조-2,대관의 종류 — 준비 대관,"준비 대관: 공연 전·후에 무대 설치 및 무대 철수를 목적으로 하는 기본시설, 부속 시설 등의 대관
(공연장 대관 규정 제4조 대관의 종류 제2호)","대관의,종류,준비,대관,공연,후에,무대,설치,철수를,목적으로,하는,기본시설,부속,시설,등의"
공연장 대관 규정,제4조-3,대관의 종류 — 연습 대관,"연습 대관: 공연 연습을 목적으로 하는 기본시설 또는 부속시설 등의 대관
(공연장 대관 규정 제4조 대관의 종류 제3호)","대관의,종류,연습,대관,공연,연습을,목적으로,하는,기본시설,또는,부속시설,등의"
공연장 대관 규정,제4조-4,대관의 종류 — 기타 대관,"기타 대관: 공연 목적 이외의 방송, 영화, CF, 음반제작등 상기 1, 2, 3 각호에 해당 하지 않는 대관
(공연장 대관 규정 제4조 대관의 종류 제4호)","대관의,종류,기타,대관,공연,목적,이외의,방송,영화,CF,음반제작등,상기,각호에,해당,하지,않는"
공연장 대관 규정,제5조,대관공고,"① 예울마루는 정기대관 및 수시대관 일정이 정해지면 예울마루 홈페이지에 대관 접수 
공고문을 게시하는 것을 원칙으로 한다. 단, 필요에 따라 일간지 등 다른 매체를 통
해서도 공고할 수 있다.
② 정기대관은 40일 이상, 수시대관은 14일 이상 공고한다. 단, 부득이한 경우 공고기
간을 조정할 수 있다.",대관공고
공연장 대관 규정,제6조,대관신청,"① 예울마루를 사용하고자 하는 자는 공연장대관신청서와 공연계획서를 제출하여야 하며, 
예울마루가 추가 자료를 요청할 경우 이에 성실히 응해야 한다.
② 부속시설 대관신청 등은 소정의 양식(별지서식)을 별도 제출한다.
③ 신청방법은 온라인 예약시스템 신청을 원칙으로 하되, 보완 수단으로 이메일, 우편, 
방문 등의 방법으로 신청할 수 있다. 단, 온라인 예약시스템 접수는 예약시스템 
구축 시까지 유예한다.
④ 공연 대관은 대관하고자 하는 날로부터 30일 전까지 신청하여야 한다.
⑤ 부대시설 대관은 수시 신청할 수 있다.
⑥ 공연장의 원활한 운영을 위하여 기간이 촉박한 대관의 경우 신청을 받지 아니 할 수 
있다.
⑦ 예울마루와 협의 된 경우 신청기간에 제한을 받지 아니한다.",대관신청
공연장 대관 규정,제7조,대관신청 제한,"다음 각 호에 해당되는 경우 대관 신청을 제한한다.
 1. 공익을 해하거나 사회적 통념을 위한하는 내용으로 공연하려는 단체
 2. 시설이나 설비를 심각히 훼손할 우려가 있는 공연이나 단체
 3. 특정 종교 및 정치 홍보를 목적으로 공연하려는 단체
 4. 공연의 내용, 수준이 예울마루가 수용하기에 부적합하다고 판단되는 단체
 5. 이전 공연에서 공연장 질서를 위반하거나 수준이 현저하게 떨어진 작품을 공연한 단체
 6. 예울마루가 정한 규정을 위반한 단체

 7. 입장권 검인을 거부한 단체
 8. 유보석 제출을 거부한 단체
 9. 홍보물 규정을 위반한 단체
 10. 입장 연령 규정을 거부하거나 적극적으로 고지하지 않은 단체
 11. 좌석을 초과하여 입장권을 판매하거나 초대권을 남발하여 관객의 안전을 위협하고 
혼란을 초래한 단체 
 12. 유치원, 초·중·고등학교 학생 개인 및 학교(단, 지역영재발굴을 위한 공연 및 예술
전공 중·고등학교 가능)
 13. 홍보를 목적으로 하는 공연 및 행사","대관신청,제한"
공연장 대관 규정,제7조-1,대관신청 제한 — 공익을 해하거나 사회적 통념을 위한하는 내용으로 공,"공익을 해하거나 사회적 통념을 위한하는 내용으로 공연하려는 단체
(공연장 대관 규정 제7조 대관신청 제한 제1호)","대관신청,제한,공익을,해하거나,사회적,통념을,위한하는,내용으로,공연하려는,단체"
공연장 대관 규정,제7조-2,대관신청 제한 — 시설이나 설비를 심각히 훼손할 우려가 있는 공연이나,"시설이나 설비를 심각히 훼손할 우려가 있는 공연이나 단체
(공연장 대관 규정 제7조 대관신청 제한 제2호)","대관신청,제한,시설이나,설비를,심각히,훼손할,우려가,있는,공연이나,단체"
공연장 대관 규정,제7조-3,대관신청 제한 — 특정 종교 및 정치 홍보를 목적으로 공연하려는 단체,"특정 종교 및 정치 홍보를 목적으로 공연하려는 단체
(공연장 대관 규정 제7조 대관신청 제한 제3호)","대관신청,제한,특정,종교,정치,홍보를,목적으로,공연하려는,단체"
공연장 대관 규정,제7조-4,"대관신청 제한 — 공연의 내용, 수준이 예울마루가 수용하기에 부적합하","공연의 내용, 수준이 예울마루가 수용하기에 부적합하다고 판단되는 단체
(공연장 대관 규정 제7조 대관신청 제한 제4호)","대관신청,제한,공연의,내용,수준이,예울마루가,수용하기에,부적합하다고,판단되는,단체"
공연장 대관 규정,제7조-5,대관신청 제한 — 이전 공연에서 공연장 질서를 위반하거나 수준이 현저,"이전 공연에서 공연장 질서를 위반하거나 수준이 현저하게 떨어진 작품을 공연한 단체
(공연장 대관 규정 제7조 대관신청 제한 제5호)","대관신청,제한,이전,공연에서,공연장,질서를,위반하거나,수준이,현저하게,떨어진,작품을,공연한,단체"
공연장 대관 규정,제7조-6,대관신청 제한 — 예울마루가 정한 규정을 위반한 단체,"예울마루가 정한 규정을 위반한 단체
(공연장 대관 규정 제7조 대관신청 제한 제6호)","대관신청,제한,예울마루가,정한,규정을,위반한,단체"
공연장 대관 규정,제7조-7,대관신청 제한 — 입장권 검인을 거부한 단체,"입장권 검인을 거부한 단체
(공연장 대관 규정 제7조 대관신청 제한 제7호)","대관신청,제한,입장권,검인을,거부한,단체"
공연장 대관 규정,제7조-8,대관신청 제한 — 유보석 제출을 거부한 단체,"유보석 제출을 거부한 단체
(공연장 대관 규정 제7조 대관신청 제한 제8호)","대관신청,제한,유보석,제출을,거부한,단체"
공연장 대관 규정,제7조-9,대관신청 제한 — 홍보물 규정을 위반한 단체,"홍보물 규정을 위반한 단체
(공연장 대관 규정 제7조 대관신청 제한 제9호)","대관신청,제한,홍보물,규정을,위반한,단체"
공연장 대관 규정,제7조-10,대관신청 제한 — 입장 연령 규정을 거부하거나 적극적으로 고지하지 않,"입장 연령 규정을 거부하거나 적극적으로 고지하지 않은 단체
(공연장 대관 규정 제7조 대관신청 제한 제10호)","대관신청,제한,입장,연령,규정을,거부하거나,적극적으로,고지하지,않은,단체"
공연장 대관 규정,제7조-11,대관신청 제한 — 좌석을 초과하여 입장권을 판매하거나 초대권을 남발하,"좌석을 초과하여 입장권을 판매하거나 초대권을 남발하여 관객의 안전을 위협하고 혼란을 초래한 단체
(공연장 대관 규정 제7조 대관신청 제한 제11호)","대관신청,제한,좌석을,초과하여,입장권을,판매하거나,초대권을,남발하여,관객의,안전을,위협하고,혼란을,초래한,단체"
공연장 대관 규정,제7조-12,"대관신청 제한 — 유치원, 초·중·고등학교 학생 개인 및 학교(단,","유치원, 초·중·고등학교 학생 개인 및 학교(단, 지역영재발굴을 위한 공연 및 예술 전공 중·고등학교 가능)
(공연장 대관 규정 제7조 대관신청 제한 제12호)","대관신청,제한,유치원,고등학교,학생,개인,학교,지역영재발굴을,위한,공연,예술,전공,가능"
공연장 대관 규정,제7조-13,대관신청 제한 — 홍보를 목적으로 하는 공연 및 행사,"홍보를 목적으로 하는 공연 및 행사
(공연장 대관 규정 제7조 대관신청 제한 제13호)","대관신청,제한,홍보를,목적으로,하는,공연,행사"
공연장 대관 규정,제8조,대관심의,"①예울마루는 대관 심의의 공정성을 기하기 위하여 대관심의위원회(이하 “심의위원
회”)를 별도로 구성하여 대관신청을 심의한다. 단, 정기대관 이외의 수시 대관 등은 
경합이 없을 경우 심의위원회를 거치지 아니하고 공연 일정 및 예울마루의 사정을 
감안하여 담당 팀장과 관장이 결정한다. 수시대관일 경우라도 경합이 있을 경우 정
기대관에 준하여 심의한다. 
②심의위원회는 예울마루 내부인(관장, 팀장)과 외부인(문화예술분야에 대한 전문지식과 
경험이 풍부한 사람)으로 최소 5인 이상 구성하고 외부인을 50% 이상으로 하며, 
위원장은 예울마루 관장으로 한다.
③심의위원회의 심의 시 다음의 각 호에 해당할 경우 우선할 수 있다.
  1. 지역의 문화예술 발전과 국제화에 이바지할 수 있는 경우
  2. 정기적인 문화예술 활동 실적이 많은 신청인의 경우
  3. 해당 공연 실적, 출연자의 이력, 매스컴의 평가 등으로 판단하여 품질이 우수한 공
연의 경우
  4. 예울마루의 위상 격상에 도움이 되는 공연으로 판단되는 경우
  5. 신진 예술가, 단체나 사회적 약자가 신청할 경우
④ 위원회 회의는 재적위원 3분의 2 이상의 출석으로 개회하고 출석위원 과반수의 찬성
으로 의결하며 위원회의 운영에 필요한 그 밖의 사항은 위원회에서 정한다.
⑤ 위원이 다음 각 호의 어느 하나에 해당하는 경우 에는 위원회의 심의·의결에서 제척
된다.
  1. 심의 대상과 관련하여 이해당사자이거나 이해 당사기관의 소속된 자인 경우
  2. 위원이 해당 사안의 신청인과 친족관계에 있거나 있었던 경우
  3. 기타 공정한 심의를 수행할 수 없다고 판단될 경우
⑥ 해당 안건의 당사자는 위원에게 공정한 심의·의결을 기대하기 어려운 사정이 있는 
경우에는 위원회에 기피 신청을 할 수 있고, 위원회는 이를 결정한다. 이 경우 기피
신청의 대상인 위원은 그 의결에 참여하지 못한다.
⑦ 위원이 제5항 각 호에 따른 제척사유에 해당하는 경우에는 스스로 해당 안건의 심의·
의결에서 회피 하여야 한다.
⑧ 위원이 제5항 각 호의 어느 하나에 해당하는 데 에도 불구하고 회피하지 아니한 경우 
위원회의 의결을 거쳐 해촉할 수 있다.

⑨ 외부인이 심의위원회에 참석하는 경우 교통비 등 소정의 비용을 지급할 수 있다.
⑩ 심의 시 회의록을 작성하여 보관하며, 심의 결과는 공개한다.",대관심의
공연장 대관 규정,제8조-1,대관심의 — 지역의 문화예술 발전과 국제화에 이바지할 수 있는,"지역의 문화예술 발전과 국제화에 이바지할 수 있는 경우
(공연장 대관 규정 제8조 대관심의 제1호)","대관심의,지역의,문화예술,발전과,국제화에,이바지할,있는,경우"
공연장 대관 규정,제8조-2,대관심의 — 정기적인 문화예술 활동 실적이 많은 신청인의 경우,"정기적인 문화예술 활동 실적이 많은 신청인의 경우
(공연장 대관 규정 제8조 대관심의 제2호)","대관심의,정기적인,문화예술,활동,실적이,많은,신청인의,경우"
공연장 대관 규정,제8조-3,"대관심의 — 해당 공연 실적, 출연자의 이력, 매스컴의 평가 등","해당 공연 실적, 출연자의 이력, 매스컴의 평가 등으로 판단하여 품질이 우수한 공 연의 경우
(공연장 대관 규정 제8조 대관심의 제3호)","대관심의,해당,공연,실적,출연자의,이력,매스컴의,평가,등으로,판단하여,품질이,우수한,연의,경우"
공연장 대관 규정,제8조-4,대관심의 — 예울마루의 위상 격상에 도움이 되는 공연으로 판단되,"예울마루의 위상 격상에 도움이 되는 공연으로 판단되는 경우
(공연장 대관 규정 제8조 대관심의 제4호)","대관심의,예울마루의,위상,격상에,도움이,되는,공연으로,판단되는,경우"
공연장 대관 규정,제8조-5,"대관심의 — 신진 예술가, 단체나 사회적 약자가 신청할 경우","신진 예술가, 단체나 사회적 약자가 신청할 경우
(공연장 대관 규정 제8조 대관심의 제5호)","대관심의,신진,예술가,단체나,사회적,약자가,신청할,경우"
공연장 대관 규정,제8조-1,대관심의 — 심의 대상과 관련하여 이해당사자이거나 이해 당사기관,"심의 대상과 관련하여 이해당사자이거나 이해 당사기관의 소속된 자인 경우
(공연장 대관 규정 제8조 대관심의 제1호)","대관심의,심의,대상과,관련하여,이해당사자이거나,이해,당사기관의,소속된,자인,경우"
공연장 대관 규정,제8조-2,대관심의 — 위원이 해당 사안의 신청인과 친족관계에 있거나 있었,"위원이 해당 사안의 신청인과 친족관계에 있거나 있었던 경우
(공연장 대관 규정 제8조 대관심의 제2호)","대관심의,위원이,해당,사안의,신청인과,친족관계에,있거나,있었던,경우"
공연장 대관 규정,제8조-3,대관심의 — 기타 공정한 심의를 수행할 수 없다고 판단될 경우,"기타 공정한 심의를 수행할 수 없다고 판단될 경우
(공연장 대관 규정 제8조 대관심의 제3호)","대관심의,기타,공정한,심의를,수행할,없다고,판단될,경우"
공연장 대관 규정,제9조,대관승인,"①정기대관은 신청 접수 마감 후 30일 이내에 심의위원회를 구성하여 심의하고 승인 
가부를 서면 통보한다. 
②수시 대관은 신청 접수 후 담당팀장과 관장의 결정에 따라 15일 이내 승인 가부를 
서면 통보한다.
③대관승인을 받은 자는 대관승인 통보 시 명시된 일자까지 예울마루와 계약을 체결한다.
④정부나 공공 기관의 문화예술분야 지원보조금을 받아 시행예정인 단체의 대관신청은 
해당 보조금 사업이 확정될 때까지 대관승인을 유보할 수 있다. 
⑤예울마루는 대관을 승인함에 있어 조정이 필요하다고 판단될 때는 대관일수나 
내용을 대관자와 협의하여 조정할 수 있다.
⑥대관신청자는 예울마루가 요구하는 준비 및 철수 대관에 대한 최소한의 일정을 
확보해야 하며, 이에 동의하지 않을 경우, 대관 승인이 불가 또는 취소될 수 있다.",대관승인
공연장 대관 규정,제10조,대관 승인 취소,"다음 각호의 경우 예울마루는 대관 승인을 취소할 수 있으며 기 납부된 대관료의 반환
은 제14조를 준용한다.
  1. 대관 승인 후 대관 신청서의 기재 사실이 허위로 밝혀진 경우
  2. 예울마루가 정한 기일 내에 계약금 또는 잔금을 납부하지 않은 경우
  3. 예울마루 승인 없이 입장권 또는 교환권을 발행한 경우
  4. 대관 사용권을 타인에게 양도 또는 전대한 경우
  5. 제11조(대관계약체결)에 준하는 계약체결을 하지 않은 경우. 단, 계약지연 사유를 
제출하여 예울마루의 승인을 받은 경우 예외로 한다.","대관,승인,취소"
공연장 대관 규정,제10조-1,대관 승인 취소 — 대관 승인 후 대관 신청서의 기재 사실이 허위로 밝,"대관 승인 후 대관 신청서의 기재 사실이 허위로 밝혀진 경우
(공연장 대관 규정 제10조 대관 승인 취소 제1호)","대관,승인,취소,신청서의,기재,사실이,허위로,밝혀진,경우"
공연장 대관 규정,제10조-2,대관 승인 취소 — 예울마루가 정한 기일 내에 계약금 또는 잔금을 납부,"예울마루가 정한 기일 내에 계약금 또는 잔금을 납부하지 않은 경우
(공연장 대관 규정 제10조 대관 승인 취소 제2호)","대관,승인,취소,예울마루가,정한,기일,내에,계약금,또는,잔금을,납부하지,않은,경우"
공연장 대관 규정,제10조-3,대관 승인 취소 — 예울마루 승인 없이 입장권 또는 교환권을 발행한 경,"예울마루 승인 없이 입장권 또는 교환권을 발행한 경우
(공연장 대관 규정 제10조 대관 승인 취소 제3호)","대관,승인,취소,예울마루,없이,입장권,또는,교환권을,발행한,경우"
공연장 대관 규정,제10조-4,대관 승인 취소 — 대관 사용권을 타인에게 양도 또는 전대한 경우,"대관 사용권을 타인에게 양도 또는 전대한 경우
(공연장 대관 규정 제10조 대관 승인 취소 제4호)","대관,승인,취소,사용권을,타인에게,양도,또는,전대한,경우"
공연장 대관 규정,제10조-5,대관 승인 취소 — 제11조(대관계약체결)에 준하는 계약체결을 하지 않,"제11조(대관계약체결)에 준하는 계약체결을 하지 않은 경우. 단, 계약지연 사유를 제출하여 예울마루의 승인을 받은 경우 예외로 한다.
(공연장 대관 규정 제10조 대관 승인 취소 제5호)","대관,승인,취소,제11조,대관계약체결,준하는,계약체결을,하지,않은,경우,계약지연,사유를,제출하여,예울마루의,승인을"
공연장 대관 규정,제11조,대관 계약 체결,"대관 승인을 받은 신청자는 대관 승인 후 30일 이내에 계약금을 납부한 후 대관 계약을 
체결하여야 한다. 단, 대관 승인일로부터 사용예정일까지의 기간이 30일 이내의 경우에
는 대관 승인 후 5일 이내에 대관 계약을 체결하여야 한다.","대관,계약,체결"
공연장 대관 규정,제12조,대관료의 결정,"①대관료는 여수시 GS칼텍스 예울마루 관리·운영 조례에 의한다.
②대관료는 [망마]편 또는 [장도]편의 사용료 규정을 따른다. 단, 이에 명시되지 않은 
부대장비 사용에 의한 사용료는 대관자와 예울마루가 상호 협의하여 별도로 정한다.","대관료의,결정"
공연장 대관 규정,제13조,대관료의 납부,"①대관료는 예울마루가 지정하는 은행에 납부하여야 한다.
②대관자는 계약 체결 시 계약금으로 기본대관료를 10%를 납부하고, 잔금은 사용예정일 
30일 전까지 납부하여야 한다. 단, 기한 내 납부가 불가할 경우 예울마루의 승인을 
받아 예외로 할 수 있다. 
③ 정기대관 외 수시대관이나 기타대관 등으로 사용예정일까지 30일 이내일 경우 승인
통보를 받은 날로부터 5일 이내 대관료 전액을 납부하여야 한다.
④ 공연준비대관 시작일 이전에 발생하는 추가 대관료는 사용 예정일 최소 1주일 전까지 
납부하여야 한다. 단, 추가대관 신청일로부터 사용 예정일이 일주일 이내인 경우 신청 
후 즉시 대관료를 납부하여야 한다.
⑤ 대관 기간 중 추가되는 부대설비 사용료의 경우 사용 종료 후 10일 이내에 납부하
여야 한다.
⑥ 시설과 부대설비사용에 있어 사전에 승인되지 않은 부분을 대관자가 임의로 사용할 
경우, 이에 대하여 추가신청이 있었던 것으로 간주하여 대관료를 부과하며, 부과된 
대관료는 청구 후 10일 이내 납부하여야 한다. 
⑦ 대관료 납부 시 필요한 경우 예울마루와 협의 후 원단위는 절삭할 수 있다.
⑧ 예울마루는 대관자에게 총 대관료를 보증하는 ‘보증보험증권’을 요구할 수 있다.
⑨ 계약체결 전 사전에 납입된 계약금은 계약체결의 적극의사로 간주하여 입금일자에 
계약체결 한 것과 같은 효력을 가진다.","대관료의,납부"
공연장 대관 규정,제14조,대관료의 반환,"① 대관자가 이미 납부한 대관료는 사용예정일 30일 전에 취소하는 경우 기본대관료 
전액을 반환하고, 사용예정일 29일~전일까지 취소하는 경우 기본 대관료의 10%를 
공제한 나머지를 반환한다.
② 사용개시일 이후에 취소 또는 중단하는 경우에는 총 기본대관료의 10%와 사용일수
만큼 일할 계산한 금액을 공제한 나머지를 반환한다.
③ 천재지변, 국가 재난에 해당하는 불가항력의 사유로 사용이 불가능할 때에는 납부한 
대관료는 전액 반환한다.
④ 예울마루의 귀책사유로 인하여 대관 사용이 불가능한 경우 납부한 대관료는 전액 
반환한다.","대관료의,반환"
공연장 대관 규정,제15조,대관료 감면,"①대관료 감면은 기본대관료에 한하며, 보조인력비, 부속시설사용료, 부대시설사용료, 
부대장비사용료 등은 납부하여야 한다. 
②다음의 각 호에 해당하는 경우에는 기본대관료의 100%를 감면할 수 있다.
1.여수시가 주최(주관)하는 비영리 목적의 예술공연 
2.GS칼텍스재단이 주최(주관)하는 비영리 목적의 예술공연 
3. 국가 또는 전라남도가 주최(주관)하는 비영리 목적의 예술공연
4. 시예산으로 운영되는 여수시립예술단의 예술공연
③ 다음의 각  호에 해당하는 경우에는 기본대관료의 50%를 감면할 수 있다.
 1. 여수시의 문화예술 보조금을 받은 비영리 목적의 예술공연 

 2. GS칼텍스재단이 후원(협찬)하는 비영리 목적의 예술공연 
 3. 국가 또는 전라남도의 문화예술 보조금을 받은 비영리 목적의 예술공연
④ GS칼텍스 예울마루와 별도의 협약(MOU) 등 체결된 경우 그에 따른다.
⑤ 천재지변, 재난 및 기타 불가항력에 의한 경우 대관료를 감면할 수 있다.","대관료,감면"
공연장 대관 규정,제15조-1,대관료 감면 — 여수시가 주최(주관)하는 비영리 목적의 예술공연,"여수시가 주최(주관)하는 비영리 목적의 예술공연
(공연장 대관 규정 제15조 대관료 감면 제1호)","대관료,감면,여수시가,주최,주관,하는,비영리,목적의,예술공연"
공연장 대관 규정,제15조-2,대관료 감면 — GS칼텍스재단이 주최(주관)하는 비영리 목적의 예술,"GS칼텍스재단이 주최(주관)하는 비영리 목적의 예술공연
(공연장 대관 규정 제15조 대관료 감면 제2호)","대관료,감면,GS칼텍스재단이,주최,주관,하는,비영리,목적의,예술공연"
공연장 대관 규정,제15조-3,대관료 감면 — 국가 또는 전라남도가 주최(주관)하는 비영리 목적의,"국가 또는 전라남도가 주최(주관)하는 비영리 목적의 예술공연
(공연장 대관 규정 제15조 대관료 감면 제3호)","대관료,감면,국가,또는,전라남도가,주최,주관,하는,비영리,목적의,예술공연"
공연장 대관 규정,제15조-4,대관료 감면 — 시예산으로 운영되는 여수시립예술단의 예술공연,"시예산으로 운영되는 여수시립예술단의 예술공연
(공연장 대관 규정 제15조 대관료 감면 제4호)","대관료,감면,시예산으로,운영되는,여수시립예술단의,예술공연"
공연장 대관 규정,제15조-1,대관료 감면 — 여수시의 문화예술 보조금을 받은 비영리 목적의 예술,"여수시의 문화예술 보조금을 받은 비영리 목적의 예술공연
(공연장 대관 규정 제15조 대관료 감면 제1호)","대관료,감면,여수시의,문화예술,보조금을,받은,비영리,목적의,예술공연"
공연장 대관 규정,제15조-2,대관료 감면 — GS칼텍스재단이 후원(협찬)하는 비영리 목적의 예술,"GS칼텍스재단이 후원(협찬)하는 비영리 목적의 예술공연
(공연장 대관 규정 제15조 대관료 감면 제2호)","대관료,감면,GS칼텍스재단이,후원,협찬,하는,비영리,목적의,예술공연"
공연장 대관 규정,제15조-3,대관료 감면 — 국가 또는 전라남도의 문화예술 보조금을 받은 비영리,"국가 또는 전라남도의 문화예술 보조금을 받은 비영리 목적의 예술공연
(공연장 대관 규정 제15조 대관료 감면 제3호)","대관료,감면,국가,또는,전라남도의,문화예술,보조금을,받은,비영리,목적의,예술공연"
공연장 대관 규정,제16조,대관료 미납,"①제13조 제2항에 의거한 대관료 잔금을 납부하지 아니하면 계약금은 예울마루에 귀속
되고 대관은 자동 취소된 것으로 간주한다.
②대관 계약금 및 잔금 미납 시 제한 사항은 다음 각 호와 같다.
1.대관료 납부 완료 전에 티켓을 판매 하거나 판매를 의뢰할 수 없다.
2.본 규정에도 불구하고 티켓판매가 이루어질 경우 예울마루는 티켓판매 중지를 요청
할 수 있다.","대관료,미납"
공연장 대관 규정,제16조-1,대관료 미납 — 대관료 납부 완료 전에 티켓을 판매 하거나 판매를,"대관료 납부 완료 전에 티켓을 판매 하거나 판매를 의뢰할 수 없다.
(공연장 대관 규정 제16조 대관료 미납 제1호)","대관료,미납,납부,완료,전에,티켓을,판매,하거나,판매를,의뢰할,없다"
공연장 대관 규정,제16조-2,대관료 미납 — 본 규정에도 불구하고 티켓판매가 이루어질 경우 예울,"본 규정에도 불구하고 티켓판매가 이루어질 경우 예울마루는 티켓판매 중지를 요청 할 수 있다.
(공연장 대관 규정 제16조 대관료 미납 제2호)","대관료,미납,규정에도,불구하고,티켓판매가,이루어질,경우,예울마루는,티켓판매,중지를,요청,있다"
공연장 대관 규정,제17조,사용시간,"①예울마루 사용시간은 오전(09시~12시), 오후(13시~17시), 야간(18시~22
시), 철야(22시 이후)이며, 점심시간(12시~13시), 저녁시간(17시~18시)은 포함되지 
아니한다. 
②일정상 부득이하게 철야작업이 필요할 경우 예울마루와 협의하여야 하며, 철야대관료
를 3시간 단위로 추가납부 하여야 한다.
③공연은 1일1회를 기본으로 하되 예울마루와 협의하여 회차를 추가할 수 있으며 추가
대관료를 납부하여야 한다.",사용시간
공연장 대관 규정,제18조,스태프 회의,"①대관자는 무대 작업 일정, 무대기술 전반에 관한 사항, 부대시설 사용 내용을 결정하기 
위해 공연 준비기간 시작일보다 최소 7일 전까지 예울마루의 주관하에 예울마루의 
무대 스태프와 스태프 회의를 하여야 한다.
②예울마루의 스태프 회의 진행자는 회의를 통한 협의사항을 취합하여 ""회의록""을 작성
하고, 예울마루와 대관자 기명날인 후 각 1부씩 보관한다.","스태프,회의"
공연장 대관 규정,제19조,무대 안전 관리,"①대관자는 무대 작업에 앞서 실시하는 안전교육에 적극 참여하여야 한다.
②대관자는 무대 작업 및 공연 진행 시 무대 안전 수칙을 준수해야 하며, 각종 장치 
및 장비 설치는 예울마루 기술진의 감독 하에 작업해야 한다.
③예울마루는 무대 안전 관리를 위해 필요하다고 판단되는 경우 대관자나 특정인의 
백 스테이지 출입을 불허 또는 퇴장시킬 수 있다.","무대,안전,관리"
공연장 대관 규정,제20조,공연 진행 및 하우스 관리,"①원활한 공연 진행을 위해 대관자는 예울마루 무대감독과 하우스매니저의 협조 요청에 
적극적으로 응해야 한다.
②공연 진행과 관련하여 문제 발생 시 예울마루 무대감독 또는 하우스매니저는 공연 
시작을 지연하거나, 공연을 중지할 수 있다.
③예울마루는 공연 진행과 관련한 하우스 운영(객석 관리, 공연 진행, 안전 관리)을 
책임지며, 하우스매니저가 총괄 운영한다.
④예울마루의 품격 유지 및 원활한 공연장 진행을 위하여 반드시 예울마루가 권하는 
하우스 안내원을 사용하여야 한다.
⑤대관자는 로비 및 객석 내에서의 모든 활동에 관하여 하우스매니저와 사전에 협의
해야 한다.
⑥공연 장르에 따라 입장 연령을 조정하고자 할 경우 티켓 판매 개시 전 예울마루와 
협의해야 한다.
⑦예울마루는 다음 각 호에 해당하는 경우 대관자에게 관람자의 입장을 거절하게 하거나 
퇴장을 명하게 할 수 있다.
1.타인이 혐오할 만한 결함이 있거나 전염병 질환이 있는 자
2.만취자 및 무단출입자
3.타인에게 위협감을 주거나 또는 방해가 될 물품을 휴대한 자
4.예울마루의 검인이 없는 입장권을 소지한 자
5.기타 안전유지 및 공연 진행 상 필요하다고 인정되는 자","공연,진행,하우스,관리"
공연장 대관 규정,제20조-1,공연 진행 및 하우스 관리 — 타인이 혐오할 만한 결함이 있거나 전염병 질환이 있,"타인이 혐오할 만한 결함이 있거나 전염병 질환이 있는 자
(공연장 대관 규정 제20조 공연 진행 및 하우스 관리 제1호)","공연,진행,하우스,관리,타인이,혐오할,만한,결함이,있거나,전염병,질환이,있는"
공연장 대관 규정,제20조-2,공연 진행 및 하우스 관리 — 만취자 및 무단출입자,"만취자 및 무단출입자
(공연장 대관 규정 제20조 공연 진행 및 하우스 관리 제2호)","공연,진행,하우스,관리,만취자,무단출입자"
공연장 대관 규정,제20조-3,공연 진행 및 하우스 관리 — 타인에게 위협감을 주거나 또는 방해가 될 물품을 휴,"타인에게 위협감을 주거나 또는 방해가 될 물품을 휴대한 자
(공연장 대관 규정 제20조 공연 진행 및 하우스 관리 제3호)","공연,진행,하우스,관리,타인에게,위협감을,주거나,또는,방해가,물품을,휴대한"
공연장 대관 규정,제20조-4,공연 진행 및 하우스 관리 — 예울마루의 검인이 없는 입장권을 소지한 자,"예울마루의 검인이 없는 입장권을 소지한 자
(공연장 대관 규정 제20조 공연 진행 및 하우스 관리 제4호)","공연,진행,하우스,관리,예울마루의,검인이,없는,입장권을,소지한"
공연장 대관 규정,제20조-5,공연 진행 및 하우스 관리 — 기타 안전유지 및 공연 진행 상 필요하다고 인정되는,"기타 안전유지 및 공연 진행 상 필요하다고 인정되는 자
(공연장 대관 규정 제20조 공연 진행 및 하우스 관리 제5호)","공연,진행,하우스,관리,기타,안전유지,필요하다고,인정되는"
공연장 대관 규정,제21조,공연 내용 변경 및 일정 변경,"①대관자는 대관 신청 시 명시한 내용(공연명, 공연일정, 출연자, 공연내용, 주최자, 공연 
시간 등)에 따라 공연을 진행하여야 하며, 불가피한 사유로 이를 변경하고자 할 경우, 
사전에 예울마루의 승인을 받아야 한다. 
②대관일정 및 대관료 재 산출을 요하는 변경을 하는 경우 변경된 총 대관료의 10%를 
할증하여 납부하여야 한다. 단, 최초 대관 기한 내의 일정 변경은 할증을 부과하지 
아니한다.                      
③대관기간 일정이 시작된 후에는 사용하지 않은 대관기간이 발생하면 대관자는 취소 
신청을 하여야 하며, 이를 진행하지 않을 경우 계약서에 명기된 대관료를 전액 납부
하여야 한다.","공연,내용,변경,일정"
공연장 대관 규정,제22조,공연 취소 및 중지,"①대관자의 사정으로 공연이 취소되거나 중지될 경우, 대관자는 입장권의 교환과 환불, 
기타 입장권 구매자에 대한 책임을 부담한다.
②공연이 취소되거나 중단된 경우, 대관자가 납부한 대관료의 반환은 제14조를 준용
한다.
③천재지변으로 공연이 취소되거나 중지된 경우, 예울마루는 대관자에게 취소된 공연
에 대하여 납부된 대관료를 반환하고 대관자는 입장권의 교환과 환불 기타 입장권 구매자
에게 책임을 지는 이외에 상호 손해배상의 의무가 없다.","공연,취소,중지"
공연장 대관 규정,제23조,시설 및 설비 변경 금지,"①대관자는 예울마루의 시설 및 설비를 변경하거나 외부로부터 설비를 반입, 설치할 
경우 예울마루의 사전 승인을 받아야 한다.
②대관자는 사용 완료 즉시 변경된 시설 등을 원상복구시키고 반입 설치한 설비를 철거
하여야 한다. 
③대관자가 원상복구 및 철거를 지연할 경우에는 예울마루가 직접 원상복구하거나 철거 
및 폐기 조치를 취할 수 있으며, 이에 소요되는 경비는 대관자가 부담한다. 
④상기 제3항에 의거 철거 및 폐기 조치 시 발생할 수 있는 대관자가 반입한 설치물의 
손상에 대하여 예울마루는 책임지지 아니 한다.
⑤무대 설치와 관련하여 발생되는 쓰레기는 대관자의 책임 하에 공연 종료 시 반출하여야 
한다.","시설,설비,변경,금지"
공연장 대관 규정,제24조,시설사용,"①대관자는 공연장 객석 및 로비, 무대에 공연과 관련이 없는 어떠한 시설물도 예울마루의 
승인 없이 설치할 수 없다.
②대관자는 대관 기간 중 예울마루의 시설 및 설비에 관하여 선량한 사용자로서의 주의 
의무를 다하며, 화재예방에 최선을 다해야 한다.
③공연 기간 중 판촉, 사인회, 리셉션 등을 개최할 때는 예울마루의 사전 승인을 얻어야 
한다.
④대관자는 대관 기간 중 타 극장의 공연에 방해되는 행위를 하지 않는다.",시설사용
공연장 대관 규정,제25조,관리 의무 및 손해배상,"①대관자가 관리의무를 소홀히 하거나 대관자의 귀책사유로 예울마루의 시설 및 설비 
기타 부속시설(열쇠, 분장실집기, 비품 등)에 대하여 손해를 발생시킨 경우에는 이로 
인하여 발생한 손해를 배상하여야 한다.
②대관자는 예울마루가 정하는 공연장 안전 관리수칙을 준수해야 하며 이를 준수하지 
않은 결과로 야기된 안전사고에 대해서 예울마루 또는 제3자에게 발생한 손해에 대하여 
배상한다.
③사용자가 반입·설치하는 무대 장치나 시설물은 소방법 제11조(특수 장소의 방염)에 
의거 방염성능이 있는 것으로 하여야 한다.
④제3항의 방염성능 물품에 대해서는 방염 필증을 제출하고, 승인을 득 한 후 무대장치 
반입이나 시설을 설치 할 수 있다.
⑤대관기간 중 공연 또는 공연준비, 철수 등과 관련하여 발생한 인적, 물적 손상에 대하여
는 대관자가 이를 배상하여야 하며, 이로 인하여 예울마루가 입은 손해 및 예울마루
가 제3자에게 부담하여야 할 손해배상, 손해보상, 기타 책임에 대하여 전액 배상하여
야 한다. 단, 예울마루에게 고의 중과실이 있거나 대관자에게 귀책사유가 없는 경우는 
예외로 하며 이에 대한 입증책임은 대관자가 진다.

⑥대관자는 공연에 대한 내용이 제3자의 지적재산권 및 기타의 권리를 침해하는 것이 아님
을 보증하며, 공연과 관련된 모든 저작권 문제는 대관자의 책임과 비용으로 해결하여야 
한다.","관리,의무,손해배상"
공연장 대관 규정,제26조,입장권 발권,"①대관자는 지정좌석제(1인 1좌석) 및 입장 연령 제한(만 24개월 이하)을 준수하여야 
하며, 예울마루 발권 시스템을 이용할 수 있고, 이용 수수료는 대관자가 부담한다.
②대관자는 예울마루 회원 제도에 의한 회원 할인을 할 수 있으며, 예울마루는 대관자
에게 회원 제도를 통한 공연의 홍보와 마케팅을 위해 협조할 수 있다.","입장권,발권"
공연장 대관 규정,제27조,입장권 판매,"①대관자는 입장권 발행 시 시안을 예울마루와 사전 협의하여야 하며, 모든 입장권은 
예울마루에서 대관자 책임하에 입장권 검인을 공연 개시 2주 전까지 실시하여야 
한다. 단, 예울마루에서 발행 또는 인정하는 전산 입장권의 경우 사전에 예울마루
의 허가를 받아 검인 과정을 생략할 수 있다. 
②대관자는 입장권 발행 시 예울마루가 요청한 안내사항을 입장권에 명기해야 한다. 
③대관자는 입장권을 추가 또는 초과하여 발행할 수 없으며, 예울마루가 승인하지 않은 
입장권 소지자의 입장을 거부할 수 있다. 또한 예울마루가 승인하지 않은 입장권의 
발행으로 인해 발생하는 모든 문제의 책임은 대관자에게 있으며, 예울마루는 이에 
따른 손해배상을 대관자에게 청구할 수 있다.
④대관자는 공연의 원활한 진행을 위해 입장권 판매/발행 시 예울마루가 정한 유보 좌
석의 티켓을 제외하고 판매(배포) 하여야 하며 유보 좌석의 티켓은 공연 전까지 예울
마루 하우스매니저에게 제출하여야 한다. 유보되는 객석의 수는 매회 대극장  10석, 
소극장 4석이며 유보 좌석은 예울마루가 정한 위치로 한다.
⑤초대권을 포함한 교환권 발행 시에는 예울마루와 사전 협의하여야 하며 지정 좌석권이 
부족할 경우 예울마루는 입장을 거부할 수 있다.
⑥입장권 및 교환권 발행에 따른 문제 발생 시 모든 민·형사상 책임은 대관자에게 있
으며, 필요시 예울마루는 입장을 제한하거나 거부할 수 있다.","입장권,판매"
공연장 대관 규정,제28조,"광고, 홍보물 협의","①대관자는 공연장 로비에 공연과 관련된 홍보 판촉물을 설치하고자 할 때에는 예울마
루의 사전 승인을 얻어야 하며, 공연 협찬사 또는 후원사 등의 상업적인 홍보 판촉물일 
경우는 이에 따른 사용료를 납부하여야 한다.
②대관자는 공연 관련 홍보 보도 자료를 예울마루에 제출하여야 한다.

③대관자는 예울마루 홈페이지를 통한 홍보를 위하여 공연 계약 체결일로부터1개월 
이내에 공연 관련 세부 내용을 홍보 담당자에게 제공하여야 한다.
④대관자는 대관 계약 체결 이전 공연 홍보나 광고를 시작할 수 없다.
⑤대관자는 공연에 필요한 각종 광고, 홍보물 제작 시 예울마루와 사전에 협의하여야 
하며, 예울마루가 규정하는 로고 및 CI 규정에 따라야 한다.","광고,홍보물,협의"
공연장 대관 규정,제29조,방송 및 녹화 등,"①예울마루에서 행해지는 공연 준비 및 공연을 녹화 또는 방송할 때는 예울마루의 승
인을 얻고 정해진 사용료를 납부하여야 하며, 중계 위치, 시설 사항, 촬영범위 등에 
관해서는 예울마루와 사전 협의해야 한다.
②중계로 인해 공연 관람에 방해되는 좌석이 발생할 경우 공연 시작 전 해당 좌석의 
교환 좌석을 준비해 하우스매니저에게 위탁해야 한다.","방송,녹화"
공연장 대관 규정,제30조,규정의 효력,본 규정은 예울마루와 대관자 간의 계약의 일부로 간주되며 계약서와 동일한 효력을 지닌다.,"규정의,효력"
공연장 대관 규정,제31조,규정 외 사항,"본 규정에 정하지 않은 사항과 규정의 해석에 관하여는 예울마루의 관련 규정과 관계법
령 또는 관례에 따른다.","규정,사항"
공연장 대관 규정,제32조,관할법원,"규정에 따른 분쟁이 발생할 경우, GS칼텍스재단 본점 소재지 관할법원을 전속 관할로 한다.",관할법원
공연장 대관 규정,제33조,규정 위반 시의 책임,"규정을 위반함으로써 발생하는 모든 책임은 위반자가 부담하며, 이로 인하여 상대방에게 
손해를 입힐 경우에는 이를 배상해야 한다.","규정,위반,시의,책임"
공연장 대관 규정,제34조,항변권,"① 예울마루의 귀책사유로 인하여 계약을 체결할 수 없거나 공연을 진행할 수 없는 경우, 
대관자는 항변할 수 있다.
② 항변에 따른 사유가 객관적으로 인정되는 경우, 예울마루는 그에 따른 배상 및 그에 
상응하는 조치를 취해야 한다.",항변권
전시실 대관 규정,제1조,목적,"이 규약은 예울마루의 전시실 대관에 따른 원칙을 밝히고, 대관자가 본 규약을 성실히 
준수함으로써 효율적인 전시실 운영과 문화예술 창달 등 소기의 목적을 달성하기 위해 
제정되었다.",목적
전시실 대관 규정,제2조,용어의 정의,"①대관이라 함은 전시 및 이와 관련된 부대행사 등을 위해 소정의 절차를 거쳐 전시
실의 시설 및 설비를 임대하여 사용하는 것을 말한다.
②대관자라 함은 1항의 대관 절차를 통해 예울마루와 계약을 체결한 개인 또는 단체
를 말한다.","용어의,정의"
전시실 대관 규정,제3조,대관의 범위,"이 규약의 적용을 받는 대관시설은 예울마루 전시 공간 및 전시 부대장비이며, 대관은 
전시 및 이와 관련된 부대행사를 대상으로 한다.","대관의,범위"
전시실 대관 규정,제4조,대관의 종류,"①대관은 신청 시기에 따라 정기대관, 수시 대관으로 구분한다.
②정기대관은 차기연도의 전시 일정 확정을 위해 예울마루가 별도로 정하는 기간 내
에 시행하는 대관이다.
③수시 대관은 정기대관 이후 잔여 일정 발생 시 시행되며 사용일로부터 최소 20일 
이전에 이루어진다.","대관의,종류"
전시실 대관 규정,제5조,대관공고,"①예울마루의 사정을 고려하여 정기 대관 및 수시 대관 일정을 정할 수 있다. 단, 정기
대관의 경우 제출마감일 40일 전, 수시대관의 경우 14일 전에 공고한다.
②예울마루는 정기 대관 및 수시대관 일정이 정해지면 예울마루 홈페이지에 대관 접
수 공고문을 게시하는 것을 원칙으로 한다. 단, 필요에 따라 일간지 등 다른 매체를 
통해서도 공고할 수 있다.",대관공고
전시실 대관 규정,제6조,대관신청,"① 제3조의 시설물을 대관 받고자 하는 자(이하 “신청인”이라 한다)는 소정의 절차에 
따라 대관 신청을 하여야 하며, 신청방법은 온라인 예약시스템 신청을 원칙으로 하되, 
보완 수단으로 이메일, 우편, 방문 등의 방법으로 신청할 수 있다. 단, 온라인 예약
시스템 접수는 예약시스템 구축 시까지 유예한다.
② 대관신청 시 대관 기간은 작품 설치를 위한 준비 기간과 작품 철수 기간을 포함하여 
최소 5일 이상 대관을 원칙으로 한다.
③ 1항의 대관 신청에 필요한 자료는 다음과 같다",대관신청
전시실 대관 규정,제7조,대관심의,"① 예울마루는 대관 심의의 공정성을 기하기 위하여 대관심의위원회(이하 “심의위원회"")
를 별도로 구성하여 대관신청을 심의한다. 다만, 경합이 없는 수시대관 등은 심의위
원회를 거치지 아니하고 전시 일정 및 예울마루의 사정을 감안하여 담당 팀장과 관
장이 결정한다.
② 심의위원회는 예울마루 내부인(관장, 팀장)과 외부인(문화예술분야에 대한 전문지식과 
경험이 풍부한 사람)으로 최소 5인 이상 구성하고 외부인을 50% 이상으로 하며, 
위원장은 예울마루 관장으로 한다.
③ 심의위원회는 다음의 기준으로 심의한다. 
1.지역의 문화예술 발전과 국제화에 이바지할 수 있는 경우
2.정기적인 문화예술 활동 실적이 많은 신청인의 경우
3.전업 작가의 대관을 경우 
4.전시실 운영의 효율성을 증대시킬 수 있는 경우
5.신진 예술가, 단체나 사회적 약자가 신청할 경우
제출서류서식비고
전시실 대관 신청서서식 제1호 필수
전시 계획서서식 제2호 필수
개인 정보 수집·활용 동의서서식 제3호 필수
부대장비 사용 신청서서식 제4호 해당 신청인 
대관 변경 신청서서식 제5호 해당 신청인 

④ 위원회 회의는 재적위원 3분의 2 이상의 출석 으로 개회하고 출석위원 과반수의 찬
성으로 의결하며 위원회의 운영에 필요한 그 밖의 사항은 위원회에서 정한다.
⑤ 위원이 다음 각 호의 어느 하나에 해당하는 경우 에는 위원회의 심의·의결에서 제척
된다.
  1. 심의 대상과 관련하여 이해당사자이거나 이해 당사기관의 소속된 자 인 경우
  2. 위원이 해당 사안의 신청인과 친족관계에 있거나 있었던 경우
  3. 기타 공정한 심의를 수행할 수 없다고 판단될 경우
⑥ 해당 안건의 당사자는 위원에게 공정한 심의·의결을 기대하기 어려운 사정이 있는 
경우에는 위원회에 기피 신청을 할 수 있고, 위원회는 이를 결정한다. 이 경우 기피
신청의 대상인 위원은 그 의결에 참여하지 못한다.
⑦ 위원이 제5항 각 호에 따른 제척사유에 해당하는 경우에는 스스로 해당 안건의 심
의·의결에서 회피 하여야 한다.
⑧ 위원이 제5항 각 호의 어느 하나에 해당하는 데 에도 불구하고 회피하지 아니한 경우 
위원회의 의결을 거쳐 해촉할 수 있다.
⑨ 외부인이 심의위원회에 참석하는 경우 교통비 등 소정의 비용을 지급할 수 있다.
⑩ 심의 시 회의록을 작성하여 보관하며, 심의 결과는 공개한다.",대관심의
전시실 대관 규정,제7조-1,대관심의 — 지역의 문화예술 발전과 국제화에 이바지할 수 있는,"지역의 문화예술 발전과 국제화에 이바지할 수 있는 경우
(전시실 대관 규정 제7조 대관심의 제1호)","대관심의,지역의,문화예술,발전과,국제화에,이바지할,있는,경우"
전시실 대관 규정,제7조-2,대관심의 — 정기적인 문화예술 활동 실적이 많은 신청인의 경우,"정기적인 문화예술 활동 실적이 많은 신청인의 경우
(전시실 대관 규정 제7조 대관심의 제2호)","대관심의,정기적인,문화예술,활동,실적이,많은,신청인의,경우"
전시실 대관 규정,제7조-3,대관심의 — 전업 작가의 대관을 경우,"전업 작가의 대관을 경우
(전시실 대관 규정 제7조 대관심의 제3호)","대관심의,전업,작가의,대관을,경우"
전시실 대관 규정,제7조-4,대관심의 — 전시실 운영의 효율성을 증대시킬 수 있는 경우,"전시실 운영의 효율성을 증대시킬 수 있는 경우
(전시실 대관 규정 제7조 대관심의 제4호)","대관심의,전시실,운영의,효율성을,증대시킬,있는,경우"
전시실 대관 규정,제7조-5,"대관심의 — 신진 예술가, 단체나 사회적 약자가 신청할 경우 제","신진 예술가, 단체나 사회적 약자가 신청할 경우 제출서류서식비고 전시실 대관 신청서서식 제1호 필수 전시 계획서서식 제2호 필수 개인 정보 수집·활용 동의서서식 제3호 필수 부대장비 사용 신청서서식 제4호 해당 신청인 대관 변경 신청서서식 제5호 해당 신청인
(전시실 대관 규정 제7조 대관심의 제5호)","대관심의,신진,예술가,단체나,사회적,약자가,신청할,경우,제출서류서식비고,전시실,대관,신청서서식,제1호,필수,전시"
전시실 대관 규정,제7조-1,대관심의 — 심의 대상과 관련하여 이해당사자이거나 이해 당사기관,"심의 대상과 관련하여 이해당사자이거나 이해 당사기관의 소속된 자 인 경우
(전시실 대관 규정 제7조 대관심의 제1호)","대관심의,심의,대상과,관련하여,이해당사자이거나,이해,당사기관의,소속된,경우"
전시실 대관 규정,제7조-2,대관심의 — 위원이 해당 사안의 신청인과 친족관계에 있거나 있었,"위원이 해당 사안의 신청인과 친족관계에 있거나 있었던 경우
(전시실 대관 규정 제7조 대관심의 제2호)","대관심의,위원이,해당,사안의,신청인과,친족관계에,있거나,있었던,경우"
전시실 대관 규정,제7조-3,대관심의 — 기타 공정한 심의를 수행할 수 없다고 판단될 경우,"기타 공정한 심의를 수행할 수 없다고 판단될 경우
(전시실 대관 규정 제7조 대관심의 제3호)","대관심의,기타,공정한,심의를,수행할,없다고,판단될,경우"
전시실 대관 규정,제8조,대관승인,"①예울마루는 대관 신청 마감 후, 30일 이내에 이를 심사하고 그 승인 여부를 신청인
에게 통보한다.
②예울마루는 대관을 승인함에 있어 합리적인 전시실 운영을 위해 필요하다고 인정될 
때에는 세부 조건을 부과하거나 신청인의 의견을 들어 대관 기간 및 일부 내용을 
조정할 수 있다.
③대관 승인을 통보받은 자는 승인서에 명시된 일자까지 계약금 납부 및 계약 체결을 
진행해야 한다. 만약 명시된 기일까지 계약을 체결하지 않을 경우에는 이를 계약 포
기로 간주하여 대관 승인을 취소한다.",대관승인
전시실 대관 규정,제9조,대관 계약 체결,"①대관 승인을 받은 신청자(이하 “사용자”)는 대관 승인 후 30일 이내에 계약금을 납
부한 후 대관 계약을 체결한다. 단, 대관 승인일로부터 사용예정일까지의 기간이 60
일 이내의 경우에는 대관 승인 후 10일 이내에 대관 계약을 체결한다. 
②예울마루는 제1항의 기한 내에 사용자가 계약을 체결하지 않을 경우 대관 승인을 
취소할 수 있다.","대관,계약,체결"
전시실 대관 규정,제10조,대관료기준,"대관료는 매년 시설 유지비, 감가상각비, 인건비 등 원가요인을 고려하여 예울마루가 
정한다.",대관료기준
전시실 대관 규정,제11조,대관료 구성 및 산정,"①대관료는 기본시설 사용료와 부대장비 사용료로 나뉘며, 사용시간은 오전 10시부터 
오후 6시까지 8시간 기준이다. 
②기본시설 사용료는 전시실 사용료 및 냉·난방비와 전기 사용, 항온 항습 설비 가동비 
등을 말한다. 부대장비 사용료는 대관자가 기본시설 외에 선택적으로 대여한 설비에 
대하여 적용되는 비용이다.
③기본시설 사용료 및 부대장비 사용료는 [망마]편 또는 [장도]편의 사용료 규정을 따른다.
④전시 준비 또는 작품 철수 등을 위해 기준시간(10:00~18:00) 외 추가로 작업이 필요한 
경우, 예울마루의 승인을 얻은 후 진행하여야 한다. 이 경우, 해당 추가 작업시간에 
대한 대관료는 2시간을 기본 단위로 하여 일일 대관료의 시간당 단가를 적용하며, 
작업시간은 전시실의 시설 안전 및 보안 유지 관계로 오후 10시까지로 제한한다. 
⑤단, 불가피하게 오후 10시 이후 작업(익일 09:00까지)이 필요한 경우 예울마루의 
승인을 받아야 한다. 이 경우 해당 추가시간의 대관료는 2시간을 기본단위(예, 3시
간 사용 시 4시간으로 간주함)로 하여 일일 대관료의 150%를 적용한다.","대관료,구성,산정"
전시실 대관 규정,제12조,대관료 감면,"대관 승인이 완료된 전시 중 대관료를 감면할 수 있는 경우는 다음과 같다.
①다음의 각호에 해당하는 경우에는 대관료의 100%를 감면할 수 있다.
1.여수시가 주최(주관) 하고, GS칼텍스재단이 후원(협찬) 하는 비영리 목적의 전시
2.GS칼텍스재단이 주최(주관) 하는 비영리 목적의 전시
②다음의 각호에 해당하는 경우에는 대관료의 50%를 감면할 수 있다.
1.여수시의 문화예술 보조금을 받은 비영리 목적의 전시
2.GS칼텍스재단이 후원(협찬) 하는 비영리 목적의 전시
③다음의 각호에 해당하는 경우에는 대관료의 일부를 감면할 수 있다.
1.여수지역 작가 혹은 예술 단체의 비영리 목적의 전시의 경우 30%
2.여수지역 이외의 전남지역 작가 혹은 예술 단체의 비영리 목적의 전시의 경우 20% 
④GS칼텍스 예울마루와 별도의 협약(MOU) 등 체결된 경우 그에 따른다.
⑤천재지변, 재난 및 기타 불가항력에 대해 관장이 대관료를 감면할 수 있다.","대관료,감면"
전시실 대관 규정,제12조-1,"대관료 감면 — 여수시가 주최(주관) 하고, GS칼텍스재단이 후원(","여수시가 주최(주관) 하고, GS칼텍스재단이 후원(협찬) 하는 비영리 목적의 전시
(전시실 대관 규정 제12조 대관료 감면 제1호)","대관료,감면,여수시가,주최,주관,하고,GS칼텍스재단이,후원,협찬,하는,비영리,목적의,전시"
전시실 대관 규정,제12조-2,대관료 감면 — GS칼텍스재단이 주최(주관) 하는 비영리 목적의 전,"GS칼텍스재단이 주최(주관) 하는 비영리 목적의 전시
(전시실 대관 규정 제12조 대관료 감면 제2호)","대관료,감면,GS칼텍스재단이,주최,주관,하는,비영리,목적의,전시"
전시실 대관 규정,제12조-1,대관료 감면 — 여수시의 문화예술 보조금을 받은 비영리 목적의 전시,"여수시의 문화예술 보조금을 받은 비영리 목적의 전시
(전시실 대관 규정 제12조 대관료 감면 제1호)","대관료,감면,여수시의,문화예술,보조금을,받은,비영리,목적의,전시"
전시실 대관 규정,제12조-2,대관료 감면 — GS칼텍스재단이 후원(협찬) 하는 비영리 목적의 전,"GS칼텍스재단이 후원(협찬) 하는 비영리 목적의 전시
(전시실 대관 규정 제12조 대관료 감면 제2호)","대관료,감면,GS칼텍스재단이,후원,협찬,하는,비영리,목적의,전시"
전시실 대관 규정,제12조-1,대관료 감면 — 여수지역 작가 혹은 예술 단체의 비영리 목적의 전시,"여수지역 작가 혹은 예술 단체의 비영리 목적의 전시의 경우 30%
(전시실 대관 규정 제12조 대관료 감면 제1호)","대관료,감면,여수지역,작가,혹은,예술,단체의,비영리,목적의,전시의,경우,30"
전시실 대관 규정,제12조-2,대관료 감면 — 여수지역 이외의 전남지역 작가 혹은 예술 단체의 비,"여수지역 이외의 전남지역 작가 혹은 예술 단체의 비영리 목적의 전시의 경우 20%
(전시실 대관 규정 제12조 대관료 감면 제2호)","대관료,감면,여수지역,이외의,전남지역,작가,혹은,예술,단체의,비영리,목적의,전시의,경우,20"
전시실 대관 규정,제13조,대관료 납부,"대관료는 계약금과 잔금으로 나누어 납부한다.
①계약금은 계약서 작성 전일까지 GS칼텍스재단 법인계좌로 납부하여야 하며 기한 내 
납부하지 않으면 대관은 자동 취소된다.
②계약금은 제11조에서 산정한 기본시설 사용료 총액 기준 10% 이다.
③잔금은 전시실 사용예정일로부터 7일 전까지 납부하여야 한다. 잔금을 납부하지 않으
면 예울마루는 잔금 납부 시까지 전시 개막을 유보하거나 전시 작품 일부에 대하여 
법적 절차를 거쳐 예울마루가 권리를 행사할 수 있다.
④전시 기간 중 추가로 전시공간 및 부대장비 사용이 필요한 경우는 예울마루의 사용
허가를 득한 후 사용하여야 하며, 사용료는 전시 철수 전에 반드시 납부하여야 한다. 

완납이 안 되었을 시에는 전시 작품 일부에 대하여 예울마루가 권리행사를 할 수 
있다.
⑤예울마루는 시설 사용료를 포함한 대관료 확보를 보장받기 위하여 필요한 경우, 
대관자에 보증보험 증권 등을 요구할 수 있으며 해당 전시의 입장권 판매금액 또는 
작품을 최우선 하여 담보로 받을 수 있다.","대관료,납부"
전시실 대관 규정,제14조,전시 진행의 정의,"전시 진행이라 함은 전시, 준비 기간 및 작품 반출 기간을 포함한 대관 기간에 이루어
지는 제반 진행사항을 말한다.","전시,진행의,정의"
전시실 대관 규정,제15조,전시 진행 시 유의사항,"①대관자는 전시의 원활한 진행을 위하여 대관 시작 최소 4주 전에 전시 진행 계획서
를 제출하여야 한다. 시설 설비 등의 변경을 요하는 경우 대관자는 물론 설치 제작
자가 설치 방안 등 제반 사항을 예울마루와 협의하여야 하며, 예울마루는 검토 결과 
전시실 운영에 중대한 우려가 예상되는 경우 이를 중지할 수 있다.
②대관자는 승인받은 내용 이외의 별도의 부대행사(정치 및 종교행사, 상품 판매 행위 
등)는 할 수 없다.
③ 대관자는 전시 진행에 지장을 가져오는 일체의 물품(화환, 화분, 꽃 등)을 전시실 
내부로 반입할 수 없으며, 해당 물품을 전시실 외부에 놓을 경우 반드시 대관자가 
철수해야 한다.
④ 전시의 원활한 진행을 위하여 대관자는 전시 개막 일주일 전까지 전시 작가, 작품 
목록 규격, 제작연도를 표시한 목록표와 인쇄물 각 5부씩을 예울마루에 제출해야 한다.
⑤ 대관자는 전시실의 조명 등 장비를 이동 또는 제거하거나 추가 설치하는 경우 예울
마루의 승인을 얻어야 한다.
⑥ 대관 전시로 인해 예울마루가 추가로 인력을 활용할 시에는 대관자가 이를 부담하
여야 한다.
⑦ 전시실 안내원의 복장은 관람객과 구분되는 통일되고 단정한 복장이어야 하며 안내원 
교육은 예울마루와 협의하여 시행하여야 한다.
⑧ 대관자는 전시 기간 동안, 특히 유료 전시일 경우, 관람객들에게 전시 내용과 작품에 
대한 이해를 돕는 작품 설명회를 예울마루와 협의하여 시행해야 한다.","전시,진행,유의사항"
전시실 대관 규정,제16조,전시 관람 시간,"①전시는 오전 10시에 시작하여 오후 6시에 종료한다. 따라서 관람객 입장은 종료 30
분 전까지 마감하여야 한다.
②대관자는 전시 기간 중 관람객 입장 현황을 일자별로 예울마루에 통지하여야 한다.
③전시실 유지관리를 위해 매주 월요일은 정기 휴관일로 한다. 전시 기간 중 휴관일이 
포함된 경우 휴관일은 대관료 산정에서 제외된다. 단, 작품 설치 및 철수 기간이  

휴관일에 포함된 경우에는 대관료 산정에도 포함된다.
④예울마루는 제3항의 정기 휴관일을 사용자와 협의 후 조정할 수 있다.","전시,관람,시간"
전시실 대관 규정,제17조,입장권의 발행,"①대관자는 입장권 예매, 현장 판매 등 입장권 발행 시 예울마루의 매표시스템을 이용
할 수 있고, 이용 수수료는 대관자가 부담한다. 
②대관자는 입장권 발행 또는 판매 시 기본 대관료 및 잔금을 완납하여야 한다.
③대관자가 입장권을 인쇄할 경우에는 다음 사항을 입장권에 포함시켜야 한다.
1.전시실에서는 전시 관계자의 안내에 따라 관람한다.
2.음식물, 화환, 화분, 꽃다발 등 전시 관람에 지장을 주는 물품 일체의 것을 반입하
거나 소지하고 전시실에 입장할 수 없다.
3.전시관람 중 본인의 잘못에 의해 발생한 피해에 대해서는 예울마루나 대관자가 책
임지지 않는다.
④대관자는 장애인 및 국가유공자 증서를 제시할 경우, 본인과 직계자 동반 1인까지 
50%의 할인 혜택을 제공해야 하며, 이외에 정부 및 공공단체에서 행하는 할인정책
이 시행될 경우 이에 적극 협조하여야 한다.
⑤예울마루는 전시실 관리 운영을 위하여 일정량의 진행 티켓을 사용한다. 
⑥대관자는 입장권 발매 시 예울마루와 협의하여 최소 1일 5매 이상의 진행 티켓을 
사용할 수 있도록 협조하여야 한다.","입장권의,발행"
전시실 대관 규정,제17조-1,입장권의 발행 — 전시실에서는 전시 관계자의 안내에 따라 관람한다.,"전시실에서는 전시 관계자의 안내에 따라 관람한다.
(전시실 대관 규정 제17조 입장권의 발행 제1호)","입장권의,발행,전시실에서는,전시,관계자의,안내에,따라,관람한다"
전시실 대관 규정,제17조-2,"입장권의 발행 — 음식물, 화환, 화분, 꽃다발 등 전시 관람에 지장","음식물, 화환, 화분, 꽃다발 등 전시 관람에 지장을 주는 물품 일체의 것을 반입하 거나 소지하고 전시실에 입장할 수 없다.
(전시실 대관 규정 제17조 입장권의 발행 제2호)","입장권의,발행,음식물,화환,화분,꽃다발,전시,관람에,지장을,주는,물품,일체의,것을,반입하,거나,소지하고,전시실에"
전시실 대관 규정,제17조-3,입장권의 발행 — 전시관람 중 본인의 잘못에 의해 발생한 피해에 대해,"전시관람 중 본인의 잘못에 의해 발생한 피해에 대해서는 예울마루나 대관자가 책 임지지 않는다.
(전시실 대관 규정 제17조 입장권의 발행 제3호)","입장권의,발행,전시관람,본인의,잘못에,의해,발생한,피해에,대해서는,예울마루나,대관자가,임지지,않는다"
전시실 대관 규정,제18조,"광고, 홍보물의 협의","①대관자는 전시에 필요한 각종 광고, 홍보물 제작 시 홍보제작 메뉴얼에 따르며 예울
마루의 CI 규정에 위배되지 않도록 사전에 협의하여야 한다.
②전시 홍보용 현수막은 예울마루가 지정하는 장소에 한하여 규격에 맞게 설치할 수 
있으며, 배너 설치는 전시실 질서유지를 위해 예울마루와의 협의하에 설치함을 원칙
으로 한다.","광고,홍보물의,협의"
전시실 대관 규정,제19조,"방송, 판촉, 부대행사 등","①예울마루에서 행해지는 전시를 녹화 또는 방송을 하고자 할 때는 전시 관람에 방해
가 되지 않도록 하기 위하여 예울마루와 사전 협의 및 승인을 받아야 한다.
②부대행사는 전시와 관련된 행사에 한하며 이를 개최하고자 할 경우에는 사전에 예
울마루의 승인을 얻어야 하며, 승인된 장소 이외의 곳을 사용할 때에는 별도 장소 
사용료를 납부하여야 한다.
③대관자는 전시실에서 전시 작품, 행사 응용상품을 판매하거나 협찬 및 후원사 상품

을 전시할 수 없다. 다만, 대관신청 시 그 내용을 구체적으로 명시하여 예울마루로
부터 승인을 받은 경우는 예외로 한다.","방송,판촉,부대행사"
전시실 대관 규정,제20조,"대관 신청 제한, 승인 제한 및 취소","①예울마루는 다음의 각호 중 해당하는 사유가 하나라도 있을 경우에는 대관 신청을 
받지 않는다.
1.법령을 위반하는 내용의 전시를 목적으로 하는 경우
2.예울마루의 시설 및 장비를 심각히 훼손할 우려가 있거나 기타 예울마루의 관리 유
지상 부적절한 전시 및 행사를 목적으로 하는 경우
 3. 특정 종교의 포교 또는 정치적 목적의 전시 또는 예술성이 배제된 일반 기념행사
 4. 본 규약을 위반하는 행위를 할 우려가 명백한 경우의 신청
②다음 각호중 해당하는 사유가 하나라도 있을 경우에 예울마루는 대관 승인을 제한
하거나 취소할 수 있다.
1.대관 승인 후 대관 신청서의 기재 사실이 허위로 밝혀졌을 때
2.대관 승인 후 위 제1항의 사항이 확인되었을 때
3.이 규약이 정한 기일 내에 계약을 체결하지 않을 때
4.예울마루가 정한 기일 내에 대관료 및 부대장비 사용료를 납부하지 않을 때
5.이 규약을 위반하여 대관운영에 지장을 초래한 경우","대관,신청,제한,승인,취소"
전시실 대관 규정,제20조-1,"대관 신청 제한, 승인 제한 및 취소 — 법령을 위반하는 내용의 전시를 목적으로 하는 경우","법령을 위반하는 내용의 전시를 목적으로 하는 경우
(전시실 대관 규정 제20조 대관 신청 제한, 승인 제한 및 취소 제1호)","대관,신청,제한,승인,취소,법령을,위반하는,내용의,전시를,목적으로,하는,경우"
전시실 대관 규정,제20조-2,"대관 신청 제한, 승인 제한 및 취소 — 예울마루의 시설 및 장비를 심각히 훼손할 우려가 있","예울마루의 시설 및 장비를 심각히 훼손할 우려가 있거나 기타 예울마루의 관리 유 지상 부적절한 전시 및 행사를 목적으로 하는 경우
(전시실 대관 규정 제20조 대관 신청 제한, 승인 제한 및 취소 제2호)","대관,신청,제한,승인,취소,예울마루의,시설,장비를,심각히,훼손할,우려가,있거나,기타,관리,지상,부적절한,전시,행사"
전시실 대관 규정,제20조-3,"대관 신청 제한, 승인 제한 및 취소 — 특정 종교의 포교 또는 정치적 목적의 전시 또는 예","특정 종교의 포교 또는 정치적 목적의 전시 또는 예술성이 배제된 일반 기념행사
(전시실 대관 규정 제20조 대관 신청 제한, 승인 제한 및 취소 제3호)","대관,신청,제한,승인,취소,특정,종교의,포교,또는,정치적,목적의,전시,예술성이,배제된,일반,기념행사"
전시실 대관 규정,제20조-4,"대관 신청 제한, 승인 제한 및 취소 — 본 규약을 위반하는 행위를 할 우려가 명백한 경우의","본 규약을 위반하는 행위를 할 우려가 명백한 경우의 신청
(전시실 대관 규정 제20조 대관 신청 제한, 승인 제한 및 취소 제4호)","대관,신청,제한,승인,취소,규약을,위반하는,행위를,우려가,명백한,경우의"
전시실 대관 규정,제20조-1,"대관 신청 제한, 승인 제한 및 취소 — 대관 승인 후 대관 신청서의 기재 사실이 허위로 밝","대관 승인 후 대관 신청서의 기재 사실이 허위로 밝혀졌을 때
(전시실 대관 규정 제20조 대관 신청 제한, 승인 제한 및 취소 제1호)","대관,신청,제한,승인,취소,신청서의,기재,사실이,허위로,밝혀졌을"
전시실 대관 규정,제20조-2,"대관 신청 제한, 승인 제한 및 취소 — 대관 승인 후 위 제1항의 사항이 확인되었을 때","대관 승인 후 위 제1항의 사항이 확인되었을 때
(전시실 대관 규정 제20조 대관 신청 제한, 승인 제한 및 취소 제2호)","대관,신청,제한,승인,취소,제1항의,사항이,확인되었을"
전시실 대관 규정,제20조-3,"대관 신청 제한, 승인 제한 및 취소 — 이 규약이 정한 기일 내에 계약을 체결하지 않을 때","이 규약이 정한 기일 내에 계약을 체결하지 않을 때
(전시실 대관 규정 제20조 대관 신청 제한, 승인 제한 및 취소 제3호)","대관,신청,제한,승인,취소,규약이,정한,기일,내에,계약을,체결하지,않을"
전시실 대관 규정,제20조-4,"대관 신청 제한, 승인 제한 및 취소 — 예울마루가 정한 기일 내에 대관료 및 부대장비 사용","예울마루가 정한 기일 내에 대관료 및 부대장비 사용료를 납부하지 않을 때
(전시실 대관 규정 제20조 대관 신청 제한, 승인 제한 및 취소 제4호)","대관,신청,제한,승인,취소,예울마루가,정한,기일,내에,대관료,부대장비,사용료를,납부하지,않을"
전시실 대관 규정,제20조-5,"대관 신청 제한, 승인 제한 및 취소 — 이 규약을 위반하여 대관운영에 지장을 초래한 경우","이 규약을 위반하여 대관운영에 지장을 초래한 경우
(전시실 대관 규정 제20조 대관 신청 제한, 승인 제한 및 취소 제5호)","대관,신청,제한,승인,취소,규약을,위반하여,대관운영에,지장을,초래한,경우"
전시실 대관 규정,제21조,대관취소,"대관자가 부득이한 사정으로 대관을 취소하고자 할 경우에는 대관 취소 신청서를 예울
마루에 제출해야 한다. 이 경우 이미 납부한 대관료는 환불하지 않는다. 다만, 다음 각
호에 해당하는 경우에는 대관료의 전부 또는 일부를 반환한다.
①천재지변, 기타 불가항력에 의해 전시실 사용이 불가능하게 된 경우 100% 반환
②예울마루의 귀책사유로 인하여 전시실 사용이 불가능한 경우 100% 반환
③ 전시실 사용일로부터 최소 30일 이전(대관 기간이 30일 이상인 장기 대관의 경우는 
최소 60일 이전)에 대관 취소 신청을 하여 예울마루의 승인을 얻은 경우 대관료 전
액을 반환하고, 사용예정일 29일~전일까지 취소하는 경우 사용료의 10%를 공제한 
나머지를 반환한다.
④ 사용개시일 이후에 취소 또는 중단하는 경우에는 총 사용료의 10%와 사용일수만큼 
일할 계산한 금액을 공제한 나머지를 반환한다.",대관취소
전시실 대관 규정,제22조,사용권 양도 및 전대 금지,"대관자는 대관 사용권을 타인에게 양도 또는 전대하지 못한다. 단, 대관자의 사정에 의
해 대관 승인 또는 계약 체결 후 공동 주최, 주관 및 후원 등 변동 사항 발생시에는 예
울마루의 사전 승인을 받아 시행할 수 있다.","사용권,양도,전대,금지"
전시실 대관 규정,제23조,대관 내용 변경 금지,"대관자는 전시 내용, 작가 구성 등을 예울마루가 승인한 내용과 달리할 수 없다. 다만, 
대관자 측 사정에 의해 내용 변경이 불가피한 경우에는 예울마루에 신청하여 승인을 얻
어야 하며, 예울마루는 이 내용 변경이 대관 승인 여부에 영향을 미칠 만큼 중요한 변
경이라고 판단되는 경우 대관 승인을 취소할 수 있다.","대관,내용,변경,금지"
전시실 대관 규정,제24조,대관 일정 변경 금지,"대관 일정 변경은 원칙적으로 인정하지 않는다. 단, 예울마루의 승인을 얻은 경우와 예
울마루 사정에 의해 대관자와 협의하여 일정을 변경하는 경우는 예외로 한다.","대관,일정,변경,금지"
전시실 대관 규정,제25조,시설 및 설비 변경 금지,"①대관자는 전시, 부대행사 등을 위해 현수막 설치, 부스 설치 등을 하거나 외부로부
터 특별한 설비를 반입하는 경우 예울마루의 사전 승인을 받아야 한다.
②위 제1호에 의한 설비는 행사 종료 후 즉시 철수하여야 하며, 설치 및 철수에 소요
되는 비용은 대관자가 부담한다. 또한, 대관자는 설비의 반입 및 철수로 인해 예울
마루의 기존 시설물, 설비에 손상을 가져온 경우는 변상하여야 한다.
③예울마루는 대관자가 반입한 설비의 철수를 지연할 경우, 임의 철거할 수 있으며 철
거에 소요되는 비용은 대관자가 부담한다. 또한, 이때 발생한 설비의 손상에 대하여 
예울마루는 책임을 지지 않는다.
④예울마루는 위 2호 및 3호의 목적 달성을 위해 필요한 경우 사전에 대관자로 하여
금 예치금을 납부하게 할 수 있다.
⑤대관자는 전시실 내에 상업적 목적의 어떠한 설치물도 설치할 수 없다.
⑥전시 입장권 매표 시 대관자는 전시실 안내 데스크에서 매표를 실시하여야 한다.
⑦전시실 내에는 개막식 및 각종 행사 시 조리음식을 반입할 수 없다.","시설,설비,변경,금지"
전시실 대관 규정,제26조,화재 예방 및 안전 관리,"①예울마루는 대관시설, 설비의 관리유지, 입장 통제, 안전 관리에 대한 모든 권한을 
갖는다.
②대관자는 대관 기간 중 예울마루의 시설(전시실, 로비, 전시실의 집기, 비품 등) 및 
설비에 관하여 선량한 사용자로서의 주의 의무를 다하여야 하며, 특히 다음의 사항
을 준수하여 화재예방에 최선을 다해야 한다.
1.예울마루 가연물 및 발화물질 관리 내규에 의거하여, 전시 관련 기본시설 외 간이 

칸막이 등 별도의 실내 건출물 또는 작품 설치와 관련 모든 반입 물품들은 소방법
에 의한 방염처리를 의무적으로 하여야 하며 또한 방염처리 확인 필증을 받은 것만 
설치가 가능하다.
2.휘발유, 신나, LP가스 등 인화성이 있는 발화물질은 반입을 일절 금지하며, 불가피
한 경우에는 예울마루의 승인을 받은 후에 반입하여 사용할 수 있다.
3.대관자는 발화물질을 사용할 시 안전관리자를 선임하고 작업장 안전 관리 수칙을 
준수하여야 한다.
③대관자가 전항의 관리 의무를 소홀히 하여 시설 및 설비에 대하여 손해를 발생하게 
하였을 경우에는 지체 없이 그 손해액을 배상해야 한다.
④대관자는 예울마루가 정하는 안전 관리 수칙을 준수해야 하며 이를 준수하지 않은 
결과로 야기된 안전사고에 대한 책임을 져야 한다.","화재,예방,안전,관리"
전시실 대관 규정,제26조-1,"화재 예방 및 안전 관리 — 예울마루 가연물 및 발화물질 관리 내규에 의거하여,","예울마루 가연물 및 발화물질 관리 내규에 의거하여, 전시 관련 기본시설 외 간이
(전시실 대관 규정 제26조 화재 예방 및 안전 관리 제1호)","화재,예방,안전,관리,예울마루,가연물,발화물질,내규에,의거하여,전시,관련,기본시설,간이"
전시실 대관 규정,제26조-2,"화재 예방 및 안전 관리 — 휘발유, 신나, LP가스 등 인화성이 있는 발화물질","휘발유, 신나, LP가스 등 인화성이 있는 발화물질은 반입을 일절 금지하며, 불가피 한 경우에는 예울마루의 승인을 받은 후에 반입하여 사용할 수 있다.
(전시실 대관 규정 제26조 화재 예방 및 안전 관리 제2호)","화재,예방,안전,관리,휘발유,신나,LP가스,인화성이,있는,발화물질은,반입을,일절,금지하며,불가피,경우에는,예울마루의"
전시실 대관 규정,제26조-3,화재 예방 및 안전 관리 — 대관자는 발화물질을 사용할 시 안전관리자를 선임하고,"대관자는 발화물질을 사용할 시 안전관리자를 선임하고 작업장 안전 관리 수칙을 준수하여야 한다.
(전시실 대관 규정 제26조 화재 예방 및 안전 관리 제3호)","화재,예방,안전,관리,대관자는,발화물질을,사용할,안전관리자를,선임하고,작업장,수칙을,준수하여야,한다"
전시실 대관 규정,제27조,전시실 관리 의무 및 손해배상,"①예울마루는 대관 기간 중(전시 준비 및 마무리 기간 포함) 전시와 관련하여 예울마
루에 고의 또는 중과실이 있는 경우를 제외하고는 어떠한 인적, 물적 손해에 대해서
도 손해배상 책임을 지지 않는다.
② 대관 기간 중 대관자가 반입한 전시 작품과 전시물 및 장비에 관한 관리 책임은 전
시 준비 기간, 전시 기간, 반출 기간의 전 과정에 걸쳐 대관자에 있다.
③ 예울마루는 위 제2항의 목적 달성을 위해 필요한 경우 사전에 대관자로 하여금 예
치금을 납부하게 할 수 있다.
④ 대관자는 전시와 관련하여 설치했던 시설물과 장비, 물품, 기타 자재를 대관 기간 
종료 시점까지 철수, 수거하여 대관 이전의 상태로 원상복구해야 한다. 예울마루는 
대관자가 철수 및 수거의 의무를 해태할 시에는 스스로 철거 및 수거를 행할 수 있
으며, 대관자는 철거 및 수거작업에 소요된 비용 및 보관비용 일체를 변상할 의무를 
가진다. 대관자는 이 변상 비용을 작업 이후 14일 이내에 예울마루 측에 현금으로 
지급하여야 한다.
⑤ 대관자는 전시실을 대관함에 있어 파손, 훼손, 망실, 무단 변경을 할 수 없으며 이로 
인한 손해에 대하여 예울마루 측에 배상할 책임을 가진다. 
⑥ 예울마루는 대관자에 전시 내용에 따라 대관 이전의 원상복구 보장을 위하여 대관료 
외 원상복구에 준하는 별도의 보증금을 요구할 수 있다.
⑦ 전시 준비, 전시, 철수 기간 중 발생하는 쓰레기 폐기를 위한 수수료를 실비로 대관
자에 부과할 수 있다.","전시실,관리,의무,손해배상"
전시실 대관 규정,제28조,소정양식,대관에 필요한 서식은 예울마루가 지정한 서식으로 한다.,소정양식
전시실 대관 규정,제29조,규약의 효력,"본 규약은 예울마루와 대관자 간의 계약의 일부로 간주되며 계약서와 동일한 효력을 지
닌다.","규약의,효력"
전시실 대관 규정,제30조,항변권,"①예울마루의 귀책사유로 인하여 계약을 체결할 수 없거나 전시를 진행할 수 없는 경
우, 대관자는 항변할 수 있다.
②항변에 따른 사유가 객관적으로 인정되는 경우, 예울마루는 그에 따른 배상 및 그에 
상응하는 조치를 취해야 한다.",항변권
전시실 대관 규정,제31조,규약 변경 통지 및 승인,"①이 규약을 변경할 경우 예울마루는 대관자에 서면 통지하기로 하며, 대관자는 통지
서 발송 일로부터 14일 이내에 이의를 예울마루에 서면으로 접수할 수 있다. 이의
를 제기하지 않는 경우 변경된 규약을 승인한 것으로 간주한다.
②제1항의 변경에 관한 통지가 연착하거나 도착하지 아니한 경우에는 통상 도착하여
야 할 때를 기준으로 한다.","규약,변경,통지,승인"
전시실 대관 규정,제32조,이 규약에 정하지 않은 사항,"이 규약에 정하지 않은 사항과 규약의 해석에 관해서는 예울마루의 관련 규정과 관계 
법령 또는 관례에 따른다.","규약에,정하지,않은,사항"
전시실 대관 규정,제33조,관할법원,"이 규약에 따른 분쟁이 발생할 경우, 관할 법원은 GS칼텍스재단 본점 소재지 관할 법
원으로 한다.",관할법원
전시실 대관 규정,제34조,규약 위반 시의 책임,"이 규약을 위반함으로써 발생하는 모든 책임은 위반자가 부담하며, 이로 인하여 상대방
에게 손해를 입힐 경우에는 이를 배상해야 한다.","규약,위반,시의,책임"
교육실 대관 규정,제1조,목적,"이 규약은 GS칼텍스 예울마루(이하 “예울마루” 라 한다)가 관리·운영하는 교육실 및 부대
설비의 사용에 관한 사항을 규정함으로서 교육실의 효율적인 운영과 관리를 목적으로 
한다.",목적
교육실 대관 규정,제2조,용어의 정의,"①“교육실”이라 함은 사용자가 개최하는 회의 등 각종 행사(이하 “행사”라 한다)를 개
최하기 위해 구획된 다음의 시설을 말한다.
1. 3층 다목적실 
2. 6층 교육실 1~4
3. 7층 다목적실
   4. 장도 교육실
②“사용자”라 함은 행사를 조직 운영하는 교육실 임차인 및 행사 참석자를 말한다.","용어의,정의"
교육실 대관 규정,제2조-1,용어의 정의 — 3층 다목적실,"3층 다목적실
(교육실 대관 규정 제2조 용어의 정의 제1호)","용어의,정의,3층,다목적실"
교육실 대관 규정,제2조-2,용어의 정의 — 6층 교육실 1~4,"6층 교육실 1~4
(교육실 대관 규정 제2조 용어의 정의 제2호)","용어의,정의,6층,교육실,14"
교육실 대관 규정,제2조-3,용어의 정의 — 7층 다목적실,"7층 다목적실
(교육실 대관 규정 제2조 용어의 정의 제3호)","용어의,정의,7층,다목적실"
교육실 대관 규정,제2조-4,용어의 정의 — 장도 교육실,"장도 교육실
(교육실 대관 규정 제2조 용어의 정의 제4호)","용어의,정의,장도,교육실"
교육실 대관 규정,제3조,사용조건 및 책임한계,"①교육실을 사용하여 개최하는 행사의 운영 및 관리는 사용자의 책임으로 한다.
②사용자는 교육실 대관 규정을 준수하여야 한다.
③사용자가 고의 또는 과실로 파손, 기타사고를 발생케 하여 예울마루 또는 타인에게 
손해를 입힌 때에는 그 사용자가 책임을 진다.
④사용자로부터 행사의 기획 및 운영을 위임받은 회사의 모든 행위는 사용자의 책임
으로 귀속된다.","사용조건,책임한계"
교육실 대관 규정,제4조,양도 및 전대금지,"사용자는 사전에 예울마루의 승낙 없이 타인에게 교육실 사용권을 양도 또는 전대할 
수 없다.","양도,전대금지"
교육실 대관 규정,제5조,사용시간,"①화요일 ~ 토요일, 09:00 ~ 18:00, 단, 공휴일은 제외한다.
②사용시간에는 준비 및 정리시간을 포함한다. 
③예울마루 관장이 인정하는 경우 사용시간을 조정할 수 있다.",사용시간
교육실 대관 규정,제6조,사용신청,"①교육실을 사용하고자 할 때에는 최소 2일 이전에 교육실 대관 신청서를 예울마루에 
제출해야 한다.
②예울마루는 행사의 내용, 기술 지원 사항, 행사 적격 여부 등의 파악을 위해 필요시 
사용자에게 추가적으로 행사개요서 제출을 요청할 수 있다.
③교육실을 사용하고자 하는 자는 온라인 예약시스템 신청을 원칙으로 하되, 보완 수
단으로 이메일, 우편, 방문 등의 방법으로 신청할 수 있다. 단, 온라인 예약시스템 
접수는 예약시스템 구축 시까지 유예한다.",사용신청
교육실 대관 규정,제7조,사용신청 제한,"1.법령 또는 사회적 통념을 위반하는 내용의 행사
2.호화, 사치, 퇴폐풍조를 유발하여 사회적 문제발생의 우려가 있는 행사
3.물품판매를 목적으로 하거나 그 내용이 판매행위로 판단되는 행사
4.예울마루의 시설 및 설비를 심각히 훼손할 우려가 있는 행사
5.기타 교육실을 사용하기에 부적합하다고 판단되는 행사","사용신청,제한"
교육실 대관 규정,제7조-1,사용신청 제한 — 법령 또는 사회적 통념을 위반하는 내용의 행사,"법령 또는 사회적 통념을 위반하는 내용의 행사
(교육실 대관 규정 제7조 사용신청 제한 제1호)","사용신청,제한,법령,또는,사회적,통념을,위반하는,내용의,행사"
교육실 대관 규정,제7조-2,"사용신청 제한 — 호화, 사치, 퇴폐풍조를 유발하여 사회적 문제발생의","호화, 사치, 퇴폐풍조를 유발하여 사회적 문제발생의 우려가 있는 행사
(교육실 대관 규정 제7조 사용신청 제한 제2호)","사용신청,제한,호화,사치,퇴폐풍조를,유발하여,사회적,문제발생의,우려가,있는,행사"
교육실 대관 규정,제7조-3,사용신청 제한 — 물품판매를 목적으로 하거나 그 내용이 판매행위로 판,"물품판매를 목적으로 하거나 그 내용이 판매행위로 판단되는 행사
(교육실 대관 규정 제7조 사용신청 제한 제3호)","사용신청,제한,물품판매를,목적으로,하거나,내용이,판매행위로,판단되는,행사"
교육실 대관 규정,제7조-4,사용신청 제한 — 예울마루의 시설 및 설비를 심각히 훼손할 우려가 있,"예울마루의 시설 및 설비를 심각히 훼손할 우려가 있는 행사
(교육실 대관 규정 제7조 사용신청 제한 제4호)","사용신청,제한,예울마루의,시설,설비를,심각히,훼손할,우려가,있는,행사"
교육실 대관 규정,제7조-5,사용신청 제한 — 기타 교육실을 사용하기에 부적합하다고 판단되는 행사,"기타 교육실을 사용하기에 부적합하다고 판단되는 행사
(교육실 대관 규정 제7조 사용신청 제한 제5호)","사용신청,제한,기타,교육실을,사용하기에,부적합하다고,판단되는,행사"
교육실 대관 규정,제8조,사용승낙 및 계약,"①교육실 대관 신청 후 예울마루는 신청내용을 심사하여 그 결과를 신청인에게 서면 
또는 유선으로 통보한다.
②예울마루로부터 교육실 대관을 승인 받은 사용자는 교육실의 확보를 위하여 교육실 
대관 신청서를 제출해야 한다.","사용승낙,계약"
교육실 대관 규정,제9조,대관료,"①대관료는 <별표 제1호>로 정한다. 다만, 비영리 목적이거나 예울마루 협력행사의 
경우 예울마루 관장이 대관료를 감면할 수 있다.
②사용자는 대관신청 후 대관일 3일 전까지 예울마루가 정한 납부 방법에 따라 대관
료 전액을 납부해야 한다.
③사용자의 사정으로 인하여 취소하는 경우, 예울마루 승인을 얻어 대관일 1일 전까지
는 전액 환불한다.",대관료
교육실 대관 규정,제10조,사용승인 취소,"①예울마루는 대관 신청 후 다음 각 호에 해당하는 경우 대관신청을 취소할 수 있다.
1. 사용신청서의 기재 내용이 허위로 판명된 경우
2. 제7조의 각 호에 해당함이 판명된 경우
3. 예울마루의 귀책사유로 교육실 사용이 불가능한 경우
4. 천재지변, 기타 불가항력적인 사유로 교육실 사용이 불가능할 때
5. 본 규칙을 명백히 위반한 경우
② 상기에 의거 대관신청이 취소된 경우 납부된 대관료의 반환은 제9조 제3항을 준용한다.","사용승인,취소"
교육실 대관 규정,제10조-1,사용승인 취소 — 사용신청서의 기재 내용이 허위로 판명된 경우,"사용신청서의 기재 내용이 허위로 판명된 경우
(교육실 대관 규정 제10조 사용승인 취소 제1호)","사용승인,취소,사용신청서의,기재,내용이,허위로,판명된,경우"
교육실 대관 규정,제10조-2,사용승인 취소 — 제7조의 각 호에 해당함이 판명된 경우,"제7조의 각 호에 해당함이 판명된 경우
(교육실 대관 규정 제10조 사용승인 취소 제2호)","사용승인,취소,제7조의,호에,해당함이,판명된,경우"
교육실 대관 규정,제10조-3,사용승인 취소 — 예울마루의 귀책사유로 교육실 사용이 불가능한 경우,"예울마루의 귀책사유로 교육실 사용이 불가능한 경우
(교육실 대관 규정 제10조 사용승인 취소 제3호)","사용승인,취소,예울마루의,귀책사유로,교육실,사용이,불가능한,경우"
교육실 대관 규정,제10조-4,"사용승인 취소 — 천재지변, 기타 불가항력적인 사유로 교육실 사용이","천재지변, 기타 불가항력적인 사유로 교육실 사용이 불가능할 때
(교육실 대관 규정 제10조 사용승인 취소 제4호)","사용승인,취소,천재지변,기타,불가항력적인,사유로,교육실,사용이,불가능할"
교육실 대관 규정,제10조-5,사용승인 취소 — 본 규칙을 명백히 위반한 경우,"본 규칙을 명백히 위반한 경우
(교육실 대관 규정 제10조 사용승인 취소 제5호)","사용승인,취소,규칙을,명백히,위반한,경우"
교육실 대관 규정,제11조,계약의 해지 및 사용의 중지,"①예울마루는 대관 신청 후 다음 각 호에 해당하는 사유가 발생할 경우 계약을 해지
할 수 있다.
1. 사용자가 대관신청 후 대관 2일 전까지 대관료를 납입하지 않은 경우
2. 사용자가 사용일정 및 장소를 임의로 변경하여 사용하는 경우
3. 사용자가 행사내용을 임의로 변경하여 사용하는 경우
4. 사용자가 법령위반, 반사회 반질서적 행사, 예울마루의 시설파손 우려가 있는 행
사 등 교육실 운영목적에 부합하지 않는 행사를 진행하는 경우
5. 사용자가 기타 계약 또는 운영규정 위반을 야기한 경우
②계약이 해지된 경우 사용자는 즉각 교육실 사용을 중지하여야 하고 제15조에 의거
하여 원상복구 의무를 부담한다.

③예울마루는 계약을 해지한 경우 사용자로부터 납입된 대관료 전액을 위약금으로 청
구한다. 사용자가 계약해지를 원하여 합의 해지한 경우에도 동일하다.","계약의,해지,사용의,중지"
교육실 대관 규정,제11조-1,계약의 해지 및 사용의 중지 — 사용자가 대관신청 후 대관 2일 전까지 대관료를 납,"사용자가 대관신청 후 대관 2일 전까지 대관료를 납입하지 않은 경우
(교육실 대관 규정 제11조 계약의 해지 및 사용의 중지 제1호)","계약의,해지,사용의,중지,사용자가,대관신청,대관,2일,전까지,대관료를,납입하지,않은,경우"
교육실 대관 규정,제11조-2,계약의 해지 및 사용의 중지 — 사용자가 사용일정 및 장소를 임의로 변경하여 사용하,"사용자가 사용일정 및 장소를 임의로 변경하여 사용하는 경우
(교육실 대관 규정 제11조 계약의 해지 및 사용의 중지 제2호)","계약의,해지,사용의,중지,사용자가,사용일정,장소를,임의로,변경하여,사용하는,경우"
교육실 대관 규정,제11조-3,계약의 해지 및 사용의 중지 — 사용자가 행사내용을 임의로 변경하여 사용하는 경우,"사용자가 행사내용을 임의로 변경하여 사용하는 경우
(교육실 대관 규정 제11조 계약의 해지 및 사용의 중지 제3호)","계약의,해지,사용의,중지,사용자가,행사내용을,임의로,변경하여,사용하는,경우"
교육실 대관 규정,제11조-4,"계약의 해지 및 사용의 중지 — 사용자가 법령위반, 반사회 반질서적 행사, 예울마루","사용자가 법령위반, 반사회 반질서적 행사, 예울마루의 시설파손 우려가 있는 행 사 등 교육실 운영목적에 부합하지 않는 행사를 진행하는 경우
(교육실 대관 규정 제11조 계약의 해지 및 사용의 중지 제4호)","계약의,해지,사용의,중지,사용자가,법령위반,반사회,반질서적,행사,예울마루의,시설파손,우려가,있는,교육실,운영목적에,부합"
교육실 대관 규정,제11조-5,계약의 해지 및 사용의 중지 — 사용자가 기타 계약 또는 운영규정 위반을 야기한 경,"사용자가 기타 계약 또는 운영규정 위반을 야기한 경우
(교육실 대관 규정 제11조 계약의 해지 및 사용의 중지 제5호)","계약의,해지,사용의,중지,사용자가,기타,계약,또는,운영규정,위반을,야기한,경우"
교육실 대관 규정,제12조,비품 및 장비 사용,"①사용자는 사용기간이 끝나는 즉시, 제공된 비품 및 장비의 상태를 예울마루의 확인
을 받아야 한다.
②외부의 시청각 장비를 반입하여 사용하고자 할 경우 예울마루의 사전 승낙을 받은 후 
예울마루의 지침에 따라 설치 및 철거하여야 한다.","비품,장비,사용"
교육실 대관 규정,제13조,광고안내시설물의 설치,"①사용자가 행사 홍보를 위하여 광고안내시설물을 설치하고자 할 때에는 설치위치, 수
량, 설치방법 등에 대해 예울마루와 사전 협의하여야 한다.
②협의된 장소 이외에 설치 또는 부착된 구조물, 포스터 및 홍보물 등은 예울마루가 
지적하는 즉시 사용자는 철거하여야 한다. 사용자가 철거하지 아니한 경우 예울마루
가 철거할 수 있으며, 이로 인해 시설물의 손상이 발생하는 경우 그 손해에 대해서
는 사용자가 책임진다.
③행사관련 모든 광고안내시설물은 교육실 대관 종료일까지 철거되어야 한다.","광고안내시설물의,설치"
교육실 대관 규정,제14조,환기 및 냉난방,교육실 내의 환기 및 냉난방은 대관시간에 한하여 제공한다.,"환기,냉난방"
교육실 대관 규정,제15조,청소 및 폐기물 처리,"사용자는 행사종료 후 교육실 내에서 발생된 각종 폐기물을 반출하거나 사용자의 비용 
부담으로 처리업체에 위탁 처리하여야 한다.","청소,폐기물,처리"
교육실 대관 규정,제16조,원상복구,"①사용자는 대관신청서에서 정한 사용기간이 끝나는 즉시 사용한 교육실의 각종 시설
과 유·무상으로 제공된 장비와 비품 등의 상태를 예울마루의 확인을 받아 반납하여
야 하며, 사용 중 정상적인 마모 이외의 파손·변형·망실 등은 원래의 상태 또는 동
등 이상의 상태로 즉시 복구하여야 한다.
②사용자가 예울마루에서 정하는 기한 내에 원상복구하지 아니한 경우 예울마루가 원
상복구를 대행하기로 하며, 예울마루는 대행 수수료를 사용자에게 청구할 수 있고 
사용자는 즉시 청구금액을 납입하여야 한다.",원상복구
교육실 대관 규정,제17조,사용자의 안전관리 책임,"①사용자는 참석자 안전과 화재예방 등을 위하여 교육실 내외의 안전관리에 책임을 진다.
②사용자는 소화전, 비상구, 전원스위치 등의 위치를 확인하며, 행사 종료시에는 인화성 
물질을 점검하고 화재를 예방하여야 한다.
③사용자는 교육실 사용기간 중 참석자 안전과 화재예방을 위한 안전관리 책임자를 
선정하여야 한다.","사용자의,안전관리,책임"
교육실 대관 규정,제18조,행사내용 임의변경 금지,"사용자는 대관신청 후 임의로 행사내용을 변경하여 진행할 수 없다. 다만, 사용자측의 
사정에 의하여 내용변경이 불가피할 경우에는 예울마루의 사전승낙을 얻어야 한다.","행사내용,임의변경,금지"
교육실 대관 규정,제19조,음식물의 제공,"①사용자는 교육실 내에서 음식물의 판매 등의 영업행위를 할 수 없다.
②사용자는 교육실 이용과 관련하여 식음료의 제공이 필요한 경우 대관신청서 제출 
전까지 예울마루에 식음료 제공 여부를 알려야 한다.","음식물의,제공"
교육실 대관 규정,제20조,흡연금지,"행사기간 및 준비·철거 작업시에도 교육실 내에서의 흡연은 금지하며, 예울마루가 지정
한 구역 내에서만 흡연할 수 있다.",흡연금지
교육실 대관 규정,제21조,기타 금지사항,"사용자의 기타 금지사항은 다음과 같다.
1. 예울마루의 사전승낙 없이 간판, 현수막 등 안내물을 설치, 게시 및 방치하는 행위
2. 인체에 유해 또는 불쾌감을 주거나 행사진행에 지장을 초래하는 물품반입
3. 영업 및 판매행위
4. 승낙 외 시설 사용 행위
5. 사전 승낙되지 않은 식음료 반입 행위","기타,금지사항"
교육실 대관 규정,제21조-1,"기타 금지사항 — 예울마루의 사전승낙 없이 간판, 현수막 등 안내물을","예울마루의 사전승낙 없이 간판, 현수막 등 안내물을 설치, 게시 및 방치하는 행위
(교육실 대관 규정 제21조 기타 금지사항 제1호)","기타,금지사항,예울마루의,사전승낙,없이,간판,현수막,안내물을,설치,게시,방치하는,행위"
교육실 대관 규정,제21조-2,기타 금지사항 — 인체에 유해 또는 불쾌감을 주거나 행사진행에 지장을,"인체에 유해 또는 불쾌감을 주거나 행사진행에 지장을 초래하는 물품반입
(교육실 대관 규정 제21조 기타 금지사항 제2호)","기타,금지사항,인체에,유해,또는,불쾌감을,주거나,행사진행에,지장을,초래하는,물품반입"
교육실 대관 규정,제21조-3,기타 금지사항 — 영업 및 판매행위,"영업 및 판매행위
(교육실 대관 규정 제21조 기타 금지사항 제3호)","기타,금지사항,영업,판매행위"
교육실 대관 규정,제21조-4,기타 금지사항 — 승낙 외 시설 사용 행위,"승낙 외 시설 사용 행위
(교육실 대관 규정 제21조 기타 금지사항 제4호)","기타,금지사항,승낙,시설,사용,행위"
교육실 대관 규정,제21조-5,기타 금지사항 — 사전 승낙되지 않은 식음료 반입 행위,"사전 승낙되지 않은 식음료 반입 행위
(교육실 대관 규정 제21조 기타 금지사항 제5호)","기타,금지사항,사전,승낙되지,않은,식음료,반입,행위"
교육실 대관 규정,제22조,운영규칙 위반 시 조치,"①사용자 및 사용자로부터 권한을 위임 받은 자가 운영규칙을 위반한 경우 예울마루
는 그 시정을 요구할 수 있다.
②제1항의 시정지시를 받고도 지시사항을 지연 또는 이행하지 아니할 경우 예울마루
는 교육실의 사용 승낙을 취소할 수 있으며, 전력 공급 차단 등 각종 지원을 중단할 
수 있다.
③예울마루가 제2항에 규정한 조치를 취함으로써 발생되는 제반손실은 사용자의 책
임으로 하며, 사용자는 예울마루를 상대로 손해배상이나 보상을 청구할 수 없으며, 
예울마루가 입은 손해(철거비용, 철거지연에 대한 운영 손실 등)에 대해서 별도로 
보상하여야 한다.","운영규칙,위반,조치"
교육실 대관 규정,제23조,불가항력,"천재지변, 재앙, 전쟁, 국가시책변경 및 기타 불가항력적 원인에 의해 예울마루 또는 사
용자에게 손해가 발생하였을 때, 예울마루 또는 사용자는 그 손해에 대하여 책임을 지
지 아니한다.",불가항력
교육실 대관 규정,제24조,용어해석 및 분쟁,"①본 규칙에 의해 체결된 계약서 내용 중 용어 해석에 이의가 있을 경우 예울마루의 
해석을 우선하여 적용한다.
②예울마루와 사용자간에 분쟁이 발생할 경우 GS칼텍스재단 본점 소재지 법원의 판결
을 따라야 한다.","용어해석,분쟁"
교육실 대관 규정,제25조,항변권,"① 예울마루의 귀책사유로 인하여 계약을 체결할 수 없거나 대관을 진행할 수 없는 경우, 
대관자는 항변할 수 있다.
② 항변에 따른 사유가 객관적으로 인정되는 경우, 예울마루는 그에 따른 배상 및 그에 
상응하는 조치를 취해야 한다.",항변권
복무 규정,제1조,목적,"본 규정은 재단법인 지에스칼텍스재단(이하 “법인”이라 한다)이 수탁 운영하는 GS칼텍
스 예울마루(이하 “예울마루”이라 한다)에 근무하는 직원의 복무에 관한 사항을 규정함
을 목적으로 한다.",목적
복무 규정,제2조,적용범위,"이 규정은 예울마루에 근무하는 전 직원에 대하여 적용하며 복무에 관하여 다른 규정에 
특별히 정한 것을 제외하고는 이 규정에 의한다.",적용범위
복무 규정,제3조,책임 완수와 성실,"직원은 예울마루의 규정을 준수하고 맡은 바 책임을 성실하고 신속, 정확하게 완수하여
야 한다.","책임,완수와,성실"
복무 규정,제4조,업무상 비밀 준수,"①직원은 재직 중은 물론, 퇴직 후에도 업무상 비밀을 누설하지 않아야 하며, 비밀 누
설로 인한 손해는 예울마루에 배상하여야 한다.
②직원은 예울마루의 사업 또는 그 업무와 관련된 내용을 대외에 발표할 경우에는 관
장의 승인을 얻어야 한다.","업무상,비밀,준수"
복무 규정,제5조,근무기강의 확립,"①직원은 예울마루의 규정과 직무상의 명령을 준수하고 공과 사를 분별하여 근무기강
을 확립하여야 한다.
②직원은 조직 내의 질서를 존중 및 유지하여야 한다.","근무기강의,확립"
복무 규정,제6조,직무명령 이행의 의무,직원은 직무를 수행함에 있어 상사의 직무상 명령을 이행하여야 한다.,"직무명령,이행의,의무"
복무 규정,제7조,직무 이탈의 금지,"①직원은 소속 부서장의 승인 또는 정당한 사유 없이 직무를 이탈하지 않아야 한다.
②직원이 휴가를 가거나 외출, 퇴근, 결근, 지각 등을 하고자 할 때에는 소정의 절차에 
따라 신고 또는 승인을 받아야 한다.","직무,이탈의,금지"
복무 규정,제8조,품위유지,"직원은 예울마루의 명예와 위신을 손상하는 행위를 하여서는 안 되며 상호 인격을 존중
하여 직장의 질서를 유지하여야 한다.",품위유지
복무 규정,제9조,청렴의무,"직원은 직무와 관련하여 직접 또는 간접으로 사례, 증여 또는 향응을 받지 않아야 한다.",청렴의무
복무 규정,제10조,신고,"①직원은 직무상 과오를 범하였을 때에는 지체 없이 그 과오의 내용을 신고한 후 그 
경중에 상응한 문책을 받아야 한다.
②직원은 이사, 전적, 개명, 이력사항에 변경이 있을 경우에는 이를 지체 없이 신고하
여야 한다.",신고
복무 규정,제11조,비상조치,"직원은 재해, 기타 비상사태가 발생하는 경우에 예울마루의 안전을 위하여 최선을 다하
여야 한다.",비상조치
복무 규정,제12조,피해변상,"직원은 고의 또는 중대한 과실로 예울마루의 재산에 피해를 입혔을 경우에는 이를 변상
하여야 한다.",피해변상
복무 규정,제13조,겸직금지,"직원은 예울마루의 직무 이외에 영리를 목적으로 하는 업무에 종사하지 못하며, 예울마
루의 승인을 받지 않고서는 다른 직무를 겸할 수 없다.",겸직금지
복무 규정,제14조,질서유지,"직원은 예울마루 내에서 담당 직무 수행을 위한 목적 이외의 사유로 예울마루의 허가 
없이 연설, 집회, 유인물 게시·배포 기타 이와 유사한 행위를 하여서는 아니 된다.",질서유지
복무 규정,제15조,예울마루의 이익을 저해하는 행위 등의 금지,"①직원은 예울마루의 이익을 저해하는 행위를 하여서는 아니 된다.
②직원은 제1항의 행위를 하기 위한 단체 모임을 결성 또는 가입하거나 이를 위한 활
동을 하여서는 아니 된다.
③직원은 법령, 사규 등으로 인정되거나 예울마루가 인정하는 경우를 제외하고는 직무 
이외의 일을 목적으로 한 집단적 행위를 하여서는 아니 된다.","예울마루의,이익을,저해하는,행위,등의,금지"
복무 규정,제16조,근무형태,"근무형태는 주간 근무를 원칙으로 하며, 필요할 경우 직원의 대표와 합의하여 교대 근무제를 
시행할 수 있다.",근무형태
복무 규정,제17조,근로시간,"①1주간의 근로시간은 휴게시간을 제외하고 40시간으로 한다.
②1일의 근로시간은 8시간으로 하되, 제18조의 휴게시간을 제외하고 09:00부터 
18:00시까지를 원칙으로 한다.
③연장근로는 1주간 12시간을 한도로 사원의 동의하에 실시 할 수 있다.",근로시간
복무 규정,제18조,휴게,"휴게시간은 1일 8시간 근무 기준으로 1시간을 부여하되, 업무 사정을 고려해 시간을 
달리하여 정할 수 있다.",휴게
복무 규정,제19조,유급휴일,"①1주 동안 소정 근로 일을 개근한 직원에 대하여는 주당 평균 1일의 유급주휴일을 
부여한다. 
②법정공휴일, 재단 창립기념일(8월 1일), 그 밖에 정부가 임시공휴일로 지정한 날은 
유급휴일로 한다.
③근로자의 날(5월 1일)은 유급휴일로 한다.
④예울마루는 사원의 동의를 얻어 제1항과 제2항의 휴일을 다른 날로 대체할 수 있다.",유급휴일
복무 규정,제20조,"출근, 결근","①직원은 업무 시작 시각 전까지 출근하여 업무에 임할 준비를 하여 정상적인 업무 
수행에 차질이 없도록 하여야 한다.
②질병이나 그 밖의 부득이한 사유로 결근하고자 하는 경우에는 사전에 상급자의 승인을 
받아야 한다. 다만, 불가피한 사유로 사전에 승인을 받을 수 없는 경우에는 결근 당일
에라도 그 사유를 명확히 하여 사후 승인을 받아야 하며 정당한 이유 없이 이러한 절차
를 이행하지 아니한 경우 무단결근을 한 것으로 본다.","출근,결근"
복무 규정,제21조,지각ᆞ조퇴 및 외출,"①직원은 질병 그 밖의 부득이한 사유로 지각하게 되는 경우에는 사전에 예울마루에 
알려야 하며, 부득이한 사정으로 사전에 알릴 수 없는 경우에는 사후에라도 지체 없이 
이 사실을 알려야 한다.
②직원은 근로시간 중에 사적으로 근무 장소를 이탈할 수 없다. 다만, 질병이나 그 밖의 
부득이한 사유로 인하여 조퇴 또는 외출하고자 할 경우에는 예울마루의 승인을 받아
야 한다.
③직원이 지각ᆞ조퇴 및 외출한 시간은 무급으로 처리함을 원칙으로 한다.","지각조퇴,외출"
복무 규정,제22조,공민권 행사,"①예울마루는 직원이 근무시간 중 선거권 그 밖의 공민권을 행사하거나 공(公)의 직무
를 수행하기 위하여 청구할 경우에는 필요한 시간을 부여한다.

②예울마루는 제1항의 권리 행사나 공(公)의 직무를 수행하는데 지장이 없는 범위 내
에서 직원이 청구한 시간을 변경할 수 있다.","공민권,행사"
복무 규정,제23조,출장,"①예울마루는 업무 수행을 위하여 필요한 경우 직원에게 출장을 명할 수 있다.
②예울마루는 행선지별 여비, 숙박비, 현지 교통비 등 실비에 충당될 수 있는 비용을 
지급할 수 있다.",출장
복무 규정,제24조,작성대상,"모든 업무 담당자는 인사발령 및 업무 위임 시 담당업무 전반에 관한 업무 인계ᆞ인수
서(별지 서식 제1호)를 7일 이내에 인계자, 인수자 및 입회자의 서명 날인으로 작성하
여야 한다.",작성대상
복무 규정,제25조,작성부수 및 보관,"인계인수서는 각 3부를 작성하여 관장의 결재를 득한 후 인계ᆞ인수자 각 1부, 1부는 
운영지원팀에서 보관한다.","작성부수,보관"
복무 규정,제26조,시행규칙,이 규정의 시행에 관하여 필요한 사항은 따로 규칙으로 이사장이 정할 수 있다.,시행규칙
인사 규정,제1조,목적,"본 규정은 재단법인 지에스칼텍스재단(이하 “법인”이라 한다)이 수탁 운영하는 GS칼텍
스 예울마루(이하 “예울마루”이라 한다)의 합리적인 인사관리ᆞ인사조직의 기능ᆞ운영
에 관한 사항을 규정함을 목적으로 한다.",목적
인사 규정,제2조,적용범위,이 규정은 인사에 관하여 별도의 정함이 없는 한 전 직원에게 적용한다.,적용범위
인사 규정,제3조,인사관리의 기본이념,"인사관리는 직원의 잠재 능력을 계발하여 스스로가 최대한의 성과를 발휘할 수 있도록 
그들을 처우하고 조직함을 그 기본이념으로 한다.","인사관리의,기본이념"
인사 규정,제4조,용어의 정의,"이 규정에서 사용하는 용어의 정의는 다음과 같다.
1.채용: 직제상 편성된 인원을 소정의 채용절차를 거쳐 예울마루에 근무하게 함을 말한다.
2.배치: 직원에게 일정한 근무부서를 결정하여 주는 것을 말한다.
3.보직: 직원을 그 자격, 적성 및 능력에 따라 업무에 종사하게 함을 말한다.
4.이동: 직원을 소속 부서에서 타 부서로 소속을 변경시킴을 말한다.
5.인사고과: 직원의 자질, 능력, 업적을 평가하여 승진, 교육훈련, 전보, 임금 등 제반 
인사관리의 기초자료로 이용하기 위한 평가 기준 및 그 절차를 말한다.","용어의,정의"
인사 규정,제4조-1,용어의 정의 — 채용,"채용: 직제상 편성된 인원을 소정의 채용절차를 거쳐 예울마루에 근무하게 함을 말한다.
(인사 규정 제4조 용어의 정의 제1호)","용어의,정의,채용,직제상,편성된,인원을,소정의,채용절차를,거쳐,예울마루에,근무하게,함을,말한다"
인사 규정,제4조-2,용어의 정의 — 배치,"배치: 직원에게 일정한 근무부서를 결정하여 주는 것을 말한다.
(인사 규정 제4조 용어의 정의 제2호)","용어의,정의,배치,직원에게,일정한,근무부서를,결정하여,주는,것을,말한다"
인사 규정,제4조-3,용어의 정의 — 보직,"보직: 직원을 그 자격, 적성 및 능력에 따라 업무에 종사하게 함을 말한다.
(인사 규정 제4조 용어의 정의 제3호)","용어의,정의,보직,직원을,자격,적성,능력에,따라,업무에,종사하게,함을,말한다"
인사 규정,제4조-4,용어의 정의 — 이동,"이동: 직원을 소속 부서에서 타 부서로 소속을 변경시킴을 말한다.
(인사 규정 제4조 용어의 정의 제4호)","용어의,정의,이동,직원을,소속,부서에서,부서로,소속을,변경시킴을,말한다"
인사 규정,제4조-5,용어의 정의 — 인사고과,"인사고과: 직원의 자질, 능력, 업적을 평가하여 승진, 교육훈련, 전보, 임금 등 제반 인사관리의 기초자료로 이용하기 위한 평가 기준 및 그 절차를 말한다.
(인사 규정 제4조 용어의 정의 제5호)","용어의,정의,인사고과,직원의,자질,능력,업적을,평가하여,승진,교육훈련,전보,임금,제반,인사관리의,기초자료로"
인사 규정,제5조,목적,"이 규정은 예울마루의 직원 채용에 있어서 효율적인 절차를 정하여 원활한 업무를 도모
하는 데 그 목적이 있다.",목적
인사 규정,제6조,채용대상,"직원의 채용은 특별한 경우를 제외하고는 소정의 기준에 달하는 자 중에서 채용함을 원칙
으로 한다.",채용대상
인사 규정,제7조,모집,모집은 원칙적으로 공개채용을 하되 필요시 사내추천 등의 방법으로 한다.,모집
인사 규정,제8조,전형방법,"전형방법은 서류심사, 인성검사, 면접 및 신체검사로 한다. 다만, 필요에 따라 전형방법
을 추가 또는 생략할 수 있다.",전형방법
인사 규정,제9조,선발기준,"직원의 선발은 채용하는 직위, 기타 업무 수행에 적당한 내용을 기준으로 한다.",선발기준
인사 규정,제10조,합격자 결정,"제8조의 전형 결과 종합성적이 양호하며, 건강에 이상이 없는 자를 합격자로 한다. 다만, 
신체검사 결과 건강에 이상이 있어 예울마루 업무 수행이 어렵다고 판단되는 자는 불합
격으로 처리한다.","합격자,결정"
인사 규정,제11조,채용 제한 사유,"다음 각 호에 해당하는 자는 직원으로 채용할 수 없다.
1.금치산자 및 한정치산자
2.파산선고를 받고 복권되지 아니한 자
3.금고 이상의 형을 받고 그 집행이 종료된 후 3년이 경과하지 아니한 자
4.법률에 의하여 공민권이 정지 또는 박탈된 자
5.전 직장에서 징계처분에 의하여 해고된 자
6.신원이 불확실하거나 병역을 기피한 자
7.기타 예울마루의 업무 수행에 부적합하다고 인정되는 자","채용,제한,사유"
인사 규정,제11조-1,채용 제한 사유 — 금치산자 및 한정치산자,"금치산자 및 한정치산자
(인사 규정 제11조 채용 제한 사유 제1호)","채용,제한,사유,금치산자,한정치산자"
인사 규정,제11조-2,채용 제한 사유 — 파산선고를 받고 복권되지 아니한 자,"파산선고를 받고 복권되지 아니한 자
(인사 규정 제11조 채용 제한 사유 제2호)","채용,제한,사유,파산선고를,받고,복권되지,아니한"
인사 규정,제11조-3,채용 제한 사유 — 금고 이상의 형을 받고 그 집행이 종료된 후 3년이,"금고 이상의 형을 받고 그 집행이 종료된 후 3년이 경과하지 아니한 자
(인사 규정 제11조 채용 제한 사유 제3호)","채용,제한,사유,금고,이상의,형을,받고,집행이,종료된,3년이,경과하지,아니한"
인사 규정,제11조-4,채용 제한 사유 — 법률에 의하여 공민권이 정지 또는 박탈된 자,"법률에 의하여 공민권이 정지 또는 박탈된 자
(인사 규정 제11조 채용 제한 사유 제4호)","채용,제한,사유,법률에,의하여,공민권이,정지,또는,박탈된"
인사 규정,제11조-5,채용 제한 사유 — 전 직장에서 징계처분에 의하여 해고된 자,"전 직장에서 징계처분에 의하여 해고된 자
(인사 규정 제11조 채용 제한 사유 제5호)","채용,제한,사유,직장에서,징계처분에,의하여,해고된"
인사 규정,제11조-6,채용 제한 사유 — 신원이 불확실하거나 병역을 기피한 자,"신원이 불확실하거나 병역을 기피한 자
(인사 규정 제11조 채용 제한 사유 제6호)","채용,제한,사유,신원이,불확실하거나,병역을,기피한"
인사 규정,제11조-7,채용 제한 사유 — 기타 예울마루의 업무 수행에 부적합하다고 인정되는,"기타 예울마루의 업무 수행에 부적합하다고 인정되는 자
(인사 규정 제11조 채용 제한 사유 제7호)","채용,제한,사유,기타,예울마루의,업무,수행에,부적합하다고,인정되는"
인사 규정,제12조,입사 구비서류,"채용이 결정된 자는 근로계약서와 다음 서류를 제출하여야 한다.
1.이력서 1통
2.인사기록카드 1통
3.사진(3×4㎝) 2매
4.최종학교 졸업 증명서 1통
5.경력증명서(매 재직기관) 각 1통
6.가족관계증명서 1통(필요시)
7.신원 진술서 1통(필요시)
8.주민등록초본 1통(필요시)
9.주민등록등본 1통
10.채용 신체검사서 1통
11.해당자에 한하여 기술 면허증 또는 자격증 사본 1통
12.보안서약서 1통","입사,구비서류"
인사 규정,제12조-1,입사 구비서류 — 이력서 1통,"이력서 1통
(인사 규정 제12조 입사 구비서류 제1호)","입사,구비서류,이력서,1통"
인사 규정,제12조-2,입사 구비서류 — 인사기록카드 1통,"인사기록카드 1통
(인사 규정 제12조 입사 구비서류 제2호)","입사,구비서류,인사기록카드,1통"
인사 규정,제12조-3,입사 구비서류 — 사진(3×4㎝) 2매,"사진(3×4㎝) 2매
(인사 규정 제12조 입사 구비서류 제3호)","입사,구비서류,사진,34,2매"
인사 규정,제12조-4,입사 구비서류 — 최종학교 졸업 증명서 1통,"최종학교 졸업 증명서 1통
(인사 규정 제12조 입사 구비서류 제4호)","입사,구비서류,최종학교,졸업,증명서,1통"
인사 규정,제12조-5,입사 구비서류 — 경력증명서(매 재직기관) 각 1통,"경력증명서(매 재직기관) 각 1통
(인사 규정 제12조 입사 구비서류 제5호)","입사,구비서류,경력증명서,재직기관,1통"
인사 규정,제12조-6,입사 구비서류 — 가족관계증명서 1통(필요시),"가족관계증명서 1통(필요시)
(인사 규정 제12조 입사 구비서류 제6호)","입사,구비서류,가족관계증명서,1통,필요시"
인사 규정,제12조-7,입사 구비서류 — 신원 진술서 1통(필요시),"신원 진술서 1통(필요시)
(인사 규정 제12조 입사 구비서류 제7호)","입사,구비서류,신원,진술서,1통,필요시"
인사 규정,제12조-8,입사 구비서류 — 주민등록초본 1통(필요시),"주민등록초본 1통(필요시)
(인사 규정 제12조 입사 구비서류 제8호)","입사,구비서류,주민등록초본,1통,필요시"
인사 규정,제12조-9,입사 구비서류 — 주민등록등본 1통,"주민등록등본 1통
(인사 규정 제12조 입사 구비서류 제9호)","입사,구비서류,주민등록등본,1통"
인사 규정,제12조-10,입사 구비서류 — 채용 신체검사서 1통,"채용 신체검사서 1통
(인사 규정 제12조 입사 구비서류 제10호)","입사,구비서류,채용,신체검사서,1통"
인사 규정,제12조-11,입사 구비서류 — 해당자에 한하여 기술 면허증 또는 자격증 사본 1통,"해당자에 한하여 기술 면허증 또는 자격증 사본 1통
(인사 규정 제12조 입사 구비서류 제11호)","입사,구비서류,해당자에,한하여,기술,면허증,또는,자격증,사본,1통"
인사 규정,제12조-12,입사 구비서류 — 보안서약서 1통,"보안서약서 1통
(인사 규정 제12조 입사 구비서류 제12호)","입사,구비서류,보안서약서,1통"
인사 규정,제13조,채용취소,"채용이 확정되었다 하더라도 채용에 관한 진술 또는 제출 서류에 허위사실이 발견될 경우 
또는 본 규정의 제12조의 서류 미제출 시 채용 발령을 취소할 수 있다.",채용취소
인사 규정,제14조,수습기간,"①직원을 신규로 채용한 경우는 3개월의 수습 기간을 둘 수 있다.
②수습 기간 중 근무 성적이 불량하거나 직무를 수행함에 있어 자질이 부적당하다고 
인정될 경우 수습 기간을 연장하거나 채용 발령을 취소할 수 있다.
③일정한 경력을 인정하여 채용한 경력사원에 대해서는 수습 기간을 단축 또는 면제
할 수 있다.",수습기간
인사 규정,제15조,보직의 원칙,"직원의 보직은 담당 직무가 요구한 개인의 학력, 경력, 능력 및 기타 예울마루의 필요
성을 고려하여 적재적소에 배치함을 원칙으로 한다.","보직의,원칙"
인사 규정,제16조,적용범위,"이 규정은 예울마루에 근무하는 전 직원에 대하여 적용하며 보직 및 인사발령에 관하여 
다른 규정에 특별히 정한 것을 제외하고는 이 규정에 의한다.",적용범위
인사 규정,제17조,겸직,"예울마루는 필요에 따라 직무내용이 유사하고 현 담당 직무수행에 지장이 없다고 인정
되는 경우에는 타 직무를 겸직 시킬 수 있다.",겸직
인사 규정,제18조,직무대행,"①소속 부서 내의 상위 직급자가 공석 또는 유고시에 그 보직에 대하여 하위 직급자
를 직무대행으로 임명할 수 있다. 
②직무 대행자는 대행하는 직무에 한해서 상위 직급자의 권한과 책임을 가진다.",직무대행
인사 규정,제19조,전보,"다음 각 호에 해당되는 경우에는 전보를 명할 수 있다.
1.결원 보충이 시급할 경우
2.직무수행능력을 보다 유용하게 활용하고자 할 경우
3.승진으로 인하여 상위직으로 보직할 경우
4.기구 개편으로 인하여 인원 조정이 불가피할 경우
5.기타 인사관리상 필요로 한 경우",전보
인사 규정,제19조-1,전보 — 결원 보충이 시급할 경우,"결원 보충이 시급할 경우
(인사 규정 제19조 전보 제1호)","전보,결원,보충이,시급할,경우"
인사 규정,제19조-2,전보 — 직무수행능력을 보다 유용하게 활용하고자 할 경우,"직무수행능력을 보다 유용하게 활용하고자 할 경우
(인사 규정 제19조 전보 제2호)","전보,직무수행능력을,보다,유용하게,활용하고자,경우"
인사 규정,제19조-3,전보 — 승진으로 인하여 상위직으로 보직할 경우,"승진으로 인하여 상위직으로 보직할 경우
(인사 규정 제19조 전보 제3호)","전보,승진으로,인하여,상위직으로,보직할,경우"
인사 규정,제19조-4,전보 — 기구 개편으로 인하여 인원 조정이 불가피할 경우,"기구 개편으로 인하여 인원 조정이 불가피할 경우
(인사 규정 제19조 전보 제4호)","전보,기구,개편으로,인하여,인원,조정이,불가피할,경우"
인사 규정,제19조-5,전보 — 기타 인사관리상 필요로 한 경우,"기타 인사관리상 필요로 한 경우
(인사 규정 제19조 전보 제5호)","전보,기타,인사관리상,필요로,경우"
인사 규정,제20조,파견,"①예울마루는 업무량의 일시적인 증가로 타 직원의 지원이 필요한 때 또는 예울마루 
정책상 필요한 때에는 파견을 명할 수 있다.
②파견근무자는 파견 기간 중 근무지 책임자의 직무상 지휘감독을 받아야 하며, 그 임무가 
종료되면 복귀 명령에 따라 지체 없이 원 소속부서로 복귀하여야 한다.",파견
인사 규정,제21조,순환보직,"예울마루는 업무에 지장을 초래하지 않는 범위 내에서 특정 직무의 장기 근무로 인한 
침체를 방지하고 능률적인 업무 수행을 기할 수 있도록 순환보직을 실시할 수 있다.",순환보직
인사 규정,제22조,부임,"전보 또는 파견 명령을 받은 직원은 발령일 또는 예울마루가 지정한 날까지 담당업무를 
인계하고 부임지에 부임하여야 한다.",부임
인사 규정,제23조,목적,"이 규정은 직원의 재충전을 통한 근무의욕 고취, 법규정 준수 및 근로의 계속성 보호를 
위한 휴가 및 휴직 부여에 관하여 규정함을 목적으로 한다.",목적
인사 규정,제24조,적용범위,이 규정은 예울마루에 근무하는 전 직원에 대하여 적용한다.,적용범위
인사 규정,제25조,휴가,"직원은 근로기준법 등의 법령이 정하는 범위 내 다음 각 호의 휴가를 받을 수 있다.
1.연차휴가
2.출산휴가
3.배우자 출산휴가
4.공  가
5.병  가
6.특별휴가
7.보상휴가
 8. 생리휴가",휴가
인사 규정,제25조-1,휴가 — 연차휴가,"연차휴가
(인사 규정 제25조 휴가 제1호)","휴가,연차휴가"
인사 규정,제25조-2,휴가 — 출산휴가,"출산휴가
(인사 규정 제25조 휴가 제2호)","휴가,출산휴가"
인사 규정,제25조-3,휴가 — 배우자 출산휴가,"배우자 출산휴가
(인사 규정 제25조 휴가 제3호)","휴가,배우자,출산휴가"
인사 규정,제25조-4,휴가 — 공  가,"공  가
(인사 규정 제25조 휴가 제4호)",휴가
인사 규정,제25조-5,휴가 — 병  가,"병  가
(인사 규정 제25조 휴가 제5호)",휴가
인사 규정,제25조-6,휴가 — 특별휴가,"특별휴가
(인사 규정 제25조 휴가 제6호)","휴가,특별휴가"
인사 규정,제25조-7,휴가 — 보상휴가,"보상휴가
(인사 규정 제25조 휴가 제7호)","휴가,보상휴가"
인사 규정,제25조-8,휴가 — 생리휴가,"생리휴가
(인사 규정 제25조 휴가 제8호)","휴가,생리휴가"
인사 규정,제26조,연차휴가,"①예울마루는 1년간 8할 이상 출근한 직원에 대하여는 15일의 연차유급휴가를 준다.
②계속 근로연수가 1년 미만인 직원에 대하여는 1월 간 개근 시 1일의 연차유급휴가
를 부여한다.
③3년 이상 계속 근로한 직원에 대하여는 제1항의 규정에 의한 휴가에 최초 1년을 초
과하는 계속 근로연수 매 2년에 대하여 1일을 가산한 연차 유급휴가를 준다. 이 경
우 가산휴가를 포함한 총 휴가 일수는 25일을 한도로 한다.
④연차휴가는 직원의 신청에 의해 오전 또는 오후로 2회 분할하여 사용할 수 있다.
⑤제1항 내지 제3항의 규정에 의한 휴가는 당해연도에 행사하지 아니한 때에는 소멸
된다. 다만 예울마루의 귀책사유로 사용하지 못한 경우에는 그러하지 아니하다.
⑥유연근무제 근무 직원의 경우 근무시간에 비례하여 시간 단위로 실시한다.
⑦휴가에 관한 기타 사항은 근로기준법을 따른다.",연차휴가
인사 규정,제27조,연차휴가의 사용촉진,"예울마루가 제26조 제1항 내지 제3항의 규정에 의한 연차휴가의 사용을 촉진하기 위하
여 다음 각호의 조치를 하였음에도 불구하고 직원이 휴가를 사용하지 아니하여 제26조
제5항의 본문의 규정에 따라 소멸된 경우에는 예울마루는 그 미사용휴가에 대하여 보
상할 의무가 없으며, 제26조 제5항의 단서규정에 의한 사용자의 귀책사유에도 해당하
지 아니하는 것으로 본다.
1.제26조 제5항 본문의 규정에 의한 기간이 끝나기 6개월 전(근속기간 1년 미만인 
근로자에 대해서는 최초 1년의 근로기간이 끝나기 3개월 전)을 기준으로 10일 이
내에 예울마루는 직원별로 미사용 휴가일수를 알려주고, 직원은 그 사용시기를 정
하여 예울마루에 통보하도록 서면으로 촉구할 것. 
2.동조 제1호에 규정에 의한 촉구에도 불구하고 근로자가 촉구를 받은 때부터 10일 
이내에 미사용 휴가의 전부 또는 일부의 사용 시기를 정하여 예울마루에 통보하지 
아니한 경우에는 제26조 제5항 본문의 규정에 의한 기간이 끝나기 2월 전(근속기
간 1년 미만인 근로자에 대해서는 최초 1년의 근로기간이 끝나기 1개월 전)까지 
예울마루는 미사용 휴가의 사용시기를 정하여 직원에게 서면으로 통보할 것.","연차휴가의,사용촉진"
인사 규정,제27조-1,연차휴가의 사용촉진 — 제26조 제5항 본문의 규정에 의한 기간이 끝나기,"제26조 제5항 본문의 규정에 의한 기간이 끝나기 6개월 전(근속기간 1년 미만인 근로자에 대해서는 최초 1년의 근로기간이 끝나기 3개월 전)을 기준으로 10일 이 내에 예울마루는 직원별로 미사용 휴가일수를 알려주고, 직원은 그 사용시기를 정 하여 예울마루에 통보하도록 서면으로 촉구할 것.
(인사 규정 제27조 연차휴가의 사용촉진 제1호)","연차휴가의,사용촉진,제26조,제5항,본문의,규정에,의한,기간이,끝나기,6개월,근속기간,1년,미만인,근로자에,대해서는,최초"
인사 규정,제27조-2,연차휴가의 사용촉진 — 동조 제1호에 규정에 의한 촉구에도 불구하고 근로자,"동조 제1호에 규정에 의한 촉구에도 불구하고 근로자가 촉구를 받은 때부터 10일 이내에 미사용 휴가의 전부 또는 일부의 사용 시기를 정하여 예울마루에 통보하지 아니한 경우에는 제26조 제5항 본문의 규정에 의한 기간이 끝나기 2월 전(근속기 간 1년 미만인 근로자에 대해서는 최초 1년의 근로기간이 끝나기 1개월 전)까지 예울마루는 미사용 휴가의 사용시기를 정하여 직원에게 서면으로 통보할 것.
(인사 규정 제27조 연차휴가의 사용촉진 제2호)","연차휴가의,사용촉진,동조,제1호에,규정에,의한,촉구에도,불구하고,근로자가,촉구를,받은,때부터,10일,이내에,미사용,휴가의,전부"
인사 규정,제28조,출산휴가,"①임신 중의 여성 직원에게 출산 전과 출산 후를 통하여 90일의 보호휴가를 준다. 이 
경우 반드시 출산 후에 45일 이상 부여한다.
②임신 중인 여성 직원이 유산의 경험 등 근로기준법 시행령이 정하는 사유로 제1항의 
휴가를 청구하는 경우 출산 전 어느 때라도 휴가를 나누어 사용할 수 있도록 한다. 
이 경우 출산 후의 휴가 기간은 연속하여 45일 이상이 되어야 한다.
③임신 중인 여성 직원이 유산 또는 사산한 경우로서 해당 직원이 청구하는 경우에는 
근로 기준법령에 따른 휴가를 부여한다. 다만, 모자보건법에서 허용되지 않는 인공
중절 수술은 제외한다.
④임신 중의 여성 직원에게 연장근로를 시키지 아니하며, 요구가 있는 경우 쉬운 종류
의 근로로 전환시킨다.",출산휴가
인사 규정,제29조,배우자 출산휴가,"①직원이 배우자의 출산을 이유로 휴가를 청구하는 경우에 10일의 휴가를 주어야 한다. 
이 경우 사용한 휴가기간은 유급으로 한다.
②제1항에 따른 휴가는 직원의 배우자가 출산한 날로부터 90일이 지나면 청구할 수 
없다. 
③제1항에 따른 휴가는 1회에 한정하여 분할하여 사용할 수 있다.","배우자,출산휴가"
인사 규정,제30조,공가,"예울마루는 직원이 다음 각호의 1에 해당하는 경우에는 필요한 기간의 공가를 준다.
1.법률에 의한 투표에 참가할 때
2.법원 기타 공공기관에 증인, 참고인, 피고인, 당사자 등으로 출석하는 때
3.천재지변(전염병), 화재, 교통차단, 기타 부득이한 사유로 출근이 불가능한 때

4.본인 및 배우자의 직계 존비속이 천재지변, 화재 등으로 재해를 입었을 때
5.인사명령으로 인하여 신임지로 부임하는 때
6.병역법 기타 다른 법령에 의한 동원 또는 훈련에 참가할 때",공가
인사 규정,제30조-1,공가 — 법률에 의한 투표에 참가할 때,"법률에 의한 투표에 참가할 때
(인사 규정 제30조 공가 제1호)","공가,법률에,의한,투표에,참가할"
인사 규정,제30조-2,"공가 — 법원 기타 공공기관에 증인, 참고인, 피고인, 당사","법원 기타 공공기관에 증인, 참고인, 피고인, 당사자 등으로 출석하는 때
(인사 규정 제30조 공가 제2호)","공가,법원,기타,공공기관에,증인,참고인,피고인,당사자,등으로,출석하는"
인사 규정,제30조-3,"공가 — 천재지변(전염병), 화재, 교통차단, 기타 부득이한","천재지변(전염병), 화재, 교통차단, 기타 부득이한 사유로 출근이 불가능한 때
(인사 규정 제30조 공가 제3호)","공가,천재지변,전염병,화재,교통차단,기타,부득이한,사유로,출근이,불가능한"
인사 규정,제30조-4,"공가 — 본인 및 배우자의 직계 존비속이 천재지변, 화재 등","본인 및 배우자의 직계 존비속이 천재지변, 화재 등으로 재해를 입었을 때
(인사 규정 제30조 공가 제4호)","공가,본인,배우자의,직계,존비속이,천재지변,화재,등으로,재해를,입었을"
인사 규정,제30조-5,공가 — 인사명령으로 인하여 신임지로 부임하는 때,"인사명령으로 인하여 신임지로 부임하는 때
(인사 규정 제30조 공가 제5호)","공가,인사명령으로,인하여,신임지로,부임하는"
인사 규정,제30조-6,공가 — 병역법 기타 다른 법령에 의한 동원 또는 훈련에 참,"병역법 기타 다른 법령에 의한 동원 또는 훈련에 참가할 때
(인사 규정 제30조 공가 제6호)","공가,병역법,기타,다른,법령에,의한,동원,또는,훈련에,참가할"
인사 규정,제31조,특별휴가,"예울마루는 다음에 해당하는 사원에 대하여는 그 청구에 따라 특별 휴가를 줄 수 있다.
1.본인 결혼 : 7일
2.자녀 결혼 : 2일
3.형제자매(배우자 형제자매 포함) 결혼 : 1일
4.부모(배우자 부모 포함) 회갑 : 2일
5.부모(배우자 부모 포함) 사망 : 6일
6.외·조부모 사망 : 3일(승중손 6일)
7.배우자 사망 : 6일
8.자녀 사망 : 5일
9.형제자매(배우자 형제자매 포함) : 2일",특별휴가
인사 규정,제31조-1,특별휴가 — 본인 결혼,"본인 결혼 : 7일
(인사 규정 제31조 특별휴가 제1호)","특별휴가,본인,결혼,7일"
인사 규정,제31조-2,특별휴가 — 자녀 결혼,"자녀 결혼 : 2일
(인사 규정 제31조 특별휴가 제2호)","특별휴가,자녀,결혼,2일"
인사 규정,제31조-3,특별휴가 — 형제자매(배우자 형제자매 포함) 결혼,"형제자매(배우자 형제자매 포함) 결혼 : 1일
(인사 규정 제31조 특별휴가 제3호)","특별휴가,형제자매,배우자,포함,결혼,1일"
인사 규정,제31조-4,특별휴가 — 부모(배우자 부모 포함) 회갑,"부모(배우자 부모 포함) 회갑 : 2일
(인사 규정 제31조 특별휴가 제4호)","특별휴가,부모,배우자,포함,회갑,2일"
인사 규정,제31조-5,특별휴가 — 부모(배우자 부모 포함) 사망,"부모(배우자 부모 포함) 사망 : 6일
(인사 규정 제31조 특별휴가 제5호)","특별휴가,부모,배우자,포함,사망,6일"
인사 규정,제31조-6,특별휴가 — 외·조부모 사망,"외·조부모 사망 : 3일(승중손 6일)
(인사 규정 제31조 특별휴가 제6호)","특별휴가,조부모,사망,3일,승중손,6일"
인사 규정,제31조-7,특별휴가 — 배우자 사망,"배우자 사망 : 6일
(인사 규정 제31조 특별휴가 제7호)","특별휴가,배우자,사망,6일"
인사 규정,제31조-8,특별휴가 — 자녀 사망,"자녀 사망 : 5일
(인사 규정 제31조 특별휴가 제8호)","특별휴가,자녀,사망,5일"
인사 규정,제31조-9,특별휴가 — 형제자매(배우자 형제자매 포함),"형제자매(배우자 형제자매 포함) : 2일
(인사 규정 제31조 특별휴가 제9호)","특별휴가,형제자매,배우자,포함,2일"
인사 규정,제32조,보상휴가,"예울마루는 직원대표와 서면합의 할 경우「복무규정」제17조 제1항에서 규정한 근무시
간을 초과하여 근무하거나, 야간 근무 및 휴일근무에 대하여 보수를 지급하는 것에   
갈음하여 휴가를 부여할 수 있다.",보상휴가
인사 규정,제33조,생리휴가,예울마루는 여성 직원이 청구하는 경우 월 1일의 무급 생리휴가를 부여한다.,생리휴가
인사 규정,제34조,휴가 기간 중의 휴일,유급휴가의 경우 휴가 기간 중 공휴일이 있을 때는 휴가 일수에 포함해서 계산한다.,"휴가,기간,중의,휴일"
인사 규정,제35조,휴가 기간 중의 급여,휴가 기간 중에는 급여 전액 지급을 원칙으로 한다.,"휴가,기간,중의,급여"
인사 규정,제36조,휴가 중 출근 명령,예울마루의 업무상 필요할 때에는 휴가 중인 직원에 대하여 출근을 명할 수 있다.,"휴가,출근,명령"
인사 규정,제37조,휴직사유,"아래 각 호에 해당하는 자는 휴직을 명하거나 휴직 청원을 허가할 수 있다.
1.업무외 상병, 재해 및 기타 인정되는 사유로 인한 결근이 1개월을 초과하는 자
2.병역복무를 위하여 징집되는 자
3.만 8세 이하 또는 초등학교 2학년 이하의 자녀를 양육하기 위하여 휴직을 신청한 자
4.조부모, 부모, 배우자, 배우자의 부모, 자녀 또는 손자녀(이하 ""가족""이라 한다)의 
질병, 사고, 노령으로 인하여 그 가족을 돌보기 위하여 휴직을 신청한 자. 다만, 조
부모 또는 손자녀를 돌보기 위하여 가족돌봄휴직을 신청한 근로자 외에도 조부모의 
직계비속 또는 손자녀의 직계존속이 있는 경우 등 관계법령 중 사유에 해당하는  

경우에는 예외로 한다.
5.예울마루의 형편상 불가피한 자
6.기타 일신상의 부득이한 사유로 필요하다고 인정되는 경우",휴직사유
인사 규정,제37조-1,"휴직사유 — 업무외 상병, 재해 및 기타 인정되는 사유로 인한","업무외 상병, 재해 및 기타 인정되는 사유로 인한 결근이 1개월을 초과하는 자
(인사 규정 제37조 휴직사유 제1호)","휴직사유,업무외,상병,재해,기타,인정되는,사유로,인한,결근이,1개월을,초과하는"
인사 규정,제37조-2,휴직사유 — 병역복무를 위하여 징집되는 자,"병역복무를 위하여 징집되는 자
(인사 규정 제37조 휴직사유 제2호)","휴직사유,병역복무를,위하여,징집되는"
인사 규정,제37조-3,휴직사유 — 만 8세 이하 또는 초등학교 2학년 이하의 자녀를,"만 8세 이하 또는 초등학교 2학년 이하의 자녀를 양육하기 위하여 휴직을 신청한 자
(인사 규정 제37조 휴직사유 제3호)","휴직사유,8세,이하,또는,초등학교,2학년,이하의,자녀를,양육하기,위하여,휴직을,신청한"
인사 규정,제37조-4,"휴직사유 — 조부모, 부모, 배우자, 배우자의 부모, 자녀 또는","조부모, 부모, 배우자, 배우자의 부모, 자녀 또는 손자녀(이하 ""가족""이라 한다)의 질병, 사고, 노령으로 인하여 그 가족을 돌보기 위하여 휴직을 신청한 자. 다만, 조 부모 또는 손자녀를 돌보기 위하여 가족돌봄휴직을 신청한 근로자 외에도 조부모의 직계비속 또는 손자녀의 직계존속이 있는 경우 등 관계법령 중 사유에 해당하는
(인사 규정 제37조 휴직사유 제4호)","휴직사유,조부모,부모,배우자,배우자의,자녀,또는,손자녀,이하,가족이라,한다,질병,사고,노령으로"
인사 규정,제37조-5,휴직사유 — 예울마루의 형편상 불가피한 자,"예울마루의 형편상 불가피한 자
(인사 규정 제37조 휴직사유 제5호)","휴직사유,예울마루의,형편상,불가피한"
인사 규정,제37조-6,휴직사유 — 기타 일신상의 부득이한 사유로 필요하다고 인정되는,"기타 일신상의 부득이한 사유로 필요하다고 인정되는 경우
(인사 규정 제37조 휴직사유 제6호)","휴직사유,기타,일신상의,부득이한,사유로,필요하다고,인정되는,경우"
인사 규정,제38조,휴직기간,휴직 기간은 1년 이내로 관장이 결정한다.,휴직기간
인사 규정,제39조,휴직자의 급여,휴직자의 급여는 급여 및 복리후생 규정 제10조(휴직자의 급여)에 의한다.,"휴직자의,급여"
인사 규정,제40조,휴직자의 면직 사유,"다음 각 호에 해당하는 자는 당연 면직된다.
1.휴직 기간 만료 후 7일 이내 복직 청원을 하지 아니한 자
2.복직이 허가되지 아니한 자
3.복직 명령을 받고 복직하지 아니한 자
4.휴직 기간 중 복무 의사가 없는 것으로 인정되는 행위를 하거나 또는 예울마루의 
사전 승인 없이 타 직무에 종사하는 자","휴직자의,면직,사유"
인사 규정,제40조-1,휴직자의 면직 사유 — 휴직 기간 만료 후 7일 이내 복직 청원을 하지 아,"휴직 기간 만료 후 7일 이내 복직 청원을 하지 아니한 자
(인사 규정 제40조 휴직자의 면직 사유 제1호)","휴직자의,면직,사유,휴직,기간,만료,7일,이내,복직,청원을,하지,아니한"
인사 규정,제40조-2,휴직자의 면직 사유 — 복직이 허가되지 아니한 자,"복직이 허가되지 아니한 자
(인사 규정 제40조 휴직자의 면직 사유 제2호)","휴직자의,면직,사유,복직이,허가되지,아니한"
인사 규정,제40조-3,휴직자의 면직 사유 — 복직 명령을 받고 복직하지 아니한 자,"복직 명령을 받고 복직하지 아니한 자
(인사 규정 제40조 휴직자의 면직 사유 제3호)","휴직자의,면직,사유,복직,명령을,받고,복직하지,아니한"
인사 규정,제40조-4,휴직자의 면직 사유 — 휴직 기간 중 복무 의사가 없는 것으로 인정되는 행,"휴직 기간 중 복무 의사가 없는 것으로 인정되는 행위를 하거나 또는 예울마루의 사전 승인 없이 타 직무에 종사하는 자
(인사 규정 제40조 휴직자의 면직 사유 제4호)","휴직자의,면직,사유,휴직,기간,복무,의사가,없는,것으로,인정되는,행위를,하거나,또는,예울마루의,사전,승인,없이,직무에"
인사 규정,제41조,복직,"①휴직자가 복직을 청원하고자 할 경우에는 휴직 기간 만료 후 7일 이내에 휴직 사유
의 소멸을 증명하는 증빙서류를 첨부하여 복직원을 제출한다.
②휴직 기간 만료일 이전이라도 휴직 사유가 소멸하여 업무 수행이 가능하다고 인정
되는 경우 관장이 복직을 명할 수 있다.",복직
인사 규정,제42조,퇴직구분,퇴직은 의원면직과 당연면직으로 구분한다.,퇴직구분
인사 규정,제43조,의원면직,"①직원이 퇴직 의사를 표시한 경우에는 면직을 명할 수 있다.
②직원이 퇴직을 하고자 할 경우에는 사직 예정일 15일 전에 ""사직원""을 제출하고 업무 
인수인계서와 주요 미결사항 등을 작성하여야 하며, 상급자의 업무감사를 받아야 한다.
③직원은 사직원을 제출한 후라도 예울마루의 승인을 받아 퇴직하기 전까지는 그 직
무를 성실히 수행하여야 한다.",의원면직
인사 규정,제44조,당연면직,"직원이 다음 각 호에 해당하는 경우에는 당연히 면직된다.
1.근로계약이 만료되었을 때
2.정년에 달한 경우
3.사망하였을 때

4.휴직 기간이 만료되어도 휴직 사유가 해소되지 아니하거나 소정 기일 내에 복직원
을 제출하지 아니한 경우
5.형사사건으로 소추되어 금고 이상의 형이 확정된 경우 단, 업무 수행과 관련하여 
발생한 사건에 대하여는 별도로 정하는 바에 따른다.
6.기타 당연 면직으로 인정되는 경우",당연면직
인사 규정,제44조-1,당연면직 — 근로계약이 만료되었을 때,"근로계약이 만료되었을 때
(인사 규정 제44조 당연면직 제1호)","당연면직,근로계약이,만료되었을"
인사 규정,제44조-2,당연면직 — 정년에 달한 경우,"정년에 달한 경우
(인사 규정 제44조 당연면직 제2호)","당연면직,정년에,달한,경우"
인사 규정,제44조-3,당연면직 — 사망하였을 때,"사망하였을 때
(인사 규정 제44조 당연면직 제3호)","당연면직,사망하였을"
인사 규정,제44조-4,당연면직 — 휴직 기간이 만료되어도 휴직 사유가 해소되지 아니하,"휴직 기간이 만료되어도 휴직 사유가 해소되지 아니하거나 소정 기일 내에 복직원 을 제출하지 아니한 경우
(인사 규정 제44조 당연면직 제4호)","당연면직,휴직,기간이,만료되어도,사유가,해소되지,아니하거나,소정,기일,내에,복직원,제출하지,아니한,경우"
인사 규정,제44조-5,당연면직 — 형사사건으로 소추되어 금고 이상의 형이 확정된 경우,"형사사건으로 소추되어 금고 이상의 형이 확정된 경우 단, 업무 수행과 관련하여 발생한 사건에 대하여는 별도로 정하는 바에 따른다.
(인사 규정 제44조 당연면직 제5호)","당연면직,형사사건으로,소추되어,금고,이상의,형이,확정된,경우,업무,수행과,관련하여,발생한,사건에,대하여는,별도로"
인사 규정,제44조-6,당연면직 — 기타 당연 면직으로 인정되는 경우,"기타 당연 면직으로 인정되는 경우
(인사 규정 제44조 당연면직 제6호)","당연면직,기타,당연,면직으로,인정되는,경우"
인사 규정,제45조,정년,"①직원의 정년은 만 60세가 되는 날로 하며, 직원이 정년에 달하였을 경우에는 정년
에 달하는 월의 말에 당연히 면직된다.
②예울마루가 필요하다고 인정할 경우에는 기간을 정하여 이사장의 명에 의하여 정년
을 연장할 수 있다.",정년
인사 규정,제46조,교육,"①예울마루는 직원의 인격을 도야하고 업무지식 및 기술을 향상시키기 위한 교육을 
실시한다.
②직원은 예울마루가 실시하는 교육에 성실히 임하여야 하며 항상 자기계발에 노력하
여야 한다.
③교육에 관하여 필요한 사항은 별도로 정하는 바에 의한다.",교육
인사 규정,제47조,안전 및 보건,"①예울마루는 재해방지를 위하여 직원에게 안전 및 보건교육을 실시한다.
②직원은 안전에 관한 제법령 및 예울마루의 규정을 준수하며 재해방지에 노력하여야 
한다.
③안전, 보건에 관한 사항은 별도로 정하는 바에 의한다.","안전,보건"
인사 규정,제48조,건강진단,"예울마루는 직원의 건강보호, 유지를 위하여 산업안전보건법이 정하는 바에 따라 매년 
1회 일반 건강진단을 실시한다. 단, 사무직은 매 2년에 1회 실시한다.",건강진단
인사 규정,제49조,목적,"이 규정은 사원의 사기앙양을 위한 포상과 예울마루의 사내 질서를 유지하기 위한 징계
에 관한 사항을 규정함을 목적으로 한다.",목적
인사 규정,제50조,적용범위,직원의 포상 및 징계에 관한 사항은 이 규정이 정하는 바에 의한다.,적용범위
인사 규정,제51조,인사위원회,"직원의 상벌에 관한 사항을 엄정, 공정하게 처리하기 위하여 인사위원회를 설치, 운영
하며 이에 관하여는 별도로 정한다.",인사위원회
인사 규정,제52조,인사위원회의 설치 및 해체,"인사위원회 개최 품의 시 관장의 결재로 설치되고 연말 또는 인사위원회의 의결이 상임 
이사의 승인으로 확정될 때 해체된다.
제 2 절  포  상","인사위원회의,설치,해체"
인사 규정,제53조,포상,직원으로서 예울마루 이익에 현저하게 공헌하여 공로가 인정된 자는 포상할 수 있다.,포상
인사 규정,제54조,포상기준,"포상에 있어 그 기준은 다음 각 호에 정하는 바와 같다.
1.능력 또는 근무성적이 우수하여 타 사원의 모범이 되는 자
2.업무상 유익한 발명, 고안 또는 개선을 한 자
3.재해를 미연에 방지하거나 재해시에 특히 공로가 있었던 자
4.업무수행 중 업무상 원인으로 상병 또는 순직한 자로서 타의 귀감이 되는 자
5.사회적인 공적으로 예울마루의 명예를 향상시킨 자
6.기타 특별히 표창할 필요가 있다고 인정되는 자",포상기준
인사 규정,제54조-1,포상기준 — 능력 또는 근무성적이 우수하여 타 사원의 모범이 되,"능력 또는 근무성적이 우수하여 타 사원의 모범이 되는 자
(인사 규정 제54조 포상기준 제1호)","포상기준,능력,또는,근무성적이,우수하여,사원의,모범이,되는"
인사 규정,제54조-2,"포상기준 — 업무상 유익한 발명, 고안 또는 개선을 한 자","업무상 유익한 발명, 고안 또는 개선을 한 자
(인사 규정 제54조 포상기준 제2호)","포상기준,업무상,유익한,발명,고안,또는,개선을"
인사 규정,제54조-3,포상기준 — 재해를 미연에 방지하거나 재해시에 특히 공로가 있었,"재해를 미연에 방지하거나 재해시에 특히 공로가 있었던 자
(인사 규정 제54조 포상기준 제3호)","포상기준,재해를,미연에,방지하거나,재해시에,특히,공로가,있었던"
인사 규정,제54조-4,포상기준 — 업무수행 중 업무상 원인으로 상병 또는 순직한 자로,"업무수행 중 업무상 원인으로 상병 또는 순직한 자로서 타의 귀감이 되는 자
(인사 규정 제54조 포상기준 제4호)","포상기준,업무수행,업무상,원인으로,상병,또는,순직한,자로서,타의,귀감이,되는"
인사 규정,제54조-5,포상기준 — 사회적인 공적으로 예울마루의 명예를 향상시킨 자,"사회적인 공적으로 예울마루의 명예를 향상시킨 자
(인사 규정 제54조 포상기준 제5호)","포상기준,사회적인,공적으로,예울마루의,명예를,향상시킨"
인사 규정,제54조-6,포상기준 — 기타 특별히 표창할 필요가 있다고 인정되는 자,"기타 특별히 표창할 필요가 있다고 인정되는 자
(인사 규정 제54조 포상기준 제6호)","포상기준,기타,특별히,표창할,필요가,있다고,인정되는"
인사 규정,제55조,포상의 종류,"①포상의 종류는 아래 각호에서 정하는 바와 같다.
1.상장 또는 상패
2.상품
3.상금
4.포상휴가
5.특별승진
6.기타 인사위원회의 의결에 의해 이사장의 승인을 득 한 것
②정상에 따라서 제1항 각호에 정하는 것 중 두 가지 이상을 동시에 수여할 수 있다.
제 3 절  징  계","포상의,종류"
인사 규정,제55조-1,포상의 종류 — 상장 또는 상패,"상장 또는 상패
(인사 규정 제55조 포상의 종류 제1호)","포상의,종류,상장,또는,상패"
인사 규정,제55조-4,포상의 종류 — 포상휴가,"포상휴가
(인사 규정 제55조 포상의 종류 제4호)","포상의,종류,포상휴가"
인사 규정,제55조-5,포상의 종류 — 특별승진,"특별승진
(인사 규정 제55조 포상의 종류 제5호)","포상의,종류,특별승진"
인사 규정,제55조-6,포상의 종류 — 기타 인사위원회의 의결에 의해 이사장의 승인을 득,"기타 인사위원회의 의결에 의해 이사장의 승인을 득 한 것
(인사 규정 제55조 포상의 종류 제6호)","포상의,종류,기타,인사위원회의,의결에,의해,이사장의,승인을"
인사 규정,제56조,징계기준,"직원으로서 아래 각 호에 해당하는 자는 이를 징계할 수 있다.

1.부정 및 허위 등의 방법으로 채용된 자
2.업무상 비밀 및 기밀을 누설하여 예울마루에 피해를 입힌 자
3.예울마루의 명예 또는 신용에 손상을 입힌 자
4.예울마루의 영업을 방해하는 언행을 한 자
5.예울마루의 규율과 상사의 정당한 지시를 어겨 질서를 문란하게 한 자
6.정당한 이유 없이 예울마루의 물품 및 금품을 반출한 자 
7.직무를 이용하여 부당한 이익을 취한 자
8.복무규정을 위반한 자
9.직장 내 성희롱 행위를 한 자
10.직장 내 괴롭힘을 한 자
11.그 밖에 이에 준하는 행위로 직장 질서를 문란하게 한 자",징계기준
인사 규정,제56조-1,징계기준 — 부정 및 허위 등의 방법으로 채용된 자,"부정 및 허위 등의 방법으로 채용된 자
(인사 규정 제56조 징계기준 제1호)","징계기준,부정,허위,등의,방법으로,채용된"
인사 규정,제56조-2,징계기준 — 업무상 비밀 및 기밀을 누설하여 예울마루에 피해를,"업무상 비밀 및 기밀을 누설하여 예울마루에 피해를 입힌 자
(인사 규정 제56조 징계기준 제2호)","징계기준,업무상,비밀,기밀을,누설하여,예울마루에,피해를,입힌"
인사 규정,제56조-3,징계기준 — 예울마루의 명예 또는 신용에 손상을 입힌 자,"예울마루의 명예 또는 신용에 손상을 입힌 자
(인사 규정 제56조 징계기준 제3호)","징계기준,예울마루의,명예,또는,신용에,손상을,입힌"
인사 규정,제56조-4,징계기준 — 예울마루의 영업을 방해하는 언행을 한 자,"예울마루의 영업을 방해하는 언행을 한 자
(인사 규정 제56조 징계기준 제4호)","징계기준,예울마루의,영업을,방해하는,언행을"
인사 규정,제56조-5,징계기준 — 예울마루의 규율과 상사의 정당한 지시를 어겨 질서를,"예울마루의 규율과 상사의 정당한 지시를 어겨 질서를 문란하게 한 자
(인사 규정 제56조 징계기준 제5호)","징계기준,예울마루의,규율과,상사의,정당한,지시를,어겨,질서를,문란하게"
인사 규정,제56조-6,징계기준 — 정당한 이유 없이 예울마루의 물품 및 금품을 반출한,"정당한 이유 없이 예울마루의 물품 및 금품을 반출한 자
(인사 규정 제56조 징계기준 제6호)","징계기준,정당한,이유,없이,예울마루의,물품,금품을,반출한"
인사 규정,제56조-7,징계기준 — 직무를 이용하여 부당한 이익을 취한 자,"직무를 이용하여 부당한 이익을 취한 자
(인사 규정 제56조 징계기준 제7호)","징계기준,직무를,이용하여,부당한,이익을,취한"
인사 규정,제56조-8,징계기준 — 복무규정을 위반한 자,"복무규정을 위반한 자
(인사 규정 제56조 징계기준 제8호)","징계기준,복무규정을,위반한"
인사 규정,제56조-9,징계기준 — 직장 내 성희롱 행위를 한 자,"직장 내 성희롱 행위를 한 자
(인사 규정 제56조 징계기준 제9호)","징계기준,직장,성희롱,행위를"
인사 규정,제56조-10,징계기준 — 직장 내 괴롭힘을 한 자,"직장 내 괴롭힘을 한 자
(인사 규정 제56조 징계기준 제10호)","징계기준,직장,괴롭힘을"
인사 규정,제56조-11,징계기준 — 그 밖에 이에 준하는 행위로 직장 질서를 문란하게,"그 밖에 이에 준하는 행위로 직장 질서를 문란하게 한 자
(인사 규정 제56조 징계기준 제11호)","징계기준,밖에,이에,준하는,행위로,직장,질서를,문란하게"
인사 규정,제57조,징계의 종류,"징계는 경중에 따라 징계해고, 정직, 감봉, 견책, 경고로 구분한다.","징계의,종류"
인사 규정,제58조,징계해고,이 조치는 직원의 비행 또는 사원의 귀책 사유로 직원이 현직에서 파면 조치됨을 의미한다.,징계해고
인사 규정,제59조,정직,"①정직이란 직원에 대해 출근을 정지시키고 급여를 지급하지 않는 징계를 말한다. 
②정직은 3개월을 초과하여서는 아니 된다. 급여, 연차휴가는 정직 기간 중에는 발생
하지 아니한다.",정직
인사 규정,제60조,감봉,"①감봉은 급여를 감액 지급하는 징계를 말한다.
②감봉 처분을 함에 있어 그 감액은 1회의 금액이 평균임금 1일분의 반액, 총액이 1임금 
지급기에 있어서의 임금총액의 10분의 1을 초과하지 못한다.",감봉
인사 규정,제61조,견책,견책은 가벼운 과오에 대한 징계로 경위서를 받고 문서로 견책한다.,견책
인사 규정,제62조,경고,"경고는 가장 경미한 실책에 대하여 징계하는 것으로써 경고를 받은 날로부터 1년 이내에 
다시 경고를 받게 되는 자는 견책의 징계처분을 한다.",경고
인사 규정,제63조,손해배상,"직원이 고의 또는 중대한 과실로 예울마루에 손해를 끼쳤을 경우에는 이를 배상하여야 
한다.",손해배상
인사 규정,제64조,징계와 책임,이 규정에 의한 징계는 손해배상 및 민사상・형사상 책임에 영향을 미치지 아니한다.,"징계와,책임"
인사 규정,제65조,목적,"이 규정은 업무상 부상 또는 질병에 걸린 직원에 대하여 근로기준법 및 산업재해보상보험
법이 정하는 바에 따른 재해보상에 대해 규정함을 목적으로 한다.",목적
인사 규정,제66조,요양보상 및 휴업보상,"예울마루는 직원이 업무상 부상 또는 질병에 걸린 때에는 예울마루의 부담으로 요양시키며 
요양 기간 중에는 평균임금의 100분의 70의 휴업보상을 한다.","요양보상,휴업보상"
인사 규정,제67조,장해보상,"예울마루는 직원이 업무상 부상 또는 질병으로부터 완치된 후 의학적으로 증명된 영구
적인 신체장애가 있는 경우에는 법에 따라 장해보상을 행한다. 장해보상을 받은 사원이 
복직을 할 수 없는 경우에는 퇴직시킬 수 있다.",장해보상
인사 규정,제68조,유족보상 및 장의비,"직원이 업무상 재해로 사망한 때에는 산업재해보상보험이 정하는 바에 따라 유족보상금
과 장의비를 유족에게 지급한다. 유족보상의 수급권의 순위는 근로기준법 및 산업재해
보상보험법에 따른다.","유족보상,장의비"
인사 규정,제69조,타 보상과의 관계,"직원이 산업재해보상보험법 또는 민법 혹은 타 법 규정에 의거, 보상받을 권리가 있을 
때는 예울마루는 그 한도에 있어서 지급책임을 감면한다.","보상과의,관계"
인사 규정,제70조,관계법령 준용,이 규정에서 규정하지 아니한 재해보상에 관한 사항은 관계 법령이 정하는 바에 따른다.,"관계법령,준용"
인사 규정,제71조,목적,"이 규정은 직원의 역량과 업적을 공정하게 평가하여 승진, 보상, 직무순환 및 교육 훈
련 등 인사관리에 적극적으로 활용함으로써 예울마루의 성과창출과 직원의 성장을 도모
하기 위한 사항을 규정함을 목적으로 한다.",목적
인사 규정,제72조,적용범위,이 규정은 모든 직원의 업무수행과 연관된 정기 인사평가에 적용한다.,적용범위
인사 규정,제73조,고과원칙,"①평가는 피평가자가 수행한 직무를 통하여 표출된 역량 및 업적을 평가한다. 
②고과 결과는 승진, 교육 훈련, 전환배치, 연봉산정, 성과급의 기초자료로 활용한다.
③고과 대상 기간은 1월1일부터 12월31일까지 1년간으로 한다.
④인사고과와 관련한 평가항목, 평가 절차 등 세부사항은 별도로 정하여 운영한다.",고과원칙
급여 및 복리 후생 규정,제1조,목적,"본 규정은 재단법인 지에스칼텍스재단(이하 “법인”이라 한다)이 수탁 운영하는 GS칼텍
스 예울마루(이하 “예울마루”라 한다)에 근무하는 직원의 급여에 관한 사항을 정함을 
목적으로 한다.",목적
급여 및 복리 후생 규정,제2조,적용범위,"이 규정은 정규직원, 계약직 직원에게 적용하는 것을 원칙으로 한다. 다만 촉탁, 시간제 
근무자, 임시직에 대하여는 별도로 정하는 방법에 의한다.",적용범위
급여 및 복리 후생 규정,제3조,급여체계,"①급여는 기본급, 기본급 외의 급여(이하""수당""이라 칭한다), 상여금으로 구분한다.
②기본급 외 급여로서는 직책 수당, 시간외근무수당, 연차 휴가 수당이 있다. 다만, 규
정에서 정한 수당을 제외하고는 필요한 경우에 그 밖의 수당을 따로 정할 수 있다.",급여체계
급여 및 복리 후생 규정,제4조,급여결정,"직원에 대한 급여는 매년 물가 상승률을 고려하고, 전년도 평가 결과를 반영한 연봉제
로 결정할 수 있다.",급여결정
급여 및 복리 후생 규정,제5조,급여계산방법,"①결근, 지각, 조퇴 등으로 소정의 근로시간의 전부 또는 일부를 휴업한 경우는 그 일
수와 시간에 대한 급여는 지급하지 아니할 수 있다. 
②급여는 발령 일자로부터 계산함을 원칙으로 한다.
③직원이 타 직을 겸무할 때에는 겸무에 대한 급여를 지급하지 아니함을 원칙으로 한
다.
④급여의 일할 액은 월의 대소를 불문하고 월액의 30분의 1일로 계산하되 십원 미만
의 자리는 올림 한다.",급여계산방법
급여 및 복리 후생 규정,제6조,지급일,"급여의 계산은 당월 1일부터 당월 말일까지로 하며 매월 25일에 지급한다. 다만, 지급
일이 휴일인 경우에는 그 전날에 지급한다.",지급일
급여 및 복리 후생 규정,제7조,급여의 지급,"①급여는 지급명세서를 첨부하여 전액 본인의 예금계좌로 지급한다. 
②전항의 규정에도 불구하고 법령 또는 본인의 동의에 의해 필요한 항목은 급여에서 
공제할 수 있다.","급여의,지급"
급여 및 복리 후생 규정,제8조,신규채용자의 급여,"①신규채용자의 급여는 발령일로부터 일할 계산한다.
②발령일이 15일 이후일 경우의 해당자의 급여는 다음 달 지급일에 지급한다.","신규채용자의,급여"
급여 및 복리 후생 규정,제9조,휴직자의 급여,"①휴직기간 중에는 원칙적으로 급여를 지급하지 아니한다. 다만 다음 각 호에서 정하
는 휴직기간에는 급여를 지급한다. 
1.업무상 질병 또는 재해로 인한 경우에는 최대 1년까지 휴직을 부여할 수 있으며 이 
기간에는 급여 전액을 지급한다. 단, 계약직 직원의 경우 계약기간 만료일을 한도로 
한다. 
2.직원이 사상 또는 질병으로 인하여 근무할 수 없을 경우에는 1개월 이내의 휴직을 
부여할 수 있으며 이 기간에는 기본급 전액을 지급한다. 상기 1개월이 경과하여도 
회복되지 아니하고 계속 근무할 수 없을 때에는 추가로 5개월 이내의 병가를 부여
할 수 있으며 이 기간에는 기본급의 80%를 지급한다. 총 6개월의 휴직이 만료되어
도 회복되지 않을 때에는 다시 6개월 이내의 병가를 허용할 수 있으며 기본급의 
60%를 지급한다. 단 1년 이하 기간의 계약직 직원의 경우 1개월을 한도로 하며, 
계약직 직원의 휴직기간은 계약기간 만료일을 한도로 한다.
②제1항 1호 및 2호에 따른 휴직을 신청할 때에는 의사의 진단서 및 기타 증빙서를 
첨부하여야 한다.","휴직자의,급여"
급여 및 복리 후생 규정,제9조-1,휴직자의 급여 — 업무상 질병 또는 재해로 인한 경우에는 최대 1년까,"업무상 질병 또는 재해로 인한 경우에는 최대 1년까지 휴직을 부여할 수 있으며 이 기간에는 급여 전액을 지급한다. 단, 계약직 직원의 경우 계약기간 만료일을 한도로 한다.
(급여 및 복리 후생 규정 제9조 휴직자의 급여 제1호)","휴직자의,급여,업무상,질병,또는,재해로,인한,경우에는,최대,1년까지,휴직을,부여할,있으며,기간에는,전액을,지급"
급여 및 복리 후생 규정,제10조,비상시 지불,"직원이나 직원에 의하여 부양되는 가족이 다음 각 호에 해당하는 경우에는 본인의 신청
에 의하여 이미 근로한 임금의 전부 또는 일부를 지급한다.
1.출산할 때
2.사망, 질병, 재해를 입었을 때
3.본인이 결혼할 때
4.부득이한 사유로 7일 이상 귀향할 때
5.기타 부득이한 사정이 있다고 인정될 때","비상시,지불"
급여 및 복리 후생 규정,제10조-1,비상시 지불 — 출산할 때,"출산할 때
(급여 및 복리 후생 규정 제10조 비상시 지불 제1호)","비상시,지불,출산할"
급여 및 복리 후생 규정,제10조-2,"비상시 지불 — 사망, 질병, 재해를 입었을 때","사망, 질병, 재해를 입었을 때
(급여 및 복리 후생 규정 제10조 비상시 지불 제2호)","비상시,지불,사망,질병,재해를,입었을"
급여 및 복리 후생 규정,제10조-3,비상시 지불 — 본인이 결혼할 때,"본인이 결혼할 때
(급여 및 복리 후생 규정 제10조 비상시 지불 제3호)","비상시,지불,본인이,결혼할"
급여 및 복리 후생 규정,제10조-4,비상시 지불 — 부득이한 사유로 7일 이상 귀향할 때,"부득이한 사유로 7일 이상 귀향할 때
(급여 및 복리 후생 규정 제10조 비상시 지불 제4호)","비상시,지불,부득이한,사유로,7일,이상,귀향할"
급여 및 복리 후생 규정,제10조-5,비상시 지불 — 기타 부득이한 사정이 있다고 인정될 때,"기타 부득이한 사정이 있다고 인정될 때
(급여 및 복리 후생 규정 제10조 비상시 지불 제5호)","비상시,지불,기타,부득이한,사정이,있다고,인정될"
급여 및 복리 후생 규정,제11조,기본급,"기본급은 직원의 근무성적, 학력 및 경력을 고려하여 개별 결정한다. 단, 이사장이 정하
는 바에 따라 기본급 최대한도를 정할 수 있다. 또, 승진 시 이사장이 정하는 범위 내
에서 기본급을 인상하거나 축하금을 지급할 수 있다.",기본급
급여 및 복리 후생 규정,제12조,수습 기간 중의 급여,수습 기간 중인 직원의 급여는 기본급의 90%를 지급한다.,"수습,기간,중의,급여"
급여 및 복리 후생 규정,제13조,직책수당,"직책 수당은 그 직무와 책임에 적응하게 지급하며, 수당 금액은 별도로 정한다.",직책수당
급여 및 복리 후생 규정,제14조,시간외근무수당,"①직원이 법정 시간을 초과하여 근로한 경우, 야간(22:00 ~06:00)에 근로한 경우, 휴
일에 근로한 경우에 각각 시간급 통상임금의 50%를 가산하여 지급한다. 
②시간급 통상임금은 월 통상임금을 209시간으로 나누어 계산한다.",시간외근무수당
급여 및 복리 후생 규정,제15조,연차휴가 수당,"①직원이 연차 유급휴가를 청구하여 휴업한 경우에는 소정근로시간 근로한 경우에 지
급되는 통상임금을 지급한다.
②연차유급휴가일에 근로한 경우에는 전항의 통상임금과 휴가일에 대한 대가의 통상
임금을 아울러 지급한다.","연차휴가,수당"
급여 및 복리 후생 규정,제16조,체력단련비,"직원의 보건향상을 위하여 필요하다고 인정할 때에는 이사장이 정하는 바에 따라 체력
단련비를 지급할 수 있다.",체력단련비
급여 및 복리 후생 규정,제17조,식비,출근직원에 대하여 이사장이 정하는 범위 내에서 식비 지급 또는 식사를 제공할 수 있다.,식비
급여 및 복리 후생 규정,제18조,교통비,"직원의 출퇴근 편의를 도모하기 위하여 차량을 운행하거나 이에 상응하는 교통비를 지
급할 수 있다. 출퇴근차량 운행 또는 교통비 지급에 관한 사항은 이사장이 별도로 정한
다.",교통비
급여 및 복리 후생 규정,제19조,휴일근무수당,이사장이 정하는 범위 내에서 휴일근무수당을 지급할 수 있다.,휴일근무수당
급여 및 복리 후생 규정,제20조,통신비,이사장이 정하는 범위 내에서 통신비를 지급할 수 있다.,통신비
급여 및 복리 후생 규정,제21조,적용,"①최소 1개월을 재직한 직원에게는 상여금을 지급한다.
②상여금은 지급일의 재직자에 한하여 지급하되 지급율은 근무일에 비례하여 지급한다.",적용
급여 및 복리 후생 규정,제22조,"지급액, 지급 시기의 결정","①상여금의 연간지급액은 월급여액의 600% 내에서 지급하되 당해 연도 사업실적의 
범위 내에서 지급 또는 조정할 수 있다.
②상여금의 지급 시기는 매월 분할하여 지급하는 것을 원칙으로 한다.","지급액,지급,시기의,결정"
급여 및 복리 후생 규정,제23조,성과급/격려금,"예울마루는 매년 사업성과와 업무달성도를 고려하여 성과급/격려금 지급 여부를 결정할 
수 있으며 개인별 성과, 업적에 따라 차등 지급할 수 있다.","성과급,격려금"
급여 및 복리 후생 규정,제24조,건강보험,관계법령에서 정하는 바에 따른다.,건강보험
급여 및 복리 후생 규정,제25조,연차수당,관계 법령에서 정하는 바에 따른다.,연차수당
급여 및 복리 후생 규정,제26조,국민연금보험,관계 법령에서 정하는 바에 따른다.,국민연금보험
급여 및 복리 후생 규정,제27조,고용보험,관계 법령에서 정하는 바에 따른다.,고용보험
급여 및 복리 후생 규정,제28조,산재보험,관계 법령에서 정하는 바에 따른다.,산재보험
급여 및 복리 후생 규정,제29조,주택자금대출이자지원,"직원이 주택을 구매/임차 시 금융기관으로부터 받은 대출금 5천만원 한도 내에서 상환
이자 연 1% 를 제외한 이자를 상환 기간 최대 5년 한도로 지원한다.",주택자금대출이자지원
급여 및 복리 후생 규정,제30조,의료비 지원,"예울마루는 직원 본인 및 배우자, 미성년자인 자녀의 부상 또는 질병으로 인하여 치료
를 받은 경우에는 다음과 같이 의료비를 지원한다.
①의료비 보조금은 100% 보조하되, 신청일로부터 3개월 이내의 환자 부담금이 
50,000원을 초과하는 경우 총금액에서 50,000원을 차감하고 지급한다.

②의료비가 다음 각 목에 해당할 때에는 이를 보조하지 아니한다.
1.치료로 간주할 수 없는 성형수술 등 치료의 필요성이 희박하고 직접 보건상 무관한 
것으로 인정되는 의료비
2.간접치료제인 영양제의 값
③직원에 대한 의료비 보조금은 업무상 부상 또는 질병 및 관장이 인정하는 경우를 
제외하고 연간 2,000,000원을 초과하지 않는 범위 내에서 지급한다. 단, 동일한 대
상자가 직원 2인 이상에 해당하는 경우에는 직원 1인에게만 지급한다.","의료비,지원"
급여 및 복리 후생 규정,제30조-1,의료비 지원 — 치료로 간주할 수 없는 성형수술 등 치료의 필요성이,"치료로 간주할 수 없는 성형수술 등 치료의 필요성이 희박하고 직접 보건상 무관한 것으로 인정되는 의료비
(급여 및 복리 후생 규정 제30조 의료비 지원 제1호)","의료비,지원,치료로,간주할,없는,성형수술,치료의,필요성이,희박하고,직접,보건상,무관한,것으로,인정되는"
급여 및 복리 후생 규정,제30조-2,의료비 지원 — 간접치료제인 영양제의 값,"간접치료제인 영양제의 값
(급여 및 복리 후생 규정 제30조 의료비 지원 제2호)","의료비,지원,간접치료제인,영양제의"
급여 및 복리 후생 규정,제31조,경조금,"직원 및 그 가족에게 경조 사항이 발생하였을 경우에는 경조금을 지급할 수 있다. 단, 
동일한 대상자가 직원 2인 이상에 해당하는 경우에는 직원 1인에게만 지급한다.(별표 
1 경조금 지급 기준 참조)",경조금
급여 및 복리 후생 규정,제32조,종합건강진단,만35세 이상 임직원에 대하여는 연 1회 종합건강진단을 실시한다.,종합건강진단
급여 및 복리 후생 규정,제33조,자녀학자금,"①예울마루는 이사장이 정하는 범위 내에서 임직원의 자녀에 대해 학자금을 지급할 
수 있다. 
②전항의 학자금 지급기준은 다음과 같다.
1.지원대상: 예울마루에 근무 중인 임직원 직계 자녀로서 초등학교, 중학교, 고등학
교, 대학에 입학 또는 재학 중인 자녀로 한다.
2.지원범위
  가. 임직원의 직계 자녀의 대학교 등록금 100%를 지원한다. 단, 자녀 수 제한은 없
으며, 대학 학기는 정규 수업연한은 2년제는 4학기, 4년제는 8학기, 6년제는 12
학기로 한다.
  나. 이사장이 정하는 범위 내에서 임직원의 직계 자녀의 초등학교, 중학교, 고등학교 
입학축하금을 지급한다. 
  다. 등록금이라 함은 입학금, 수업료, 육성회비, 실험실습비, 자율적 경비 및 이에 준
하는 것으로 매기별로 정례적, 규칙적으로 납부하는 금액을 말한다.
③학자금을 지급받고자 하는 자는 신청서에 다음 서류를 첨부하여야 한다.
1.등록금 납부고지서 또는 납부필 영수증
2.주민등록등본 또는 호적등본(최초지급 시)",자녀학자금
급여 및 복리 후생 규정,제33조-1,자녀학자금 — 지원대상,"지원대상: 예울마루에 근무 중인 임직원 직계 자녀로서 초등학교, 중학교, 고등학 교, 대학에 입학 또는 재학 중인 자녀로 한다.
(급여 및 복리 후생 규정 제33조 자녀학자금 제1호)","자녀학자금,지원대상,예울마루에,근무,중인,임직원,직계,자녀로서,초등학교,중학교,고등학,대학에,입학,또는,재학"
급여 및 복리 후생 규정,제33조-2,자녀학자금 — 지원범위 가. 임직원의 직계 자녀의 대학교 등록금,"지원범위 가. 임직원의 직계 자녀의 대학교 등록금 100%를 지원한다. 단, 자녀 수 제한은 없 으며, 대학 학기는 정규 수업연한은 2년제는 4학기, 4년제는 8학기, 6년제는 12 학기로 한다. 나. 이사장이 정하는 범위 내에서 임직원의 직계 자녀의 초등학교, 중학교, 고등학교 입학축하금을 지급한다. 다. 등록금이라 함은 입학금, 수업료, 육성회비, 실험실습비, 자율적 경비 및 이에 준 하는 것으로 매기별로 정례적, 규칙적으로 납부하는 금액을 말한다.
(급여 및 복리 후생 규정 제33조 자녀학자금 제2호)","자녀학자금,지원범위,임직원의,직계,자녀의,대학교,등록금,100를,지원한다,자녀,제한은,으며,대학"
급여 및 복리 후생 규정,제33조-1,자녀학자금 — 등록금 납부고지서 또는 납부필 영수증,"등록금 납부고지서 또는 납부필 영수증
(급여 및 복리 후생 규정 제33조 자녀학자금 제1호)","자녀학자금,등록금,납부고지서,또는,납부필,영수증"
급여 및 복리 후생 규정,제33조-2,자녀학자금 — 주민등록등본 또는 호적등본(최초지급 시),"주민등록등본 또는 호적등본(최초지급 시)
(급여 및 복리 후생 규정 제33조 자녀학자금 제2호)","자녀학자금,주민등록등본,또는,호적등본,최초지급"
급여 및 복리 후생 규정,제34조,재해 부조금,"임직원이 수해, 화재, 기타 비상 재해로 인하여 재산상의 손해를 받았을 때에는 기본급
의 100% 이내에서 재해부조금을 지급할 수 있다.","재해,부조금"
급여 및 복리 후생 규정,제35조,축하금,"이사장이 정하는 범위 내에서 근로자의 날, 생일, 재단 창립기념일에 축하금을 지급할 
수 있다.",축하금
급여 및 복리 후생 규정,제36조,하계휴가 및 휴가비,하계휴가(4일)와 이사장이 정하는 범위 내에서 하계휴가비를 지급할 수 있다.,"하계휴가,휴가비"
급여 및 복리 후생 규정,제37조,근무복 지급,이사장이 정하는 범위 내에서 근무복을 지급할 수 있다.,"근무복,지급"
급여 및 복리 후생 규정,제38조,기타 복리후생,이 규정에서 규정되지 않은 다른 복리후생은 이사장이 별도로 정할 수 있다.,"기타,복리후생"
급여 및 복리 후생 규정,별표1,경조금 지급 기준,"구 분
휴가일수
1)
경조금
2)
화환
장례
3)
  
지원
경조
사유
관계
지급률
(%)
지급액
(원)
결혼
본인7100-Y-
자녀2100-Y-
형제자매
(배우자형제자매 
포함)
130-N-
팔순부모, 배우자 부모--500,000N-
칠순부모, 배우자 부모--500,000N-
회갑
부모, 배우자 부모250-N-
본인, 배우자-100-N-
사망
부모, 배우자 부모6100-YY
외·조부모330-NN
외·조부모(승중손)6100-YY
배우자6200-YY
본인-200-YY
자녀5100-NY
형제자매
(배우자형제자매 
포함)
230-NN
1) 인사 규정 제4장 제31조(특별휴가)에 근거한다.
2) 경조금 지급금액은 기본급×지급률로 한다. 단, 칠순, 팔순은 표시된 정액으로 한다.
3) 현금(45만원) 지원","경조금,지급,기준"
급여 및 복리 후생 규정,별표1-1,경조 — 결혼 · 본인,"결혼 (본인): 휴가 7일 · 경조금 기본급×100% · 화환 O · 장례지원 X
※ 휴가일수=인사 규정 제31조(특별휴가), 경조금=급여 및 복리 후생 규정 별표1","결혼,본인,경조,경조금,휴가,결혼식,혼인"
급여 및 복리 후생 규정,별표1-2,경조 — 결혼 · 자녀,"결혼 (자녀): 휴가 2일 · 경조금 기본급×100% · 화환 O · 장례지원 X
※ 휴가일수=인사 규정 제31조(특별휴가), 경조금=급여 및 복리 후생 규정 별표1","결혼,자녀,경조,경조금,휴가,결혼식,혼인"
급여 및 복리 후생 규정,별표1-3,경조 — 결혼 · 형제자매(배우자형제자매포함),"결혼 (형제자매(배우자형제자매포함)): 휴가 1일 · 경조금 기본급×30% · 화환 X · 장례지원 X
※ 휴가일수=인사 규정 제31조(특별휴가), 경조금=급여 및 복리 후생 규정 별표1","결혼,형제자매,배우자형제자매포함,경조,경조금,휴가,결혼식,혼인"
급여 및 복리 후생 규정,별표1-4,"경조 — 팔순 · 부모, 배우자 부모","팔순 (부모, 배우자 부모): 경조금 500,000원 (정액) · 화환 X · 장례지원 X
※ 휴가일수=인사 규정 제31조(특별휴가), 경조금=급여 및 복리 후생 규정 별표1","팔순,부모,배우자,경조,경조금,휴가"
급여 및 복리 후생 규정,별표1-5,"경조 — 칠순 · 부모, 배우자 부모","칠순 (부모, 배우자 부모): 경조금 500,000원 (정액) · 화환 X · 장례지원 X
※ 휴가일수=인사 규정 제31조(특별휴가), 경조금=급여 및 복리 후생 규정 별표1","칠순,부모,배우자,경조,경조금,휴가"
급여 및 복리 후생 규정,별표1-6,"경조 — 회갑 · 부모, 배우자 부모","회갑 (부모, 배우자 부모): 휴가 2일 · 경조금 기본급×50% · 화환 X · 장례지원 X
※ 휴가일수=인사 규정 제31조(특별휴가), 경조금=급여 및 복리 후생 규정 별표1","회갑,부모,배우자,경조,경조금,휴가"
급여 및 복리 후생 규정,별표1-7,"경조 — 회갑 · 본인, 배우자","회갑 (본인, 배우자): 경조금 기본급×100% · 화환 X · 장례지원 X
※ 휴가일수=인사 규정 제31조(특별휴가), 경조금=급여 및 복리 후생 규정 별표1","회갑,본인,배우자,경조,경조금,휴가"
급여 및 복리 후생 규정,별표1-8,"경조 — 사망 · 부모, 배우자 부모","사망 (부모, 배우자 부모): 휴가 6일 · 경조금 기본급×100% · 화환 O · 장례지원 O
※ 휴가일수=인사 규정 제31조(특별휴가), 경조금=급여 및 복리 후생 규정 별표1","사망,부모,배우자,경조,경조금,휴가,장례,조의,부고,돌아가"
급여 및 복리 후생 규정,별표1-9,경조 — 사망 · 외·조부모,"사망 (외·조부모): 휴가 3일 · 경조금 기본급×30% · 화환 X · 장례지원 X
※ 휴가일수=인사 규정 제31조(특별휴가), 경조금=급여 및 복리 후생 규정 별표1","사망,조부모,경조,경조금,휴가,장례,조의,부고,돌아가"
급여 및 복리 후생 규정,별표1-10,경조 — 사망 · 외·조부모(승중손),"사망 (외·조부모(승중손)): 휴가 6일 · 경조금 기본급×100% · 화환 O · 장례지원 O
※ 휴가일수=인사 규정 제31조(특별휴가), 경조금=급여 및 복리 후생 규정 별표1","사망,조부모,승중손,경조,경조금,휴가,장례,조의,부고,돌아가"
급여 및 복리 후생 규정,별표1-11,경조 — 사망 · 배우자,"사망 (배우자): 휴가 6일 · 경조금 기본급×200% · 화환 O · 장례지원 O
※ 휴가일수=인사 규정 제31조(특별휴가), 경조금=급여 및 복리 후생 규정 별표1","사망,배우자,경조,경조금,휴가,장례,조의,부고,돌아가"
급여 및 복리 후생 규정,별표1-12,경조 — 사망 · 본인,"사망 (본인): 경조금 기본급×200% · 화환 O · 장례지원 O
※ 휴가일수=인사 규정 제31조(특별휴가), 경조금=급여 및 복리 후생 규정 별표1","사망,본인,경조,경조금,휴가,장례,조의,부고,돌아가"
급여 및 복리 후생 규정,별표1-13,경조 — 사망 · 자녀,"사망 (자녀): 휴가 5일 · 경조금 기본급×100% · 화환 X · 장례지원 O
※ 휴가일수=인사 규정 제31조(특별휴가), 경조금=급여 및 복리 후생 규정 별표1","사망,자녀,경조,경조금,휴가,장례,조의,부고,돌아가"
급여 및 복리 후생 규정,별표1-14,경조 — 사망 · 형제자매(배우자형제자매포함),"사망 (형제자매(배우자형제자매포함)): 휴가 2일 · 경조금 기본급×30% · 화환 X · 장례지원 X
※ 휴가일수=인사 규정 제31조(특별휴가), 경조금=급여 및 복리 후생 규정 별표1","사망,형제자매,배우자형제자매포함,경조,경조금,휴가,장례,조의,부고,돌아가"
퇴직금 지급 규정,제1조,목적,"본 규정은 재단법인 지에스칼텍스재단(이하 “법인”이라 한다)이 수탁 운영하는 GS칼텍
스 예울마루(이하 “예울마루”라 한다) 직원의 퇴직금 지급에 관한 사항을 규정함을 목
적으로 한다.",목적
퇴직금 지급 규정,제2조,적용대상,퇴직금은 계속근로기간이 1년 이상인 근로자에 대하여 적용한다.,적용대상
퇴직금 지급 규정,제3조,퇴직금,"퇴직금은 계속근로기간이 1년 이상인 근로자가 퇴직할 경우 계속근로기간 1년에 대하
여 30일분의 평균임금의 퇴직금으로 지급한다. 계속 근무 연수 1년을 초과한 월, 일에 
대하여는 월할, 일할 계산한다.",퇴직금
퇴직금 지급 규정,제4조,근속기간,"근속기간은 채용 일자로부터 계산한다. 직원이 임시 또는 수습직원으로 처음 채용되고 
그 후 정규직원으로 계속 근무한 경우에는 임시 또는 수습직원으로 채용된 첫날부터 계
산된다. 그러나 정직 기간(징계휴직) 및 인사 규정 제4장 제37조 6호에 해당하는 기간
은 근속기간에 산입되지 아니한다.",근속기간
퇴직금 지급 규정,제5조,퇴직연금제,"“근로자 퇴직급여 보장법”에 따라 퇴직금을 지급하되, 퇴직연금제를 도입하여 지급할 
수 있다.",퇴직연금제
퇴직금 지급 규정,제6조,월평균 임금,"①월평균 임금은 퇴직발효일 이전 3개월간에 지급된 급료총액(상여금 포함)을 3으로 
나누어 계산한다. 단, 급여 및 복리후생규정 제2장 제10조에 해당하는 사유로 퇴직
하는 직원에 대한 월평균 임금의 산정일은 근속기간 중 기 지급된 급료총액이 가장 
많은 연속3개월로 한다. 
②월평균 임금 산정에 있어서 월평균 상여금에 대한 계산은 상여금 규정에 의거 명시
된 퇴직일 이전 1년간 지급된 상여금 총액의 1/12 에 해당한다.
③월평균 임금 산정에 있어서 포함되는 임금은 단체협약 또는 취업규칙에서 근로조건
의 하나로서 지급된 임금 기타 근로의 대가로 지급된 임금에 한한다.
④퇴직발효일 이전 3개월간에 발생한 무급휴가 또는 무급정직 기간도 3개월 산정에 
포함한다.
⑤전항의 규정에 의하여 산출된 금액이 당해 직원의 통상 임금보다 저액인 경우에는 
통상임금을 평균임금으로 한다.","월평균,임금"
퇴직금 지급 규정,제7조,지급,"본 규정에 따라 직원에게 지급할 퇴직금은 퇴직일로부터 14 일 이내에 통화로 일시에 

지급된다. 퇴직직원은 퇴직금이 지급되기 전에 신분증을 포함한 그에게 맡겨진 모든 예
울마루 비품과 자재를 청산 및 반환하여야 하며 예울마루와의 금전 관계를 청산하여야 
한다.",지급
퇴직금 지급 규정,제8조,퇴직금 수령권자,"①퇴직금의 수령은 퇴직자가 생존 시에는 본인 또는 그 위임자, 사망 시에는 그 유족
이 한다.
②유족의 범위 및 순위는 근로기준법 시행령 제48조에 정한 바에 의한다.","퇴직금,수령권자"
출장여비 규정,제1조,목적,"본 규정은 재단법인 지에스칼텍스재단(이하“법인”이라 한다)이 수탁 운영하는 GS칼텍
스 예울마루(이하“예울마루”라 한다)에 근무하는 직원이 업무수행을 위하여 국내ᆞ외로 
출장을 갈 경우 지급할 여비의 지급기준과 이동 시의 제반 절차를 규정함을 목적으로 
한다.",목적
출장여비 규정,제2조,총칙,"①여비는 순로(順路)에 의하여 계산한다. 단, 업무의 형편 또는 부득이한 사유로 순로
(順路)를 변경하였을 경우에는 실제 통과한 경로에 의한다.
②여비는 임지를 계산의 기점 또는 종점으로 한다. 그러나 임지 외에 체재 중 타지에 
출장의 명을 받은 때에는 그곳을 기점으로 한다.
③예울마루가 제공하는 교통편으로 여행할 경우에는 교통비를 지급하지 아니한다.
④사외로부터 여비 중 시외교통비와 숙박비의 전부 또는 일부를 지급 받은 경우에는 
그 부분의 여비는 지급하지 아니한다.
⑤출장 중 자격이 변경되었을 때에는 그 발령일로부터 신자격에 의한 여비를 지급한
다.",총칙
출장여비 규정,제3조,여비의 구분,"①여비는 국내여비와 국외여비로 구분한다. 
②여비 중 교통비는 철도, 버스, 선박, 항공 운임 및 업무수행 중 발생되는 현지교통비
(버스 및 택시 등)을 말한다. 
③국외여비는 전항 외에 준비금(예방 주사료, 여권 교부수수료, 사정 수수료, 외화교환
수수료 또는 출입 국세 등)을 지급할 수 있다.
④본인 및 예울마루 차량을 이용하는 경우는 해당 교통비 범위 내에서 유류비 및 통
행료 영수증으로 실비 정산할 수 있다.
⑤여비 중 일당은 출장 업무 수행 중 발생되는 식비 등 기타경비를 말한다.","여비의,구분"
출장여비 규정,제4조,여비지급,"출장 원의 결재를 받은 임원 및 직원에게는 여비를 지급할 수 있으며 수행자 및 동반자
의 여비는 상급자에게 일괄 지급할 수 있다.",여비지급
출장여비 규정,제5조,여비의 정산,"①임원 및 직원이 직무로 여비를 수령하여 출장업무를 수행한 자는 귀사 후3일 이내
에 거래 증빙서를 첨부하여 여비를 정산하여야 한다. 단, 거래 증빙서를 받을 수 없
는 경우에는 출장 원으로 거래 증빙을 갈음할 수 있다.

②출장업무를 수행한 자는 출장 결과를 귀사 후 3일 이내에 소속 부서장에게 보고하
여야 한다.","여비의,정산"
출장여비 규정,제6조,출장여비의 반환,"①출장이 취소된 경우
②출장 단축 시 그 해당 잔액
③출장지 변경 시 그 해당 잔액","출장여비의,반환"
출장여비 규정,제7조,국내 출장여비,"국내 출장여비는 교통비, 숙박비 및 일당으로 구분하여 별표1 국내 여비지급표 한도 내
에서 지급한다.","국내,출장여비"
출장여비 규정,제8조,교통기관 선택,출장자는 출장목적을 가장 효율적으로 수행할 수 있는 교통기관을 선택하여야 한다.,"교통기관,선택"
출장여비 규정,제9조,여비정산,"①교통비는 별표1 국내여비지급표에 의하여 이를 계산한다. 단, 예울마루 차량을 이용
하는 구간은 교통비에서 제외한다.
②일당은 출장일수에 따라 계산하되, 그 기산은 오전 0시부터 하며 1일 미만의 단수
는 1일로 계산한다.
③숙박료는 숙박한 일수에 따라 계산하되, 오전 0시를 경과함으로써 이를 1박으로 한
다. 야간침대차 또는 선 중에서 숙박한 때에는 숙박료를 지급하지 아니한다.
④예울마루 시설이 있는 곳에 여행할 경우에는 이를 이용함을 원칙으로 한다. 이 경우
에는 숙박료를 지급하지 아니한다.",여비정산
출장여비 규정,제10조,당일출장,"①당일 재근지로 귀환하는 재근지외의 출장에는 교통비와 '별표1'의 소정의 일당을 지
급한다. 이 경우 일당은 출장 시간이 8시간 이상인 경우에 한하여 지급한다. 재근지
외라 함은 근무지로부터 80KM를 초과한 지역을 말한다.
②상기 1항의 출장 시간이 8시간 미만인 경우 및 재근지 내의 출장에는 교통비 및 식
비를 지급한다.",당일출장
출장여비 규정,제11조,국내 장기출장여비,"동일 지역 내에 1개월을 초과하여 체재하는 장기출장/파견의 경우에는 사안별로 출장/
파견 전결권자가 정하여 지급한다.","국내,장기출장여비"
출장여비 규정,제12조,국외 출장여비,"①국외 출장여비는 교통비, 숙박비 및 일당으로 구분하여 별표2 한도 내에서 지급하는 
것을 원칙으로 한다. '일당'은 식비, 시내교통비 및 일용 잡비를 포함하며, ' 교통비' 
는 항공요금, 도시 간 교통비 등을 포함한다.
②유관단체 및 협력업체에 합류하여 해외 출장을 하는 경우에는 유관단체 및 협력업
체의 지급기준에 따르며, 이때 교통비 및 일당은 별도로 지급할 수 있다.
③업무 수행상 부득이할 때는 여비 외에 준비금을 지급할 수 있다. 단, 준비금은 귀사 
후 3일 이내에 정산하여야 한다.
④임직원이 본국에서 국외로 출장할 경우 기준은 임원은 2등석, 직원은 3등석으로 한
다. 
⑤여비는 출장의 목적, 출장 기간, 출장 국가의 경제적 지역적 여건 등을 감안하여 상
임이사의 승인에 의해 감액 또는 증액할 수 있다.","국외,출장여비"
출장여비 규정,제13조,여비정산,"①출장경비는 별표2 국외 숙박비 지급 표에 의하여 계산한다.
②일당은 출장일수, 숙박비는 숙박일수에 따라 이를 계산한다.",여비정산
출장여비 규정,별표1,국내 여비 지급표,"구  분
시내 및 시외교통비
(택시, 버스, 철도, 
항공 등)
일당
(식사 등 기타경비)
숙박비
임원/관장실비실비실비
팀장
실비실비(1박 3만원 한도 내)
실비(1박 10만원 한도 
내)
직원
※ 팀장/직원은 철도 일반실, 항공 이코노미석을 기준으로 한다. 단, 임원/관장을 수행  
하는 경우 예외로 할 수 있다.","국내,여비,지급표"
출장여비 규정,별표2,국외 숙박비 지급표,"구분
북미,유럽,대양주 (US$)일본(100￥)기타지역(US$)
숙박비상한선
일당
숙박비 
상한선
일당
숙박비 상한선
일당
뉴욕 외
하기도시*
기타
도시
동경/
오사카
기타
도시
홍콩/
싱가폴
기타
도시
임원/관장180160140280260200180150130
팀장170150120260240170170140110
팀원16014010023021015016013590
비고 : *워싱턴, LA, 샌프란시스코, 시카고, 달라스, 휴스턴, 필라델피아, 샌디에고,     
호놀룰루, 런던, 파리, 프랑크푸르트, 취리히","국외,숙박비,지급표"
임시직 운영 규정,제1조,목적,"본 규정은 재단법인 지에스칼텍스재단(이하 “법인”이라 한다)이 수탁 운영하는 GS칼텍
스 예울마루(이하 “예울마루”이라 한다)에 근무하는 임시직의 인사, 복무 관리 등에 관
하여 필요한 사항을 정하여 인력관리의 효율성과 유연성을 높이는 것을 목적으로 한다.",목적
임시직 운영 규정,제2조,정의,"①“임시직 근로자”라 함은 예울마루의 행정수요 및 사업환경의 변화 등으로 일시적･간
헐적 업무 수행을 위하여 한시적으로 고용된 직원 또는 1주간 소정근로시간이 40시
간 미만인 직원 등 다음 각 목의 어느 하나에 해당하는 직원을 말한다. 
1.예울마루가 수행하는 사업을 보조하기 위해 2년 이하의 기간을 정하여 고용된 직원
2.특정업무 수행을 보조하기 위한 인력으로 2년 이하의 기간을 정하여 고용된 직원
3.임시적･일시적 필요에 의해 1개월 이내의 기간을 정하여 사용하는 직원(일용직을 
포함한다.)
4.임시적･일시적 필요에 의해 고용된 단시간 근로 직원
5.기타 임시직 직종으로 채용된 직원
②“임금”라 함은 근로에 대한 대가로서 임시직에게 지급된 일체의 금품을 말한다.
③“직종”이라 함은 채용목적, 업무의 성격에 따라 계약기간 등이 구분된 직무의 종류
를 말한다.",정의
임시직 운영 규정,제2조-1,정의 — 예울마루가 수행하는 사업을 보조하기 위해 2년 이하,"예울마루가 수행하는 사업을 보조하기 위해 2년 이하의 기간을 정하여 고용된 직원
(임시직 운영 규정 제2조 정의 제1호)","정의,예울마루가,수행하는,사업을,보조하기,위해,2년,이하의,기간을,정하여,고용된,직원"
임시직 운영 규정,제2조-2,정의 — 특정업무 수행을 보조하기 위한 인력으로 2년 이하의,"특정업무 수행을 보조하기 위한 인력으로 2년 이하의 기간을 정하여 고용된 직원
(임시직 운영 규정 제2조 정의 제2호)","정의,특정업무,수행을,보조하기,위한,인력으로,2년,이하의,기간을,정하여,고용된,직원"
임시직 운영 규정,제2조-3,정의 — 임시적･일시적 필요에 의해 1개월 이내의 기간을 정,"임시적･일시적 필요에 의해 1개월 이내의 기간을 정하여 사용하는 직원(일용직을 포함한다.)
(임시직 운영 규정 제2조 정의 제3호)","정의,임시적일시적,필요에,의해,1개월,이내의,기간을,정하여,사용하는,직원,일용직을,포함한다"
임시직 운영 규정,제2조-4,정의 — 임시적･일시적 필요에 의해 고용된 단시간 근로 직원,"임시적･일시적 필요에 의해 고용된 단시간 근로 직원
(임시직 운영 규정 제2조 정의 제4호)","정의,임시적일시적,필요에,의해,고용된,단시간,근로,직원"
임시직 운영 규정,제2조-5,정의 — 기타 임시직 직종으로 채용된 직원,"기타 임시직 직종으로 채용된 직원
(임시직 운영 규정 제2조 정의 제5호)","정의,기타,임시직,직종으로,채용된,직원"
임시직 운영 규정,제3조,적용범위,"이 규정은 다른 법령에 특별히 정한 것을 제외하고 임시직 직종으로 채용된 모든 직원
에 적용하되, 다음 각 호의 직원은 제외한다.
1.정규업무 수행목적으로 채용된 계약직 직원
2.사업목적 계약직
3.기타 별도의 내규에 의해 채용된 직원",적용범위
임시직 운영 규정,제3조-1,적용범위 — 정규업무 수행목적으로 채용된 계약직 직원,"정규업무 수행목적으로 채용된 계약직 직원
(임시직 운영 규정 제3조 적용범위 제1호)","적용범위,정규업무,수행목적으로,채용된,계약직,직원"
임시직 운영 규정,제3조-2,적용범위 — 사업목적 계약직,"사업목적 계약직
(임시직 운영 규정 제3조 적용범위 제2호)","적용범위,사업목적,계약직"
임시직 운영 규정,제3조-3,적용범위 — 기타 별도의 내규에 의해 채용된 직원,"기타 별도의 내규에 의해 채용된 직원
(임시직 운영 규정 제3조 적용범위 제3호)","적용범위,기타,별도의,내규에,의해,채용된,직원"
임시직 운영 규정,제4조,임시직의 채용계획,"임시직을 사용하고자 하는 부서는 인력운영계획을 수립하여 상임이사의 승인을 득하여
야 한다. 단, 제2조 제1항 제3호 및 제4호에 해당하는 경우에는 관장의 승인으로 갈음
할 수 있다.","임시직의,채용계획"
임시직 운영 규정,제5조,자격조건,"예울마루는 각 부서에서 수행할 업무의 성격을 감안하여 임시직의 필요한 자격조건을 
정할 수 있다.",자격조건
임시직 운영 규정,제6조,전형방법,"서류심사, 인성검사, 면접 및 신체검사로 한다. 다만, 필요에 따라 전형방법을 추가 또
는 생략할 수 있다.",전형방법
임시직 운영 규정,제7조,선발기준,"임시직의 선발은 채용하는 직위, 기타 업무 수행에 적당한 내용을 기준으로 한다.",선발기준
임시직 운영 규정,제8조,합격자 결정,"전형 결과 종합성적이 양호하며, 건강에 이상이 없는 자를 합격자로 한다. 다만, 신체검
사 결과 건강에 이상이 있어 예울마루 업무 수행이 어렵다고 판단되는 자는 불합격으로 
처리한다.","합격자,결정"
임시직 운영 규정,제9조,채용 제한 사유,"①금치산자 및 한정치산자
②파산선고를 받고 복권되지 아니한 자
③금고 이상의 형을 받고 그 집행이 종료된 후 3년이 경과하지 아니한 자
④법률에 의하여 공민권이 정지 또는 박탈된 자
⑤전 직장에서 징계처분에 의하여 해고된 자
⑥신원이 불확실하거나 병역을 기피한 자
⑦기타 예울마루의 업무 수행에 부적합하다고 인정되는 자","채용,제한,사유"
임시직 운영 규정,제10조,근로계약의 체결,"①임시직 근로자를 채용할 경우 별지서식 제1호 및 제2호의 근로계약서를 참고하여 
근로계약을 체결하여야 하며, 채용기간을 연장하는 경우에도 근로계약을 다시 체결
하여야 한다. 
②근로계약서는 2부를 작성하여 사용부서와 근로자가 각 1부씩 보관한다.
③사업환경 변화 등으로 인해 근무시간 등 근로조건의 변경이 있을 시 별지서식 제1
호 및 제2호의 근로계약서를 변경하여 사용한다.
④근로계약서에는 근로계약기간, 임금, 근로시간, 휴게, 휴일, 휴가 등의 근로조건을 
필수적으로 포함하고, 예울마루의 사정에 따라 담당업무의 특성을 감안하여 필요한 
사항을 추가할 수 있다.","근로계약의,체결"
임시직 운영 규정,제11조,복무 준수사항,"①임시직 근로자는 예울마루의 규정 및 내규, 기타 제반 법령을 준수하고 맡은 바 책

임을 성실하고 신속, 정확하게 완수하여야 한다.
②임시직 근로자는 재직 중은 물론, 퇴직 후에도 업무상 비밀을 누설하지 않아야 하
며, 비밀 누설로 인한 손해는 예울마루에 배상하여야 한다.","복무,준수사항"
임시직 운영 규정,제12조,근로시간,"①임시직 근로자의 소정 근로시간은 주40시간, 1일 8시간을 기준으로 하되 채용목적
에 따라 별도로 정할 수 있다. 
②연장근로는 1주간 12시간을 한도로 임시직 근로자의 동의하에 실시할 수 있다.",근로시간
임시직 운영 규정,제13조,휴게,"임시직 근로자의 근로시간이 4시간인 경우에는 30분, 8시간인 경우에는 1시간의 휴게
시간을 부여하되, 업무사정을 고려해 시간을 달리하여 정할 수 있다.",휴게
임시직 운영 규정,제14조,휴일,"①1주 동안 소정 근로 일을 개근한 임시직 근로자에게 주휴일을 부여하되, 각 업무 특
성에 따라 주휴일을 달리 정할 수 있다. 
②법정공휴일, 재단 창립기념일(8월 1일), 그 밖에 정부가 임시공휴일로 지정한 날은 
유급휴일로 한다.
③근로자의 날(5월 1일)은 유급휴일로 한다.",휴일
임시직 운영 규정,제15조,보상휴가 및 휴일대체,"①예울마루는 근로자대표와 서면합의 할 경우 연장근로･야간근로 및 휴일근로에 대하
여 임금을 지급하는 것을 갈음하여 휴가를 줄 수 있다.
②예울마루는 각 임시직 근로자에게 특정된 휴일을 근로일로 하고 대신 통상의 근로
일을 휴일로 대체할 수 있다.
③제2항에 따라 휴일을 대체할 경우 미리 근로자에게 동의를 얻어야 한다.","보상휴가,휴일대체"
임시직 운영 규정,제16조,연차 유급휴가,"①예울마루는 1년간 8할 이상 출근한 임시직 직원에 대하여 15일의 연차유급휴가를 
준다. 
②계속 근로연수가 1년 미만인 직원에 대하여는 1월간 개근 시 1일의 연차유급휴가를 
부여한다. 단, 1주간 소정근로시간이 15시간 미만인 근로자는 그러하지 아니한다.
③예울마루가 근로기준법에 따라 연차휴가사용을 촉진하였음에도 연차휴가를 소멸 기
간내에 사용하지 아니한 경우에는 예울마루는 미사용연차수당의 지급책임을 면한다.
④연차휴가는 임시직 근로자의 신청에 의해 오전 또는 오후로 2회 분할하여 사용할 
수 있다. 
⑤휴가에 관한 기타사항은 근로기준법을 따른다.","연차,유급휴가"
임시직 운영 규정,제17조,모성보호 휴가 및 휴직,"임시직 근로자의 출산전후휴가, 배우자출산휴가, 생리휴가, 육아휴직, 육아기근로시간단
축 기타 모성보호 휴가 및 휴직제도는 근로기준법 등 노동관계 법령에서 정한 바에 따
른다.","모성보호,휴가,휴직"
임시직 운영 규정,제18조,공민권 행사,"①예울마루는 임시직 근로자가 근무시간 중 선거권 그 밖의 공민권을 행사하거나 공
(公)의 직무를 수행하기 위하여 청구할 경우에는 필요한 시간을 부여한다.
②예울마루는 제1항의 권리 행사나 공(公)의 직무를 수행하는데 지장이 없는 범위 내
에서 임시직 근로자가 청구한 시간을 변경할 수 있다.","공민권,행사"
임시직 운영 규정,제19조,출장,"①예울마루는 업무 수행을 위하여 필요한 경우 임시직 근로자에게 출장을 명할 수 있다.
②예울마루는 출장여비규정에 따라 행선지별 여비, 숙박비, 현지 교통비 등 실비에 충
당될 수 있는 비용을 지급할 수 있다.",출장
임시직 운영 규정,제20조,임금,"①임시직 근로자의 임금은 예산의 범위 내에서 담당업무의 전문성, 난이도 및 자격조
건, 다른 임시직 근로자와의 형평성 등을 고려하여 결정한다.
②임시직 근로자가 제12조 1항에서 규정한 근무시간을 초과하여 근무하거나, 야간
(22:00~익일 06:00), 휴일에 근로한 경우에는 예산의 범위 내에서 수당을 지급하
여야 한다. 다만, 근로형태 또는 업무의 성질상 일정 시간에 대한 연장･야간 또는 
휴일근로수당을 월 임금액에 포함하는 근로계약을 체결한 경우에는 개별 근로계약
에서 정한 바에 따른다.
③필요한 경우 예울마루 급여 및 복리후생규정 제4장 내지 제5장에 준하는 기준에 따
라 수당 및 상여금을 별도로 정할 수 있다. 
④제2조 제1항 제1호 내지 제2호에 해당하는 임시직 근로자의 임금의 계산은 당월 초
일부터 말일까지 산정기간으로 하여 당월 25일에 지급하고, 제2조 제1항 제3호 및 
제4호에 해당하는 임시직 근로자의 임금의 계산은 당월 초일부터 말일까지 산정기
간으로 하여 익월 10일에 임시직 근로자에게 지급한다. 다만, 지급일이 휴일인 경우
에는 그 전일에 지급한다. 
⑤1개월 이상 근로한 중도 퇴사자 등에 대한 임금은 사유발생일을 기준으로 그 월액
을 일할 계산하여 지급한다. 
⑥제2조 제1항 제3호 및 제4호에 해당하는 임시직 근로자의 임금은 시간급 또는 일당
으로 계산하여 지급한다. 다만, 주급 또는 특정기간에 대한 임금약정을 한 경우에는 
개별근로계약에 따른다. 
⑦결근 등 근로하지 아니한 날에 대한 임금은 해당 일분을 감하여 지급한다.",임금
임시직 운영 규정,제21조,사회보험,"①임시직 근로자에 대한 사회보험(산재보험, 건강보험, 고용보험, 국민연금)은 각 법
령에서 정한 기준에 따라 가입시켜야 한다. 다만, 1주간 소정의 근로시간이 15시간 
미만의 근로자에 대하여는 건강보험, 고용보험 및 국민연금에 가입하지 아니할 수 
있다. 

②임시직근로자의 보수를 지급할 때는 제1항의 보험료 중 임시직 근로자 부담분을 공
제한다.",사회보험
임시직 운영 규정,제22조,특별휴가,"예울마루는 다음에 해당하는 임시직 근로자에 대하여는 그 청구에 따라 특별 휴가를 줄 
수 있다.
①본인 결혼 : 7일
②자녀 결혼 : 2일
③형제자매(배우자 형제자매 포함) 결혼 : 1일
④부모(배우자 부모 포함) 회갑 : 2일
⑤부모(배우자 부모 포함) 사망 : 6일
⑥외·조부모 사망 : 3일(승중손 6일)
⑦배우자 사망 : 6일
⑧자녀 사망 : 5일
⑨형제자매(배우자 형제자매 포함) : 2일",특별휴가
임시직 운영 규정,제23조,교육,"①예울마루는 임시직 근로자의 인격을 도야하고 업무지식 및 기술을 향상시키기 위한 
교육을 실시할 수 있다. 
②교육에 관하여 필요한 사항은 별도로 정하는 바에 의한다.",교육
임시직 운영 규정,제24조,안전 및 보건,"①예울마루는 재해방지를 위하여 직원에게 안전 및 보건교육을 실시한다.
②직원은 안전에 관한 제법령 및 예울마루의 규정을 준수하며 재해방지에 노력하여야 
한다.
③안전, 보건에 관한 사항은 별도로 정하는 바에 의한다.","안전,보건"
임시직 운영 규정,제25조,건강진단,"예울마루는 직원의 채용 시와 채용된 후 건강보호, 유지를 위하여 산업안전보건법이 정
하는 바에 따라 매년 1회 일반 건강진단을 실시한다. 단, 사무직은 매 2년에 1회 실시
한다.",건강진단
임시직 운영 규정,제26조,포상,"임시직 근로자가 아래 각호의 어느 하나에 해당하는 경우에는 이를 심사하여 포상할 수 있다. 
1.능력 또는 근무성적이 우수하여 타 사원의 모범이 되는 자

2.업무상 유익한 발명, 고안 또는 개선을 한 자
3.재해를 미연에 방지하거나 재해시에 특히 공로가 있었던 자
4.업무수행 중 업무상 원인으로 상병 또는 순직한 자로서 타의 귀감이 되는 자
5.사회적인 공적으로 예울마루의 명예를 향상시킨 자
6.기타 특별히 포상할 필요가 있다고 인정되는 자",포상
임시직 운영 규정,제26조-1,포상 — 능력 또는 근무성적이 우수하여 타 사원의 모범이 되,"능력 또는 근무성적이 우수하여 타 사원의 모범이 되는 자
(임시직 운영 규정 제26조 포상 제1호)","포상,능력,또는,근무성적이,우수하여,사원의,모범이,되는"
임시직 운영 규정,제26조-2,"포상 — 업무상 유익한 발명, 고안 또는 개선을 한 자","업무상 유익한 발명, 고안 또는 개선을 한 자
(임시직 운영 규정 제26조 포상 제2호)","포상,업무상,유익한,발명,고안,또는,개선을"
임시직 운영 규정,제26조-3,포상 — 재해를 미연에 방지하거나 재해시에 특히 공로가 있었,"재해를 미연에 방지하거나 재해시에 특히 공로가 있었던 자
(임시직 운영 규정 제26조 포상 제3호)","포상,재해를,미연에,방지하거나,재해시에,특히,공로가,있었던"
임시직 운영 규정,제26조-4,포상 — 업무수행 중 업무상 원인으로 상병 또는 순직한 자로,"업무수행 중 업무상 원인으로 상병 또는 순직한 자로서 타의 귀감이 되는 자
(임시직 운영 규정 제26조 포상 제4호)","포상,업무수행,업무상,원인으로,상병,또는,순직한,자로서,타의,귀감이,되는"
임시직 운영 규정,제26조-5,포상 — 사회적인 공적으로 예울마루의 명예를 향상시킨 자,"사회적인 공적으로 예울마루의 명예를 향상시킨 자
(임시직 운영 규정 제26조 포상 제5호)","포상,사회적인,공적으로,예울마루의,명예를,향상시킨"
임시직 운영 규정,제26조-6,포상 — 기타 특별히 포상할 필요가 있다고 인정되는 자,"기타 특별히 포상할 필요가 있다고 인정되는 자
(임시직 운영 규정 제26조 포상 제6호)","포상,기타,특별히,포상할,필요가,있다고,인정되는"
임시직 운영 규정,제27조,포상의 종류,"①포상의 종류는 아래 각호에서 정하는 바와 같다.
1.상장 또는 상패
2.상품
3.상금
4.포상휴가 
5.기타 상임이사의 승인을 득한 것
②정상에 따라서 제1항 각호에 정하는 것 중 두 가지 이상을 동시에 수여 할 수 있다.","포상의,종류"
임시직 운영 규정,제27조-1,포상의 종류 — 상장 또는 상패,"상장 또는 상패
(임시직 운영 규정 제27조 포상의 종류 제1호)","포상의,종류,상장,또는,상패"
임시직 운영 규정,제27조-4,포상의 종류 — 포상휴가,"포상휴가
(임시직 운영 규정 제27조 포상의 종류 제4호)","포상의,종류,포상휴가"
임시직 운영 규정,제27조-5,포상의 종류 — 기타 상임이사의 승인을 득한 것,"기타 상임이사의 승인을 득한 것
(임시직 운영 규정 제27조 포상의 종류 제5호)","포상의,종류,기타,상임이사의,승인을,득한"
임시직 운영 규정,제28조,징계,"임시직 근로자가 다음 각호에 해당하는 경우에는 이를 징계할 수 있다.
①부정 및 허위 등의 방법으로 채용된 자
②업무상 비밀 및 기밀을 누설하여 예울마루에 피해를 입힌 자
③예울마루의 명예 또는 신용에 손상을 입힌 자
④예울마루의 영업을 방해하는 언행을 한 자
⑤예울마루의 규율과 상사의 정당한 지시를 어겨 질서를 문란하게 한 자
⑥정당한 이유 없이 예울마루의 물품 및 금품을 반출한 자 
⑦직무를 이용하여 부당한 이익을 취한 자
⑧복무규정을 위반한 자
⑨직장 내에서 성희롱을 한 자
⑩직장 내 괴롭힘을 한 자 
⑪그 밖에 이에 준하는 행위로 직장 질서를 문란하게 한 자",징계
임시직 운영 규정,제29조,징계의 종류,"징계는 경중에 따라 징계해고, 정직, 감봉, 견책, 경고로 구분한다.
①징계해고 : 임시직 근로자의 비행 또는 중대한 고의･과실을 범한 경우 근로계약을 
즉시 해지한다.
②정직 : 직원에 대해 출근을 정지시키고 급여를 지급하지 않는 징계를 말하며, 3개월
을 초과하여서는 아니된다. 급여, 연차휴가는 정직 기간 중에는 발생하지 아니한다. 
③감봉: 급여를 감액 지급하는 징계를 말하며 감봉 처분을 함에 있어 그 감액은 1회
의 금액이 평균임금 1일분의 반액, 총액이 1임금 지급기에서 임금총액의 10분의 1
을 초과하지 못한다. 
④견책 : 가벼운 과오에 대한 징계로 시말서 또는 경위서를 받고 문서로 견책한다. 
⑤경고 : 가장 경미한 실책에 대하여 징계하는 것으로서 경고를 받은 날로부터 1년 
이내에 다시 경고를 받게 되는 자는 견책의 징계처분을 한다.","징계의,종류"
임시직 운영 규정,제30조,징계의 절차,"①징계의 절차는 상임이사가 정한다. 
②상임이사는 필요하다고 판단되는 경우 사용부서의 장과 인사부서의 장을 입회하여 
징계위원회를 구성하고 비위 사실 등에 대해 심의 할 수 있다.
③상임이사는 필요하다고 판단되는 경우 피징계자에게 소명의 기회를 부여할 수 있다.","징계의,절차"
임시직 운영 규정,제31조,손해배상,"직원이 고의 또는 중대한 과실로 예울마루에 손해를 끼쳤을 경우에는 이를 배상하여야 
한다.",손해배상
임시직 운영 규정,제32조,징계와 책임,이 규정에 의한 징계는 손해배상 및 민사상・형사상 책임에 영향을 미치지 아니한다.,"징계와,책임"
예산관리 규정,제1조,목적,"이 규정은 GS칼텍스 예울마루(이하 “예울마루”라 한다.)의 예산관리 업무를 효율적으로 
수행하기 위하여 예산관리에 필요한 사항을 정함을 목적으로 한다.",목적
예산관리 규정,제2조,적용범위,"예울마루의 예산관리는 법령과 정관 또는 다른 규정에서 별도로 정하는 경우를 제외하고는 
이 규정에서 정하는 바에 따른다.",적용범위
예산관리 규정,제3조,예산기간,"예산기간은 정관에서 정한 회계연도를 기준으로 하며 예산통제 및 관리를 위하여 분기 
또는 월별로 구분한다. 단, 중장기 계획을 요구하는 경우에는 그 계획 기간을 예산기간
으로 한다.",예산기간
예산관리 규정,제4조,예산관리 조직 및 관리자,"①예산의 관리는 예산주관부서에서 총괄하여 관리하며 각 부서에서는 사업 부문별로 
부문예산을 관리한다. 
②상임이사는 예울마루 관장을 종합예산관리자로, 각 팀장을 사업예산관리자로, 예산
주관부서장을 예산집행관리자로, 예산추산 자를 예산담당자로 지명하여 예산의 편성, 
조정, 집행을 관리토록 한다. 
③종합예산관리자의 직무는 다음 각호와 같다.
1.예산편성지침의 입안 및 심의회부
2.각 사업예산의 종합 및 조정
3.종합예산(안)의 편성 및 심의회부
4.사업 및 종합예산의 집행실적분석, 평가 및 보고
5.예산의 변경, 이월, 전입, 재조정 및 초과집행 통제
④사업예산관리자의 직무는 다음 각호와 같다.
1.예산편성지침에 의한 사업예산(안)의 편성
2.사업예산(안)에 대한 예산주관부서와의 협의 및 조정
3.확정 통보된 사업예산의 효율적인 집행 
4.필요한 경우 확정된 사업예산의 변경신청
5.소관 사업예산의 집행실적 분석, 평가, 보고
⑤예산집행관리자의 직무는 다음 각호와 같다.
1.예산의 편성 및 조정관리 

2.예산의 변경 및 집행관리의 총괄 
3.사업 및 종합예산의 집행실적 분석 및 평가
⑥예산담당자의 직무는 다음 각호와 같다.
1.예산의 편성 실무 
2.예산집행관리부의 집행액 및 잔액의 관리 
3.예산의 초과 또는 예산과목이 상이한 경우 집행거부
4.사업 및 종합예산의 집행실적 분석","예산관리,조직,관리자"
예산관리 규정,제4조-1,예산관리 조직 및 관리자 — 예산편성지침의 입안 및 심의회부,"예산편성지침의 입안 및 심의회부
(예산관리 규정 제4조 예산관리 조직 및 관리자 제1호)","예산관리,조직,관리자,예산편성지침의,입안,심의회부"
예산관리 규정,제4조-2,예산관리 조직 및 관리자 — 각 사업예산의 종합 및 조정,"각 사업예산의 종합 및 조정
(예산관리 규정 제4조 예산관리 조직 및 관리자 제2호)","예산관리,조직,관리자,사업예산의,종합,조정"
예산관리 규정,제4조-3,예산관리 조직 및 관리자 — 종합예산(안)의 편성 및 심의회부,"종합예산(안)의 편성 및 심의회부
(예산관리 규정 제4조 예산관리 조직 및 관리자 제3호)","예산관리,조직,관리자,종합예산,편성,심의회부"
예산관리 규정,제4조-4,"예산관리 조직 및 관리자 — 사업 및 종합예산의 집행실적분석, 평가 및 보고","사업 및 종합예산의 집행실적분석, 평가 및 보고
(예산관리 규정 제4조 예산관리 조직 및 관리자 제4호)","예산관리,조직,관리자,사업,종합예산의,집행실적분석,평가,보고"
예산관리 규정,제4조-5,"예산관리 조직 및 관리자 — 예산의 변경, 이월, 전입, 재조정 및 초과집행 통","예산의 변경, 이월, 전입, 재조정 및 초과집행 통제
(예산관리 규정 제4조 예산관리 조직 및 관리자 제5호)","예산관리,조직,관리자,예산의,변경,이월,전입,재조정,초과집행,통제"
예산관리 규정,제4조-1,예산관리 조직 및 관리자 — 예산편성지침에 의한 사업예산(안)의 편성,"예산편성지침에 의한 사업예산(안)의 편성
(예산관리 규정 제4조 예산관리 조직 및 관리자 제1호)","예산관리,조직,관리자,예산편성지침에,의한,사업예산,편성"
예산관리 규정,제4조-2,예산관리 조직 및 관리자 — 사업예산(안)에 대한 예산주관부서와의 협의 및 조정,"사업예산(안)에 대한 예산주관부서와의 협의 및 조정
(예산관리 규정 제4조 예산관리 조직 및 관리자 제2호)","예산관리,조직,관리자,사업예산,대한,예산주관부서와의,협의,조정"
예산관리 규정,제4조-3,예산관리 조직 및 관리자 — 확정 통보된 사업예산의 효율적인 집행,"확정 통보된 사업예산의 효율적인 집행
(예산관리 규정 제4조 예산관리 조직 및 관리자 제3호)","예산관리,조직,관리자,확정,통보된,사업예산의,효율적인,집행"
예산관리 규정,제4조-4,예산관리 조직 및 관리자 — 필요한 경우 확정된 사업예산의 변경신청,"필요한 경우 확정된 사업예산의 변경신청
(예산관리 규정 제4조 예산관리 조직 및 관리자 제4호)","예산관리,조직,관리자,필요한,경우,확정된,사업예산의,변경신청"
예산관리 규정,제4조-5,"예산관리 조직 및 관리자 — 소관 사업예산의 집행실적 분석, 평가, 보고","소관 사업예산의 집행실적 분석, 평가, 보고
(예산관리 규정 제4조 예산관리 조직 및 관리자 제5호)","예산관리,조직,관리자,소관,사업예산의,집행실적,분석,평가,보고"
예산관리 규정,제4조-1,예산관리 조직 및 관리자 — 예산의 편성 및 조정관리,"예산의 편성 및 조정관리
(예산관리 규정 제4조 예산관리 조직 및 관리자 제1호)","예산관리,조직,관리자,예산의,편성,조정관리"
예산관리 규정,제4조-2,예산관리 조직 및 관리자 — 예산의 변경 및 집행관리의 총괄,"예산의 변경 및 집행관리의 총괄
(예산관리 규정 제4조 예산관리 조직 및 관리자 제2호)","예산관리,조직,관리자,예산의,변경,집행관리의,총괄"
예산관리 규정,제4조-3,예산관리 조직 및 관리자 — 사업 및 종합예산의 집행실적 분석 및 평가,"사업 및 종합예산의 집행실적 분석 및 평가
(예산관리 규정 제4조 예산관리 조직 및 관리자 제3호)","예산관리,조직,관리자,사업,종합예산의,집행실적,분석,평가"
예산관리 규정,제4조-1,예산관리 조직 및 관리자 — 예산의 편성 실무,"예산의 편성 실무
(예산관리 규정 제4조 예산관리 조직 및 관리자 제1호)","예산관리,조직,관리자,예산의,편성,실무"
예산관리 규정,제4조-2,예산관리 조직 및 관리자 — 예산집행관리부의 집행액 및 잔액의 관리,"예산집행관리부의 집행액 및 잔액의 관리
(예산관리 규정 제4조 예산관리 조직 및 관리자 제2호)","예산관리,조직,관리자,예산집행관리부의,집행액,잔액의,관리"
예산관리 규정,제4조-3,예산관리 조직 및 관리자 — 예산의 초과 또는 예산과목이 상이한 경우 집행거부,"예산의 초과 또는 예산과목이 상이한 경우 집행거부
(예산관리 규정 제4조 예산관리 조직 및 관리자 제3호)","예산관리,조직,관리자,예산의,초과,또는,예산과목이,상이한,경우,집행거부"
예산관리 규정,제4조-4,예산관리 조직 및 관리자 — 사업 및 종합예산의 집행실적 분석,"사업 및 종합예산의 집행실적 분석
(예산관리 규정 제4조 예산관리 조직 및 관리자 제4호)","예산관리,조직,관리자,사업,종합예산의,집행실적,분석"
예산관리 규정,제5조,위임규정,이 규정의 시행에 필요한 세부사항은 관장이 별도로 정하는 바에 의한다.,위임규정
예산관리 규정,제6조,예산의 내용,"①예산은 예산총칙과 수지 예산으로 구성한다.
②지출예산은 분야, 단위사업, 세부사업, 편성목으로 구분한다.","예산의,내용"
예산관리 규정,제7조,예산편성,"①예산은 사업목표를 포함한 팀별 사업계획에 부합하여 편성하여야 한다.
②예산은 회계연도 개시 1개월 전까지 편성하여 이사회 의결을 거쳐 여수시에 제출하
여야 한다. 
③예산승인 요청 시에는 사업계획서 및 예산명세서를 첨부한다.
④부득이한 사유로 인하여 제1항에 의한 회계연도 개시일까지 예산을 편성하지 못할 
때는 다음 경비에 한하여 전년도 예산에 준하여 가예산을 편성 집행할 수 있다.
1.임직원의 급여 및 경상관리비
2.공공요금 및 법정요금 등 집행이 불가피한 관리운영비
3.사업계획이 확정되어 계속 추진하고 있는 사업비 중 관장이 인정하는 경우
⑤제4항에 의하여 집행된 예산은 해당 연도 예산이 성립되면 그 성립된 예산에 의하
여 집행된 것으로 본다.",예산편성
예산관리 규정,제7조-1,예산편성 — 임직원의 급여 및 경상관리비,"임직원의 급여 및 경상관리비
(예산관리 규정 제7조 예산편성 제1호)","예산편성,임직원의,급여,경상관리비"
예산관리 규정,제7조-2,예산편성 — 공공요금 및 법정요금 등 집행이 불가피한 관리운영비,"공공요금 및 법정요금 등 집행이 불가피한 관리운영비
(예산관리 규정 제7조 예산편성 제2호)","예산편성,공공요금,법정요금,집행이,불가피한,관리운영비"
예산관리 규정,제7조-3,예산편성 — 사업계획이 확정되어 계속 추진하고 있는 사업비 중,"사업계획이 확정되어 계속 추진하고 있는 사업비 중 관장이 인정하는 경우
(예산관리 규정 제7조 예산편성 제3호)","예산편성,사업계획이,확정되어,계속,추진하고,있는,사업비,관장이,인정하는,경우"
예산관리 규정,제8조,계속비,"①완성에 수년을 필요로 하는 사업은 비용의 총액과 연부액을 정하여 미리 이사회의 
의결을 얻어 수년도에 걸쳐서 지출할 수 있다.
②제1항에 의하여 지출할 수 있는 연한은 당해 회계연도부터 위수탁계약 종료연도 이
내로 한다.",계속비
예산관리 규정,제9조,예비비,"①예산 이외에 예측할 수 없는 지출 또는 예산초과 지출에 충당하기 위하여 예산에 
예비비를 계상할 수 있다.

②예비비는 독립된 정책사업으로 계상하며 예비비를 사용하고자 할 때는 사용 이유 
및 금액을 명시한 조서를 작성하여 이사회의 의결을 거쳐 집행한다. 다만, 긴급을 
요하는 사항은 우선 집행 후 사후 의결로 할 수 있다.",예비비
예산관리 규정,제10조,사업 시행계획,"예산담당자는 제7조 제2항의 승인을 받은 예산에 근거하여 1개월 이내에 사업별, 분기
별 예산집행계획서를 작성하여 보고해야 한다.","사업,시행계획"
예산관리 규정,제11조,추가경정예산,"①예산 성립 후 발생한 예산의 추가 경정의 필요가 있을 때는 추가경정예산을 편성할 
수 있다.
②전항의 추가경정예산 편성 및 승인의 절차는 본 예산에 준한다.
③전항에도 불구하고 위탁금·출연금·용역수입 등 수입이 확정되었으나, 시간상 이사회 
소집이 어려울 경우에 한하여, 추가경정예산 성립 전 발생된 수입 및 지출 예산을 
편성하여 집행할 수 있다. 단, 성립 전 수입 및 지출예산은 반드시 차기 이사회에 
상정하여 승인을 얻어야 한다.",추가경정예산
예산관리 규정,제12조,수입대체경비,수입이 확보되는 범위 내에서 직접 지출할 수 있다.,수입대체경비
예산관리 규정,제13조,예산통제,"①예산집행관리자는 예산의 집행을 통제하여 예산의 효율적인 운영을 도모한다.
②예산통제는 금액통제를 원칙으로 한다. 다만, 필요에 따라 수량 통제, 단가통제를 병
행할 수 있다. 
③모든 집행은 사전에 예산주관부서의 통제를 받아야 하며 예산액 및 사용액을 기록
하여야 한다.",예산통제
예산관리 규정,제14조,예산의 이월,"예산은 다음 연도에 이월하여 사용할 수 없다. 다만, 각호의 경우는 다음 연도로 이월
하여 사용할 수 있다. 
①지출원인행위를 하고 불가피한 사유로 인하여 그 연도 내에 지출하지 못한 경비와 
지출원인행위를 하지 아니한 그 부대 경비로 관장의 결재를 받은 경우
②경비의 성질상 해당 연도 내에 그 지출을 끝내지 못할 것이 예상되어 그 취지를 세
입세출예산에 명시하여 이사회의 의결을 받은 경우","예산의,이월"
예산관리 규정,제15조,예산의 전용,"①예산 집행상 불가피한 사유로 인하여 단위사업 간의 예산을 전용하고자 할 때는 상

임이사의 승인을 받아야 한다. 
②단, 세부사업 간의 예산을 전용하고자 할 경우에는 관장의 승인으로 행할 수 있으며 
동일 세부사업 내 편성목의 내역변경은 팀장 책임하에 결정하여 변경 사용할 수 있
다.","예산의,전용"
예산관리 규정,제16조,예산집행 결산 보고,"예산담당자는 매년 예산집행 결과를 작성하여 예산집행관리자 및 종합예산관리자의 검
토를 거쳐 상임이사에게 보고하여야 한다.","예산집행,결산,보고"
재무회계 규정,제1조,목적,"본 규정은 재단법인 지에스칼텍스재단(이하 “법인”이라 한다)이 수탁 운영하는 GS칼텍
스 예울마루(이하“예울마루”라한다)의 재무회계에 관한 제반 사항을 규정하여 건전하고 
효율적인 운영을 기함을 목적으로 한다.",목적
재무회계 규정,제2조,적용범위,"회계 처리 관련 업무에 있어 관계 법령 및 다른 규정에서 특별히 정한 경우를 제외하고
는 이 규정이 정하는 바에 의한다.",적용범위
재무회계 규정,제3조,회계원칙,"①회계는 예울마루의 재무상태와 사업성과 및 수지 상황을 정확하게 나타낼 수 있도
록 회계 거래를 발생한 사실에 따라 기업회계기준에 의하여 처리한다.
②회계 처리 및 보고는 신뢰 가능한 객관적인 자료와 증거에 의하여 공정하게 처리하
여야 한다.
③중요한 회계방침과 회계 처리기준, 과목 및 금액에 관하여는 그 내용을 재무제표상에 
충분히 표시하여야 한다.
④수입과 비용은 그 발생 원천에 따라 분류하고 발생한 기간에 정당하게 배분되도록 
대응하여 계상한다.
⑤자산, 부채 및 자본과 수지 항목은 총액에 의하여 계산한다.",회계원칙
재무회계 규정,제4조,회계연도,회계 연도는 매년 1월1일부터 12월 31일까지로 한다.,회계연도
재무회계 규정,제5조,회계의 구분,"①예울마루의 회계는 수익사업 경영에 따른 회계(이하 수익사업회계라 한다)로 구분한다.
②특정한 사업을 운영할 때나 일반회계와 구분하여 계리할 필요가 있을 때는 특별회계로 
구분하여 계리할 수 있다.","회계의,구분"
재무회계 규정,제6조,용어의 정의,"예울마루의 회계는 관장이 관장하며 이 규정에서 사용하는 용어의 정의는 다음 각호와 
같다.
1.“회계책임자”라 함은 예울마루 전체의 회계 상황을 총체적으로 관리하며 필요하다고 
판단되는 경우에는 소관부서에 대하여 지휘ᆞ감독을 할 수 있는 직위를 말한다.
2.“출납담당자”라 함은 금전의 출납사무를 취급하는 자를 말한다.","용어의,정의"
재무회계 규정,제6조-1,용어의 정의 — “회계책임자”라 함은 예울마루 전체의 회계 상황을,"“회계책임자”라 함은 예울마루 전체의 회계 상황을 총체적으로 관리하며 필요하다고 판단되는 경우에는 소관부서에 대하여 지휘ᆞ감독을 할 수 있는 직위를 말한다.
(재무회계 규정 제6조 용어의 정의 제1호)","용어의,정의,회계책임자라,함은,예울마루,전체의,회계,상황을,총체적으로,관리하며,필요하다고,판단되는,경우에는,소관부서에"
재무회계 규정,제6조-2,용어의 정의 — “출납담당자”라 함은 금전의 출납사무를 취급하는 자,"“출납담당자”라 함은 금전의 출납사무를 취급하는 자를 말한다.
(재무회계 규정 제6조 용어의 정의 제2호)","용어의,정의,출납담당자라,함은,금전의,출납사무를,취급하는,자를,말한다"
재무회계 규정,제7조,회계관계자 직명 지정,"관장은 회계업무수행을 위하여 다음 각호와 같이 회계관계자 직명을 지정 운용한다.
 1. 회계책임자 - 회계부서의 장
 2. 출납담당자 - 금전의 출납을 담당하는 직원
 3. 수납담당자 - 기획사업 및 부대사업 매출(수강료, 티켓 판매금 등)의 수납을 담당
하는 직원","회계관계자,직명,지정"
재무회계 규정,제7조-1,회계관계자 직명 지정 — 회계책임자 - 회계부서의 장,"회계책임자 - 회계부서의 장
(재무회계 규정 제7조 회계관계자 직명 지정 제1호)","회계관계자,직명,지정,회계책임자,회계부서의"
재무회계 규정,제7조-2,회계관계자 직명 지정 — 출납담당자 - 금전의 출납을 담당하는 직원,"출납담당자 - 금전의 출납을 담당하는 직원
(재무회계 규정 제7조 회계관계자 직명 지정 제2호)","회계관계자,직명,지정,출납담당자,금전의,출납을,담당하는,직원"
재무회계 규정,제7조-3,"회계관계자 직명 지정 — 수납담당자 - 기획사업 및 부대사업 매출(수강료,","수납담당자 - 기획사업 및 부대사업 매출(수강료, 티켓 판매금 등)의 수납을 담당 하는 직원
(재무회계 규정 제7조 회계관계자 직명 지정 제3호)","회계관계자,직명,지정,수납담당자,기획사업,부대사업,매출,수강료,티켓,판매금,수납을,담당,하는,직원"
재무회계 규정,제8조,전표,"①모든 거래는 거래 발생부서의 전표에 의하여 회계부서에서 전표를 기표, 처리하며 
회계장부는 전표에 따라 기장하여야 한다. 
②전표에는 거래의 정당, 계산의 정확을 증명하는 영수증, 계산서 등의 증빙서류를 첨
부하여야 한다.
③전표의 종류는 입금전표, 출금전표 및 대체전표로 구분하되, 회계업무의 효율화를 
기하기 위해 통합전표 또는 전표의 기능으로 대용할 수 있는 회계결의서를 사용할 
수 있다.",전표
재무회계 규정,제9조,계정과목,"①계정과목은 재무상태표 계정과 운영계산서 계정으로 구분하고 그 과목은 내규의 정하는 
바에 의한다.
②계정과목의 명칭은 일반적으로 적용되는 회계원칙에 따라 예울마루의 회계에 부합
할 수 있는 과목으로 정할 수 있다.",계정과목
재무회계 규정,제10조,회계장부,"①회계부서에서는 다음의 회계장부를 갖추어 계정을 구분, 정리한다.
1.분개장(전표 및 일계표)
2.총계정원장
3.보조부(각 계정의 보조장부, 현금출납부)
4.기타 필요한 장부
②각종 장표 및 증빙서류의 서식은 내규로 정한다.
③제1항의 장부에 대하여 필요한 경우 컴퓨터 파일이나 그 출력의 유인물로 대체 기장 
및 보관할 수 있다.",회계장부
재무회계 규정,제10조-1,회계장부 — 분개장(전표 및 일계표),"분개장(전표 및 일계표)
(재무회계 규정 제10조 회계장부 제1호)","회계장부,분개장,전표,일계표"
재무회계 규정,제10조-2,회계장부 — 총계정원장,"총계정원장
(재무회계 규정 제10조 회계장부 제2호)","회계장부,총계정원장"
재무회계 규정,제10조-3,"회계장부 — 보조부(각 계정의 보조장부, 현금출납부)","보조부(각 계정의 보조장부, 현금출납부)
(재무회계 규정 제10조 회계장부 제3호)","회계장부,보조부,계정의,보조장부,현금출납부"
재무회계 규정,제10조-4,회계장부 — 기타 필요한 장부,"기타 필요한 장부
(재무회계 규정 제10조 회계장부 제4호)","회계장부,기타,필요한,장부"
재무회계 규정,제11조,장부 잔액의 확인,"원장과 각 관계 장부에 대하여 회계책임자 및 출납담당자는 항상 그 잔액을 검토하여 
상호 간에 정확히 일치하도록 확인하여야 한다.","장부,잔액의,확인"
재무회계 규정,제12조,개서 및 정정,"①회계에 관한 서류에 개서 또는 정정하고자 할 때는 해당 연도 및 숫자에 평행 붉은 선 

2선을 긋고 정정자의 날인과 함께 정정하여야 하며 이 이외의 어떠한 방법의 개서 또는 
정정도 인정되지 아니한다.
②제1항의 경우 횡서는 실선의 상부에 종서는 실선의 좌측에 정정 자구 또는 숫자를 
기입한다.","개서,정정"
재무회계 규정,제13조,기장전표의 정정,"기장전표의 정정은 새로운 대체전표의 발급에 의하여야 하며 기장전표 그 자체를 정정
하여서는 아니 된다.","기장전표의,정정"
재무회계 규정,제14조,일계표,"일계표는 계정과목 집계표에 의하여 작성하며, 매월 초 전월 월계표를 회계책임자에게 
보고하여야 한다. 단, 전산회계프로그램을 이용하는 경우 전산 자료로 보고할 수 있다.",일계표
재무회계 규정,제15조,금전의 범위,"①금전은 현금, 예금, 수표, 우편환증서를 말한다.
②당일로 현금화할 수 있는 어음과 기타 유가증권 등 제 증서도 금전에 준하여 취급
한다.","금전의,범위"
재무회계 규정,제16조,수입,"①회계책임자는 수입을 관리하며, 출납담당자는 소관 사업수입의 징수.납부를 관리한
다.
②예울마루 수입은 ‘공연’, ‘전시’에 따른 입장료와 ‘교육’ 수강료 등이며, 부대사업 수
익, 이자수익, 환급금 등으로 세부 분류할 수 있다.",수입
재무회계 규정,제17조,수납과 징수의 원칙,"수납과 징수는 규정, 계약 등에서 정하는 바에 따라 회계결의서에 의하되 관계 증빙서를 
첨부하여야 한다.","수납과,징수의,원칙"
재무회계 규정,제18조,반납금 수입과 재입금,"①출납이 발생한 연도에 속하는 수입 기타 예산외의 수입은 모두 해당 연도의 수입에 
납입하여야 한다.
②사업비의 잔액 등 반납금은 해당 연도에 그 지급한 과목에 재입금 하여야 한다.","반납금,수입과,재입금"
재무회계 규정,제19조,지급,"①지급은 회계결의서에 의하여 예산 배정액과 예금 잔액을 초과하지 않는 범위 내에서 
행하여야 한다.
②지급의 순위는 채무의 발생순위에 따르되, 자금의 순환이 충족되지 못할 때는 그 
지급순위는 관장이 결정한다.
③대가의 지급은 계좌에 입금함을 원칙으로 한다. 다만, 전도금에 대하여는 소관부서에

서 직접 집행한다.
④당해 사업연도에 속하는 비용은 그 연도 중에 지급하여야 한다. 다만, 부득이한 사유로 
인하여 그 연도 중에 지급하지 못한 분에 대하여는 미결산 계정을 통하여 익년도에 
지급할 수 있다.
⑤각 부서에서는 대금 지급과 관련된 증빙서류를 반드시 첨부하여야 한다.
⑥증빙서류의 세부목록은 기업회계기준 및 세법에 규정된 객관적 자료를 말하며 회계
책임자는 그 외의 필요한 자료를 요구할 수 있다.",지급
재무회계 규정,제20조,출납담당자,"출납담당자는 특별히 정하여진 경우 및 회계책임자의 승인이 있을 경우를 제외하고는 
전표를 발급하지 못하며 금전의 수납과 내역에 관한 기장업무 이외의 장부기장 업무는 
회계담당 부서장의 지시가 없는 한 이에 임할 수 없다.",출납담당자
재무회계 규정,제21조,출납담당자의 책임과 의무,"①현금의 출납은 출납담당자만이 이를 취급할 수 있다.
②출납담당자는 출납의 정확을 기하여야 하며 취급하는 금전 및 유가증권에 대하여 
보관의 책임을 부담하고 손망실 등의 사고가 발생하였을 때는 지체 없이 관장에게 
보고하여야 하며, 재해.도난.기타 불가항력에 의한 사고일 경우에는 변상의 책임을 
지진 않지만, 이사장에게 책임해제의 결정을 받아야 한다.","출납담당자의,책임과,의무"
재무회계 규정,제22조,수납행위,"①판매담당자는 수납한 현금을 해당 부서장에게 매일 보고하고, 당일 또는 다음 영업일에 
GS칼텍스 예울마루 명의의 계좌에 예치하는 것을 원칙으로 한다.
②수납한 현금의 보관은 판매영수증과 기타 증빙서류를 함께 보관하는 것을 원칙으로 
한다. 
③수납한 현금의 개인 보관은 원칙적으로 금지한다.
④지급 준비를 위하여 보관하는 소액의 현금과 유가증권은 해당 부서장의 책임 하에 
보관한다.",수납행위
재무회계 규정,제23조,전도금,"①다음 각호의 업무는 현금으로 전도할 수 있다.
1.예울마루 업무와 관련하여 소속 직원 이외의 일반인에게 지급하는 여비 및 기타경비
2.기타 관장의 승인을 받는 경우
②전도금을 지급받은 자는 시행내규에 따라 관련 업무가 완료되면 지체 없이 전도금을 
정산하여야 한다.
③정산증빙서류는 자금요청서에 명시된 사용 목적의 내용과 거래 사실이 입증될 수 
있는 것이어야 한다.",전도금
재무회계 규정,제23조-1,전도금 — 예울마루 업무와 관련하여 소속 직원 이외의 일반인에,"예울마루 업무와 관련하여 소속 직원 이외의 일반인에게 지급하는 여비 및 기타경비
(재무회계 규정 제23조 전도금 제1호)","전도금,예울마루,업무와,관련하여,소속,직원,이외의,일반인에게,지급하는,여비,기타경비"
재무회계 규정,제23조-2,전도금 — 기타 관장의 승인을 받는 경우,"기타 관장의 승인을 받는 경우
(재무회계 규정 제23조 전도금 제2호)","전도금,기타,관장의,승인을,받는,경우"
재무회계 규정,제24조,선급금,"반대급부 또는 행위가 완료되기 이전에 자금을 지급하지 아니하면 업무나 사업에 지장
을 초래할 우려가 있는 다음 각호의 성질의 비용에 대하여는 그 금액의 전부 또는 일부
를 선급할 수 있다.

①외국에서 직접 구입하는 물품, 도서, 기자재의 대가
②정기간행물의 대가
③토지 또는 건물의 임차료
④운임
⑤공사, 제조 또는 용역 계약금액의 대가로서 계약금액의 100분의 70을 초과하지 아니
하는 금액 
⑥공공기관 또는 관련 기관에 대하여 지급하는 경비
⑦위탁비, 사례비
⑧기타 관장이 승인하는 경비",선급금
재무회계 규정,제25조,영수증의 발행,"출납담당자는 전자세금계산서 또는 전자계산서, 현금영수증을 교부하여야 한다.","영수증의,발행"
재무회계 규정,제26조,지출원인행위,지출원인행위를 하고자 할 때는 지출결의서 또는 회계결의서를 작성하여야 한다.,지출원인행위
재무회계 규정,제27조,영수증의 징수,"금전을 지급할 때에는 반드시 정당한 수취인의 영수증 또는 이에 갈음하는 증서를 징수
하고 회계결의서에 첨부하여야 한다.","영수증의,징수"
재무회계 규정,제28조,송금지급,송금지급을 할 경우에는 은행 계좌입금 등 통상의 송금방법에 의한다.,송금지급
재무회계 규정,제29조,금전의 확인,"①회계책임자는 매일 출납 시간 종료 후에 현금 잔액을 관계 장부와 대조하여 일치하도록 
하여야 한다.
②예금은 매월 말에 예금 잔액을 은행 장부와 대조하고 매 반기 말 및 기말에는 은행의 
예금 잔액증명을 발급받아 그 잔액을 확인한다.","금전의,확인"
재무회계 규정,제30조,"거래은행의 신설, 변경","①거래은행의 신설, 변경 또는 취소에 대하여는 관장의 승인을 받아야 한다.
②수표, 어음행위, 차입금, 예금 및 환거래 등은 관장의 명의로 행하여야 한다.
③제2항에 있어서 관장이 특정한 자에게 위임할 경우에는 수임자의 명의로써 이를 대행 
할 수 있다.","거래은행의,신설,변경"
재무회계 규정,제31조,현금의 과부족,"현금에 과부족이 발생한 때에는 출납담당자는 지체 없이 보고하여 회계책임자의 지시를 
받아 그 원인을 규명한 후 바르게 처리하여야 한다.","현금의,과부족"
재무회계 규정,제32조,규정 외의 조치,이 규정 이외의 금전 출납 상의 조치에 대하여는 관장의 승인을 받아 이를 시행한다.,"규정,외의,조치"
재무회계 규정,제33조,계산의 원칙,"①제 수익과 비용은 발생의 사실에 따라 총액에 의하여 계산하고 수익을 비용과 직접 
상계하거나 운영계산서에서 제외하여서는 아니 된다.
②수익의 발생은 실현 시기에 의함을 원칙으로 한다.
③수익과 비용은 그 발생 원천에 따라 분류하고 각 수익 항목과 그에 관련되는 비용 
항목을 대조 표시하여야 한다.
④이외의 일반적 계산은 기업회계기준에서 정하는 바에 따른다.","계산의,원칙"
재무회계 규정,제34조,매출액.매출원가,매출액.매출원가 등의 기재에 대하여는 기업회계기준에 따른다.,매출액매출원가
재무회계 규정,제35조,정부 보조금 등,정부.지방자치단체 보조금 등의 처리는 기업회계기준에 따른다.,"정부,보조금"
재무회계 규정,제36조,결산,결산은 회계 기간의 경영성과와 재무상태를 명확하게 표시할 수 있도록 하여야 한다.,결산
재무회계 규정,제37조,결산승인,"③관장은 회계연도 종료 후 3개월 이내에 사업실적 및 결산 보고서를 작성하여 이사
회의 승인을 얻어야 한다. 
①결산이 확정된 때에는 결산서에 다음 각호의 서류를 첨부하여 회계연도 종료 후   
3개월 이내에 이사장에게 제출하여야 하며, 이사장의 승인을 받아야 한다. 
1.다음 사업연도의 사업계획 및 수지예산서1부.
2.해당 사업연도의 사업실적 및 수지결산서 1부.
3.해당 사업연도말 현재의 재산목록 1부.",결산승인
재무회계 규정,제37조-1,결산승인 — 다음 사업연도의 사업계획 및 수지예산서1부.,"다음 사업연도의 사업계획 및 수지예산서1부.
(재무회계 규정 제37조 결산승인 제1호)","결산승인,다음,사업연도의,사업계획,수지예산서1부"
재무회계 규정,제37조-2,결산승인 — 해당 사업연도의 사업실적 및 수지결산서 1부.,"해당 사업연도의 사업실적 및 수지결산서 1부.
(재무회계 규정 제37조 결산승인 제2호)","결산승인,해당,사업연도의,사업실적,수지결산서,1부"
재무회계 규정,제37조-3,결산승인 — 해당 사업연도말 현재의 재산목록 1부.,"해당 사업연도말 현재의 재산목록 1부.
(재무회계 규정 제37조 결산승인 제3호)","결산승인,해당,사업연도말,현재의,재산목록,1부"
재무회계 규정,제38조,"불확정채권, 채무의 정리","불확정채권, 채무의 정리에 대하여는 기업회계기준에 의한다.","불확정채권,채무의,정리"
재무회계 규정,제39조,결손처리,"결산 정리에 따라 결손처리 하여야 할 사항이 발견되는 경우에는 그 성질에 따라 영업
외비용 또는 특별손실로 계상한다.",결손처리
재무회계 규정,제40조,잉여금의 처리,"매 회계연도의 세입.세출결산 잉여금은 이사회의 의결을 거친 후 다음연도에 이월하여 
목적 사업에 전입 사용하거나 보통재산에 편입한다.","잉여금의,처리"
재무회계 규정,제41조,결손금의 처리,"결손금의 처리를 다음 순으로 보전한다. 다만, 관계 법령으로 따로 규정된 경우에는 관계 
법령에 따른다.
①임의적립금 이입액
②이익준비금 이입액
③자본 잉여금 이입액","결손금의,처리"
재무회계 규정,제42조,내부감사,"각 부서의 수입, 지출 및 계산에 있어 부정, 오류, 부당처리의 여부를 가려내고 재발 방지
를 위하여 내부감사를 실시한다.",내부감사
재무회계 규정,제43조,감사담당자,내부 감사는 필요시 이사장의 명에 의하여 별도로 지정된 자가 실시한다.,감사담당자
재무회계 규정,제44조,감사방법,감사는 서면 감사 또는 실지 감사의 방법으로 실시한다.,감사방법
재무회계 규정,제45조,타규정과의 관계,수탁 기관의 회계 규정과 정부 회계 규정이 상충할 경우 서로 협의하여 결정한다.,"타규정과의,관계"
물품의 구매 및 계약 등에 관한 규정,제1조,목적,"본 규정은 재단법인 지에스칼텍스재단(이하 “법인”이라 한다)이 수탁 운영하는 GS칼텍
스 예울마루(이하 “예울마루”라 한다)에서 소요되는 물품의 구매, 제조, 용역 및 공사 
도급(이하 “구매”라 한다)의 계약에 관한 사항을 규정함을 목적으로 한다.",목적
물품의 구매 및 계약 등에 관한 규정,제2조,범위,"GS칼텍스 예울마루에서 발주하는 일련의 외부 발주 서비스 용역계약 및 자재 구매계약
에 적용되며, 대극장, 소극장, 전시실 및 기타 장소에서 수행되는 공연/전시를 위한 기획 
및 홍보 계약, 장소 대관 계약의 업무는 본 규정에서 제외한다.",범위
물품의 구매 및 계약 등에 관한 규정,제3조,계약 체결 방식 및 기준,"①물품 조달이나 기타 재산적 거래에서는 계약의 방법에 의하여야 한다.
②계약은 일반경쟁입찰의 방법에 의함을 원칙으로 하되 사업의 성질과 목적에 따라 
지명경쟁입찰에 의한 계약 또는 수의계약으로 체결할 수 있다.
1.구매할 물품의 공급자가 독점업체인 경우.
2.법령 또는 정부 고시로 가격이 통제된 물품 구매 시.
3.서비스 용역 진행, 자재 발주 또는 납품 하고 있는 사항에 대한 추가 구매가 필요
한 경우.
4.원설계자 또는 원 공급자 및 시공자의 서비스 용역 및 자재만을 사용하여야 할 경우.
5.원 공급자로부터 보수 자재 및 부품을 구매할 경우.
6.계약금액이 서비스 용역 300만원 미만, 자재 구매 100만원 미만의 소액인 경우.
7.특정인의 기술, 용역 또는 특정한 위치, 구조, 품질, 성능, 효율 등으로 인하여 경쟁
을 할 수 없는 경우. 
8.기타 예울마루 정책상 필요한 경우라고 관장이 판단을 하는 경우.","계약,체결,방식,기준"
물품의 구매 및 계약 등에 관한 규정,제3조-1,계약 체결 방식 및 기준 — 구매할 물품의 공급자가 독점업체인 경우.,"구매할 물품의 공급자가 독점업체인 경우.
(물품의 구매 및 계약 등에 관한 규정 제3조 계약 체결 방식 및 기준 제1호)","계약,체결,방식,기준,구매할,물품의,공급자가,독점업체인,경우"
물품의 구매 및 계약 등에 관한 규정,제3조-2,계약 체결 방식 및 기준 — 법령 또는 정부 고시로 가격이 통제된 물품 구매 시,"법령 또는 정부 고시로 가격이 통제된 물품 구매 시.
(물품의 구매 및 계약 등에 관한 규정 제3조 계약 체결 방식 및 기준 제2호)","계약,체결,방식,기준,법령,또는,정부,고시로,가격이,통제된,물품,구매"
물품의 구매 및 계약 등에 관한 규정,제3조-3,"계약 체결 방식 및 기준 — 서비스 용역 진행, 자재 발주 또는 납품 하고 있는","서비스 용역 진행, 자재 발주 또는 납품 하고 있는 사항에 대한 추가 구매가 필요 한 경우.
(물품의 구매 및 계약 등에 관한 규정 제3조 계약 체결 방식 및 기준 제3호)","계약,체결,방식,기준,서비스,용역,진행,자재,발주,또는,납품,하고,있는,사항에,대한,추가,구매가,필요,경우"
물품의 구매 및 계약 등에 관한 규정,제3조-4,계약 체결 방식 및 기준 — 원설계자 또는 원 공급자 및 시공자의 서비스 용역,"원설계자 또는 원 공급자 및 시공자의 서비스 용역 및 자재만을 사용하여야 할 경우.
(물품의 구매 및 계약 등에 관한 규정 제3조 계약 체결 방식 및 기준 제4호)","계약,체결,방식,기준,원설계자,또는,공급자,시공자의,서비스,용역,자재만을,사용하여야,경우"
물품의 구매 및 계약 등에 관한 규정,제3조-5,계약 체결 방식 및 기준 — 원 공급자로부터 보수 자재 및 부품을 구매할 경우.,"원 공급자로부터 보수 자재 및 부품을 구매할 경우.
(물품의 구매 및 계약 등에 관한 규정 제3조 계약 체결 방식 및 기준 제5호)","계약,체결,방식,기준,공급자로부터,보수,자재,부품을,구매할,경우"
물품의 구매 및 계약 등에 관한 규정,제3조-6,"계약 체결 방식 및 기준 — 계약금액이 서비스 용역 300만원 미만, 자재 구매","계약금액이 서비스 용역 300만원 미만, 자재 구매 100만원 미만의 소액인 경우.
(물품의 구매 및 계약 등에 관한 규정 제3조 계약 체결 방식 및 기준 제6호)","계약,체결,방식,기준,계약금액이,서비스,용역,300만원,미만,자재,구매,100만원,미만의,소액인,경우"
물품의 구매 및 계약 등에 관한 규정,제3조-7,"계약 체결 방식 및 기준 — 특정인의 기술, 용역 또는 특정한 위치, 구조, 품","특정인의 기술, 용역 또는 특정한 위치, 구조, 품질, 성능, 효율 등으로 인하여 경쟁 을 할 수 없는 경우.
(물품의 구매 및 계약 등에 관한 규정 제3조 계약 체결 방식 및 기준 제7호)","계약,체결,방식,기준,특정인의,기술,용역,또는,특정한,위치,구조,품질,성능,효율,등으로,인하여,경쟁,없는,경우"
물품의 구매 및 계약 등에 관한 규정,제3조-8,계약 체결 방식 및 기준 — 기타 예울마루 정책상 필요한 경우라고 관장이 판단을,"기타 예울마루 정책상 필요한 경우라고 관장이 판단을 하는 경우.
(물품의 구매 및 계약 등에 관한 규정 제3조 계약 체결 방식 및 기준 제8호)","계약,체결,방식,기준,기타,예울마루,정책상,필요한,경우라고,관장이,판단을,하는,경우"
물품의 구매 및 계약 등에 관한 규정,제4조,계약업체 선정 기준,"①지명경쟁입찰에 참여한 업체들로부터 접수된 입찰견적서의 상세내역을 검토하여 입찰 
설명회 시 제공한 용역 범위에서 누락된 항목이 없으면 최저가 입찰견적업체를 계약
업체로 선정한다.  
②최저가 입찰견적금액이 동일금액으로 2개 이상의 업체에서 제출시는 직접비 비용이 
낮은 업체를 계약업체로 선정한다.
③최저가 입찰견적업체의 입찰견적서의 상세내역에 입찰 설명회 시 제공한 용역 범위
에서 누락 항목이 있을 경우 최저가 입찰견적업체에서 입찰견적금액 변경 없이 상세
내역에 누락된 항목 포함하여 이행에 동의 시는 최저가 입찰견적업체를 계약업체로 
선정하고, 최저가업체에서 누락된 항목의 입찰견적금액을 증액 요청 시에는 차상위 

최저가 입찰견적업체를 계약업체로 선정한다.
④컨설팅 및 홍보물 콘텐츠 제작 등 서비스 용역의 계약업체 선정 시, 최저가 입찰견적
금액만으로 결과물의 품질을 담보할 수 없는 경우에는 입찰설명회 전 업체의 재무
상태, 보유인력 현황, 장비 보유 현황, 수행 실적, 입찰견적금액 등에 가중치를 부여
하여 계약업체 선정을 위한 평가 기준표를 작성하여 입찰 후 기준표에 의거 평가를 
하여 계약업체를 선정한다.","계약업체,선정,기준"
물품의 구매 및 계약 등에 관한 규정,제5조,계약서 작성 및 대금 지급,"①계약금액이 100만원 이상인 경우, 기안 결재를 득한다.
②기안 결재를 득한 후 서비스 용역 또는 자재 구매를 위한 정식계약서를 작성한다. 
단 서비스 용역의 경우 계약금액이 300만원 이하 자재 구매의 경우 계약금액이 
100만원 이하의 소액 계약의 경우 정식계약서를 작성하지 않을 수 있다.
③용역 완료 후 검수 확인하여 이상이 없으면 지급 원천서류를 첨부하여 지출결의서를 
작성하여 결재를 득한 후 경리 담당에게 관련 서류를 송부하여 대금을 지급한다.
④개별 계약에 의거 선급금 지급이 필요한 경우 선급금에 상당하는 금액의 이행(계약) 
보증보험증권 또는 은행 지급보증서를 계약이행 완료일까지 예치하여야 한다.","계약서,작성,대금,지급"
자산관리 규정,제1조,목적,"본 규정은 재단법인 지에스칼텍스재단(이하 “법인”이라 한다)이 수탁 운영하는 GS칼텍
스 예울마루(이하 “예울마루”이라 한다)의 임대시설물, 일반시설물, 비품 등 자산의 효
율적이고 합리적인 관리를 위한 업무기준과 절차를 규정함을 목적으로 한다.",목적
자산관리 규정,제2조,적용범위,"본 규정은 예울마루의 자산관리 업무에 공통으로 적용한다. 단, 자산관리 대상 중 비품
은 단일 품목 취득가액이 1백만 원 이상인 품목으로 한다.",적용범위
자산관리 규정,제3조,수탁재산의 관리,"①위･수탁 협약서 6조(수탁재산의 관리)에 근거하여 수탁재산을 선량한 관리자로서 
관리하여야 한다.
②이사장은 그 소관에 속하는 물품(현금 및 유가증권을 제외한 동산을 말한다. 이하 
같다)을 관리한다. 단, 이사장은 그 소관에 속하는 물품관리에 관한 사무를 소속 직
원에게 위임할 수 있다.
③관리 책임자는 관장으로 하고 물품관리자는 처리부서의 팀장으로 한다.","수탁재산의,관리"
자산관리 규정,제4조,대장비치,"보유 물품에 대한 물품관리자는 물품 대장을 비치하여 취득, 변경, 처분사항을 정확히 
기입하여야 한다.",대장비치
자산관리 규정,제5조,인계인수,"관리 책임자가 변경되었을 때는 물품 대장 및 현품을 대조하여 인계인수를 명확히 하여
야 한다.",인계인수
자산관리 규정,제6조,재물조사,"재물조사는 연 1회 이상 정기 또는 수시로 실시할 수 있으며 관리 책임자는 그 관리에 
속하는 물품에 대하여 물품 대장 및 현물을 정확히 실사 확인하여야 한다. 단, 위탁 기
관의 정기재물 조사 시 당해 연도 정기재물 조사를 대신할 수 있다.",재물조사
자산관리 규정,제7조,고정자산 중 물품 상태 분류,"재물조사는 물품의 보관 상황의 적정 여부나 물품의 상태를 다음과 같이 분류 조사한다.

1.신품 : 신품 또는 신품과 동일하여 즉시 사용할 수 있는 물품
2.현품 : 사용되고 있는 물품으로서 수거를 요하지 아니하는 물품
3.수리품 : 수리하여 사용함이 경제적인 물품
4.폐품 : 수리하여 사용함이 비경제적이거나 수리 불가능 물품","고정자산,물품,상태,분류"
자산관리 규정,제7조-1,고정자산 중 물품 상태 분류 — 신품,"신품 : 신품 또는 신품과 동일하여 즉시 사용할 수 있는 물품
(자산관리 규정 제7조 고정자산 중 물품 상태 분류 제1호)","고정자산,물품,상태,분류,신품,또는,신품과,동일하여,즉시,사용할,있는"
자산관리 규정,제7조-2,고정자산 중 물품 상태 분류 — 현품,"현품 : 사용되고 있는 물품으로서 수거를 요하지 아니하는 물품
(자산관리 규정 제7조 고정자산 중 물품 상태 분류 제2호)","고정자산,물품,상태,분류,현품,사용되고,있는,물품으로서,수거를,요하지,아니하는"
자산관리 규정,제7조-3,고정자산 중 물품 상태 분류 — 수리품,"수리품 : 수리하여 사용함이 경제적인 물품
(자산관리 규정 제7조 고정자산 중 물품 상태 분류 제3호)","고정자산,물품,상태,분류,수리품,수리하여,사용함이,경제적인"
자산관리 규정,제7조-4,고정자산 중 물품 상태 분류 — 폐품,"폐품 : 수리하여 사용함이 비경제적이거나 수리 불가능 물품
(자산관리 규정 제7조 고정자산 중 물품 상태 분류 제4호)","고정자산,물품,상태,분류,폐품,수리하여,사용함이,비경제적이거나,수리,불가능"
자산관리 규정,제8조,손망실품 및 변상,"①재물조사 결과 부족품이 발생할 때에는 물품관리자가 그 책임 소재를 규명하고 물
품의 종류, 규격, 수량, 물품 번호를 명확히 확인하여 관리 책임자에게 보고한다.
②변상은 현물에 의함을 원칙으로 한다. 단, 신품 기타 사용 가능 품을 손망실한 경우 
현금으로 변상하고 발생 시기가 불명확할 경우에는 발견 당시의 현금으로 변상하며 
변상 기준은 별표 1에 의한다.
③현물과 변상되는 물품의 상태는 손망실 당시의 상태이어야 하며, 관리 책임자는 이
를 검사해야 한다.
④그 밖의 사항은 위.수탁 협약서 6조(수탁재산의 관리)의거 처리한다.","손망실품,변상"
자산관리 규정,제9조,임대시설,임대시설이라 함은 연간 전대차 계약을 체결하는 시설을 말한다.,임대시설
자산관리 규정,제10조,임대시설물현황,"처리부서의 팀장은 임대시설물 대장을 비치하고 취득, 변경, 처분 사항을 정확히 기입
하여야 한다.",임대시설물현황
자산관리 규정,제11조,일반시설,일반시설이라 함은 기계설비와 소방설비 및 전기.통신.방송설비 등을 말한다.,일반시설
자산관리 규정,제12조,기계설비현황,"기계설비는 항온항습기, 공조기, 위생설비, 정화조 및 오수 정화시설, 펌프, 바닥분수 설
비 등으로 한다.",기계설비현황
자산관리 규정,제13조,소방설비현황,"소방설비는 소화기, 옥내.외 소화전 설비, 스프링클러, 이산화탄소 소화 설비, 자동 화재
탐지.자동 화재속보.비상경보 설비, 소화용수설비, 제연설비, 연결 송수관.연결 설비, 전
기시설, 방화시설 등을 말한다.",소방설비현황
자산관리 규정,제14조,전기.통신ᆞ방송 설비현황,"전기.통신.방송 설비라 함은 전기분야에 수변전 설비, 배전반 설비, 분전반 설비, 발전 

설비, MCC(동력설비) 조명 및 제어설비(배선 설비), 승강기 설비를 말하며, 통신.방송
설비 분야에 교환기, 배터리, 정류기, 통신선로, 방송설비를 말한다.","전기통신방송,설비현황"
자산관리 규정,제15조,관리 및 대장 비치,"처리부서의 팀장은 시설물 대장을 비치하고 취득, 변경 처분 사항을 정확히 기입하여야 
하며 일반설비를 주기적으로 점검하여야 한다.","관리,대장,비치"
자산관리 규정,제16조,비품의 관리,관리 책임자는 비품 보유 및 관리 현황을 유지하고 공용 비품관리 책임을 진다.,"비품의,관리"
자산관리 규정,제17조,사용책임,"사용자란 비품을 직접 사용하고 운용하는 자를 말하며, 사용자는 사용 비품을 선량한 
관리자로서 보전하여야 하며, 개인망실, 훼손시켰을 경우 무과실을 입증하지 못하는 경
우 변상 책임을 진다.",사용책임
자산관리 규정,제18조,비품의 이동 및 이관,"부서별 비품은 처리부서 팀장의 승인 없이 이동, 이관 및 대여할 수 없다. 단, 사정에 
따라 비품을 이동, 이관 및 대여할 때에는 사전에 처리부서의 팀장에게 승인을 받아야 
한다.","비품의,이동,이관"
자산관리 규정,제19조,비품의 손망실,"비품을 망실, 훼손 시켰을 경우 사용자는 그 사유를 12시간 이내에 처리부서의 팀장에
게 손망실 보고서를 작성하여 보고하여야 하며, 고의 또는 과실로 비품을 훼손 또는 망
실한 자는 그 손해를 변상하여야 한다.","비품의,손망실"
자산관리 규정,제20조,불용품의 반환 및 처리,"①비품의 불용 결정 기준은 다음 각 호와 같다.
1.사용할 필요가 없게 된 비품으로서 앞으로 사용할 전망이 없는 것
2.보유 예상 기간을 초과하여 재고로 보유하고 있는 비품
3.수선을 요하는 비품으로서 수선비가 과다하여 비경제적이라고 인정되는 비품
4.규격 또는 모형이 달라져 수리하여도 본래의 목적으로 사용할 수 없는 비품
5.폐기하여야 할 충분한 사유가 있다고 물품관리자가 인정하는 비품
6.변질, 부패 기타의 사유로 매각할 수 없다고 인정되는 비품
7.관리전환, 양여, 매각 등에 의한 처분을 하고자 하여도 처분되지 아니하는 비품
②전항의 불용 결정 기준에 해당하는 경우에는 부서별 비품 보관 책임자는 관리 책임
자를 경유하여 운영지원팀에 불용품 처리 의뢰서(별지 서식 제1호)를 제출한 후에 
그 비품을 반환하여야 하며, 운영지원팀장은 그 사실을 조사하여 해당 비품의 처리 
방법을 결정한다.","불용품의,반환,처리"
자산관리 규정,제20조-1,불용품의 반환 및 처리 — 사용할 필요가 없게 된 비품으로서 앞으로 사용할 전,"사용할 필요가 없게 된 비품으로서 앞으로 사용할 전망이 없는 것
(자산관리 규정 제20조 불용품의 반환 및 처리 제1호)","불용품의,반환,처리,사용할,필요가,없게,비품으로서,앞으로,전망이,없는"
자산관리 규정,제20조-2,불용품의 반환 및 처리 — 보유 예상 기간을 초과하여 재고로 보유하고 있는 비,"보유 예상 기간을 초과하여 재고로 보유하고 있는 비품
(자산관리 규정 제20조 불용품의 반환 및 처리 제2호)","불용품의,반환,처리,보유,예상,기간을,초과하여,재고로,보유하고,있는,비품"
자산관리 규정,제20조-3,불용품의 반환 및 처리 — 수선을 요하는 비품으로서 수선비가 과다하여 비경제적,"수선을 요하는 비품으로서 수선비가 과다하여 비경제적이라고 인정되는 비품
(자산관리 규정 제20조 불용품의 반환 및 처리 제3호)","불용품의,반환,처리,수선을,요하는,비품으로서,수선비가,과다하여,비경제적이라고,인정되는,비품"
자산관리 규정,제20조-4,불용품의 반환 및 처리 — 규격 또는 모형이 달라져 수리하여도 본래의 목적으로,"규격 또는 모형이 달라져 수리하여도 본래의 목적으로 사용할 수 없는 비품
(자산관리 규정 제20조 불용품의 반환 및 처리 제4호)","불용품의,반환,처리,규격,또는,모형이,달라져,수리하여도,본래의,목적으로,사용할,없는,비품"
자산관리 규정,제20조-5,불용품의 반환 및 처리 — 폐기하여야 할 충분한 사유가 있다고 물품관리자가 인,"폐기하여야 할 충분한 사유가 있다고 물품관리자가 인정하는 비품
(자산관리 규정 제20조 불용품의 반환 및 처리 제5호)","불용품의,반환,처리,폐기하여야,충분한,사유가,있다고,물품관리자가,인정하는,비품"
자산관리 규정,제20조-6,"불용품의 반환 및 처리 — 변질, 부패 기타의 사유로 매각할 수 없다고 인정되","변질, 부패 기타의 사유로 매각할 수 없다고 인정되는 비품
(자산관리 규정 제20조 불용품의 반환 및 처리 제6호)","불용품의,반환,처리,변질,부패,기타의,사유로,매각할,없다고,인정되는,비품"
자산관리 규정,제20조-7,"불용품의 반환 및 처리 — 관리전환, 양여, 매각 등에 의한 처분을 하고자 하","관리전환, 양여, 매각 등에 의한 처분을 하고자 하여도 처분되지 아니하는 비품
(자산관리 규정 제20조 불용품의 반환 및 처리 제7호)","불용품의,반환,처리,관리전환,양여,매각,등에,의한,처분을,하고자,하여도,처분되지,아니하는,비품"
자산관리 규정,별표1,변 상 처 리 기 준 표,"구분
사용년수
신  품(A급)중 고 품(B급)요정비 품 (C급)
11년 이내100%6개월 이내100%6개월 이내100%
22년 이내90%1년 이내80%1년 이내80%
33년 이내80%2년 이내60%2년 이내60%
44년 이내70%3년 이내40%3년 이내40%
55년 이내60%4년 이내20%4년 이내20%
66년 이내40%5년 이내15%5년 이내15%
77년 이내20%6년 이내10%6년 이내10%
88년 이내15%7년 이내5%7년 이내5%
99년 이내5%
109년 이상
  
 
물  품  상  태  분  류  기  준
신  품신품 및 신품과 거의 동일한 물품
중고품사용된 물품으로 수리를 요하지 아니하는 물품
요정비품수리하여 사용함이 경제적인 물품

(별지서식 제1호)
불용품(반환.폐기) 처리 의뢰서
접 수 번 호:                     접수일자: 20   년   월   일
소 속 부 처:
보관책임자: 직            성 명:             (인)
사  용  자: 직            성 명:             (인)
아래와 같이 불용품 (반환.폐기)처리를 의뢰합니다.
NO비 품 번 호등재일자품  명규 격수 량단  가사용장소
1
2
3
4
5
6
7
8
9
*(반환,폐기)사유
*확인 내용
*확인 내용은 기재하지 마십시오.
*불용품(반환, 폐기) 사진은 꼭 첨부하세요.
확인자:                    (인)
결
재
담당팀장관장

불용품(반환, 폐기) 사진
비품 번호등재 일자
품명규격
수량단가
관리부서관리자",
대손처리 규정,제1조,목적,"이 규정의 목적은 예울마루의 채권 중 부득이한 사유로 그 회수가 불가능한 채권에 대해 
대손처리를 하는 데 필요한 기준 및 절차 등을 규정하는 데 있다.",목적
대손처리 규정,제2조,적용범위,"이 규정은 아래와 같은 예울마루의 국내판매 관련 채권에 대하여만 적용하며, 기타의 
채권은 발생부서가 회계부서와 협의한 후 지출승인 규정상 전결권자와 회계부서의 재가
를 받아 대손 처리할 수 있다.
①받을어음
②미수금
③기타 단기채권
④외상 매출금
⑤기타 예울마루의 매출채권에 관련된 것으로서 위 각호에 준하는 사항",적용범위
대손처리 규정,제3조,용어의 정의,"이 규정에서 사용하는 다음 용어의 정의는 아래와 같다.
①채무자 : 계약자, 보증인 및 해당 채권과 관련하여 회사에서 채권을 행사할 수 있는 자를 
말한다.
②대손처리 : 회수 불가능한 채권을 받을 채권(수취채권)에서 제거하는 과정으로서 매 
결산 시에 대손충당금과 상계처리함을 원칙으로 한다.
③대손처리 대상 채권 : 법인세법에서 규정하고 있는 대손처리 대상 채권을 준용한다.
1.채무자의 파산, 강제집행, 형의 집행, 사업 폐지로 인하여 회수할 수 없는 채권
2.채무자의 사망, 실종, 행방불명으로 인하여 회수할 수 없는 채권
3.외상 매출금 및 미수금으로서 상법상 소멸시효가 완성된 것
4.어음법에 의하여 소멸시효가 완성된 어음
5.수표법에 의하여 소멸시효가 완성된 수표
6.부도 발생일로부터 6월 이상 경과한 수표 또는 어음상의 채권
7.세무서장으로부터 국세결손처분을 받은 채무자에 대한 채권
8.민사소송법 제616조의 규정에 의하여 채무자의 재산에 대한 경매가 취소된 압류채권
④대손처리심의위원회　:　대손처리 적격 여부 및 대손처리 계정과목 결정, 대손 채권 
관리책임자의 인가처리 회부에 관한 사항을 각각 심의하고 대손처리를 결의하기 위해 
관장 소속하에 3인 이상 5인 이하의 위원으로 구성되는 위원회를 말한다
⑤해당 연도 부서장：해당 연도 채권을 최초 발생시키거나 또는 현재 그 채권을 관리
하는 부서장을 말한다.
⑥간사　:　운영지원팀장의 임명으로 대손처리 심의안건을 정리하고 서무처리하며 회의록을 
작성하는 자를 말한다.","용어의,정의"
대손처리 규정,제3조-1,"용어의 정의 — 채무자의 파산, 강제집행, 형의 집행, 사업 폐지로","채무자의 파산, 강제집행, 형의 집행, 사업 폐지로 인하여 회수할 수 없는 채권
(대손처리 규정 제3조 용어의 정의 제1호)","용어의,정의,채무자의,파산,강제집행,형의,집행,사업,폐지로,인하여,회수할,없는,채권"
대손처리 규정,제3조-2,"용어의 정의 — 채무자의 사망, 실종, 행방불명으로 인하여 회수할","채무자의 사망, 실종, 행방불명으로 인하여 회수할 수 없는 채권
(대손처리 규정 제3조 용어의 정의 제2호)","용어의,정의,채무자의,사망,실종,행방불명으로,인하여,회수할,없는,채권"
대손처리 규정,제3조-3,용어의 정의 — 외상 매출금 및 미수금으로서 상법상 소멸시효가 완성,"외상 매출금 및 미수금으로서 상법상 소멸시효가 완성된 것
(대손처리 규정 제3조 용어의 정의 제3호)","용어의,정의,외상,매출금,미수금으로서,상법상,소멸시효가,완성된"
대손처리 규정,제3조-4,용어의 정의 — 어음법에 의하여 소멸시효가 완성된 어음,"어음법에 의하여 소멸시효가 완성된 어음
(대손처리 규정 제3조 용어의 정의 제4호)","용어의,정의,어음법에,의하여,소멸시효가,완성된,어음"
대손처리 규정,제3조-5,용어의 정의 — 수표법에 의하여 소멸시효가 완성된 수표,"수표법에 의하여 소멸시효가 완성된 수표
(대손처리 규정 제3조 용어의 정의 제5호)","용어의,정의,수표법에,의하여,소멸시효가,완성된,수표"
대손처리 규정,제3조-6,용어의 정의 — 부도 발생일로부터 6월 이상 경과한 수표 또는 어음,"부도 발생일로부터 6월 이상 경과한 수표 또는 어음상의 채권
(대손처리 규정 제3조 용어의 정의 제6호)","용어의,정의,부도,발생일로부터,6월,이상,경과한,수표,또는,어음상의,채권"
대손처리 규정,제3조-7,용어의 정의 — 세무서장으로부터 국세결손처분을 받은 채무자에 대한,"세무서장으로부터 국세결손처분을 받은 채무자에 대한 채권
(대손처리 규정 제3조 용어의 정의 제7호)","용어의,정의,세무서장으로부터,국세결손처분을,받은,채무자에,대한,채권"
대손처리 규정,제3조-8,용어의 정의 — 민사소송법 제616조의 규정에 의하여 채무자의 재산,"민사소송법 제616조의 규정에 의하여 채무자의 재산에 대한 경매가 취소된 압류채권
(대손처리 규정 제3조 용어의 정의 제8호)","용어의,정의,민사소송법,제616조의,규정에,의하여,채무자의,재산에,대한,경매가,취소된,압류채권"
대손처리 규정,제4조,해당 연도 부서장의 책임과 권한,"대손 채권의 해당 연도 부서장은 관리하는 대손처리 대상 채권을 대손 처리할 시기에 
소명자료를 첨부하여 대손처리 주관 부서로 송부할 책임이 있다. 이 경우 대손처리 요건이 
불비할 시는 즉시 보완하여 대손처리 주관 부서로 재차 송부하여야 한다.","해당,연도,부서장의,책임과,권한"
대손처리 규정,제5조,운영지원팀장의 책임과 권한,"①운영지원 팀장은 대손처리 대상 채권 및 소명자료를 사전에 심사하고 그 책임의 한계를 
평가할 수 있으며 종합하여야 한다.
②대손처리심의위원회 개최를 대손처리위원회 위원장에게 제청할 수 있다.
③대손처리 확정시 대손처리에 필요한 전표를 작성하여 처리할 책임이 있다.
④대손처리 규정의 보완, 변경 필요시 이를 개정키 위해 전결권자에게 품의할 수 있다.
⑤기말 매출채권 잔액 조사 시 파악 및 회수 불확실 채권에 대한 대손충당금 전입액을 
계상하고 이의 상대계정으로 대손충당금을 설정하여야 한다.
⑥대손처리 주관 부서와 대손처리 대상 채권에 대하여 사전 협의를 하여야 한다.","운영지원팀장의,책임과,권한"
대손처리 규정,제6조,대손처리심의위원회,"①대손처리에 관한 중요사항을 심의하기 위하여 예울마루 관장 소속하에 대손처리심
의위원회를 둔다.
②대손처리심의위원회는 아래와 같이 구성한다.
1.위원회는 위원장 1인을 포함한 3인 이상 5인 이하의 위원으로 구성한다.
2.위원장은 예울마루 관장으로 하고 위원은 운영지원팀장과 제1호의 범위 내에서 운
영지원팀장의 제청에 의거 위원장이 위촉하는 사람으로 한다.",대손처리심의위원회
대손처리 규정,제6조-1,대손처리심의위원회 — 위원회는 위원장 1인을 포함한 3인 이상 5인 이하,"위원회는 위원장 1인을 포함한 3인 이상 5인 이하의 위원으로 구성한다.
(대손처리 규정 제6조 대손처리심의위원회 제1호)","대손처리심의위원회,위원회는,위원장,1인을,포함한,3인,이상,5인,이하의,위원으로,구성한다"
대손처리 규정,제6조-2,대손처리심의위원회 — 위원장은 예울마루 관장으로 하고 위원은 운영지원팀장,"위원장은 예울마루 관장으로 하고 위원은 운영지원팀장과 제1호의 범위 내에서 운 영지원팀장의 제청에 의거 위원장이 위촉하는 사람으로 한다.
(대손처리 규정 제6조 대손처리심의위원회 제2호)","대손처리심의위원회,위원장은,예울마루,관장으로,하고,위원은,운영지원팀장과,제1호의,범위,내에서,영지원팀장의,제청에,의거,위원"
대손처리 규정,제7조,위원장,"①위원장은 위원회의 회의를 주재하고 위원회를 대표한다.
②위원장의 유고 시에는 위원들의 호선에 의해 선출된 위원이 위원장의 직무를 대행
한다.",위원장
대손처리 규정,제8조,위원회 의결사항,"위원회는 다음 각호의 사항을 심의한다.
1.대손처리 적격 여부에 관한 사항
2.대손처리 계정과목 결정에 관한 사항
3.송무비 및 기타 채권행사를 위해 지출한 경비 중 회수불능 비용처리에 관한 사항
4.당사 인사 규정 등에 의거 대손 채권 관리책임자의 인가처리 회부에 관한 사항
5.기타 대손처리에 관련된 사항","위원회,의결사항"
대손처리 규정,제8조-1,위원회 의결사항 — 대손처리 적격 여부에 관한 사항,"대손처리 적격 여부에 관한 사항
(대손처리 규정 제8조 위원회 의결사항 제1호)","위원회,의결사항,대손처리,적격,여부에,관한,사항"
대손처리 규정,제8조-2,위원회 의결사항 — 대손처리 계정과목 결정에 관한 사항,"대손처리 계정과목 결정에 관한 사항
(대손처리 규정 제8조 위원회 의결사항 제2호)","위원회,의결사항,대손처리,계정과목,결정에,관한,사항"
대손처리 규정,제8조-3,위원회 의결사항 — 송무비 및 기타 채권행사를 위해 지출한 경비 중 회,"송무비 및 기타 채권행사를 위해 지출한 경비 중 회수불능 비용처리에 관한 사항
(대손처리 규정 제8조 위원회 의결사항 제3호)","위원회,의결사항,송무비,기타,채권행사를,위해,지출한,경비,회수불능,비용처리에,관한,사항"
대손처리 규정,제8조-4,위원회 의결사항 — 당사 인사 규정 등에 의거 대손 채권 관리책임자의,"당사 인사 규정 등에 의거 대손 채권 관리책임자의 인가처리 회부에 관한 사항
(대손처리 규정 제8조 위원회 의결사항 제4호)","위원회,의결사항,당사,인사,규정,등에,의거,대손,채권,관리책임자의,인가처리,회부에,관한,사항"
대손처리 규정,제8조-5,위원회 의결사항 — 기타 대손처리에 관련된 사항,"기타 대손처리에 관련된 사항
(대손처리 규정 제8조 위원회 의결사항 제5호)","위원회,의결사항,기타,대손처리에,관련된,사항"
대손처리 규정,제9조,위원회의 의결 등,"①위원장은 운영지원팀장의 제청이 있는 때 또는 필요하다고 인정할 때에는 위원회를 
소집하고 그 의장이 된다.
②회의는 위원장을 포함한 재적 위원 2/3 이상의 출석으로 개회하고 출석위원 전원의 
찬성으로 의결한다.

③위원회에서 대손에 관한 의결을 한때에는 대손처리의결서에 의결사항을 기재한 후 
의결에 참여한 위원 전원이 서명 날인한다.
④위원장은 위원회의 소집이 곤란하거나 부득이한 사정이 있다고 인정할 때에는 서면
의결로 갈음할 수 있다.","위원회의,의결"
대손처리 규정,제10조,대손처리 시기,대손처리는 기말결산 전에 실시함을 원칙으로 한다.,"대손처리,시기"
대손처리 규정,제11조,대손처리 대상 선정,해당 연도 부서장은 대손처리 대상 채권을 선정한다.,"대손처리,대상,선정"
대손처리 규정,제12조,대손처리 의뢰,"해당 연도 부서장은 대손처리 시기에 대손처리의뢰를 부서메모에 소명자료를 첨부하여 
운영지원팀장에게 송부한다.","대손처리,의뢰"
대손처리 규정,제13조,종합 및 협의,"①운영지원팀장은 해당 연도 부서장으로부터 접수한 부서 메모 기재사항 및 그에 첨부된 
소명자료를 사전 심사하여 그 책임의 한계를 평가한 후 이를 종합한다.
②전항의 심사 시 운영지원팀장은 부서 메모 기재사항 및 그 소명서류가 불충분하다고 
인정될 때에는 해당 연도 부서장에게 보완을 요청할 수 있다.
③종합이 끝난 때에는 운영지원팀장은 대손처리심의위원회에 보고한다.","종합,협의"
대손처리 규정,제14조,대손의 결정,대손처리심의 위원회의 의결을 거쳐 상임이사의 결재를 얻은 후 대손을 확정한다.,"대손의,결정"
대손처리 규정,제15조,대손의 확정,"대손처리가 확정된 때에는 운영지원팀장은 대손처리에 필요한 전표 등을 작성하여 예울
마루 관장의 결재를 얻은 후 대손 처리한다.","대손의,확정"
대손처리 규정,별표1,무대 안전 수칙,"1.안전을 위하여 사전에 협의된 인원 외에는 무대 출입을 금합니다.
2.무대에서는 공연 관련 장비 이외 어떠한 장비도 반입을 금지합니다.
3.무대에서 반입, 반출되는 모든 물품은 사전에 허가를 받아야 합니다.
4.담당자 외에는 무대 기기 및 장치의 접근을 금합니다.
5.무대에서는 화약류 및 유류, 가스류 등 위험물은 사용할 수 없습니다.
6.무대에서는 흡연과 음주, 사전에 협의되지 않은 사진촬영을 금합니다.
7.무대에는 음식물이나 화환, 꽃다발을 반입할 수 없습니다.
8.연습 및 공연 중에는 어떠한 방문객도 무대에 들어와서는 안됩니다.
9.공연에 필요한 물품을 사용할 때에는 반드시 무대 담당자와 합의하여 사용하여야 
합니다.
10.무대에서의 모든 작업은 예울마루와의 협의하에 진행해야 합니다. 공연단체는 공
연 종료 후 무대 및 분장실, 연습실 등의 제반 시설을 원상 회복하여야 하며, 담당
자의 책임 하에 폐기물을 수거하여야 합니다.
11.무대시설물을 임의로 변경하거나 파손하여, 공연장의 자산에 피해가 가해질 경우 
공연단체는 이를 배상하여야 합니다.
12.공연 단체는 공연 종료 후, 다음 공연에 지장을 주지 않도록 조속히 무대 설치물
을 철거하여야 합니다.

안전관리 규정(망마)","무대,안전,수칙"
대손처리 규정,별표2,대관 단체 안전 유의사항 안내,"1.일반 주의 사항  
-예울마루 내에서 층간 이동 시 비상대피 계단을 이용할 경우 계단실 내부에 갇히
는 사고가 발생할 수 있으니 반드시 엘리베이터를 이용하시기 바랍니다.  
-바닷가에 위치한 지하 건축물의 특성상 복도 바닥에 결로 및 습기가 형성되 바닥
이 미끄러울 수 있으니 유의하여 이동하시기 바랍니다.(무대의상을 입은 연주자 
및 배우들에게는 조금의 미끄럼 상태도 큰 부상으로 이어질 수 있음.)
-건축물 내/외부에 계단이 많아 발을 헛딛는 사고가 발생할 수 있으니 유의하시기 
바랍니다.
-예울마루 외부에 설치되어 있는 각종 안전 난간들에 기대는 행위는 전도 위험이 
있으니 유의하여 주시기 바랍니다.
-예울마루 테라스 및 로비, 복도, 분장실 등 배치되어 있는 의자/테이블 등 각종 
후방 가구들은 이동을 삼가주시고 불가피하게 이동시켜 사용 시에는 원상복구 바
랍니다. 
-흡연은 지정된 장소에서만 가능합니다. (1층 그린 룸, 3층 썬큰 흡연장)
2.주차장 이용 안내
-세트 및 공연 물품 반입을 위한 대형 차량은 실내 주차장 진입을 금지합니다. 
(실내 주차장 상부 소방 및 설비 배관의 파손 위험)
-실내 주차장 3층은 장애인 차량 및 버스를 위한 주차 공간이오니 스텝 및 출연자
들은 3층 주차장 주차를 자제하여 주시고 가급적 1,2층 주차장을 이용하시기 바
랍니다. (반드시 3층 주차장을 이용해야 하는 대관 단체 측 주요 인사가 있으시
면 사전에 대관 담당자에게 차량번호와 인적정보를 통보 바랍니다.)
-실내 주차장 이용 시 규정속도(20km/h 이하)를 준수하여 주시기 바랍니다.
-우천 시에는 주차장 바닥이 매우 미끄러우니 각별히 주의하시기 바랍니다.
-주차된 차량에서 누출된 오일에 미끄러지는 사고가 발생할 수 있으니 주차장 내
에서는 항상 바닥을 잘 살피시기 바랍니다.
3.분장실 등 내부 시설 이용 안내
-분장실, 그린 룸, 복도 등에서 일체의 조리 행위 및 취사도구 사용을 금지합니다. 
(무대 소품 제작을 위한 행위 포함) 
-분장대 거울에 설치된 조명 전구에 옷을 걸지 마세요. (과열로 인한 화재 발생 
위험)
-분장실 내에 배치된 의자는 바퀴가 파손되기 쉬우니 과도한 하중을 전달하지 마
시고 조심히 이용 바랍니다.
-분장대 위에 걸 터 앉으면 파손의 위험이 있사오니 삼가주시기 바랍니다.

안전관리 규정(망마)
4.기타 안내
-기계실, 전기실, 각종 피트 실 등 위험 요인이 상존하는 곳이 많아 지정된 실외에는 
출입을 금합니다. 
-화물엘리베이터 갑판에서 지게차를 이용한 물품 반입 작업 시 반드시 신호수를 운영
하여 차량의 통행에 안전을 기하고 가로등 및 기타 시설물에 부딪히지 않도록 안전 
관리자를 배치하시기 바랍니다.
-엘리베이터 이용 중에는 엘리베이터 내 부착된 안전 수칙을 준수하여 주시고 비상 
상황 시 비상통화 버튼을 눌러 침착하게 대응하시기 바랍니다.
-영·유아의 에스컬레이터 사용은 매우 위험하오니 반드시 보호자가 동행하시고 가급적 
엘리베이터를 이용할 수 있도록 안내 바랍니다.
-기타 시설 관련 문의
Ÿ시설 행정 ","대관,단체,안전,유의사항,안내"
대손처리 규정,제1조,목적,"본 규정은 GS칼텍스 예울마루(이하 “예울마루”이라 한다)가 여수시로부터 수탁 운영하는 
GS칼텍스 예울마루 창작스튜디오(이하 “창작스튜디오”라 한다)의 효율적인 관리 운영을 
위해 필요한 사항을 규정함을 목적으로 한다.",목적
대손처리 규정,제2조,입주기간,"창작스튜디오 입주자의 입주기간은 다음 각 호와 같다. 단, 입주 기간 중의 활동성과, 프
로그램 참여도, 향후 프로그램 기여 가능성 등에 따라 최대 12개월까지 연장할 수 있다.
1.장기입주 : 6개월 이상 12개월 이하
2.단기입주 : 6개월 미만",입주기간
대손처리 규정,제2조-1,입주기간 — 장기입주,"장기입주 : 6개월 이상 12개월 이하
(대손처리 규정 제2조 입주기간 제1호)","입주기간,장기입주,6개월,이상,12개월,이하"
대손처리 규정,제2조-2,입주기간 — 단기입주,"단기입주 : 6개월 미만
(대손처리 규정 제2조 입주기간 제2호)","입주기간,단기입주,6개월,미만"
대손처리 규정,제3조,운영 프로그램,"예울마루에서 운영하는 창작스튜디오 프로그램은 다음 각 호와 같다.(단, 단기 입주작가
는 입주기간이나 상황에 따라 다를 수 있다)
1.입주작가 프로그램 발표 전시회 및 세미나 개최
2.오픈스튜디오 개최
3.도록 및 출판물 발간
4.국내외 미술, 예술교류 및 상호 네트워크 구축
5.지역주민, 학생과 연계한 미술교육 및 커뮤니티 프로그램 운영
6.기타 창작스튜디오의 운영 발전에 필요한 프로그램","운영,프로그램"
대손처리 규정,제3조-1,운영 프로그램 — 입주작가 프로그램 발표 전시회 및 세미나 개최,"입주작가 프로그램 발표 전시회 및 세미나 개최
(대손처리 규정 제3조 운영 프로그램 제1호)","운영,프로그램,입주작가,발표,전시회,세미나,개최"
대손처리 규정,제3조-2,운영 프로그램 — 오픈스튜디오 개최,"오픈스튜디오 개최
(대손처리 규정 제3조 운영 프로그램 제2호)","운영,프로그램,오픈스튜디오,개최"
대손처리 규정,제3조-3,운영 프로그램 — 도록 및 출판물 발간,"도록 및 출판물 발간
(대손처리 규정 제3조 운영 프로그램 제3호)","운영,프로그램,도록,출판물,발간"
대손처리 규정,제3조-4,"운영 프로그램 — 국내외 미술, 예술교류 및 상호 네트워크 구축","국내외 미술, 예술교류 및 상호 네트워크 구축
(대손처리 규정 제3조 운영 프로그램 제4호)","운영,프로그램,국내외,미술,예술교류,상호,네트워크,구축"
대손처리 규정,제3조-5,"운영 프로그램 — 지역주민, 학생과 연계한 미술교육 및 커뮤니티 프로","지역주민, 학생과 연계한 미술교육 및 커뮤니티 프로그램 운영
(대손처리 규정 제3조 운영 프로그램 제5호)","운영,프로그램,지역주민,학생과,연계한,미술교육,커뮤니티"
대손처리 규정,제3조-6,운영 프로그램 — 기타 창작스튜디오의 운영 발전에 필요한 프로그램,"기타 창작스튜디오의 운영 발전에 필요한 프로그램
(대손처리 규정 제3조 운영 프로그램 제6호)","운영,프로그램,기타,창작스튜디오의,발전에,필요한"
대손처리 규정,제4조,의무사항,"① 입주작가는 창작스튜디오를 매월 10일 이상 이용하여야 한다. 다만 해외여행 및 출장 
등의 특별한 사정 등으로 인하여 이의 이용이 불가능 할 때에는 최소 1주일전 해당
부서에 그 사유를 접수하고 예울마루 관장의 승인을 받아야 한다. 
 ② 입주작가는 예울마루에 협조 및 건의사항이 있을시 해당부서에 그 내용을 접수하여야 
하며, 그렇지 않은 경우 접수되지 않은 것으로 본다.
 ③ 입주작가는 매월 1회 열리는 입주작가 월례회의에 필히 참석하고, 회의 등 공식석상
에서 결정된 내용에 대해 준수하여야 한다.
 ④ 타 갤러리나 기관과 계약이 되어있는 경우 예울마루의 입장과 의견을 우선순위에 두고, 
타 기관과 새로운 계약을 체결할 경우 예울마루에 사전 통보, 협의한다.
 ⑤ 입주작가는 본 운영규정을 숙지하고 준수하여야 한다.

창작스튜디오 운영규정(장도)",의무사항
대손처리 규정,제5조,각종 사고 예방,"① 예울마루는 제반 안전사고의 예방을 위하여 사전 공고 후 정기적인 안전 점검을 실시
하며, 입주작가는 이에 적극 협조하여야 한다.
 ② 입주작가의 부주의, 문단속 미비와 공용구역 내 작품 방치로 인한 작품 손상, 도난, 
천재지변에 의한 사고 등에 대해 예울마루는 책임지지 않는다.","각종,사고,예방"
대손처리 규정,제6조,입주신청 자격,"창작스튜디오에 입주신청 자격은 다음 각 호와 같다.
1. 입주작가 모집공고 일을 기준으로 하여 만 25세 이상의 예술가
2. 국내·외에서 활발하게 창작활동을 하고 있는 작가로 전 예술분야 작가
3. 예울마루 창작스튜디오에 장기입주 경력이 있는 작가는 재신청불가","입주신청,자격"
대손처리 규정,제6조-1,입주신청 자격 — 입주작가 모집공고 일을 기준으로 하여 만 25세 이,"입주작가 모집공고 일을 기준으로 하여 만 25세 이상의 예술가
(대손처리 규정 제6조 입주신청 자격 제1호)","입주신청,자격,입주작가,모집공고,일을,기준으로,하여,25세,이상의,예술가"
대손처리 규정,제6조-2,입주신청 자격 — 국내·외에서 활발하게 창작활동을 하고 있는 작가로,"국내·외에서 활발하게 창작활동을 하고 있는 작가로 전 예술분야 작가
(대손처리 규정 제6조 입주신청 자격 제2호)","입주신청,자격,국내,외에서,활발하게,창작활동을,하고,있는,작가로,예술분야,작가"
대손처리 규정,제6조-3,입주신청 자격 — 예울마루 창작스튜디오에 장기입주 경력이 있는 작가는,"예울마루 창작스튜디오에 장기입주 경력이 있는 작가는 재신청불가
(대손처리 규정 제6조 입주신청 자격 제3호)","입주신청,자격,예울마루,창작스튜디오에,장기입주,경력이,있는,작가는,재신청불가"
대손처리 규정,제7조,입주신청 공고,"GS칼텍스 예울마루 관장은 입주 작가 선발 시 공고일로부터 20일 이상 인터넷 또는 그 
밖의 효과적인 방법에 의하여 공고하여야 한다. 단, 창작스튜디오 운영 초기단계(3년 이
하)까지는 전문가 추천방식으로 진행한다.","입주신청,공고"
대손처리 규정,제8조,입주신청 서류,"창작스튜디오에 입주를 희망하는 작가는 다음 각 호의 서류를 구비하여 예울마루에 입주 
신청할 수 있다.
1. 입주신청서(당관 소정양식)
2. 자기 소개서 및 경력
3. 입주기간 창작활동 계획서
4. 본인의 작품 자료(도록, 사진, 작품 데이터 USB/ CD-ROM 등 단, 슬라이드 제외)
5. 기타 예울마루가 추가로 요청하는 서류","입주신청,서류"
대손처리 규정,제8조-1,입주신청 서류 — 입주신청서(당관 소정양식),"입주신청서(당관 소정양식)
(대손처리 규정 제8조 입주신청 서류 제1호)","입주신청,서류,입주신청서,당관,소정양식"
대손처리 규정,제8조-2,입주신청 서류 — 자기 소개서 및 경력,"자기 소개서 및 경력
(대손처리 규정 제8조 입주신청 서류 제2호)","입주신청,서류,자기,소개서,경력"
대손처리 규정,제8조-3,입주신청 서류 — 입주기간 창작활동 계획서,"입주기간 창작활동 계획서
(대손처리 규정 제8조 입주신청 서류 제3호)","입주신청,서류,입주기간,창작활동,계획서"
대손처리 규정,제8조-4,"입주신청 서류 — 본인의 작품 자료(도록, 사진, 작품 데이터 USB","본인의 작품 자료(도록, 사진, 작품 데이터 USB/ CD-ROM 등 단, 슬라이드 제외)
(대손처리 규정 제8조 입주신청 서류 제4호)","입주신청,서류,본인의,작품,자료,도록,사진,데이터,USB,CD,ROM,슬라이드,제외"
대손처리 규정,제8조-5,입주신청 서류 — 기타 예울마루가 추가로 요청하는 서류,"기타 예울마루가 추가로 요청하는 서류
(대손처리 규정 제8조 입주신청 서류 제5호)","입주신청,서류,기타,예울마루가,추가로,요청하는"
대손처리 규정,제9조,입주작가 선정,"① 창작스튜디오 입주작가는 입주작가 선정심사위원회(이하 “심사위원회”라 한다)에서 
선정한다.
 ② 심사위원회는 당연직 2인(예울마루 관장, 여수시 주무국장)으로 하고, 위원장은 예울
마루 관장이 한다. 외부위원은 예울마루 해당부서 및 관장이 임명하는 미술계 또는 
예술계 주요인사 3인으로 구성한다.
 ③ 입주작가 선정을 위하여 1차 서류심사는 담당 실무진이 2차 면접 심사는 선정 심사
위원회에서 결정한다. 
 ④ 입주작가 선정심사를 위한 세부 심사기준은 심사위원회가 정한다.
 ⑤ 심사위원회 운영업무는 예울마루 해당부서에서 담당한다. 단기 입주작가는 수시로 예울
마루, 예술계, 여수시에서 추천을 받아 관장의 승인하에 선정을 하고 진행한다.

창작스튜디오 운영규정(장도)","입주작가,선정"
대손처리 규정,제10조,지원 및 관리,"① 예울마루는 입주작가로 선정된 작가(그룹)에게 스튜디오 1실 및 숙박동 1실을 제공
한다.(단, 지역작가는 숙박동 제공을 제외 한다.)
 ② 선정된 작가는 오리엔테이션 이후 계약을 체결하고 예울마루에서 정한 입주기간 내에 
입주한다.
 ③ 입주작가는 예울마루 해당부서에서 관리하며 각종 상담 및 애로사항은 해당부서 담
당자를 통해 협의한다.
 ④ 예울마루 관장은 창작스튜디오 이용률이 저조하거나 본 운영규정에 비협조적인 작가에 
대해서는 입주작가로서의 각종 지원을 제한하고 시정을 요구할 수 있으며, 시정되지 
않을 경우 계약해지 후 퇴실조치 할 수 있다.
 ⑤ 예울마루는 창작스튜디오를 방문하는 국내·외 미술관계 인사 등에게 홍보를 위해 개
인 창작스튜디오 개방이 필요하다고 판단되면 개방하고 입주작가는 이에 적극 협조
한다.","지원,관리"
대손처리 규정,제11조,입주절차,심사위원회가 최종 선정한 입주작가는 예울마루 관장이 정한 입주절차에 따라 입주한다.,입주절차
대손처리 규정,제12조,창작스튜디오 및 숙박동 이용 및 제한,"① 입주작가는 창작스튜디오 및 숙박동 사용에 있어 그 설립 목적에 위배되는 용도로 
이용할 수 없다.
 ② 입주작가가 창작스튜디오 및 숙박동의 시설물을 변형, 변경 공사시 예울마루의 허가를 
얻어야 하며, 퇴거 시 원상복구 하여야 한다.
 ③ 입주작가가 사용하는 창작스튜디오 및 숙박동은 24시간 개방하되, 여수시가 정한 장도 
출입시간에 대해 입주작가는 적극 협조하여야 한다.
 ④ 예울마루는 입주작가에게 창작스튜디오 및 숙박동 입출입에 필요한 카드키를 불출하고, 
분실시 카드키 제작에 따른 실비를 청구할 수 있다.","창작스튜디오,숙박동,이용,제한"
대손처리 규정,제13조,외부인의 방문 및 거주,"① 입주작가는 본인 이외의 가족을 포함한 어떠한 사람도 예울마루의 허가 없이는 창작
스튜디오 및 숙박동에 거주 또는 숙박을 할 수 없다. 단, 예울마루 행사 및 공동작업 
등의 특별한 사유가 있는 경우 최소 3일전에 서면으로 그 사유를 제출하고 예울마루의 
허가를 받은 경우는 예외로 한다.
 ② 입주작가는 방문자가 예울마루내 질서를 문란하게 하는 행동을 할 경우 즉시 제지시
켜야 하며, 이로 인한 손해 발생에 대해서는 입주작가가 그 책임을 진다.
 ③ 방문자는 방문 당일 자정까지 반드시 퇴관하여야 한다.

창작스튜디오 운영규정(장도)","외부인의,방문,거주"
대손처리 규정,제14조,창작스튜디오 및 숙박동 관리,"① 창작스튜디오 및 숙박동 이용 시 청소 및 폐기물 처리는 이용자의 책임하에 관리하며, 
오물 등 쓰레기는 지정된 봉투를 사용하여 예울마루가 지정한 장소에 정부가 정한 
분리수거 규정에 맞게 구분하여 처리하여야 한다.
 ② 창작스튜디오 및 숙박동 내에서는 음주를 금한다.
 ③ 창작스튜디오 및 숙박동 내에서의 화기 및 위험한 물품의 사용을 금하며, 부득이한 
경우 사전에 예울마루 안전관리자의 동의를 얻어 조치할 수 있다.
 ④ 입주작가 개인의 모든 물품 및 작품 등은 입주작가 본인이 책임지고 관리하여야 한
다.
 ⑤ 입주작가는 관내에서 애완동물을 키움과 함께 생활할 수 없다.
 ⑥ 입주작가는 숙박동에 설치된 세탁기를 이용할 수 있다. 단, 예울마루의 외관을 해치는 
장소에서의 건조행위는 금한다.","창작스튜디오,숙박동,관리"
대손처리 규정,제15조,전시실 사용,"① 입주작가 중 전시실 사용을 희망하는 자(이하 “전시실 사용자”라 한다)는 예울마루 
관장의 허가를 받아 전시실을 사용할 수 있다.
 ② 전시실 사용자는 전시작품 및 행사 관련 물품에 대하여 스스로 보관책임을 가지며, 
전시작품등의 도난·화재 등 각종 사고에 대비하여 보험가입 등 안전상의 제반조치를 
취해야 한다.","전시실,사용"
대손처리 규정,제16조,주차장 이용,입주작가 및 방문객은 예울마루가 지정한 장소에만 주차할 수 있다.,"주차장,이용"
대손처리 규정,제17조,이용료 부담,"① 창작스튜디오 운영에 필요한 전기료, 수도료 및 인터넷 이용료 등 일상적 비용은 예울
마루에서 부담하고, 위의 비용을 넘어서는 추가 비용에 관하여는 입주 작가에게 부담 
시킬 수 있다.
 ② 입주 및 퇴실 시 발생하는 비용은 입주작가 본인이 부담한다.
 ③ 예울마루의 허가를 받아 창작스튜디오 및 숙박동 내부 시설물을 변형, 변경 공사할 
시 발생하는 비용은 입주작가 본인이 부담한다. 단, 퇴실 시 원상복구 해야 한다.","이용료,부담"
대손처리 규정,제18조,퇴실 및 계약 해지,"① 예울마루는 입주계약 기간 만료일 최소 30일 전에 퇴실기간을 정하여 공지한다.
 ② 입주작가는 특별한 사유가 없는 한 예울마루에서 정한 퇴실기간에 퇴실하여야 한다.
 ③ 입주작가가 개인사정 등으로 인하여 입주계약 기간 만료전에 자진 퇴실하고자 할 경
우에는 예울마루에 이를 통보하고 퇴실할 수 있다.
 ④ 예울마루는 입주작가가 입주계약 사항을 위반하거나 본 운영규정을 이행하지 않았을 시, 

창작스튜디오 운영규정(장도)
또는 기타 사유 등으로 계약의 해지가 불가피하다고 판단되었을 때에는 본 계약을 
해지하고 퇴실을 권고할 수 있다.
 ⑤ 제4항의 퇴실권고는 14일 이전에 서면 통지하여야 하며, 입주 작가는 이에 응해야 한다.
 ⑥ 제5항의 퇴실권고에 응하지 않을 경우 예울마루는 강제 퇴거조치를 행할 수 있다.","퇴실,계약,해지"
대손처리 규정,제19조,기타,"①여수시는 예울마루가 구성한 입주작가 선정 심사위원회에서 선발한 입주작가 외에 
여수출신으로서 여수시의 문화 발전에 기여할 수 있다고 인정되는 문화예술계 인사 
중 스튜디오 사용자를 추천할 수 있다. 
②예울마루는 제1항에 의거한 여수시 추천 인사를 창작스튜디오 운영에 지장이 없는 
범위에서 내부 심의를 거쳐, 스튜디오 1실을 사용하게 할 수 있다. 단, 스튜디오 사
용자는 창작스튜디오 시설 사용지침(예울마루 별도 내규)을 따라야 한다.",기타
