전체순번,공연명,사업구분,공연구분,장르1,티켓구분,기본좌석,발권유료,년도,월,일,상태,공연ID,발권초대
1,예울마루 개관기념 KBS열린음악회,공연,기획,클래식,무료,6000,0,2012,5,10,정상,120510_01,6000
2,여수엑스포심포니오케스트라왈츠콘서트,공연,대관,클래식,무료,948,0,2012,5,21,정상,120521_01,720
3,여수시립합창단 제61회 정기연주회,공연,대관,클래식,유료,1021,996,2012,5,22,정상,120522_01,0
4,창작오페라 <손양원>,공연,대관,클래식,유료,948,650,2012,6,1,정상,120601_01,0
5,창작오페라 <손양원>,공연,대관,클래식,유료,948,450,2012,6,2,정상,120601_01,0
6,창작오페라 <손양원>,공연,대관,클래식,유료,948,550,2012,6,2,정상,120601_01,0
7,한중연합오케스트라,공연,기획,클래식,유료,948,930,2012,6,9,정상,,0
8,한-요르단 수교 50주년 기념] 요르단 국립민속예술단,공연,대관,발레/연극,무료,302,0,2012,6,10,정상,120610_01,261
9,창작오페라 <귀항>_2012,공연,대관,클래식,유료,948,631,2012,6,14,정상,120614_01,56
10,창작오페라 <귀항>_2012,공연,대관,클래식,유료,948,635,2012,6,15,정상,120614_01,109
11,창작오페라 <귀항>_2012,공연,대관,클래식,유료,948,598,2012,6,16,정상,120614_01,128
12,[한-모로코 수교 50주년 기념] 모로코 라바트 안달루시아 오케스트라,공연,대관,클래식,무료,302,0,2012,6,17,정상,120617_01,226
13,"배병우의 <대양을 향하여>를 위한 <거문고,소리,피아노 그리고 춤>",공연,대관,기타,무료,302,0,2012,6,28,정상,120628_01,239
14,2012 여수엑스포 축하음악회 - 여수필하모닉오케스트라 제 24회 연주회,공연,대관,클래식,무료,948,0,2012,6,29,정상,120629_01,732
15,제15회 대학생 국토대장정 출정식,공연,대관,기타,무료,100,0,2012,7,4,정상,120704_01,100
16,제14회 지속가능발전전국대회,공연,대관,기타,무료,1021,0,2012,7,4,정상,120704_02,400
17,제14회 지속가능발전전국대회,공연,대관,기타,무료,302,0,2012,7,5,정상,120704_02,200
18,제14회 지속가능발전전국대회,공연,대관,기타,무료,1021,0,2012,7,6,정상,120704_02,400
19,[2012 여수 엑스포 축하기념] 뉴욕 주립 청소년 오케스트라 (Empire State Youth Orchestra) 초청 연주회,공연,대관,클래식,무료,948,0,2012,7,7,정상,120707_01,716
20,창작가무악극 <오돌래>,공연,대관,기타,유료,948,441,2012,7,12,정상,120712_01,82
21,창작가무악극 <오돌래>,공연,대관,기타,유료,948,539,2012,7,13,정상,120712_01,57
22,창작가무악극 <오돌래>,공연,대관,기타,유료,948,552,2012,7,14,정상,120712_01,94
23,광주시립무용단 한국창작발레 성웅 이순신,공연,대관,발레/연극,무료,948,0,2012,7,21,정상,120721_01,575
24,"전남도립국악단 판페라 ""이순신"" - 민초와 함께 부르는 의로운 함성",공연,대관,기타,유료,948,604,2012,7,27,정상,120727_01,254
25,유럽거장들과 함께하는 Music Travel,공연,대관,클래식,유료,302,150,2012,7,28,정상,120728_01,45
26,2012 여수국제장애인EXPO,공연,대관,기타,무료,948,0,2012,7,31,정상,120731_01,520
27,2012 여수국제장애인EXPO,공연,대관,기타,무료,948,0,2012,8,2,정상,120731_01,530
28,여수엑스포심포니오케스트라 Gala Concert,공연,대관,클래식,무료,948,0,2012,8,7,정상,120807_01,649
29,815광복절기념 축하음악회 <한국환상곡>2012,공연,대관,클래식,무료,948,0,2012,8,15,정상,120815_01,740
30,시공간으로의 여행 - 평양 예술단,공연,대관,발레/연극,무료,1021,0,2012,9,11,정상,120911_01,1015
31,드뷔시 탄생 150주년 기념 전남대학교 피아노 교수음악회,공연,대관,클래식,무료,302,0,2012,9,13,정상,120913_01,237
32,제22회 남도시립합창제,공연,대관,클래식,무료,948,0,2012,9,14,정상,120914_01,554
33,관객과 호흡하는 김동규 가을콘서트,공연,대관,대중,유료,1021,995,2012,9,15,정상,120915_01,0
34,이문세 붉은노을,공연,대관,대중,유료,948,653,2012,9,21,정상,120921_01,141
35,이문세 붉은노을,공연,대관,대중,유료,948,692,2012,9,22,정상,120921_01,150
36,이미자 孝 콘서트 - 세월과 함께 부른 나의 노래,공연,대관,대중,유료,1021,636,2012,10,13,정상,121013_01,52
37,이미자 孝 콘서트 - 세월과 함께 부른 나의 노래,공연,대관,대중,유료,1021,514,2012,10,13,정상,121013_01,39
38,"제21회 전국무용제개막식
춤, 대양을 품다",공연,대관,발레/연극,유료,948,168,2012,10,18,정상,121018_01,689
39,"제21회 전국무용제 <춤, 대양을 품다>",공연,대관,발레/연극,유료,948,0,2012,10,19,정상,121019_01,542
40,녹색환경 글쓰기대회 2012,공연,대관,기타,무료,2000,0,2012,10,20,정상,121020_01,2000
41,"제21회 전국무용제 <춤, 대양을 품다>",공연,대관,발레/연극,유료,948,0,2012,10,20,정상,121019_01,468
42,"제21회 전국무용제 <춤, 대양을 품다>",공연,대관,발레/연극,유료,948,0,2012,10,21,정상,121019_01,457
43,"제21회 전국무용제 <춤, 대양을 품다>",공연,대관,발레/연극,유료,948,0,2012,10,22,정상,121019_01,295
44,"제21회 전국무용제 <춤, 대양을 품다>",공연,대관,발레/연극,유료,948,0,2012,10,23,정상,121019_01,351
45,"제21회 전국무용제 <춤, 대양을 품다>",공연,대관,발레/연극,유료,948,0,2012,10,24,정상,121019_01,388
46,"제21회 전국무용제 <춤, 대양을 품다>",공연,대관,발레/연극,유료,948,0,2012,10,25,정상,121019_01,474
47,"제21회 전국무용제 <춤, 대양을 품다>",공연,대관,발레/연극,유료,948,0,2012,10,26,정상,121019_01,376
48,"제21회 전국무용제폐막식
춤, 대양을 품다",공연,대관,발레/연극,유료,948,0,2012,10,27,정상,121027_01,449
49,여수학생연극페스티벌_제1회,공연,대관,발레/연극,무료,302,0,2012,10,30,정상,121030_01,233.5
50,여수학생연극페스티벌_제1회,공연,대관,발레/연극,무료,302,0,2012,10,31,정상,121030_01,233.5
51,"여수 학생.학부모 합창페스티벌""내노래에 날개를 달다""_제1회",공연,대관,클래식,무료,948,0,2012,11,2,정상,121102_01,200
52,"여수 학생.학부모 합창페스티벌""내노래에 날개를 달다""_제1회",공연,대관,클래식,무료,948,,2012,11,3,정상,121102_01,390
53,여도오케스트라 심포니 페스티벌,공연,대관,클래식,무료,948,0,2012,11,7,정상,121107_01,717
54,초특급애니뮤지컬 <로보카 폴리>,공연,기획,뮤지컬,유료,948,441.8,2012,11,10,정상,121110_01,120
55,초특급애니뮤지컬 <로보카 폴리>,공연,기획,뮤지컬,유료,948,441.8,2012,11,10,정상,121110_01,120
56,초특급애니뮤지컬 <로보카 폴리>,공연,기획,뮤지컬,유료,948,441.8,2012,11,10,정상,121110_01,120
57,초특급애니뮤지컬 <로보카 폴리>,공연,기획,뮤지컬,유료,948,441.8,2012,11,11,정상,121110_01,120
58,초특급애니뮤지컬 <로보카 폴리>,공연,기획,뮤지컬,유료,948,441.8,2012,11,11,정상,121110_01,120
59,카르페디엠 플룻앙상블 창단연주회,공연,대관,클래식,유료,302,298,2012,11,10,정상,121110_02,0
60,제4회 성가합창제,공연,대관,클래식,무료,1021,0,2012,11,13,정상,121113_01,999
61,전남교육음악제_제9회,공연,대관,클래식,무료,1021,0,2012,11,14,정상,121114_01,1019
62,연극 <옥탑방고양이>,공연,기획,발레/연극,유료,302,274,2012,11,16,정상,121116_01,4
63,연극 <옥탑방고양이>,공연,기획,발레/연극,유료,302,288,2012,11,17,정상,121116_01,2
64,연극 <옥탑방고양이>,공연,기획,발레/연극,유료,302,262,2012,11,17,정상,121116_01,4
65,연극 <옥탑방고양이>,공연,기획,발레/연극,유료,302,231,2012,11,18,정상,121116_01,4
66,연극 <옥탑방고양이>,공연,기획,발레/연극,유료,302,283,2012,11,18,정상,121116_01,4
67,여수교원교향악단 제5회 정기연주회,공연,대관,클래식,무료,1021,0,2012,11,21,정상,121121_01,999
68,컬투쇼 <2년만의 미친투어>,공연,대관,대중,유료,1021,802,2012,11,23,정상,121123_01,113
69,컬투쇼 <2년만의 미친투어>,공연,대관,대중,유료,1021,990,2012,11,24,정상,121123_01,0
70,컬투쇼 <2년만의 미친투어>,공연,대관,대중,유료,1021,907,2012,11,24,정상,121123_01,83
71,여도국악관현악단 제6회 정기연주회 <사랑나눔음악회>,공연,대관,클래식,무료,1021,0,2012,11,29,정상,121129_01,916
72,여수YWCA합창단 제13회 정기연주회,공연,대관,클래식,유료,1021,0,2012,12,4,정상,121204_01,628
73,여수시립합창단 제62회 정기연주회 <헨델 오라토리오 '메시아'>,공연,대관,클래식,유료,948,852,2012,12,6,정상,121206_01,0
74,제4회 가족콘서트,공연,대관,대중,무료,948,0,2012,12,8,정상,121208_01,334
75,여수학생 오케스트라 페스티벌_2012,공연,대관,클래식,무료,948,0,2012,12,12,정상,121212_01,779
76,여수학생 오케스트라 페스티벌_2012,공연,대관,클래식,무료,948,,2012,12,13,정상,121212_01,922
77,희망에너지교실,공연,대관,기타,무료,302,0,2012,12,13,정상,121213_01,298
78,금난새와 함께하는 송년음악회,공연,대관,클래식,유료,1021,979,2012,12,15,정상,121215_01,0
79,여수시립국악단 제24회 정기연주회 <좋지 아니한가>,공연,대관,클래식,유료,948,667,2012,12,18,정상,121218_01,0
80,크리스마스칸타타_2012,공연,대관,뮤지컬,유료,948,926,2012,12,20,정상,121220_01,0
81,이루마콘서트 <기억에 머무르다>,공연,기획,클래식,유료,1021,997,2012,12,22,정상,121222_01,22
82,양성원과레봉벡의 <FUN한여행>,공연,기획,클래식,유료,1021,988,2012,12,25,정상,121225_01,22
83,"제정화 젊은소리 여덟번째 ""유쾌한 수다""",공연,대관,기타,유료,302,289,2012,12,27,정상,121227_01,0
84,국립발레단의 <호두까기인형>,공연,기획,발레/연극,유료,948,805,2012,12,29,정상,121229_01,32
85,국립발레단의 <호두까기인형>,공연,기획,발레/연극,유료,948,836,2012,12,30,정상,121229_01,83
1,뮤지컬 <맘마미아>,공연,기획,뮤지컬,유료,948,919,2013,1,19,정상,130119_01,22
2,뮤지컬 <맘마미아>,공연,기획,뮤지컬,유료,948,922,2013,1,19,정상,130119_01,22
3,뮤지컬 <맘마미아>,공연,기획,뮤지컬,유료,948,922,2013,1,20,정상,130119_01,20
4,뮤지컬 <맘마미아>,공연,기획,뮤지컬,유료,948,862,2013,1,20,정상,130119_01,82
5,금난새의 신년음악회,공연,대관,클래식,유료,1021,831,2013,1,25,정상,130125_01,44
6,종합예술제,공연,대관,클래식,무료,948,0,2013,2,13,정상,130213_01,755
7,연극 <아버지>,공연,대관,발레/연극,유료,1021,780,2013,2,15,정상,130215_01,21
8,연극 <아버지>,공연,대관,발레/연극,유료,1021,740,2013,2,16,정상,130215_01,40
9,연극 <아버지>,공연,대관,발레/연극,유료,1021,840,2013,2,16,정상,130215_01,42
10,김제동토크콘서트 <노브레이크>시즌4,공연,대관,대중,유료,1021,770,2013,2,22,정상,130222_01,23
11,김제동토크콘서트 <노브레이크>시즌4,공연,대관,대중,유료,1021,900,2013,2,23,정상,130222_01,20
12,시민과의 대화,공연,대관,기타,무료,302,0,2013,2,26,정상,130226_01,302
13,지역예술인재콘서트,공연,대관,대중,무료,302,0,2013,3,1,정상,130301_01,152
14,여수심포니오케스트라신포니에타연주회 <카운터테너루이스초이초청>,공연,대관,클래식,유료,948,502,2013,3,5,정상,130305_01,0
15,양성원바흐무반주첼로모음곡전곡연주회,공연,기획,클래식,유료,948,477,2013,3,16,정상,130316_01,318
16,"브라이언 크레인 내한 공연 ""사랑, 봄의 이야기""",공연,대관,클래식,유료,1021,493,2013,3,17,정상,130317_01,48
17,최정원&친구들의뮤지컬 콘서트,공연,대관,대중,유료,1021,669,2013,3,26,정상,130326_01,50
18,김영철의 FUNFUN 클래식,공연,기획,클래식,유료,1021,474,2013,3,29,정상,130329_01,328
19,신춘음악회,공연,대관,클래식,유료,302,199,2013,4,2,정상,130402_01,0
20,앙상블 네우마와 함께하는 희망 콘서트,공연,대관,클래식,유료,948,147,2013,4,11,정상,130411_01,262
21,연극 <친정엄마와 2박3일>,공연,대관,발레/연극,유료,1021,447,2013,4,13,정상,130413_01,114
22,연극 <친정엄마와 2박3일>,공연,대관,발레/연극,유료,1021,282,2013,4,13,정상,130413_01,142
23,"힐링음악회 I <봄 피아노, 책을 품다>",공연,기획,클래식,유료,948,243,2013,4,18,정상,130418_01,121
24,마음톡톡캠프,공연,대관,기타,무료,302,0,2013,4,18,정상,130418_02,60
25,마음톡톡캠프,공연,대관,기타,무료,302,0,2013,4,19,정상,130418_02,70
26,마음톡톡캠프,공연,대관,기타,무료,302,0,2013,4,20,정상,130418_02,70
27,코믹연극 <너와함께라면>,공연,대관,발레/연극,유료,1021,190,2013,4,20,정상,130420_01,42
28,코믹연극 <너와함께라면>,공연,대관,발레/연극,유료,1021,260,2013,4,20,정상,130420_01,42
29,김성녀의 <벽속의요정>,공연,기획,뮤지컬,유료,1021,156,2013,4,26,정상,130426_01,180
30,김성녀의 <벽속의요정>,공연,기획,뮤지컬,유료,1021,210,2013,4,27,정상,130426_01,244
31,"김영옥 명창 ""이순신을 노래하다""",공연,대관,기타,유료,302,177,2013,5,2,정상,130502_01,0
32,뮤지컬 <노틀담의 꼽추>,공연,대관,뮤지컬,유료,948,926,2013,5,8,정상,130508_01,10
33,뮤지컬 <노틀담의 꼽추>,공연,대관,뮤지컬,유료,948,926,2013,5,8,정상,130508_01,10
34,뮤지컬 <노틀담의 꼽추>,공연,대관,뮤지컬,유료,948,926,2013,5,9,정상,130508_01,10
35,뮤지컬 <노틀담의 꼽추>,공연,대관,뮤지컬,유료,948,926,2013,5,9,정상,130508_01,10
36,뮤지컬 <노틀담의 꼽추>,공연,대관,뮤지컬,유료,948,926,2013,5,9,정상,130508_01,10
37,뮤지컬 <노틀담의 꼽추>,공연,대관,뮤지컬,유료,948,926,2013,5,10,정상,130508_01,10
38,뮤지컬 <노틀담의 꼽추>,공연,대관,뮤지컬,유료,948,926,2013,5,10,정상,130508_01,10
39,뮤지컬 <노틀담의 꼽추>,공연,대관,뮤지컬,유료,948,926,2013,5,10,정상,130508_01,10
40,박완규출판기념식 및 이홍렬초청강연,공연,대관,기타,무료,302,0,2013,5,10,정상,130510_01,250
41,태교음악회,공연,대관,클래식,무료,302,0,2013,5,15,정상,130515_01,142
42,여수시립합창단 제63회 정기연주회,공연,대관,클래식,유료,1021,744,2013,5,16,정상,130516_01,100
43,예울마루개관1주년특별공연 <서울시향연주회>,공연,기획,클래식,유료,948,803,2013,5,18,정상,130518_01,123
44,마음톡톡캠프,공연,대관,기타,무료,302,0,2013,5,23,정상,130418_02,80
45,마음톡톡캠프,공연,대관,기타,무료,302,0,2013,5,24,정상,130418_02,80
46,마음톡톡캠프,공연,대관,기타,무료,302,0,2013,5,25,정상,130418_02,82
47,가족뮤지컬 <넌 특별하단다>,공연,대관,어린이·가족,유료,1021,640,2013,5,25,정상,130525_01,16
48,가족뮤지컬 <넌 특별하단다>,공연,대관,어린이·가족,유료,1021,640,2013,5,25,정상,130525_01,16
49,프라임 필하모닉오케스트라 초청 음악회,공연,대관,클래식,유료,948,693,2013,5,28,정상,130528_01,100
50,어린이명품뮤지컬 <브레멘음악대>,공연,기획,어린이·가족,유료,1021,959,2013,5,31,정상,130531_01,39
51,어린이명품뮤지컬 <브레멘음악대>,공연,기획,어린이·가족,유료,1021,818,2013,5,31,정상,130531_01,39
52,어린이명품뮤지컬 <브레멘음악대>,공연,기획,어린이·가족,유료,1021,744,2013,6,1,정상,130531_01,52
53,어린이명품뮤지컬 <브레멘음악대>,공연,기획,어린이·가족,유료,1021,585,2013,6,1,정상,130531_01,272
54,뮤직드라마 <당신만이>,공연,대관,뮤지컬,무료,302,0,2013,6,4,정상,130604_01,303
55,뮤직드라마 <당신만이>,공연,대관,뮤지컬,무료,302,0,2013,6,4,정상,130604_01,286
56,뮤직드라마 <당신만이>,공연,대관,뮤지컬,무료,302,0,2013,6,5,정상,130604_01,203
57,뮤직드라마 <당신만이>,공연,대관,뮤지컬,무료,302,0,2013,6,5,정상,130604_01,295
58,파가니니 카프리스 24개 전곡연주_바이올리니스트 임재홍,공연,대관,클래식,유료,1021,313,2013,6,7,정상,130607_01,0
59,개그빅콘서트,공연,대관,대중,유료,1021,899,2013,6,8,정상,130608_01,35
60,개그빅콘서트,공연,대관,대중,유료,1021,899,2013,6,8,정상,130608_01,40
61,여수세계합창제_개막식,공연,대관,클래식,유료,948,,2013,6,11,정상,130611_01,851
62,여수세계합창제 콘서트 시리즈 1_미국 합창의 밤,공연,대관,대중,유료,948,15,2013,6,12,정상,130612_01,553
63,여수세계합창제 콘서트 시리즈 2_필리핀 합창의 밤,공연,대관,대중,유료,948,100,2013,6,13,정상,130613_01,526
64,여수세계합창제 콘서트 시리즈 3_민속음악 & Pop & Jazz,공연,대관,대중,유료,948,95,2013,6,14,정상,130614_01,487
65,여수세계합창제 콘서트 시리즈 4_혼성합창의 밤,공연,대관,대중,유료,948,133,2013,6,15,정상,130615_01,678
66,여수세계합창제_폐막식,공연,대관,클래식,유료,948,,2013,6,17,정상,130617_01,942
67,"힐링음악회Ⅱ <피아노,영화를만나다>""찰리채플린의 모던타임즈""",공연,기획,클래식,유료,948,797,2013,6,19,정상,130619_01,63
68,재능나눔 콘서트,공연,대관,대중,무료,302,0,2013,6,21,정상,130621_01,294
69,The주현미Show,공연,대관,대중,유료,1021,560,2013,6,21,정상,130621_02,77
70,The주현미Show,공연,대관,대중,유료,1021,560,2013,6,21,정상,130621_02,77
71,"루마니아티미쇼아라 필하모닉 그들이 전하는 ""달콤한 클래식 읽기""",공연,대관,클래식,유료,948,679,2013,6,22,정상,130622_01,0
72,폴포츠 내한공연,공연,대관,클래식,유료,1021,972,2013,6,23,정상,130623_01,37
73,제5회 피아노 듀오 연주회,공연,대관,클래식,유료,302,294,2013,6,28,정상,130628_01,0
74,사운드오브뮤직_농림축산식품부주최,공연,대관,뮤지컬,무료,948,0,2013,6,29,정상,130629_01,936
75,사운드오브뮤직_농림축산식품부주최,공연,대관,뮤지컬,무료,948,0,2013,6,29,정상,130629_01,936
76,마음톡톡캠프,공연,대관,기타,무료,302,0,2013,7,4,정상,130418_02,60
77,마음톡톡캠프,공연,대관,기타,무료,302,0,2013,7,5,정상,130418_02,70
78,마음톡톡캠프,공연,대관,기타,무료,302,0,2013,7,6,정상,130418_02,70
79,프레미에앙상블,공연,기타,클래식,무료,302,0,2013,7,11,정상,130711_01,97
80,국립국악관현악단 <잔치>,공연,기획,기타,유료,948,633,2013,7,13,정상,130713_01,156
81,국립국악관현악단 <잔치>,공연,기획,기타,유료,948,572,2013,7,13,정상,130713_01,136
82,서울예고와 함께하는 2013 청소년 음악회,공연,대관,클래식,무료,948,0,2013,7,16,정상,130716_01,844
83,모스틀리 필하모닉 영화음악콘서트,공연,대관,대중,유료,1021,922,2013,7,19,정상,130719_01,28
84,희망에너지교실_학교폭력예방교육,공연,대관,기타,무료,302,0,2013,8,13,정상,130813_01,75
85,희망에너지교실_학교폭력예방교육,공연,대관,기타,무료,302,0,2013,8,14,정상,130813_01,75
86,815광복절기념 축하음악회 <한국환상곡>2013,공연,대관,클래식,무료,948,0,2013,8,15,정상,130815_01,784
87,희망에너지교실_학교폭력예방교육,공연,대관,기타,무료,302,0,2013,8,22,정상,130813_01,75
88,희망에너지교실_학교폭력예방교육,공연,대관,기타,무료,302,0,2013,8,23,정상,130813_01,75
89,창극 홍길동_전남도립국악단 기획공연,공연,대관,기타,유료,948,800,2013,8,23,정상,130823_01,56
90,문지영 피아노 독주회,공연,대관,클래식,무료,948,0,2013,8,24,정상,130824_01,590
91,아르스노바 남성합창단 제5회 정기 연주회,공연,대관,클래식,유료,1021,722,2013,9,3,정상,130903_01,0
92,백건우 피아노리사이틀,공연,기획,클래식,유료,1021,944,2013,9,7,정상,130907_01,65
93,아가페합창단 제19회 정기연주회,공연,대관,클래식,유료,1021,646,2013,9,10,정상,130910_01,236
94,마음톡톡캠프,공연,대관,기타,무료,302,0,2013,9,12,정상,130418_02,60
95,마음톡톡캠프,공연,대관,기타,무료,302,0,2013,9,13,정상,130418_02,70
96,마음톡톡캠프,공연,대관,기타,무료,302,0,2013,9,14,정상,130418_02,70
97,여수심포니오케스트라_낭만으로의여행,공연,대관,클래식,유료,948,598,2013,9,26,정상,130926_01,133
98,여수영재오케스트라 제1회 정기연주회,공연,대관,클래식,무료,1021,0,2013,9,28,정상,130928_01,927
99,내친구첼로,공연,대관,클래식,유료,302,106,2013,10,1,정상,131001_01,24
100,마음톡톡캠프,공연,대관,기타,무료,302,0,2013,10,3,정상,130418_02,60
101,마음톡톡캠프,공연,대관,기타,무료,302,0,2013,10,4,정상,130418_02,70
102,마음톡톡캠프,공연,대관,기타,무료,302,0,2013,10,5,정상,130418_02,70
103,여수마칭(관악)페스티벌,공연,대관,기타,무료,1500,0,2013,10,7,정상,131007_01,4500
104,여수시립합창단 제64회 정기연주회,공연,대관,클래식,유료,948,626,2013,10,10,정상,131010_01,115
105,태교음악회_남편과함께하는,공연,대관,클래식,무료,302,0,2013,10,11,정상,131011_01,250
106,전남대학교 피아노 교수음악회 <브람스를 좋아하세요?>,공연,대관,클래식,무료,302,0,2013,10,15,정상,131015_01,231
107,"힐링음악회Ⅲ <피아노,여행을만나다>",공연,기획,클래식,유료,948,782,2013,10,16,정상,131016_01,151
108,녹색환경 글쓰기대회 2013,공연,대관,기타,무료,5000,0,2013,10,19,정상,131019_01,5000
109,가을밤의세레나데 2013,공연,대관,클래식,유료,302,204,2013,10,22,정상,131022_01,34
110,전남대학교 예술대학 음악학과 제29회 정기연주회,공연,대관,클래식,무료,948,0,2013,10,24,정상,131024_01,374
111,여수청소년관악단 제2회 정기연주회,공연,대관,클래식,무료,302,0,2013,10,25,정상,131025_01,277
112,여수어머니리코더합주단 제11회 정기연주회,공연,대관,클래식,무료,302,0,2013,10,26,정상,131026_01,298
113,번개맨의 비밀2 <우리영웅번개맨>,공연,대관,뮤지컬,유료,1021,832,2013,10,26,정상,131026_02,27
114,번개맨의 비밀2 <우리영웅번개맨>,공연,대관,뮤지컬,유료,1021,841,2013,10,26,정상,131026_02,20
115,번개맨의 비밀2 <우리영웅번개맨>,공연,대관,뮤지컬,유료,1021,869,2013,10,26,정상,131026_02,20
116,번개맨의 비밀2 <우리영웅번개맨>,공연,대관,뮤지컬,유료,1021,854,2013,10,27,정상,131026_02,27
117,번개맨의 비밀2 <우리영웅번개맨>,공연,대관,뮤지컬,유료,1021,848,2013,10,27,정상,131026_02,26
118,신의 아그네스,공연,대관,발레/연극,유료,1021,905,2013,10,29,정상,131029_01,50
119,여수학생연극페스티벌_제2회,공연,대관,발레/연극,무료,302,0,2013,10,30,정상,131030_01,298
120,"여수 학생.학부모 합창페스티벌""내노래에 날개를 달다""_제2회",공연,대관,클래식,무료,1021,0,2013,10,31,정상,131031_01,888
121,조이아뮤지션스의 힐링음악회,공연,대관,클래식,유료,302,223,2013,11,1,정상,131101_01,14
122,권혁주 파가니니로불사르다,공연,대관,클래식,유료,302,97,2013,11,2,정상,131102_01,54
123,남진콘서트2013 <내노래의 이력서>,공연,대관,대중,유료,1021,300,2013,11,2,정상,131102_02,100
124,남진콘서트2013 <내노래의 이력서>,공연,대관,대중,유료,1021,307,2013,11,2,정상,131102_02,150
125,그남자 카운트테너 루이스쵸이를 만나자,공연,대관,클래식,유료,948,491,2013,11,5,정상,131105_01,128
126,마음톡톡캠프,공연,대관,기타,무료,302,0,2013,11,7,정상,130418_02,60
127,마음톡톡캠프,공연,대관,기타,무료,302,0,2013,11,8,정상,130418_02,140
,마음톡톡캠프,공연,대관,,무료,302,0,2013,11,9,정상,131109_02,0
129,2013 메세나대상 수상 기념 <프레미에앙상블> 연주회,공연,기타,클래식,유료,1021,261,2013,11,9,정상,131109_01,460
130,"공제회와 함께 거니는 ""문화의 숲, 예술의 정원""",공연,대관,대중,무료,302,0,2013,11,12,정상,131112_01,298
131,한국형뮤지컬 <오돌레>_2013,공연,대관,기타,유료,948,474,2013,11,15,정상,131115_01,56
132,한국형뮤지컬 <오돌레>_2013,공연,대관,기타,유료,948,513,2013,11,16,정상,131115_01,50
133,예술의전당콘서트실황중계 <토요콘서트>,공연,기타,대중,무료,302,0,2013,11,16,정상,131116_01,120
134,여도오케스트라 제15회 정기연주회,공연,대관,클래식,무료,948,0,2013,11,19,정상,131119_01,703
135,여수학생 오케스트라 페스티벌_2013,공연,대관,클래식,무료,948,0,2013,11,20,정상,131120_01,936
136,여수학생 오케스트라 페스티벌_2013,공연,대관,클래식,무료,948,0,2013,11,21,정상,131120_01,936
137,요절복통 코믹연극 <경로당폰팅사건>,공연,기획,발레/연극,유료,302,281,2013,11,21,정상,131121_01,17
138,요절복통 코믹연극 <경로당폰팅사건>,공연,기획,발레/연극,유료,302,289,2013,11,22,정상,131121_01,9
139,요절복통 코믹연극 <경로당폰팅사건>,공연,기획,발레/연극,유료,302,296,2013,11,22,정상,131121_01,2
140,요절복통 코믹연극 <경로당폰팅사건>,공연,기획,발레/연극,유료,302,280,2013,11,23,정상,131121_01,20
141,요절복통 코믹연극 <경로당폰팅사건>,공연,기획,발레/연극,유료,302,296,2013,11,23,정상,131121_01,2
142,여수교원교향악단 제6회 정기연주회,공연,대관,클래식,무료,948,0,2013,11,23,정상,131123_01,640
143,발렌티나리시차 피아노리사이틀,공연,대관,클래식,유료,948,179,2013,11,24,정상,131124_01,63
144,제 7회 전남초등교육음악제,공연,대관,클래식,무료,948,0,2013,11,26,정상,131126_01,723
145,Prof.Andreas Lehmann & Lux Ensemble,공연,대관,클래식,유료,302,176,2013,11,27,정상,131127_01,34
146,여수시립합창단 오페라갈라콘서트,공연,대관,클래식,유료,948,594,2013,11,28,정상,131128_01,114
147,여수필하모닉오케스트라 제25회 정기연주회,공연,대관,클래식,유료,1021,551,2013,11,29,정상,131129_01,24
148,세종솔로이스츠의세레나데,공연,기획,클래식,유료,1021,854,2013,11,30,정상,131130_01,74
149,뮤지컬 <식구를 찾아서>_노동조합,공연,대관,발레/연극,무료,1021,0,2013,12,2,정상,131202_01,575
150,뮤지컬 <식구를 찾아서>_노동조합,공연,대관,발레/연극,무료,1021,0,2013,12,3,정상,131202_01,575
151,뮤지컬 <식구를 찾아서>_노동조합,공연,대관,발레/연극,무료,1021,0,2013,12,4,정상,131202_01,575
152,아카데미아 금관 5중주,공연,대관,클래식,유료,302,294,2013,12,5,정상,131205_01,4
153,희망에너지교실_콘서트,공연,대관,대중,무료,302,0,2013,12,7,정상,131207_01,298
154,크리스마스칸타타_2013,공연,대관,뮤지컬,유료,948,884,2013,12,7,정상,131207_02,64
155,<아카데미>성악아카데미발표회1,기타,기타,,무료,302,0,2013,12,10,정상,131210_01,0
156,한국음악협회여수지부 제38회 정기연주회,공연,대관,클래식,유료,948,378,2013,12,10,정상,131210_02,64
157,"힐링음악회Ⅳ <피아노,크리스마스>",공연,기획,클래식,유료,948,456,2013,12,12,정상,131212_01,54
158,지역예술인재콘서트,공연,대관,대중,무료,302,0,2013,12,13,정상,130301_01,231
159,여수시민합창제,공연,대관,클래식,무료,948,0,2013,12,14,정상,131214_01,832
160,알라딘과 요술램프,공연,대관,뮤지컬,무료,302,0,2013,12,17,정상,131217_01,298
161,알라딘과 요술램프,공연,대관,뮤지컬,무료,302,0,2013,12,17,정상,131217_01,298
162,여수YWCA합창단 제14회 정기연주회_신동원과함께하는,공연,대관,클래식,유료,948,533,2013,12,17,정상,131217_02,185
163,전남교사리코더합주단 제13회 정기연주회,공연,대관,클래식,무료,302,0,2013,12,19,정상,131219_01,184
164,이루마 힐링콘서트,공연,대관,대중,유료,1021,865,2013,12,20,정상,131220_01,45
165,서울발레시어터의 <호두까기인형>,공연,기획,발레/연극,유료,948,881,2013,12,24,정상,131224_01,55
166,서울발레시어터의 <호두까기인형>,공연,기획,발레/연극,유료,948,873,2013,12,25,정상,131224_01,62
167,난타(NANTA),공연,대관,뮤지컬,유료,1021,416,2013,12,28,정상,131228_01,79
168,난타(NANTA),공연,대관,뮤지컬,유료,1021,416,2013,12,28,정상,131228_01,80
169,난타(NANTA),공연,대관,뮤지컬,유료,1021,417,2013,12,29,정상,131228_01,79
170,난타(NANTA),공연,대관,뮤지컬,유료,1021,417,2013,12,29,정상,131228_01,79
171,팝페라 콘서트,공연,대관,대중,유료,1021,725,2013,12,31,정상,131231_01,120
1,PT콘서트,공연,대관,대중,유료,302,294,2014,1,11,정상,140111_01,4
2,직장연합30주년축제,공연,대관,클래식,유료,302,0,2014,1,18,정상,140118_01,298
3,예울마루 음악캠프 개막식,기타,기타,,무료,302,0,2014,1,20,정상,140120_01,150
4,예울마루 음악캠프기념 합동연주회_연세대&영재오케스트라,기타,기타,,무료,948,0,2014,1,23,정상,140123_01,415
5,빈소년합창단 신년음악회_2014,공연,대관,클래식,유료,1021,900,2014,1,25,정상,140125_01,24
6,뮤지컬 <아가씨와건달들>,공연,기획,뮤지컬,유료,1021,795,2014,2,14,정상,140214_01,15
7,뮤지컬 <아가씨와건달들>,공연,기획,뮤지컬,유료,1021,755,2014,2,15,정상,140214_01,13
8,뮤지컬 <아가씨와건달들>,공연,기획,뮤지컬,유료,1021,679,2014,2,15,정상,140214_01,28
9,뮤지컬 <아가씨와건달들>,공연,기획,뮤지컬,유료,1021,743,2014,2,16,정상,140214_01,28
10,뮤지컬 <아가씨와건달들>,공연,기획,뮤지컬,유료,1021,693,2014,2,16,정상,140214_01,22
11,주믿음 1집 앨범 쇼케이스,공연,대관,대중,유료,302,294,2014,2,22,정상,140222_01,4
12,신춘음악회,공연,대관,클래식,유료,302,274,2014,3,4,정상,140304_01,24
13,김혜자의 모노드라마 <오스카! 신에게 보내는 편지>,공연,대관,발레/연극,유료,1021,379,2014,3,14,정상,140314_01,32
14,김혜자의 모노드라마 <오스카! 신에게 보내는 편지>,공연,대관,발레/연극,유료,1021,379,2014,3,15,정상,140314_01,32
15,<아카데미>클래식파노라마_상반기,기타,기타,,유료,302,60,2014,3,18,정상,140318_01,0
16,양성원&엔리코파체듀오리사이틀,공연,기획,클래식,유료,948,279,2014,3,22,정상,140322_01,215
17,<아카데미>클래식파노라마_상반기,기타,기타,,유료,302,60,2014,3,25,정상,140318_01,0
18,이화회 정기총회 및 단합대회,기타,대관,,무료,302,0,2014,3,26,정상,140326_01,180
19,김제동 토크콘서트 <노브레이크>시즌5,공연,대관,대중,유료,1021,826,2014,3,28,정상,140328_01,50
20,김제동 토크콘서트 <노브레이크>시즌5,공연,대관,대중,유료,1021,826,2014,3,29,정상,140328_01,50
21,<아카데미>클래식파노라마_상반기,기타,기타,,유료,302,60,2014,4,1,정상,140318_01,0
22,<아카데미>클래식파노라마_상반기,기타,기타,,유료,302,60,2014,4,8,정상,140318_01,0
23,더 베이스 갱(THE BASS GANG),공연,대관,클래식,유료,1021,368,2014,4,10,정상,140410_01,611
24,카르페디엠 정기연주회,공연,대관,클래식,유료,302,264,2014,4,12,정상,140412_01,34
25,<아카데미>클래식파노라마_상반기,기타,기타,,유료,302,60,2014,4,15,정상,140318_01,0
26,제34회 장애인의 날 기념식,기타,대관,,무료,1021,0,2014,4,16,정상,140416_01,700
27,바이올리니스트 조진주 리사이틀(VOICE),공연,대관,클래식,유료,302,14,2014,4,18,정상,140418_01,81
28,웃음의 대학,공연,대관,발레/연극,유료,1021,146,2014,4,18,정상,140418_02,97
29,웃음의 대학,공연,대관,발레/연극,유료,1021,145,2014,4,19,정상,140418_02,97
30,웃음의 대학,공연,대관,발레/연극,유료,1021,146,2014,4,19,정상,140418_02,96
31,전장수 기타리스트 독주회,공연,대관,클래식,유료,302,7,2014,4,19,정상,140419_01,291
32,피아니스트 강현주와 함께 떠나는 세계음악여행_프라하의 봄,공연,기획,클래식,유료,948,245,2014,4,23,정상,140423_01,50
33,<아카데미>클래식파노라마_상반기,기타,기타,,유료,302,60,2014,4,29,정상,140318_01,0
34,가족뮤지컬 <구름빵>,공연,기획,어린이·가족,유료,1021,732,2014,5,1,정상,140501_01,84
35,가족뮤지컬 <구름빵>,공연,기획,어린이·가족,유료,1021,588,2014,5,1,정상,140501_01,86
36,가족뮤지컬 <구름빵>,공연,기획,어린이·가족,유료,1021,873,2014,5,2,정상,140501_01,58
37,가족뮤지컬 <구름빵>,공연,기획,어린이·가족,유료,1021,683,2014,5,2,정상,140501_01,88
38,가족뮤지컬 <구름빵>,공연,기획,어린이·가족,유료,1021,480,2014,5,3,정상,140501_01,50
39,가족뮤지컬 <구름빵>,공연,기획,어린이·가족,유료,1021,514,2014,5,3,정상,140501_01,56
40,라트라비아타(LATRAVIARA) 갈라콘서트,공연,대관,대중,유료,948,436,2014,5,13,정상,140513_01,110
41,<아카데미>클래식파노라마_상반기,기타,기타,,유료,302,60,2014,5,13,정상,140318_01,0
42,부영초등학교 교가 녹음,기타,대관,,무료,302,0,2014,5,14,정상,140514_01,50
43,<아카데미>클래식파노라마_상반기,기타,기타,,유료,302,60,2014,5,20,정상,140318_01,0
44,광양만권 진로상담교사 간담회,기타,대관,,무료,302,0,2014,5,23,정상,140523_01,69
45,예울마루개관2주년기념공연 <KBS교향악단연주회>,공연,기획,클래식,유료,948,777,2014,5,23,정상,140523_02,83
46,<아카데미>클래식파노라마_상반기,기타,기타,,유료,302,60,2014,5,27,정상,140318_01,0
47,<아카데미>영어뮤지컬아카데미발표회1,기타,기타,,무료,302,0,2014,5,29,정상,140529_01,298
48,아카펠라그룹 메이트리 미니콘서트,기타,기타,,무료,600,0,2014,5,31,정상,140531_01,600
49,<아카데미>클래식파노라마_상반기,기타,기타,,유료,302,60,2014,6,3,정상,140318_01,0
50,<아카데미>한국예술종합학교찾아가는문화행사_종강콘서트,기타,기타,,무료,302,0,2014,6,10,정상,140610_01,298
51,여수지역 유망 솔리스트를 위한 Gala Concert,공연,대관,클래식,유료,948,351,2014,6,10,정상,140610_02,110
52,여수시립합창단 제65회 정기연주회,공연,대관,클래식,유료,948,771,2014,6,12,정상,140612_01,115
53,리틀엔젤스 여수 특별공연,공연,대관,기타,유료,1021,954,2014,6,14,정상,140614_01,15
54,리틀엔젤스 여수 특별공연,공연,대관,기타,유료,1021,954,2014,6,14,정상,140614_01,15
55,<아카데미>성악아카데미발표회2,기타,기타,,무료,302,0,2014,6,17,정상,140617_01,298
56,LIG보험 합창대회,기타,대관,,무료,302,0,2014,6,18,정상,140618_01,120
57,피아노 듀오 & 솔로 연주회,공연,대관,클래식,유료,302,294,2014,6,19,정상,140619_01,4
58,"디퍼런트 디토(Ditto) “그리하여,밤”",공연,기획,클래식,유료,1021,797,2014,6,20,정상,140620_01,69
59,"김영옥 명창 ""이순신의 충효충절을 소리한""",공연,대관,기타,유료,948,435,2014,6,24,정상,140624_01,53
60,최현우 매직 콘서트 더셜록,공연,대관,대중,유료,1021,410,2014,6,27,정상,140627_01,23
61,최현우 매직 콘서트 더셜록,공연,대관,대중,유료,1021,410,2014,6,27,정상,140627_01,23
62,최현우 매직 콘서트 더셜록,공연,대관,대중,유료,1021,411,2014,6,28,정상,140627_01,24
63,최현우 매직 콘서트 더셜록,공연,대관,대중,유료,1021,411,2014,6,28,정상,140627_01,24
64,프로코피에프필하모니오케스트라와 여수심포니오케스트라 그들이 전하는 공감음악회,공연,대관,클래식,유료,948,383,2014,6,29,정상,140629_01,64
65,눈물기도,공연,대관,클래식,유료,302,260,2014,7,5,정상,140705_01,38
66,창작오페라 <귀항>_2014,공연,대관,클래식,유료,948,752,2014,7,11,정상,140711_01,22
67,창작오페라 <귀항>_2014,공연,대관,클래식,유료,948,752,2014,7,12,정상,140711_01,22
68,테너임산과 나라사랑친구사랑,공연,기획,클래식,무료,948,0,2014,7,17,정상,140717_01,936
69,독일작센유스윈드오케스트라,공연,대관,클래식,유료,948,926,2014,8,19,정상,140819_01,10
70,무지개상자캠프,기타,대관,,무료,302,0,2014,8,20,정상,140820_01,50
71,무지개상자캠프,기타,대관,,무료,302,0,2014,8,21,정상,140820_01,50
72,한여름밤의세레나데,공연,대관,클래식,유료,1021,685,2014,8,22,정상,140822_01,76
73,"손양원기념음악회 ""La Clemenza(용서)""",공연,대관,클래식,유료,1021,452,2014,8,23,정상,140823_01,64
74,피아니스트 강현주와 함께 떠나는 세계음악여행_지중해의 여름,공연,기획,클래식,유료,948,788,2014,8,26,정상,140826_01,92
75,방미가바이올린리사이틀,공연,대관,클래식,유료,302,284,2014,8,28,정상,140828_01,14
76,아르스노바 남성합창단 제6회 정기연주회,공연,대관,클래식,유료,948,758,2014,9,2,정상,140902_01,22
77,클래식 오디세이_United Flute Orchestra와 Harpist 박수원이 선사하는,공연,대관,클래식,유료,948,620,2014,9,13,정상,140913_01,22
78,염은하바이올린리사이틀,공연,대관,클래식,유료,302,294,2014,9,14,정상,140914_01,4
79,김선욱 피아노 리사이틀,공연,대관,클래식,유료,1021,170,2014,9,16,정상,140916_01,334
80,헝가리부다페스트 색소폰 콰르텟 연주회,공연,대관,클래식,유료,948,872,2014,9,17,정상,140917_01,50
81,국제아트페스티벌 남도예술은행그림경매,기타,대관,,무료,302,0,2014,9,19,정상,140919_01,100
82,여수시민과 함께하는 예술의 향연_전남예고공연,공연,대관,클래식,무료,1021,0,2014,9,19,정상,140919_02,936
83,브라이언 크레인 콘서트_CF＆드라마 음악의 거장,공연,대관,대중,유료,1021,821,2014,9,20,정상,140920_01,17
84,"제정화 젊은소리 열번째판 ""꿈꾸는 바다""",공연,대관,클래식,유료,1021,783,2014,9,23,정상,140923_01,36
85,<아카데미>클래식파노라마_하반기,기타,기타,,유료,302,52,2014,9,23,정상,140923_02,0
86,이성열바이올린독주회,공연,대관,클래식,무료,302,0,2014,9,23,정상,140923_03,298
87,여수심포니오케스트라 제3회 정기연주회,공연,대관,클래식,유료,948,662,2014,9,26,정상,140926_01,22
88,도이치방송교향악단내한공연,공연,기획,클래식,유료,948,391,2014,9,27,정상,140927_01,240
89,옳고바른마음쓰기,기타,대관,,무료,302,0,2014,9,27,정상,140927_02,200
90,<아카데미>클래식파노라마_하반기,기타,기타,,유료,302,52,2014,9,30,정상,140923_02,0
91,한국음악협회여수지부 제39회 정기연주회,공연,대관,클래식,유료,948,371,2014,9,30,정상,140930_01,64
92,피아니스트 강현주와 함께 떠나는 세계음악여행_파리의 가을,공연,기획,클래식,유료,948,793,2014,10,2,정상,141002_01,96
93,마음톡톡캠프,기타,대관,,무료,302,0,2014,10,6,정상,141006_01,39
94,마음톡톡캠프,기타,대관,,무료,302,0,2014,10,7,정상,141006_01,39
95,마음톡톡캠프,기타,대관,,무료,302,0,2014,10,8,정상,141006_01,38
96,마음톡톡캠프,기타,대관,,무료,302,0,2014,10,9,정상,141006_01,38
99,음악이흐르는광장영화관 오프닝 축하연주회,기타,기획,,무료,948,0,2014,10,9,정상,141009_01,840
97,마음톡톡캠프,기타,대관,,무료,302,0,2014,10,10,정상,141006_01,38
98,마음톡톡캠프,기타,대관,,무료,302,0,2014,10,11,정상,141006_01,38
100,<아카데미>클래식파노라마_하반기,기타,기타,,유료,302,52,2014,10,14,정상,140923_02,0
101,여수아가페합창단 정기연주회,공연,대관,클래식,유료,948,687,2014,10,14,정상,141014_01,133
102,JK앙상블,공연,기획,클래식,유료,948,593,2014,10,15,정상,141015_01,81
103,모던타임즈,공연,기획,클래식,유료,948,593,2014,10,16,정상,141016_01,47
104,가을밤의세레나데,공연,대관,클래식,유료,302,294,2014,10,17,정상,141017_01,4
105,쿨페라 <사랑의 묘약>,공연,대관,기타,유료,1021,331,2014,10,18,정상,141018_01,30
106,쿨페라 <사랑의 묘약>,공연,대관,기타,유료,1021,331,2014,10,18,정상,141018_01,33
107,<아카데미>클래식파노라마_하반기,기타,기타,,유료,302,52,2014,10,21,정상,140923_02,0
108,뮤지컬 <브로드웨이 42번가>,공연,기획,뮤지컬,유료,1021,958,2014,10,24,정상,141024_01,21
109,뮤지컬 <브로드웨이 42번가>,공연,기획,뮤지컬,유료,1021,929,2014,10,25,정상,141024_01,21
110,뮤지컬 <브로드웨이 42번가>,공연,기획,뮤지컬,유료,1021,974,2014,10,25,정상,141024_01,5
111,뮤지컬 <브로드웨이 42번가>,공연,기획,뮤지컬,유료,1021,811,2014,10,26,정상,141024_01,10
112,뮤지컬 <브로드웨이 42번가>,공연,기획,뮤지컬,유료,1021,749,2014,10,26,정상,141024_01,28
113,<아카데미>클래식파노라마_하반기,기타,기타,,유료,302,52,2014,10,28,정상,140923_02,0
114,여수.성남 시립국악단 교류음악회 <지란지교를 꿈꾸며..>,공연,대관,클래식,유료,948,758,2014,10,30,정상,141030_01,22
115,여수학생연극페스티벌_제3회,공연,대관,발레/연극,무료,302,,2014,10,31,정상,141031_01,298
116,여수영재오케스트라 제2회 정기연주회,공연,대관,클래식,무료,1021,0,2014,11,1,정상,141101_01,962
117,<아카데미>클래식파노라마_하반기,기타,기타,,유료,302,52,2014,11,4,정상,140923_02,0
118,<아카데미>영어뮤지컬아카데미녹음,기타,기타,,유료,302,0,2014,11,4,정상,141104_01,0
119,<아카데미>영어뮤지컬아카데미녹음,기타,기타,,유료,302,0,2014,11,5,정상,141104_01,0
120,모차르트그룹최초내한공연,공연,기획,클래식,유료,1021,590,2014,11,6,정상,141106_01,102
121,<김동규>김동규의 열정 라틴콘서트,공연,대관,대중,유료,948,833,2014,11,7,정상,141107_01,98
122,여수어머니리코더합주단 제12회 정기연주회,공연,대관,클래식,무료,302,0,2014,11,8,정상,141108_01,298
123,<아카데미>클래식파노라마_하반기,기타,기타,,유료,302,52,2014,11,11,정상,140923_02,0
124,"여수 학생.학부모 합창페스티벌""내노래에 날개를 달다""_제3회",공연,대관,클래식,무료,948,0,2014,11,14,정상,141114_01,940
125,여수청소년관악단 제3회 정기연주회,공연,대관,클래식,무료,948,0,2014,11,15,정상,141115_01,598
126,<아카데미>클래식파노라마_하반기,기타,기타,,유료,302,52,2014,11,18,정상,140923_02,0
127,여수YWCA합창단 제15회 정기연주회,공연,대관,클래식,유료,948,564,2014,11,18,정상,141118_01,155
128,여도국악관현악단 제7회 정기연주회 <사랑나눔음악회>,공연,대관,클래식,무료,948,0,2014,11,20,정상,141120_01,924
129,앙상블 네우마의 scent of Autumn(가을의 향기),공연,대관,클래식,유료,302,294,2014,11,21,정상,141121_01,4
130,"여수시립합창단 제66회 정기연주회""한창석 상임 지후자 취임기념 음악회""",공연,대관,클래식,유료,948,592,2014,11,22,정상,141122_01,181
131,여수학생 오케스트라 페스티벌_2014,공연,대관,클래식,무료,948,0,2014,11,25,정상,141125_01,784
132,여수학생 오케스트라 페스티벌_2014,공연,대관,클래식,무료,948,0,2014,11,26,정상,141125_01,784
133,전남학생예술교육페스티벌(연극),공연,대관,발레/연극,무료,302,0,2014,11,28,정상,141128_01,298
132,<아카데미>클래식파노라마_하반기,기타,기타,,유료,302,52,2014,12,1,정상,140923_02,0
133,여수교직원합창단창단연주회_내마음의강물,공연,대관,클래식,무료,948,0,2014,12,2,정상,141202_01,628
134,피아니스트 강현주와 함께 떠나는 세계음악여행_화이트 인 뉴욕,공연,기획,클래식,유료,948,598,2014,12,4,정상,141204_01,92
135,WBC복지TV개국 4주년기념 갈라콘서트,공연,대관,대중,유료,948,223,2014,12,6,정상,141206_01,110
136,희망에너지교실,기타,대관,,무료,302,0,2014,12,6,정상,141206_02,298
137,KCO첼로앙상블연주회,공연,대관,클래식,유료,1021,600,2014,12,9,정상,141209_01,10
138,<아카데미>클래식파노라마콘서트,기타,기타,,무료,302,0,2014,12,10,정상,141210_01,298
139,전남학생예술교육페스티벌(오케스트라부문),공연,대관,클래식,무료,948,0,2014,12,11,정상,141211_01,738
140,여수리코더 제9회 페스티벌,공연,대관,기타,무료,302,0,2014,12,13,정상,141213_01,298
141,<아카데미>클래식파노라마_하반기,기타,기타,,유료,302,52,2014,12,16,정상,140923_02,0
142,여수시립국악단 제28회 정기연주회_동백 바람에 날리어,공연,대관,클래식,유료,948,554,2014,12,16,정상,141216_01,75
143,<아카데미>영어뮤지컬아카데미발표회2,기타,기타,,무료,302,0,2014,12,16,정상,141216_02,298
144,여수시립합창단 송년음악회,공연,대관,클래식,유료,948,599,2014,12,18,정상,141218_01,92
145,<아카데미>성악아카데미발표회3,기타,기타,,무료,302,0,2014,12,18,정상,141218_02,298
146,제3회 지역예술인재콘서트_내꿈에날개를,공연,대관,대중,무료,302,0,2014,12,19,정상,141219_01,298
147,이루마 전국투어 콘서트 _HEART,공연,대관,대중,유료,1021,670,2014,12,19,정상,141219_02,57
148,여수교원교향악단 제7회 정기연주회,공연,대관,클래식,무료,948,0,2014,12,20,정상,141220_01,432
149,연극 <짬뽕>,공연,기획,발레/연극,유료,302,271,2014,12,23,정상,141223_01,12
150,연극 <짬뽕>,공연,기획,발레/연극,유료,302,292,2014,12,23,정상,141223_01,4
151,연극 <짬뽕>,공연,기획,발레/연극,유료,302,287,2014,12,24,정상,141223_01,11
152,연극 <짬뽕>,공연,기획,발레/연극,유료,302,293,2014,12,24,정상,141223_01,4
153,연극 <짬뽕>,공연,기획,발레/연극,유료,302,270,2014,12,25,정상,141223_01,24
154,연극 <짬뽕>,공연,기획,발레/연극,유료,302,287,2014,12,25,정상,141223_01,2
155,연극 <짬뽕>,공연,기획,발레/연극,유료,302,298,2014,12,26,정상,141223_01,0
156,연극 <짬뽕>,공연,기획,발레/연극,유료,302,294,2014,12,26,정상,141223_01,4
157,연극 <짬뽕>,공연,기획,발레/연극,유료,302,294,2014,12,27,정상,141223_01,4
158,연극 <짬뽕>,공연,기획,발레/연극,유료,302,290,2014,12,27,정상,141223_01,6
159,도서지역 오케스트라 캠프 연주회,공연,기타,클래식,무료,948,0,2014,12,27,정상,141227_01,155
160,도서지역 오케스트라 캠프 연주회,공연,기타,클래식,무료,948,0,2014,12,28,정상,141227_01,155
161,여수 클래식 영재육성을 위한 음악회,공연,대관,클래식,무료,302,0,2014,12,30,정상,141230_01,274
1,여수 소년소녀합창단,기타,기타,,무료,302,0,2015,1,5,정상,150105_01,90
2,여수 소년소녀합창단,기타,기타,,무료,302,0,2015,1,7,정상,150105_01,90
3,여수 소년소녀합창단,기타,기타,,무료,302,0,2015,1,8,정상,150105_01,90
4,여수 소년소녀합창단,기타,기타,,무료,302,0,2015,1,9,정상,150105_01,90
5,뮤지컬 <시카고>,공연,기획,뮤지컬,유료,1021,975,2015,1,9,정상,150109_01,5
6,여수 소년소녀합창단,기타,기타,,무료,302,0,2015,1,10,정상,150105_01,90
7,뮤지컬 <시카고>,공연,기획,뮤지컬,유료,1021,973,2015,1,10,정상,150109_01,9
8,뮤지컬 <시카고>,공연,기획,뮤지컬,유료,1021,969,2015,1,10,정상,150109_01,10
9,뮤지컬 <시카고>,공연,기획,뮤지컬,유료,1021,970,2015,1,11,정상,150109_01,10
10,뮤지컬 <시카고>,공연,기획,뮤지컬,유료,1021,971,2015,1,11,정상,150109_01,10
11,빈소년합창단 신년음악회,공연,대관,클래식,유료,1021,718,2015,1,18,정상,150118_01,26
12,2014 꿈 끼 탐색주간 학생영상작품 UCC공모전 수상자 체험학습,기타,대관,,무료,302,0,2015,1,21,정상,150121_01,170
13,대신기공 경영설명회,기타,대관,,무료,302,0,2015,2,14,정상,150214_01,205
14,스티븐김 초청공연,공연,대관,기타,무료,1021,0,2015,3,4,정상,150304_01,515
15,스티븐김 초청공연,공연,대관,기타,무료,1021,0,2015,3,4,정상,150304_01,515
16,신춘음악회,공연,대관,클래식,유료,302,279,2015,3,10,정상,150310_01,19
17,아카데미 클래식 파노라마,기타,기타,,유료,302,50,2015,3,19,정상,150319_01,0
18,아카데미 클래식 파노라마,기타,기타,,유료,302,50,2015,3,26,정상,150319_01,0
19,전남극동방송 설립추진음악회,공연,대관,클래식,무료,948,0,2015,3,27,정상,150327_01,943
20,전시 카이스트전 과학특강,기타,기타,,무료,302,0,2015,3,28,정상,150328_01,157
21,세계적인 아티스트 초청 <음악스케치>,공연,대관,클래식,유료,302,266,2015,3,30,정상,150330_01,28
22,아카데미 클래식 파노라마,기타,기타,,유료,302,50,2015,4,2,정상,150319_01,0
23,피아니스트 강현주와 함께하는 원스어폰어타임_헬로우!1825,공연,기획,클래식,유료,948,128,2015,4,2,정상,150402_01,77
24,아카데미 클래식 파노라마,기타,기타,,유료,302,50,2015,4,9,정상,150319_01,0
25,아카데미 클래식 파노라마,기타,기타,,유료,302,50,2015,4,16,정상,150319_01,0
26,함신익과 심포니 송이 함께하는 BASF 창립 150주년 기념음악회,공연,대관,클래식,무료,948,0,2015,4,18,정상,150418_01,941
27,함신익과 심포니 송이 함께하는 BASF 창립 150주년 기념음악회,공연,대관,클래식,무료,948,0,2015,4,18,정상,150418_01,712
28,여수 시립합창단 제67회 정기연주회 <결혼이야기>,공연,대관,클래식,유료,948,603,2015,4,21,정상,150421_01,106
29,아카데미 클래식 파노라마,기타,기타,,유료,302,50,2015,4,23,정상,150319_01,0
30,아카데미 클래식 파노라마,기타,기타,,유료,302,50,2015,4,30,정상,150319_01,0
31,<가족뮤지컬>Why? 마법사와 쫓겨난 임금,공연,기획,어린이·가족,유료,1021,807,2015,4,30,정상,150430_01,70
32,<가족뮤지컬>Why? 마법사와 쫓겨난 임금,공연,기획,어린이·가족,유료,1021,483,2015,4,30,정상,150430_01,45
33,<가족뮤지컬>Why? 마법사와 쫓겨난 임금,공연,기획,어린이·가족,유료,1021,149,2015,5,1,정상,150430_01,29
34,<가족뮤지컬>Why? 마법사와 쫓겨난 임금,공연,기획,어린이·가족,유료,1021,307,2015,5,1,정상,150430_01,44
35,<가족뮤지컬>Why? 마법사와 쫓겨난 임금,공연,기획,어린이·가족,유료,1021,531,2015,5,2,정상,150430_01,29
36,<가족뮤지컬>Why? 마법사와 쫓겨난 임금,공연,기획,어린이·가족,유료,1021,582,2015,5,2,정상,150430_01,26
37,아카데미 클래식 파노라마,기타,기타,,유료,302,50,2015,5,7,정상,150319_01,0
38,WBC 복지TV 전남 꿈나무 희망찾기 가족힐링 갈라콘서트,공연,대관,대중,유료,948,667,2015,5,7,정상,150507_01,100
39,언덕을 넘어서 가자,공연,대관,발레/연극,유료,302,4,2015,5,8,정상,150508_01,30
40,언덕을 넘어서 가자,공연,대관,발레/연극,유료,302,0,2015,5,8,정상,150508_01,30
41,아카데미 클래식 파노라마,기타,기타,,유료,302,50,2015,5,14,정상,150319_01,0
42,세종솔로이스츠의 낭만,공연,기획,클래식,유료,1021,256,2015,5,15,정상,150515_01,219
43,아카데미 클래식 파노라마,기타,기타,,유료,302,50,2015,5,21,정상,150319_01,0
44,뮤지컬 캣츠,공연,대관,뮤지컬,유료,948,768,2015,5,22,정상,150522_01,44
45,뮤지컬 캣츠,공연,대관,뮤지컬,유료,948,821,2015,5,23,정상,150522_01,39
46,뮤지컬 캣츠,공연,대관,뮤지컬,유료,948,721,2015,5,23,정상,150522_01,40
47,뮤지컬 캣츠,공연,대관,뮤지컬,유료,948,796,2015,5,24,정상,150522_01,27
48,뮤지컬 캣츠,공연,대관,뮤지컬,유료,948,651,2015,5,24,정상,150522_01,34
49,"여수,안산 시립국악단 교류음악회, 소리 그리고 놀이",공연,대관,클래식,유료,948,771,2015,5,27,정상,150527_01,54
50,2015 문화가 있는 날 직장배달콘서트,공연,기타,대중,무료,302,0,2015,5,27,정상,150527_02,168
51,예울마루 아카데미 클래식파노라마 종강콘서트,공연,기타,대중,무료,302,0,2015,5,28,정상,150528_01,63
52,희망의 아이콘 폴포츠 여수공연,공연,대관,어린이·가족,유료,1021,936,2015,5,30,정상,150530_01,63
53,마음톡톡캠프,기타,대관,,무료,302,0,2015,6,1,정상,150601_01,0
54,마음톡톡캠프,기타,대관,,무료,302,0,2015,6,2,정상,150601_01,105
55,현악사중주 파개그니니 내한공연,공연,대관,클래식,유료,1021,979,2015,6,2,정상,150602_01,22
56,아카데미 예울마루 영어뮤지컬 발표회,기타,기타,,무료,302,0,2015,6,4,정상,150604_01,120
57,아카데미 예울마루 성악아카데미 발표회,기타,기타,,무료,302,0,2015,6,5,정상,150605_01,207
58,가슴뛰는 시작 with 여수 심포니 오케스트라,공연,대관,클래식,무료,948,0,2015,6,9,정상,150609_01,388
59,"6월 이야기 : Pieces,songs,and Miniatures",공연,대관,클래식,유료,302,177,2015,6,11,정상,150611_01,20
,파워레인저 다이노포스(대관),취소,취소,,취소,0,0,2015,6,12,취소공연,150612_01,0
,파워레인저 다이노포스(대관),취소,취소,,취소,0,0,2015,6,12,취소공연,150612_01,0
,파워레인저 다이노포스(대관),취소,취소,,취소,0,0,2015,6,12,취소공연,150612_01,0
,파워레인저 다이노포스(대관),취소,취소,,취소,0,0,2015,6,13,취소공연,150613_01,0
,파워레인저 다이노포스(대관),취소,취소,,취소,0,0,2015,6,13,취소공연,150613_01,0
60,클라세 앙상블과 함께하는 쉽게 듣고 배우는 클래식 향연,공연,대관,클래식,유료,948,622,2015,7,14,정상,150714_01,58
61,러시아 피아니스트 끼릴카슈닌 피아노 리사이틀,공연,대관,클래식,무료,302,0,2015,7,16,정상,150716_01,231
62,전남 제 3회 전국음악콩쿠르,기타,대관,,무료,948,0,2015,7,18,정상,150718_01,150
63,전남 제 3회 전국음악콩쿠르,기타,대관,,무료,948,0,2015,7,18,정상,150718_01,150
64,제 7회 피아노 듀오&솔로 연주회 DUO&SOLO PIANO CONCERT,공연,대관,클래식,유료,302,255,2015,7,25,정상,150725_01,20
65,예울마루 여성영화산책_할머니와란제리(07.29),공연,기획,기타,유료,302,170,2015,7,29,정상,150729_01,97
66,"안성완 독창회 ""그리움""",공연,대관,클래식,유료,948,271,2015,7,30,정상,150730_01,41
71,2015년 칠곡 세계 사물놀이겨루기한마당 한려지역아동센터 굴렁쇠 놀이패 연습,기타,대관,,무료,1021,0,2015,8,1,정상,150801_01,24
72,피아니스트 강현주와 함께하는 원스어폰어타임 로맨틱1865,공연,기획,클래식,유료,948,747,2015,8,18,정상,150818_01,95
73,서주희 바이올린 독주회,공연,대관,클래식,유료,302,167,2015,8,21,정상,150821_01,116
74,어린이 영어뮤지컬 발표회 뮤지컬 동아리 다다다 발표회,기타,대관,,무료,302,204,2015,8,22,정상,150822_01,0
75,바이올리니스트 오주영 내한공연,공연,대관,클래식,유료,948,530,2015,8,22,정상,150822_02,0
76,김선욱&이상엔더스 듀오콘서트,공연,기획,클래식,유료,1021,234,2015,8,25,정상,150825_01,99
77,예울마루 여성영화산책_세컨드마더(08.26),기타,기획,,유료,302,152,2015,8,26,정상,150826_01,42
78,제2회 여수 클래식 영재육성을 위한 음악회,공연,대관,클래식,무료,948,0,2015,8,26,정상,150826_02,615
79,블록버스터 뮤지컬 헬로카봇,공연,대관,어린이·가족,유료,1021,550,2015,8,29,정상,150829_01,0
80,블록버스터 뮤지컬 헬로카봇,공연,대관,어린이·가족,유료,1021,520,2015,8,29,정상,150829_01,0
81,블록버스터 뮤지컬 헬로카봇,공연,대관,어린이·가족,유료,1021,440,2015,8,29,정상,150829_01,0
82,블록버스터 뮤지컬 헬로카봇,공연,대관,어린이·가족,유료,1021,430,2015,8,30,정상,150829_01,0
83,블록버스터 뮤지컬 헬로카봇,공연,대관,어린이·가족,유료,1021,540,2015,8,30,정상,150829_01,0
84,김진호 피아노 리사이틀,공연,대관,클래식,무료,302,0,2015,9,1,정상,150901_01,162
85,한독교류 나라사랑 음악회,공연,대관,클래식,무료,302,0,2015,9,2,정상,150902_01,242
86,한독교류 나라사랑 음악회,공연,대관,클래식,무료,302,0,2015,9,2,정상,150902_01,261
87,뮤지컬 빨래,공연,기획,뮤지컬,유료,1021,689,2015,9,3,정상,150903_01,57
88,뮤지컬 빨래,공연,기획,뮤지컬,유료,1021,650,2015,9,3,정상,150903_01,35
89,뮤지컬 빨래,공연,기획,뮤지컬,유료,1021,791,2015,9,4,정상,150903_01,57
90,뮤지컬 빨래,공연,기획,뮤지컬,유료,1021,527,2015,9,4,정상,150903_01,39
91,뮤지컬 빨래,공연,기획,뮤지컬,유료,1021,765,2015,9,5,정상,150903_01,29
92,뮤지컬 빨래,공연,기획,뮤지컬,유료,1021,642,2015,9,5,정상,150903_01,34
93,춤으로 만나는 아시아,공연,대관,발레/연극,유료,948,220,2015,9,6,정상,150906_01,728
94,아카데미 클래식 파노라마,기타,기타,,유료,302,26,2015,9,8,정상,150319_01,0
95,한국음악협회여수지부 제40회 정기연주회,공연,대관,클래식,유료,948,211,2015,9,8,정상,150908_01,28
96,"여수시립국악단 제29회 정기공연 황진이, 풍류에 노닐다.",공연,대관,기타,유료,948,200,2015,9,18,정상,150918_01,230
97,"여수시립국악단 제29회 정기공연 황진이, 풍류에 노닐다.",공연,대관,기타,유료,948,496,2015,9,18,정상,150918_01,76
98,2015 여수유스오케스트라 협주곡의 밤,공연,대관,클래식,무료,948,0,2015,9,19,정상,150919_01,937
99,아카데미 클래식 파노라마,기타,기타,,유료,302,26,2015,9,22,정상,150319_01,0
100,"피아니스트 박종화 콘서트 NUNAYA 동요, 클래식이 되다.",공연,기획,클래식,유료,948,627,2015,9,24,정상,150924_01,64
101,예울마루 여성영화산책_골든차일드(09.30),기타,기획,,유료,302,108,2015,9,30,정상,150930_01,54
102,달려라 피아노 <기증받은 피아노예울에서 춤추다>,기타,대관,,무료,100,0,2015,9,30,정상,150930_02,100
103,달려라 피아노 <기증받은 피아노예울에서 춤추다>,기타,대관,,무료,100,0,2015,9,30,정상,150930_02,100
104,기독교통일학회 특별학술대회,기타,대관,,무료,302,0,2015,10,3,정상,151003_01,50
105,마음톡톡캠프,기타,대관,,무료,302,0,2015,10,5,정상,150601_01,120
106,마음톡톡캠프,기타,대관,,무료,302,0,2015,10,6,정상,150601_01,0
107,예울마루 성악 아카데미,기타,기타,,유료,302,16,2015,10,6,정상,151006_01,0
108,마음톡톡캠프,기타,대관,,무료,0,0,2015,10,7,정상,150601_01,0
109,마음톡톡캠프,기타,대관,,무료,0,0,2015,10,8,정상,150601_01,0
110,예울마루 성악 아카데미,기타,기타,,유료,302,30,2015,10,8,정상,151006_01,0
111,마음톡톡캠프,기타,대관,,무료,0,0,2015,10,9,정상,150601_01,0
112,마음톡톡캠프,기타,대관,,무료,0,0,2015,10,10,정상,150601_01,0
113,허영만전 특강,기타,기타,,유료,302,0,2015,10,10,정상,151010_01,178
114,피아니스트 강현주와 함께하는 원스어픈어타임_코스모1905,공연,기획,클래식,유료,948,474,2015,10,13,정상,151013_01,59
115,감성듀오 유리상자 이세준과 함께하는 태교토크콘서트,공연,대관,대중,무료,302,0,2015,10,14,정상,151014_01,247
116,"행복한 유아, 좋은 선생님 되기",기타,대관,,무료,302,0,2015,10,15,정상,151015_01,192
117,여수시립합창단 68회 정기연주회 <4인 4색>,공연,대관,클래식,유료,948,422,2015,10,15,정상,151015_02,58
118,가을밤의세레나데,공연,대관,클래식,유료,302,234,2015,10,16,정상,151016_01,24
119,농협푸른음악회,공연,대관,클래식,무료,1021,0,2015,10,17,정상,151017_01,642
120,허영만전 특강,기타,기타,,유료,1021,579,2015,10,20,정상,151010_01,122
121,여수심포니 오케스트라 정기연주회 <가을 베토벤을 느끼다>,공연,대관,클래식,유료,1021,427,2015,10,20,정상,151020_01,52
122,제4회 여수학생연극제,공연,대관,발레/연극,무료,302,0,2015,10,21,정상,151021_01,273
123,모던타임즈,공연,기획,클래식,유료,948,570,2015,10,22,정상,151022_01,43
124,모던타임즈,공연,기획,클래식,유료,948,504,2015,10,23,정상,151022_01,38
125,제4회 여수청소년관악단 정기연주회,공연,대관,클래식,무료,938,0,2015,10,24,정상,151024_01,613
126,제13회 여수어머니리코더합주단 정기연주회,공연,대관,클래식,무료,302,0,2015,10,24,정상,151024_02,196
127,아카데미 클래식 파노라마,기타,기타,,유료,302,26,2015,10,27,정상,150319_01,0
128,예울마루 여성영화산책_토헤즈(10.28),기타,기획,,유료,302,102,2015,10,28,정상,151028_01,32
129,LUX앙상블 제3회 정기연주회(& prof.Andreas Lehmann),공연,대관,클래식,유료,302,142,2015,10,30,정상,151030_01,20
130,뮤지컬 명성황후 20주년 기념공연,공연,기획,뮤지컬,유료,948,917,2015,10,31,정상,151031_01,11
131,뮤지컬 명성황후 20주년 기념공연,공연,기획,뮤지컬,유료,948,928,2015,10,31,정상,151031_01,7
132,뮤지컬 명성황후 20주년 기념공연,공연,기획,뮤지컬,유료,948,916,2015,11,1,정상,151031_01,20
133,뮤지컬 명성황후 20주년 기념공연,공연,기획,뮤지컬,유료,948,926,2015,11,1,정상,151031_01,10
134,아카데미 클래식 파노라마,기타,기타,,유료,302,26,2015,11,3,정상,150319_01,0
135,제21회 여수아가페합창단 정기연주회 믿음의 여행,공연,대관,클래식,유료,948,515,2015,11,3,정상,151103_01,110
136,국립현대무용단 이미아직,공연,기획,발레/연극,유료,1021,199,2015,11,7,정상,151107_01,194
137,내 노래에 날개를 달다,공연,대관,클래식,무료,948,0,2015,11,10,정상,151110_01,731
138,아카데미 클래식 파노라마,기타,기타,,유료,302,26,2015,11,10,정상,150319_01,0
139,여수 사랑의 부부합창단 제9회 정기연주회 행복한 동행,공연,대관,클래식,무료,302,0,2015,11,12,정상,151112_01,298
140,허영만전 특강,기타,기타,,유료,302,198,2015,11,14,정상,151010_01,42
141,이미자 55주년 효 콘서트,공연,대관,대중,유료,1021,811,2015,11,14,정상,151114_01,48
142,이미자 55주년 효 콘서트,공연,대관,대중,유료,1021,598,2015,11,14,정상,151114_01,263
143,제 12회 전남교육음악제,공연,대관,클래식,무료,948,0,2015,11,17,정상,151117_01,887
144,아카데미 클래식 파노라마,기타,기타,,유료,302,26,2015,11,17,정상,150319_01,0
145,제3회 인도영화축제 5일간의 인도여행,기타,대관,,무료,302,0,2015,11,18,정상,151118_01,72
146,제3회 인도영화축제 5일간의 인도여행,기타,대관,,무료,302,0,2015,11,18,정상,151118_01,105
147,제3회 인도영화축제 5일간의 인도여행,기타,대관,,무료,302,0,2015,11,19,정상,151118_01,51
148,제3회 인도영화축제 5일간의 인도여행,기타,대관,,무료,302,0,2015,11,19,정상,151118_01,108
149,여수YWCA합창단 제16회 정기연주회,공연,대관,클래식,유료,948,548,2015,11,19,정상,151119_01,150
150,제3회 인도영화축제 5일간의 인도여행,기타,대관,,무료,302,0,2015,11,20,정상,151118_01,52
151,제3회 인도영화축제 5일간의 인도여행,기타,대관,,무료,302,0,2015,11,20,정상,151118_01,120
152,여수 여도오케스트라 제16회 정기연주회,공연,대관,클래식,무료,948,0,2015,11,20,정상,151120_01,832
153,장미여관 여수콘서트,공연,대관,대중,유료,1021,857,2015,11,21,정상,151121_01,107
154,제13회 그레이스 콘서트,공연,대관,대중,무료,302,0,2015,11,21,정상,151121_02,208
155,2015 학생오케스트라 페스티벌,공연,대관,클래식,무료,948,0,2015,11,24,정상,151124_01,750
156,클래식 파노라마 종강콘서트,기타,기타,,무료,302,,2015,11,24,정상,151124_02,59
157,2015 학생오케스트라 페스티벌,공연,대관,클래식,무료,948,0,2015,11,25,정상,151124_01,779
158,예울마루 여성영화산책_마이스키니시스터(11.25),기타,기획,,유료,302,297,2015,11,25,정상,151125_01,1
159,어린이 영어뮤지컬 발표회,기타,기타,,무료,302,0,2015,11,26,정상,151126_01,93
160,여수필하모닉오케스트라 제27회 정기연주회,공연,대관,클래식,유료,948,373,2015,11,26,정상,151126_02,62
161,성악아카데미 발표회,기타,기타,,무료,302,0,2015,11,27,정상,151127_01,230
162,양성원&엔리코파체 첼로소나타 베토벤 전곡시리즈,공연,기획,클래식,유료,1021,222,2015,11,28,정상,151128_01,58
163,양성원&엔리코파체 첼로소나타 베토벤 전곡시리즈,공연,기획,클래식,유료,1021,136,2015,11,28,정상,151128_01,40
164,허영만전 특강,기타,기타,,유료,302,202,2015,11,28,정상,151010_01,27
165,여수교직원합창단 제2회 정기연주회 고향의 노래,공연,대관,클래식,무료,948,0,2015,12,1,정상,151201_01,626
166,(사)뿌리패예술단 여수시지부 정기연주회 불휘,공연,대관,클래식,유료,948,620,2015,12,3,정상,151203_01,110
167,피어클랑 스트링 콰르텟 연주회,공연,대관,클래식,유료,948,295,2015,12,4,정상,151204_01,24
168,"이혜란의 토크 콘서트 사랑해요, 그대",공연,대관,대중,유료,302,240,2015,12,4,정상,151204_02,4
169,여수교원교향악단 여덟번째 연주회,공연,대관,클래식,무료,948,0,2015,12,5,정상,151205_01,608
170,첼리스트 김기용&피아니스트 한네롯바이겔트 듀오리사이틀,공연,대관,클래식,무료,302,0,2015,12,6,정상,151206_01,216
171,K'Arts와 LDP무용단의 Unique Play,공연,대관,발레/연극,무료,948,0,2015,12,8,정상,151208_01,719
173,2015 파리나무 십자가 소년합창단 특별초청공연,공연,대관,클래식,유료,1021,991,2015,12,10,정상,151210_01,18
172,제10회 리코더 페스티벌,공연,대관,기타,무료,302,0,2015,12,12,정상,151212_01,205
174,2015 여수 윈드오케스트라 Vituoso Trombone Ensemble,공연,대관,클래식,유료,302,246,2015,12,19,정상,151219_01,4
175,피아니스트 강현주와 함께하는 원스어픈어타임_모던1945,공연,기획,클래식,유료,948,908,2015,12,22,정상,151222_01,28
176,경숙이경숙아버지,공연,기획,발레/연극,유료,302,289,2015,12,23,정상,151223_01,9
177,경숙이경숙아버지,공연,기획,발레/연극,유료,302,293,2015,12,23,정상,151223_01,9
178,경숙이경숙아버지,공연,기획,발레/연극,유료,302,279,2015,12,24,정상,151223_01,17
179,경숙이경숙아버지,공연,기획,발레/연극,유료,302,293,2015,12,24,정상,151223_01,8
184,인터내셔널 쇼팽음반발매기념 임동혁 피아노 리사이틀,공연,기획,클래식,유료,1021,541,2015,12,24,정상,151224_01,215
180,경숙이경숙아버지,공연,기획,발레/연극,유료,302,280,2015,12,25,정상,151223_01,8
181,경숙이경숙아버지,공연,기획,발레/연극,유료,302,259,2015,12,25,정상,151223_01,12
182,경숙이경숙아버지,공연,기획,발레/연극,유료,302,288,2015,12,26,정상,151223_01,11
183,경숙이경숙아버지,공연,기획,발레/연극,유료,302,240,2015,12,26,정상,151223_01,8
185,2015 제4회 지역 예술인재 콘서트,공연,대관,대중,무료,302,0,2015,12,28,정상,151228_01,239
186,2015 송년음악회 휠체어는 나의 날개,공연,대관,클래식,유료,1021,980,2015,12,28,정상,151228_02,10
187,여수유스(영재)오케스트라 제3회 정기연주회,공연,대관,클래식,무료,948,0,2015,12,29,정상,151229_01,681
188,예울마루 여성영화산책_반짝이는 박수소리(12.30),기타,기획,,유료,302,118,2015,12,30,정상,151230_01,4
189,"금호아시아나 문화가 있는 날 <클래식 음악선물 VI-Love, 사랑>",공연,대관,클래식,무료,1021,0,2015,12,30,정상,151230_02,728
1,연세대 음대 오케스트라,기타,기타,,무료,948,0,2016,1,4,정상,160104_01,120
2,연세대 음대 오케스트라 합동연주회,기타,기타,,무료,948,0,2016,1,7,정상,160107_01,256
3,여수청소년국악관현악캠프(동계)_어울림_1회,공연,기획,기타,무료,948,0,2016,1,15,정상,160115_01,386
4,애국지사 손양원 기념 신년콘서트,공연,대관,클래식,유료,948,427,2016,1,16,정상,160116_01,187
5,용호기계기술 워크샵,기타,대관,,무료,302,0,2016,1,22,정상,160122_01,100
6,"2016 신년음악회 심포니W,송소희",공연,대관,클래식,유료,1021,528,2016,1,30,정상,160130_01,30
7,"2016 신년음악회 심포니W,송소희",공연,대관,클래식,유료,1021,406,2016,1,30,정상,160130_01,26
8,열린챔버오케스트라 제11회 정기연주회,공연,대관,클래식,무료,302,0,2016,2,19,정상,160219_01,290
9,예울마루 여성영화산책(02.24),기타,기획,,유료,302,89,2016,2,24,정상,160224_01,32
10,조상님께 바치는 댄스,공연,기획,발레/연극,유료,1021,827,2016,2,26,정상,160226_01,19
11,조상님께 바치는 댄스,공연,기획,발레/연극,유료,1021,822,2016,2,27,정상,160226_01,10
12,손열음 피아노 리사이틀,공연,기획,클래식,유료,1021,323,2016,3,4,정상,160304_01,165
13,아카데미 클래식 파노라마,기타,기타,,유료,302,12,2016,3,8,정상,160308_01,0
14,아카데미 클래식 파노라마,기타,기타,,유료,302,17,2016,3,15,정상,160308_01,0
15,아카데미 클래식 파노라마,기타,기타,,유료,302,26,2016,3,22,정상,160308_01,0
16,바람이 불어오는 곳,공연,대관,뮤지컬,유료,1021,553,2016,3,26,정상,160326_01,107
17,바람이 불어오는 곳,공연,대관,뮤지컬,유료,1021,700,2016,3,26,정상,160326_01,58
18,아카데미 클래식 파노라마,기타,기타,,유료,302,15,2016,3,29,정상,160308_01,0
19,환경오염통합관리법 설명회,기타,대관,,무료,302,0,2016,3,31,정상,160331_01,300
20,아카데미 클래식 파노라마,기타,기타,,유료,302,16,2016,4,5,정상,160308_01,0
21,"피아니스트 강현주와 함께하는 위대한 작가들의 음악책갈피Ⅰ
로맹롤랑의 사랑 베토벤",공연,기획,클래식,유료,948,149,2016,4,6,정상,160406_01,56
22,아카데미 클래식 파노라마,기타,기타,,유료,302,19,2016,4,12,정상,160308_01,0
23,앙상블 네우마 제2회 정기연주회,공연,대관,클래식,유료,302,237,2016,4,14,정상,160414_01,4
24,앙상블 네우마 제2회 정기연주회,공연,대관,클래식,유료,302,268,2016,4,14,정상,160414_01,4
25,여수 심포니 스트링 앙상블 창단 연주회_시작 그리고 울림,공연,대관,클래식,유료,302,179,2016,4,16,정상,160416_01,4
26,아카데미 클래식 파노라마,기타,기타,,유료,302,18,2016,4,19,정상,160308_01,0
27,피아니스트 문지영 & 수원시립교향악단 연주회,공연,기획,클래식,유료,948,752,2016,4,21,정상,160421_01,98
28,아카데미 클래식 파노라마,기타,기타,,유료,302,17,2016,4,26,정상,160308_01,0
29,예울마루 여성영화산책(04.27),기타,기획,,유료,302,65,2016,4,27,정상,160427_01,29
30,송승환의 명작동화뮤지컬 오즈의 마법사,공연,기획,뮤지컬,유료,1021,886,2016,4,28,정상,160428_01,55
31,송승환의 명작동화뮤지컬 오즈의 마법사,공연,기획,뮤지컬,유료,1021,301,2016,4,28,정상,160428_01,19
32,송승환의 명작동화뮤지컬 오즈의 마법사,공연,기획,뮤지컬,유료,1021,834,2016,4,29,정상,160428_01,51
33,송승환의 명작동화뮤지컬 오즈의 마법사,공연,기획,뮤지컬,유료,1021,625,2016,4,29,정상,160428_01,50
34,송승환의 명작동화뮤지컬 오즈의 마법사,공연,기획,뮤지컬,유료,1021,593,2016,4,30,정상,160428_01,10
35,송승환의 명작동화뮤지컬 오즈의 마법사,공연,기획,뮤지컬,유료,1021,749,2016,4,30,정상,160428_01,10
35,타악앙상블 Meta Regular Concert,공연,대관,클래식,유료,948,461,2016,5,3,정상,160503_01,21
36,아카데미 클래식 파노라마,기타,기타,,유료,302,17,2016,5,10,정상,160308_01,0
37,2016 여수자유학기제 지원단 위촉 및 진로체험처 홍보의 날,기타,대관,,무료,302,0,2016,5,12,정상,160512_01,250
38,한국페스티벌앙상블 창단30주년 기념연주 해설이 있는 드보르작의 세계,공연,기획,클래식,유료,948,687,2016,5,13,정상,160513_01,52
39,아카데미 클래식 파노라마,기타,기타,,유료,302,12,2016,5,17,정상,160308_01,0
40,여수시립국악단 연습,기타,대관,,무료,0,0,2016,5,18,정상,160518_01,0
41,여수시립합창단 제69회 정기연주회 한국 동서양을 만나다,공연,대관,클래식,유료,948,538,2016,5,19,정상,160519_01,94
42,유키구라모토 콘서트 MISTY LAKE LOUISE,공연,대관,대중,유료,1021,519,2016,5,20,정상,160520_01,77
43,키예프 국립발레단 내한공연,공연,대관,발레/연극,유료,1021,653,2016,5,21,정상,160521_01,27
44,키예프 국립발레단 내한공연,공연,대관,발레/연극,유료,1021,383,2016,5,22,정상,160521_01,58
45,YWCA여성영화산책,기타,대관,,무료,302,0,2016,5,25,정상,160525_01,93
46,오월愛,공연,기획,기타,유료,948,895,2016,5,27,정상,160527_01,41
47,여수 무지개학교 교육지구 협약 및 선포식,기타,대관,,무료,948,0,2016,5,30,정상,160530_01,323
48,어린이영어뮤지컬발표회,기타,기타,,무료,302,0,2016,6,1,정상,160601_01,89
49,성악아카데미 발표회,기타,기타,,무료,302,0,2016,6,3,정상,160603_01,242
50,한국음악협회여수지부 제41회 정기연주회,공연,대관,클래식,유료,302,147,2016,6,4,정상,160604_01,24
51,뮤지컬 맘마미아,공연,기획,뮤지컬,유료,948,911,2016,6,10,정상,160610_01,9
52,뮤지컬 맘마미아,공연,기획,뮤지컬,유료,948,902,2016,6,11,정상,160610_01,7
53,뮤지컬 맘마미아,공연,기획,뮤지컬,유료,948,841,2016,6,11,정상,160610_01,10
54,뮤지컬 맘마미아,공연,기획,뮤지컬,유료,948,774,2016,6,12,정상,160610_01,6
55,창조경제혁신센터 1주년 기념,기타,대관,,무료,948,0,2016,6,16,정상,160616_01,400
56,2016 아르스노바 남성합창단 창단10주년 기념 제7회정기연주회,공연,대관,클래식,유료,1021,586,2016,6,18,정상,160618_01,145
57,현악사중주 파개그니니 내한공연,공연,대관,클래식,유료,1021,979,2016,6,20,정상,160620_01,10
58,연극 늘근도둑이야기,공연,대관,발레/연극,유료,1021,498,2016,6,24,정상,160624_01,30
59,연극 늘근도둑이야기,공연,대관,발레/연극,유료,1021,610,2016,6,25,정상,160624_01,30
60,연극 늘근도둑이야기,공연,대관,발레/연극,유료,1021,245,2016,6,25,정상,160624_01,200
61,예울마루 여성영화산책(06.29),기타,기획,,유료,302,65,2016,6,29,정상,160629_01,26
62,광주연우회 여수연주회 님을 꿈꾸는 계절에,공연,대관,클래식,유료,302,173,2016,7,2,정상,160702_01,34
63,여수 무지개학교 교육지구 학부모 아카데미 연찬회,기타,대관,,무료,948,0,2016,7,4,정상,160704_01,742
64,"피아니스트 강현주와 함께하는 위대한 작가들의 음악책갈피Ⅱ 하루키의 영감,드뷔시",공연,기획,클래식,유료,948,686,2016,7,8,정상,160708_01,49
65,러시아 피아니스트 끼릴카슈닌 미항여수 러시아를 품다,공연,대관,클래식,무료,302,0,2016,7,13,정상,160713_01,132
66,오페라 갈라콘서트,공연,기획,클래식,유료,948,319,2016,7,14,정상,160714_01,296
67,2016 장범준 전국 콘서트 사랑에 빠져요,공연,대관,대중,유료,1021,782,2016,7,15,정상,160715_01,68
68,2016 장범준 전국 콘서트 사랑에 빠져요,공연,대관,대중,유료,1021,879,2016,7,16,정상,160715_01,58
69,2016 유스오케스트라 앙상블 연주회,공연,대관,클래식,무료,302,0,2016,7,16,정상,160716_01,298
70,하루쯤은 클래식,공연,대관,클래식,무료,302,0,2016,7,17,정상,160717_01,220
71,Andreas hartsmann & 클래시칸 앙상블,공연,대관,클래식,유료,948,409,2016,7,23,정상,160723_01,10
72,여수특집 생방송 투데이,기타,대관,,무료,0,0,2016,7,22,정상,160722_01,0
73,마음톡톡캠프,기타,대관,,무료,302,0,2016,7,25,정상,160725_01,150
74,여수청소년국악관현악캠프(하계)_어울림_2회,공연,기획,기타,무료,948,0,2016,8,12,정상,160812_01,498
75,제3회 여수 클래식 영재육성을 위한 음악회,공연,대관,클래식,무료,948,0,2016,8,20,정상,160820_01,596
76,한불 상호교류의 해 기념 <실내악 페스티벌>_여수에서 만나는 프랑스의 낭만,공연,기획,클래식,유료,948,585,2016,8,26,정상,160826_01,51
77,한불 상호교류의 해 기념 <실내악 페스티벌>_여수에서 만나는 프랑스의 낭만,공연,기획,클래식,유료,948,26,2016,8,27,정상,160826_01,275
78,한불 상호교류의 해 기념 <실내악 페스티벌>_여수에서 만나는 프랑스의 낭만,공연,기획,클래식,유료,948,102,2016,8,27,정상,160826_01,130
79,한불 상호교류의 해 기념 <실내악 페스티벌>_여수에서 만나는 프랑스의 낭만,공연,기획,클래식,유료,948,205,2016,8,27,정상,160826_01,174
80,한불 상호교류의 해 기념 <실내악 페스티벌>_여수에서 만나는 프랑스의 낭만,공연,기획,클래식,유료,302,147,2016,8,28,정상,160826_01,74
81,한불 상호교류의 해 기념 <실내악 페스티벌>_여수에서 만나는 프랑스의 낭만,공연,기획,클래식,유료,948,119,2016,8,28,정상,160826_01,104
82,한불 상호교류의 해 기념 <실내악 페스티벌>_여수에서 만나는 프랑스의 낭만,공연,기획,클래식,유료,302,45,2016,8,28,정상,160826_01,64
83,예울마루 여성영화산책(08.31),기타,기획,,유료,302,261,2016,8,31,정상,160831_01,14
84,앙상블 클라비어 여름밤 콘서트,공연,대관,클래식,유료,1021,620,2016,8,31,정상,160831_02,120
85,아카데미 클래식 파노라마,기타,기타,,유료,302,25,2016,9,6,정상,160308_01,0
86,장애인&비장애인 전문 예술가와 함께하는 '희망다리 콘서트',공연,대관,대중,무료,948,0,2016,9,10,정상,160910_01,513
87,장윤정 스위트 타임,공연,대관,대중,유료,1021,620,2016,9,17,정상,160917_01,114
88,장윤정 스위트 타임,공연,대관,대중,유료,1021,627,2016,9,17,정상,160917_01,124
89,아카데미 클래식 파노라마,기타,기타,,유료,302,26,2016,9,20,정상,160308_01,0
90,2016년 전라남도 학생 예술교육페스티벌,공연,대관,뮤지컬,무료,302,0,2016,9,21,정상,160921_01,298
91,2016년 전라남도 학생 예술교육페스티벌,공연,대관,클래식,무료,948,0,2016,9,22,정상,160921_01,936
92,소프라노 윤한나 귀국 독창회,공연,대관,클래식,유료,302,216,2016,9,23,정상,160923_01,14
93,전남동부지역 KBS 방송 60년 2016 시민행복합창제,공연,대관,클래식,무료,948,0,2016,9,24,정상,160924_01,681
94,가족 한마음 행사,기타,대관,,무료,948,0,2016,9,26,정상,160926_01,874
95,가족 한마음 행사,기타,대관,,무료,948,0,2016,9,26,정상,160926_01,888
96,아카데미 클래식 파노라마,기타,기타,,유료,302,24,2016,9,27,정상,160308_01,0
97,아카데미 화요인문학,기타,기타,,유료,302,163,2016,9,27,정상,160927_01,0
98,가족 한마음 행사,기타,대관,,무료,948,0,2016,9,27,정상,160926_01,808
99,가족 한마음 행사,기타,대관,,무료,948,0,2016,9,28,정상,160926_01,878
100,"2016 만9,900원의 행복
<자전거 탄 풍경>",공연,대관,대중,유료,948,453,2016,9,30,정상,160930_01,16
101,"2016 만9,900원의 행복
<유리상자>",공연,대관,대중,유료,948,520,2016,10,1,정상,161001_01,10
102,"2016 만9,900원의 행복
<유리상자>",공연,대관,대중,유료,948,567,2016,10,1,정상,161001_01,10
103,"2016 만9,900원의 행복
<서영은>",공연,대관,대중,유료,948,354,2016,10,2,정상,161002_01,10
104,"2016 만9,900원의 행복
<서영은>",공연,대관,대중,유료,948,443,2016,10,2,정상,161002_01,10
105,아카데미 클래식 파노라마,기타,기타,,유료,302,24,2016,10,4,정상,160308_01,0
106,아카데미 화요인문학,기타,기타,,유료,302,161,2016,10,4,정상,160927_01,0
107,스모키보컬 크리스노먼 내한공연,공연,대관,대중,유료,1021,812,2016,10,7,정상,161007_01,38
108,아카데미 클래식 파노라마,기타,기타,,유료,302,27,2016,10,11,정상,160308_01,0
109,아카데미 화요인문학,기타,기타,,유료,302,128,2016,10,11,정상,160927_01,0
110,피아니스트 강현주와 함께하는 위대한 작가들의 음악책갈피Ⅲ 앙드레지드의 헌정 쇼팽,공연,기획,클래식,유료,948,680,2016,10,12,정상,161012_01,11
111,아카데미 클래식 파노라마,기타,기타,,유료,302,22,2016,10,18,정상,160308_01,0
112,아카데미 화요인문학,기타,기타,,유료,302,113,2016,10,18,정상,160927_01,0
113,뮤직&조이 뮤지컬 명작 콘서트(교직원공제회),공연,대관,대중,무료,948,0,2016,10,19,정상,161019_01,936
114,"아름다운 동행, 여수 사랑의 부부합창단 창단 20주년 기념 및 제10회 정기연주회",공연,대관,클래식,무료,948,0,2016,10,20,정상,161020_01,745
115,"가을편지, 여수심포니 오케스트라 제5회 정기연주회",공연,대관,클래식,유료,1021,430,2016,10,21,정상,161021_01,64
116,내 친구 찰리: 어린이 클래식음악 마임극,공연,대관,어린이·가족,무료,302,0,2016,10,21,정상,161021_02,295
117,KBS교향악단 연주회,공연,대관,클래식,유료,948,638,2016,10,22,정상,161022_01,37
118,가을밤의 세레나데,공연,대관,클래식,유료,302,213,2016,10,22,정상,161022_02,29
119,아카데미 클래식 파노라마,기타,기타,,유료,302,24,2016,10,25,정상,160308_01,0
120,아카데미 화요인문학,기타,기타,,유료,302,192,2016,10,25,정상,160927_01,0
121,예울마루 여성영화산책(10.26)_업포러브,기타,기획,,유료,302,79,2016,10,26,정상,161026_01,46
122,난타 여수공연,공연,대관,뮤지컬,유료,1021,742,2016,10,27,정상,161027_01,66
123,난타 여수공연,공연,대관,뮤지컬,유료,1021,769,2016,10,27,정상,161027_01,16
124,난타 여수공연,공연,대관,뮤지컬,유료,1021,597,2016,10,28,정상,161027_01,40
125,난타 여수공연,공연,대관,뮤지컬,유료,1021,603,2016,10,28,정상,161027_01,21
128,2016 제5회 여수 학생 연극 페스티벌,공연,대관,발레/연극,무료,302,0,2016,10,28,정상,161028_01,298
126,난타 여수공연,공연,대관,뮤지컬,유료,1021,709,2016,10,29,정상,161027_01,10
127,난타 여수공연,공연,대관,뮤지컬,유료,1021,654,2016,10,29,정상,161027_01,54
129,이지인 귀국 피아노 리사이틀,공연,대관,클래식,유료,302,96,2016,10,29,정상,161029_01,4
130,아카데미 클래식 파노라마,기타,기타,,유료,302,24,2016,11,1,정상,160308_01,0
131,아카데미 화요인문학,기타,기타,,유료,302,144,2016,11,1,정상,160927_01,0
132,전남동부극동방송개국1주년축하음악회,공연,대관,클래식,무료,1021,0,2016,11,1,정상,161101_01,1009
133,"문학Concert 여수로 오이다, 얼릉 오이다.",공연,대관,대중,무료,302,0,2016,11,2,정상,161102_01,79
134,제5회 여수 학생학부모 합창페스티벌 내노래에 날개를 달다,공연,대관,클래식,무료,948,0,2016,11,2,정상,161102_02,656
135,"앙상블 네우마, 클래식을 선물하다",공연,대관,클래식,유료,302,189,2016,11,4,정상,161104_01,4
136,애양청소년오케스트라FROM 제1회 정기연주회,공연,대관,클래식,무료,302,0,2016,11,5,정상,161105_01,198
137,아카데미 클래식 파노라마,기타,기타,,유료,302,19,2016,11,8,정상,160308_01,0
138,(사)뿌리패예술단 창단30주년 기념 DRUM TOUR,공연,대관,기타,유료,948,649,2016,11,8,정상,161108_01,60
139,피어클랑 콰르텟 정기연주회,공연,대관,클래식,유료,302,87,2016,11,10,정상,161110_01,4
140,전장수 클래식 기타 독주회,공연,대관,클래식,유료,302,27,2016,11,11,정상,161111_01,56
141,제14회 여수어머니리코더합주단 정기연주회,공연,대관,클래식,무료,302,0,2016,11,12,정상,161112_01,249
142,NH필하모닉오케스트라 해설이 있는 연주회,공연,대관,클래식,유료,1021,663,2016,11,12,정상,161112_02,20
143,꿈다락 토요문화학교 희로애락 뮤지컬 발표회,기타,기타,,무료,302,0,2016,11,13,정상,161113_01,166
144,2016 제5회 여수학생오케스트라 페스티벌,공연,대관,클래식,무료,948,0,2016,11,14,정상,161114_01,894
145,2016 제5회 여수학생오케스트라 페스티벌,공연,대관,클래식,무료,948,0,2016,11,15,정상,161114_01,899
146,아카데미 클래식 파노라마,기타,기타,,유료,302,21,2016,11,15,정상,160308_01,0
147,여수필하모닉오케스트라 제28회 정기연주회,공연,대관,클래식,무료,1021,0,2016,11,17,정상,161117_01,306
148,제8회 여도국악관현악단정기연주회,공연,대관,클래식,무료,948,0,2016,11,18,정상,161118_01,691
149,여수YWCA합창단 제17회 정기연주회 THE NEW STORY,공연,대관,클래식,유료,948,475,2016,11,19,정상,161119_01,110
150,The어울림 여수오카리나앙상블 예울 제2회정기연주회,공연,대관,클래식,유료,302,192,2016,11,19,정상,161119_02,34
151,뮤지컬 <노트르담 드 파리>,공연,대관,뮤지컬,유료,1021,797,2016,11,25,정상,161125_01,49
152,뮤지컬 <노트르담 드 파리>,공연,대관,뮤지컬,유료,1021,528,2016,11,26,정상,161125_01,69
153,뮤지컬 <노트르담 드 파리>,공연,대관,뮤지컬,유료,1021,706,2016,11,26,정상,161125_01,30
154,뮤지컬 <노트르담 드 파리>,공연,대관,뮤지컬,유료,1021,429,2016,11,27,정상,161125_01,57
155,리틀발레리나 & 어린이영어뮤지컬 발표회,기타,기타,,무료,302,0,2016,12,1,정상,161201_01,175
156,여수시립국악단 제32회 정기공연 거울나라,공연,대관,기타,유료,948,534,2016,12,2,정상,161202_01,38
157,피아니스트 문윤미와 함께하는 겨울이야기,공연,대관,클래식,유료,302,98,2016,12,3,정상,161203_01,44
158,2016감사음악회 고맙습니다.사랑합니다.행복하세요,공연,대관,클래식,무료,302,0,2016,12,6,정상,161206_01,219
159,여수교직원합창단울림 제3회 정기연주회 희망의 나라로,공연,대관,클래식,무료,948,0,2016,12,6,정상,161206_02,623
160,여수시립합창단 제70회 정기연주회_환희의 송가,공연,대관,클래식,유료,948,583,2016,12,8,정상,161208_01,163
161,2016 하반기 성악아카데미발표회,기타,기타,,유료,302,0,2016,12,9,정상,161209_01,191
162,제11회 여수리코더페스티벌,공연,대관,대중,무료,302,0,2016,12,10,정상,161210_01,187
163,피아니스트 강현주와 함께하는 위대한 작가들의 음악책갈피Ⅳ 톨스토이의 눈물 차이콥스키,공연,기획,클래식,유료,948,773,2016,12,14,정상,161214_01,40
164,여수교원교향악단 아홉번째 연주회,공연,대관,클래식,무료,948,0,2016,12,15,정상,161215_01,597
165,정경화리사이틀,공연,기획,클래식,유료,1021,694,2016,12,16,정상,161216_01,36
166,여수청소년관악단정기연주회,공연,대관,클래식,유료,948,483,2016,12,17,정상,161217_01,24
167,마음톡톡 힐링콘서트,기타,대관,,무료,302,0,2016,12,17,정상,161217_02,130
168,국립극단 연극 타조소년들,공연,기획,발레/연극,유료,302,262,2016,12,23,정상,161223_01,8
169,국립극단 연극 타조소년들,공연,기획,발레/연극,유료,302,227,2016,12,23,정상,161223_01,8
170,뮤지컬 그날들,공연,기획,뮤지컬,유료,1021,970,2016,12,23,정상,161223_02,13
171,뮤지컬 그날들,공연,기획,뮤지컬,유료,1021,968,2016,12,24,정상,161223_02,15
172,뮤지컬 그날들,공연,기획,뮤지컬,유료,1021,831,2016,12,24,정상,161223_02,14
173,국립극단 연극 타조소년들,공연,기획,발레/연극,유료,302,213,2016,12,24,정상,161223_01,6
174,국립극단 연극 타조소년들,공연,기획,발레/연극,유료,302,108,2016,12,24,정상,161223_01,34
175,뮤지컬 그날들,공연,기획,뮤지컬,유료,1021,975,2016,12,25,정상,161223_02,9
176,초록우산 드림오케스트라 여수 창단연주회,공연,대관,클래식,유료,948,366,2016,12,27,정상,161227_01,64
177,희망동행콘서트,공연,대관,대중,무료,948,0,2016,12,28,정상,161228_01,539
178,예울마루 여성영화산책(12.28)_할머니의 먼집,기타,기획,,유료,302,287,2016,12,28,정상,161228_02,9
179,유스오케스트라 정기연주회,공연,대관,클래식,무료,948,0,2016,12,29,정상,161229_01,591
180,지역인재콘서트,공연,대관,대중,무료,302,0,2016,12,29,정상,161229_02,208
181,연극 러브액추얼리,공연,대관,발레/연극,유료,302,240,2016,12,30,정상,161230_01,0
182,연극 러브액추얼리,공연,대관,발레/연극,유료,302,200,2016,12,31,정상,161230_01,0
183,연극 러브액추얼리,공연,대관,발레/연극,유료,302,152,2016,12,31,정상,161230_01,0
1,연세대학교와 함께하는 도서지역오케스트라 합동연주회,기타,기타,,무료,948,0,2017,1,6,정상,170106_01,137
2,임헌정과 코리안심포니오케스트라가 함께하는 2017 예울마루 신년음악회,공연,기획,클래식,유료,948,617,2017,1,12,정상,170112_01,97
3,제3회 여수청소년 국악관현악캠프 어울림,기타,기획,,무료,948,0,2017,1,20,정상,170120_01,443
4,젊음의 행진,공연,대관,뮤지컬,유료,948,559,2017,2,11,정상,170211_01,110
5,젊음의 행진,공연,대관,뮤지컬,유료,948,507,2017,2,11,정상,170211_01,85
6,젊음의 행진,공연,대관,뮤지컬,유료,948,431,2017,2,12,정상,170211_01,120
7,젊음의 행진,공연,대관,뮤지컬,유료,948,411,2017,2,12,정상,170211_01,135
8,열린챔버오케스트라 제11회 정기연주회,공연,대관,클래식,무료,302,0,2017,2,16,정상,170216_01,294
9,예울마루 여성영화산책(02.22)_홍콩은 언제나 내일,기타,기획,,유료,302,50,2017,2,22,정상,170222_01,30
10,아카데미 화요인문학,기타,기타,,유료,302,264,2017,3,14,정상,170314_01,0
11,아카데미 클래식 파노라마,기타,기타,,유료,302,21,2017,3,14,정상,170314_02,0
12,아카데미 화요인문학,기타,기타,,유료,302,179,2017,3,21,정상,170314_01,0
13,아카데미 클래식 파노라마,기타,기타,,유료,302,21,2017,3,21,정상,170314_02,0
14,2017 예울마루 브런치 콘서트 ART&ARTISTⅠ_홍신자의 거울,공연,기획,클래식,유료,302,71,2017,3,23,정상,170323_01,38
15,신춘음악회,공연,대관,클래식,유료,302,103,2017,3,25,정상,170325_01,54
16,아카데미 화요인문학,기타,기타,,유료,302,164,2017,3,28,정상,170314_01,0
17,아카데미 클래식 파노라마,기타,기타,,유료,302,20,2017,3,28,정상,170314_02,0
18,공룡이 살아있다,공연,대관,뮤지컬,유료,948,812,2017,4,7,정상,170407_01,40
19,공룡이 살아있다,공연,대관,뮤지컬,유료,948,407,2017,4,7,정상,170407_01,40
20,앙상블네우마 제5회 정기연주회,공연,대관,클래식,유료,302,200,2017,4,7,정상,170407_02,4
21,공룡이 살아있다,공연,대관,뮤지컬,유료,948,377,2017,4,8,정상,170407_01,40
22,공룡이 살아있다,공연,대관,뮤지컬,유료,948,310,2017,4,8,정상,170407_01,87
23,공룡이 살아있다,공연,대관,뮤지컬,유료,948,288,2017,4,8,정상,170407_01,99
24,한국국토정보공사와 국립발레단의 찾아가는 발레이야기,공연,대관,발레/연극,무료,948,0,2017,4,10,정상,170410_01,938
25,피아니스트 강현주의 음악으로 그린 그림Ⅰ_사랑과 꿈,공연,기획,클래식,유료,948,177,2017,4,19,정상,170419_01,88
26,칸타빌레 플룻 앙상블 창단연주회,공연,대관,클래식,유료,302,233,2017,4,22,정상,170422_01,39
27,제26회 매일클래식 풍자와 저항,공연,대관,클래식,유료,948,1,2017,4,23,정상,170423_01,559
28,예울마루 여성영화산책(04.26)_귀향,기타,기획,,유료,302,43,2017,4,26,정상,170426_01,158
29,여수시립합창단 제71회 정기연주회 봄... 노래를 그리다,공연,대관,클래식,유료,948,492,2017,4,27,정상,170427_01,86
30,전남대학교 여수캠퍼스 개교 100주년 기념음악회,공연,대관,클래식,무료,948,,2017,5,10,정상,170510_01,633
31,여수시립국악단 제33회 정기공연 바람이 전하는 말,공연,대관,기타,유료,948,556,2017,5,19,정상,170519_01,52
32,2017 예울마루 브런치 콘서트 ART&ARTISTⅡ_김성녀의 무대인생,공연,기획,클래식,유료,302,58,2017,5,24,정상,170524_01,201
33,뮤지컬 영웅,공연,기획,뮤지컬,유료,1021,967,2017,5,26,정상,170526_01,12
34,뮤지컬 영웅,공연,기획,뮤지컬,유료,1021,888,2017,5,27,정상,170526_01,17
35,뮤지컬 영웅,공연,기획,뮤지컬,유료,1021,967,2017,5,27,정상,170526_01,12
36,뮤지컬 영웅,공연,기획,뮤지컬,유료,1021,674,2017,5,28,정상,170526_01,21
37,전남동부극동방송여성합창단창단연주회,공연,대관,클래식,무료,948,0,2017,5,30,정상,170530_01,929
38,뉴뮤직퍼포먼스,공연,대관,대중,무료,302,0,2017,6,2,정상,170602_01,14
39,2017 남도국제음악제,공연,대관,클래식,유료,948,684,2017,6,7,정상,170607_01,10
40,2017 문지영 피아노 리사이틀,공연,기획,클래식,유료,948,318,2017,6,8,정상,170608_01,159
41,평화통일 공감메아리,공연,대관,클래식,무료,948,0,2017,6,9,정상,170609_01,875
42,성악아카데미 발표회,기타,기타,,무료,302,0,2017,6,9,정상,170609_02,160
43,변강쇠 점찍고 옹녀,공연,기획,기타,유료,948,926,2017,6,15,정상,170615_01,10
44,변강쇠 점찍고 옹녀,공연,기획,기타,유료,948,926,2017,6,16,정상,170615_01,10
45,2017 피아노 듀오&솔로 연주회,공연,대관,클래식,유료,302,182,2017,6,17,정상,170617_01,16
46,한국판소리보존회 여수지부 창립축하공연,공연,대관,기타,무료,302,0,2017,6,21,정상,170621_01,299
47,앙상블 디토 '디베르티멘토',공연,기획,클래식,유료,1021,581,2017,6,23,정상,170623_01,75
48,장미여관 여수콘서트,공연,대관,대중,유료,1021,690,2017,6,24,정상,170624_01,136
49,예울마루 여성영화산책(06.28)_책속의 소녀,기타,기획,,유료,302,64,2017,6,28,정상,170628_01,20
50,헬로!오페라 <사랑의 묘약>,공연,기획,클래식,유료,948,386,2017,6,29,정상,170629_01,110
51,금난새와 한경필하모닉 오케스트라,공연,대관,클래식,무료,948,0,2017,6,30,정상,170630_01,787
52,어린이영어뮤지컬발표회,기타,기타,,무료,302,0,2017,7,4,정상,170704_01,82
53,피아니스트 강현주의 음악으로 그린 그림Ⅱ_빛과 그림자,공연,기획,클래식,유료,948,698,2017,7,12,정상,170712_01,42
54,"사랑의 미항, 여수. 러시아를 품다",공연,대관,클래식,무료,302,0,2017,7,15,정상,170715_01,180
55,이은미 WITH 민경인 트리오,공연,대관,대중,유료,1021,944,2017,7,21,정상,170721_01,2
56,제4회 여수청소년 국악관현악캠프 어울림,공연,기획,기타,무료,948,0,2017,8,4,정상,170804_01,323
57,"여수영재교육원 예술영재 앙상블 연주회""꿈의 날개를 펴자""",공연,대관,클래식,무료,302,0,2017,8,12,정상,170812_01,294
58,헬로!오페라 <마술피리>,공연,기획,클래식,유료,948,701,2017,8,17,정상,170817_01,32
59,2017 여수국제음악제,공연,대관,클래식,유료,302,288,2017,8,18,정상,170818_01,4
60,제4회 여수클래식 영재육성을 위한 음악회,공연,대관,클래식,무료,948,0,2017,8,19,정상,170819_01,441
61,2017 여수국제음악제,공연,대관,클래식,유료,302,200,2017,8,20,정상,170818_01,4
62,2017 여수국제음악제,공연,대관,클래식,유료,948,706,2017,8,22,정상,170818_01,10
63,예울마루 여성영화산책(08.30)_미씽: 사라진 여자,기타,기획,,유료,302,37,2017,8,30,정상,170830_01,39
64,KBS교향악단과 함께하는 제 1회 여수음악제 개막식,공연,대관,클래식,유료,948,416,2017,9,1,정상,170901_01,510
65,KBS교향악단과 함께하는 제 1회 여수음악제 폐막식,공연,대관,클래식,유료,948,344,2017,9,3,정상,170903_01,582
66,2017 전라남도 학생예술교육페스티벌_복합장르,공연,대관,뮤지컬,무료,302,0,2017,9,5,정상,170905_01,294
67,2017 전라남도 학생예술교육페스티벌_오케스트라,공연,대관,클래식,무료,948,0,2017,9,7,정상,170907_01,668
68,2017 전라남도 학생예술교육페스티벌_오케스트라,공연,대관,클래식,무료,948,0,2017,9,8,정상,170907_01,668
69,제1회 사랑의 음악회,공연,대관,클래식,무료,302,0,2017,9,9,정상,170909_01,131
70,한영애 2017 콘서트,공연,대관,대중,유료,1021,590,2017,9,9,정상,170909_02,145
71,여수시립합창단 제72회 정기연주회_3해음악회,공연,대관,클래식,유료,948,565,2017,9,12,정상,170912_01,172
72,이성열 바이올린 리사이틀,공연,대관,클래식,유료,302,240,2017,9,12,정상,170912_02,24
73,EBS육아학교,기타,대관,,무료,302,,2017,9,13,정상,170913_01,222
74,정가영 귀국 바이올린 연주회,공연,대관,클래식,유료,302,196,2017,9,14,정상,170914_01,4
75,다비드 프레이 & 세종솔로이스츠,공연,기획,클래식,유료,948,253,2017,9,15,정상,170915_01,195
76,"손양원 순교 67주기 기념 ""박지혜와 더 밴드"" 초청음악회",공연,대관,클래식,유료,1021,590,2017,9,16,정상,170916_01,124
77,12인의 피아니스트가 들려주는 이야기,공연,대관,클래식,유료,302,185,2017,9,16,정상,170916_02,4
78,2017 예울마루 브런치 콘서트 ART&ARTISTⅢ_천상의 소리 곽정,공연,기획,클래식,유료,302,255,2017,9,20,정상,170920_01,21
79,뮤지컬 정글북,공연,기획,뮤지컬,유료,948,875,2017,9,21,정상,170921_01,53
80,뮤지컬 정글북,공연,기획,뮤지컬,유료,948,767,2017,9,21,정상,170921_01,36
81,뮤지컬 정글북,공연,기획,뮤지컬,유료,948,824,2017,9,22,정상,170921_01,83
82,뮤지컬 정글북,공연,기획,뮤지컬,유료,948,760,2017,9,22,정상,170921_01,34
83,뮤지컬 정글북,공연,기획,뮤지컬,유료,948,822,2017,9,23,정상,170921_01,23
84,뮤지컬 정글북,공연,기획,뮤지컬,유료,948,887,2017,9,23,정상,170921_01,14
85,양성원 바흐 무반주 첼로 모음곡 전곡 연주,공연,기획,클래식,유료,948,156,2017,9,28,정상,170928_01,126
86,피아니스트 강현주의 음악으로 그린 그림Ⅲ_여행과 고독,공연,기획,클래식,유료,948,380,2017,10,11,정상,171011_01,19
87,가을밤의 세레나데,공연,대관,클래식,유료,302,170,2017,10,14,정상,171014_01,24
88,연극 유도소년,공연,기획,발레/연극,유료,948,613,2017,10,19,정상,171019_01,36
89,연극 유도소년,공연,기획,발레/연극,유료,948,173,2017,10,19,정상,171019_01,42
90,연극 유도소년,공연,기획,발레/연극,유료,948,680,2017,10,20,정상,171019_01,18
91,연극 유도소년,공연,기획,발레/연극,유료,948,259,2017,10,20,정상,171019_01,60
92,예울마루 여성영화산책(10.25)_소녀레슬러,기타,기획,,유료,302,24,2017,10,25,정상,171025_01,11
93,예울마루 실내악 페스티벌,공연,기획,클래식,유료,948,380,2017,10,27,정상,171027_01,29
94,예울마루 실내악 페스티벌,공연,기획,클래식,유료,948,113,2017,10,27,정상,171027_01,78
95,예울마루 실내악 페스티벌,공연,기획,클래식,유료,948,89,2017,10,28,정상,171027_01,75
96,예울마루 실내악 페스티벌,공연,기획,클래식,유료,948,74,2017,10,28,정상,171027_01,85
97,예울마루 실내악 페스티벌,공연,기획,클래식,유료,948,109,2017,10,28,정상,171027_01,80
98,예울마루 실내악 페스티벌,공연,기획,클래식,유료,948,143,2017,10,29,정상,171027_01,86
99,"전남CBS 창립 14주년 기념 ""DECODA 챔버 앙상블"" 내한공연",공연,대관,클래식,유료,1021,626,2017,10,30,정상,171030_01,10
100,여수심포니오케스트라 제6회 정기연주회 <오케스트라 시에 물들다>,공연,대관,클래식,유료,948,554,2017,10,31,정상,171031_01,10
101,조합원과 함께 김제동 콘서트,공연,대관,대중,무료,1021,0,2017,11,2,정상,171102_01,1009
102,여수아가페합창단 제22회 정기연주회,공연,대관,클래식,유료,1021,590,2017,11,4,정상,171104_01,10
103,애양청소년오케스트라 제2회 정기연주회,공연,대관,클래식,무료,302,0,2017,11,4,정상,171104_02,236
104,KFEA한국 플루트 교육자 협회 초청 <네가 걸어온 길이 아름다워>,공연,대관,클래식,유료,302,200,2017,11,6,정상,171106_01,4
105,KFEA한국 플루트 교육자 협회 초청 <네가 걸어온 길이 아름다워>,공연,대관,클래식,유료,302,238,2017,11,6,정상,171106_01,4
106,2017 감사음악회,공연,대관,클래식,무료,1021,0,2017,11,7,정상,171107_01,959
107,여수 YWCA합창단 제18회 정기연주회,공연,대관,클래식,무료,948,0,2017,11,9,정상,171109_01,541
108,전남동부극동방송 개국2주년기념 어린이합창단 연주회,공연,대관,어린이·가족,무료,1021,0,2017,11,11,정상,171111_01,999
109,칸타빌레 플룻 앙상블 연주회,공연,대관,클래식,무료,302,0,2017,11,11,정상,171111_02,240
110,필하모닉오케스트라 제 29회 정기연주회,공연,대관,클래식,유료,948,307,2017,11,16,정상,171116_01,10
111,변진섭 데뷔 30주년 여수콘서트,공연,대관,대중,유료,1021,623,2017,11,17,정상,171117_01,100
112,변진섭 데뷔 30주년 여수콘서트,공연,대관,대중,유료,1021,620,2017,11,18,정상,171117_01,113
113,한국음악협회여수지부 제42회 정기연주회,공연,대관,클래식,유료,302,183,2017,11,18,정상,171118_01,4
114,2017 여수 학생학부모 합창 페스티벌,공연,대관,클래식,무료,948,0,2017,11,22,정상,171122_01,713
115,제6회 여수학생오케스트라 페스티벌,공연,대관,클래식,무료,948,0,2017,11,23,정상,171123_01,786
116,제6회 여수학생오케스트라 페스티벌,공연,대관,클래식,무료,948,0,2017,11,24,정상,171123_01,786
117,"제12회, 여수리코더페스티벌",공연,대관,기타,무료,302,0,2017,11,25,정상,171125_01,141
117,성악아카데미 발표회,기타,기타,,무료,302,0,2017,12,1,정상,170609_02,127
118,브로드웨이 42번가,공연,기획,뮤지컬,유료,1021,973,2017,12,1,정상,171201_01,10
119,브로드웨이 42번가,공연,기획,뮤지컬,유료,1021,988,2017,12,2,정상,171201_01,10
120,브로드웨이 42번가,공연,기획,뮤지컬,유료,1021,924,2017,12,2,정상,171201_01,4
121,브로드웨이 42번가,공연,기획,뮤지컬,유료,1021,898,2017,12,3,정상,171201_01,11
122,영어뮤지컬 발표회,기타,기타,,무료,302,0,2017,12,6,정상,171206_01,144
123,"여수 교직원합창단 울림, 제4회 정기연주회",공연,대관,클래식,무료,948,0,2017,12,8,정상,171208_01,709
124,여수시립합창단 2017 송년음악회,공연,대관,클래식,유료,948,648,2017,12,9,정상,171209_01,21
125,피아니스트 강현주의음악으로 그린그림_냉정과열정,공연,기획,클래식,유료,948,242,2017,12,13,정상,171213_01,10
126,여수교원교향악단 제10회 정기연주회,공연,대관,클래식,무료,948,0,2017,12,14,정상,171214_01,643
127,여수영재원오케스트라 정기연주회,공연,대관,클래식,무료,948,0,2017,12,16,정상,171216_01,903
128,전남꿈키움창의학교,기타,대관,,무료,302,0,2017,12,17,정상,171217_01,298
129,마음톡톡 발표회,기타,대관,,무료,302,0,2017,12,19,정상,171219_01,100
130,체코 소년합창단 보니푸에리,공연,기획,클래식,유료,948,479,2017,12,22,정상,171222_01,40
131,뮤지컬 쿵짝,공연,기획,뮤지컬,유료,302,291,2017,12,22,정상,171222_02,5
132,뮤지컬 쿵짝,공연,기획,뮤지컬,유료,302,290,2017,12,22,정상,171222_02,5
133,뮤지컬 쿵짝,공연,기획,뮤지컬,유료,302,288,2017,12,23,정상,171222_02,8
134,뮤지컬 쿵짝,공연,기획,뮤지컬,유료,302,291,2017,12,23,정상,171222_02,4
135,뮤지컬 쿵짝,공연,기획,뮤지컬,유료,302,228,2017,12,24,정상,171222_02,8
136,뮤지컬 쿵짝,공연,기획,뮤지컬,유료,302,164,2017,12,24,정상,171222_02,11
137,여성영화산책(12.27),기타,기획,,유료,302,39,2017,12,27,정상,171227_01,4
138,여수시립국악단 제34회 정기공연 <동백>,공연,대관,기타,유료,948,582,2017,12,27,정상,171227_02,10
139,지역예술인재콘서트_네꿈에 날개를!,공연,대관,대중,무료,302,0,2017,12,28,정상,171228_01,273
140,김경호콘서트,공연,대관,대중,유료,1021,500,2017,12,31,정상,171231_01,150
141,김경호콘서트,공연,대관,대중,유료,1021,591,2017,12,31,정상,171231_01,144
1,2018 예울마루 신년음악회,공연,기획,클래식,유료,948,584,2018,1,18,정상,180118_01,117
2,제 13회 열림챔버오케스트라 정기연주회,공연,대관,클래식,무료,302,0,2018,2,9,정상,180209_01,291
3,8090 추억여행 콘서트,공연,대관,대중,유료,1021,419,2018,3,2,정상,180302_01,100
4,박지혜 플룻독주회,공연,대관,클래식,유료,302,290,2018,3,11,정상,180311_01,4
5,강현주의 브런치콘서트 Classic on Screen Ⅰ,공연,기획,클래식,유료,948,181,2018,3,15,정상,180315_01,82
6,뮤지컬 광화문연가,공연,기획,뮤지컬,유료,1021,581,2018,3,23,정상,180323_01,19
7,뮤지컬 광화문연가,공연,기획,뮤지컬,유료,1021,565,2018,3,24,정상,180323_01,19
8,뮤지컬 광화문연가,공연,기획,뮤지컬,유료,1021,821,2018,3,24,정상,180323_01,13
9,뮤지컬 광화문연가,공연,기획,뮤지컬,유료,1021,511,2018,3,25,정상,180323_01,39
10,초록우산 드림오케스트라 정기연주회,공연,대관,클래식,무료,302,0,2018,3,30,정상,180330_01,298
11,신춘음악회,공연,대관,클래식,유료,302,294,2018,4,7,정상,180407_01,4
12,소리.Klang2018(한독문화교류),공연,대관,클래식,유료,948,601,2018,4,10,정상,180410_01,10
13,마음놀이터,공연,대관,클래식,유료,302,275,2018,4,12,정상,180412_01,4
14,시크릿쥬쥬,공연,대관,뮤지컬,유료,948,365,2018,4,14,정상,180414_01,10
15,시크릿쥬쥬,공연,대관,뮤지컬,유료,948,330,2018,4,14,정상,180414_01,10
16,시크릿쥬쥬,공연,대관,뮤지컬,유료,948,310,2018,4,14,정상,180414_01,10
17,시크릿쥬쥬,공연,대관,뮤지컬,유료,948,293,2018,4,15,정상,180414_01,10
18,시크릿쥬쥬,공연,대관,뮤지컬,유료,948,345,2018,4,15,정상,180414_01,10
19,여수시립국악단 '어화둥둥',공연,대관,기타,유료,948,423,2018,4,19,정상,180419_01,10
20,뮤지컬 <배달왔습니다>,공연,대관,뮤지컬,유료,948,568,2018,4,20,정상,180420_01,0
21,앙상블여수,공연,대관,클래식,유료,302,294,2018,4,28,정상,180428_01,4
22,동물원 데뷔30주년 기념콘서트,공연,대관,대중,유료,948,112,2018,4,28,정상,180428_02,160
23,여수시립합창단 정기연주회,공연,대관,클래식,유료,948,747,2018,5,3,정상,180503_01,10
24,통제영의 바람 / 해와 달 이야기,공연,대관,뮤지컬,무료,948,0,2018,5,5,정상,180505_01,585
25,통제영의 바람 / 해와 달 이야기,공연,대관,뮤지컬,무료,948,0,2018,5,5,정상,180505_01,487
26,2018 예울마루 야외콘서트,공연,기획,대중,무료,300,0,2018,5,12,정상,180512_01,300
27,코리안심포니오케스트라의 금상첨화,공연,기획,클래식,유료,948,304,2018,5,16,정상,180516_01,212
28,최백호 청춘콘서트-회귀,공연,대관,대중,유료,1021,575,2018,5,19,정상,180519_01,147
29,헬로!오페라 <잔니스키키>,공연,기획,클래식,유료,948,505,2018,5,24,정상,180524_01,49
30,2018 남도국제음악제,공연,대관,클래식,유료,948,926,2018,5,30,정상,180530_01,0
31,코리안솔로이스츠&임지영,공연,기획,클래식,유료,948,255,2018,6,15,정상,180615_01,112
32,빛고을 실내악의 향연,공연,대관,클래식,무료,302,0,2018,6,16,정상,180616_01,200
33,NEUMA de TANGO(네우마정기연주회),공연,대관,클래식,유료,302,294,2018,6,23,정상,180623_01,0
34,강현주의 브런치콘서트 Classic on Screen Ⅱ,공연,기획,클래식,유료,948,494,2018,6,28,정상,180628_01,10
35,앙상블여수&우크라이나 필하모니 오케스트라,공연,대관,클래식,유료,948,881,2018,7,8,정상,180708_01,10
36,윤슬trio,공연,대관,클래식,유료,302,202,2018,7,14,정상,180714_01,4
37,3人3色 우정콘서트 'Friendship',공연,대관,대중,유료,1021,666,2018,7,15,정상,180715_01,10
38,제5회 에스쳄버소사이어티 정기연주회,공연,대관,클래식,유료,302,133,2018,7,19,정상,180719_01,4
39,창조경제혁신센터 J-유레카,기타,대관,,무료,302,0,2018,7,20,정상,180720_01,67
40,정화용 플루트 독주회,공연,대관,클래식,유료,302,208,2018,7,21,정상,180721_01,4
41,러시아 피아니스트 키릴까슈닌 여수 내한공연,공연,대관,클래식,무료,302,0,2018,7,25,정상,180725_01,188
42,"여수영재교육원 예술영재 앙상블 연주회 ""영화 속 이야기""",공연,대관,클래식,무료,302,0,2018,7,28,정상,180728_01,298
43,여수심포니오케스트라와 이민진패밀리의 뮤직샤워,공연,대관,클래식,유료,948,480,2018,8,2,정상,180802_01,10
44,"제73차 국제와이즈맨 여수세계대회(뮤지컬과 오페라갈라쇼, 송승환의 오리지널 난타)",공연,대관,클래식,무료,948,0,2018,8,10,정상,180810_01,936
45,"제73차 국제와이즈맨 여수세계대회(뮤지컬과 오페라갈라쇼, 송승환의 오리지널 난타)",공연,대관,클래식,무료,948,0,2018,8,10,정상,180810_01,936
46,"제73차 국제와이즈맨 여수세계대회(뮤지컬과 오페라갈라쇼, 송승환의 오리지널 난타)",공연,대관,클래식,무료,948,0,2018,8,11,정상,180810_01,936
47,"광주은행 메세나 나눔, 어린이뮤지컬 슈퍼맨처럼",공연,대관,어린이·가족,무료,302,0,2018,8,17,정상,180817_01,298
48,"광주은행 메세나 나눔, 어린이뮤지컬 슈퍼맨처럼",공연,대관,어린이·가족,무료,302,0,2018,8,17,정상,180817_01,298
49,"광주은행 메세나 나눔, 어린이뮤지컬 슈퍼맨처럼",공연,대관,어린이·가족,무료,302,0,2018,8,18,정상,180817_01,298
50,"광주은행 메세나 나눔, 어린이뮤지컬 슈퍼맨처럼",공연,대관,어린이·가족,무료,302,0,2018,8,18,정상,180817_01,298
51,헬로!오페라 <코지 판 투테>,공연,기획,클래식,유료,948,258,2018,8,23,정상,180823_01,52
52,2018 여수국제음악제&앙상블,공연,대관,클래식,유료,302,171,2018,8,23,정상,180823_02,0
53,더 비기닝 여수 클래식 영재육성을 위한 음악회,공연,대관,클래식,무료,948,0,2018,8,24,정상,180824_01,495
54,2018 여수국제음악제&앙상블,공연,대관,클래식,유료,948,758,2018,8,25,정상,180823_02,10
55,2018 여수국제음악제&앙상블,공연,대관,클래식,유료,948,725,2018,8,26,정상,180823_02,10
56,KBS교향악단과 함께하는 제2회 여수음악제-음악학교수료식,공연,대관,클래식,무료,948,0,2018,8,30,정상,180830_01,142
57,KBS교향악단과 함께하는 제2회 여수음악제-개막공연,공연,대관,클래식,유료,948,219,2018,8,30,정상,180830_02,702
58,KBS교향악단과 함께하는 제2회 여수음악제-야노슈카앙상블,공연,대관,클래식,유료,948,208,2018,8,31,정상,180831_01,520
59,KBS교향악단과 함께하는 제2회 여수음악제-만하임 체임버 오케스트라,공연,대관,클래식,유료,948,152,2018,9,1,정상,180901_01,612
60,KBS교향악단과 함께하는 제2회 여수음악제-그란데보체,공연,대관,클래식,무료,948,0,2018,9,1,정상,180901_02,926
61,KBS교향악단과 함께하는 제2회 여수음악제-폐막공연,공연,대관,클래식,유료,948,230,2018,9,2,정상,180902_01,688
62,정경화&조성진 듀오콘서트,공연,기획,클래식,유료,1021,977,2018,9,6,정상,180906_01,12
63,"손양원 순교 68주기 기념 ""국립합창단 초청음악회""",공연,대관,클래식,유료,1021,866,2018,9,7,정상,180907_01,10
64,뮤지컬 보물섬,공연,기획,뮤지컬,유료,948,876,2018,9,13,정상,180913_01,42
65,뮤지컬 보물섬,공연,기획,뮤지컬,유료,948,853,2018,9,13,정상,180913_01,24
66,뮤지컬 보물섬,공연,기획,뮤지컬,유료,948,871,2018,9,14,정상,180913_01,42
67,뮤지컬 보물섬,공연,기획,뮤지컬,유료,948,878,2018,9,14,정상,180913_01,27
68,뮤지컬 보물섬,공연,기획,뮤지컬,유료,948,827,2018,9,15,정상,180913_01,10
69,뮤지컬 보물섬,공연,기획,뮤지컬,유료,948,842,2018,9,15,정상,180913_01,10
70,강현주의 브런치콘서트 Classic on Screen Ⅲ,공연,기획,클래식,유료,948,621,2018,9,20,정상,180920_01,10
71,한국음악협회여수지부 제43회 정기연주회,공연,대관,클래식,유료,302,144,2018,10,2,정상,181002_01,4
72,판소리콘서트 소리맞장Ⅰ,공연,대관,대중,유료,302,281,2018,10,4,정상,181004_01,4
73,여수 사랑의부부합창단 제11회 정기연주회 아름다운동행,공연,대관,클래식,유료,948,689,2018,10,4,정상,181004_02,10
74,마칭페스티벌 녹음,기타,대관,,무료,0,0,2018,10,5,정상,181005_01,0
75,"2018년 만9,900원의 행복 서영은 콘서트",공연,대관,대중,유료,1021,999,2018,10,7,정상,181007_01,0
76,"2018년 만9,900원의 행복 서영은 콘서트",공연,대관,대중,유료,1021,999,2018,10,7,정상,181007_01,0
77,2018 예울마루 실내악페스티벌,공연,기획,클래식,유료,948,88,2018,10,12,정상,181012_01,258
78,2018 예울마루 실내악페스티벌,공연,기획,클래식,유료,948,122,2018,10,12,정상,181012_01,81
79,2018 예울마루 실내악페스티벌,공연,기획,클래식,유료,948,56,2018,10,13,정상,181012_01,55
80,2018 예울마루 실내악페스티벌,공연,기획,클래식,유료,948,98,2018,10,13,정상,181012_01,62
81,2018 예울마루 실내악페스티벌,공연,기획,클래식,유료,948,114,2018,10,13,정상,181012_01,121
82,2018 예울마루 실내악페스티벌,공연,기획,클래식,유료,948,110,2018,10,14,정상,181012_01,68
83,2018 예울마루 실내악페스티벌,공연,기획,클래식,유료,948,90,2018,10,14,정상,181012_01,57
84,2018 예울마루 실내악페스티벌,공연,기획,클래식,유료,948,73,2018,10,14,정상,181012_01,104
85,페인터즈 히어로,공연,기획,발레/연극,유료,948,625,2018,10,16,정상,181016_01,16
86,페인터즈 히어로,공연,기획,발레/연극,유료,948,646,2018,10,17,정상,181016_01,12
87,페인터즈 히어로,공연,기획,발레/연극,유료,948,833,2018,10,18,정상,181016_01,26
88,페인터즈 히어로,공연,기획,발레/연극,유료,948,639,2018,10,19,정상,181016_01,10
89,페인터즈 히어로,공연,기획,발레/연극,유료,948,650,2018,10,19,정상,181016_01,16
90,"여순1019 70주년 창작오페라, 1948년 침묵",공연,대관,클래식,유료,948,802,2018,10,20,정상,181020_01,10
91,"여순1019 70주년 창작오페라, 1948년 침묵",공연,대관,클래식,유료,948,701,2018,10,21,정상,181020_01,10
92,"여수시립합창단 제74회 정기연주회 <사랑품고, 가을피다>",공연,대관,클래식,유료,948,610,2018,10,25,정상,181025_01,10
93,여수장애인종합복지관 2018감사음악회,공연,대관,클래식,무료,1021,0,2018,10,26,정상,181026_01,662
94,제42회 여수예술제 한국음악협회 여수시지부 <가을밤의 세레나데>,공연,대관,클래식,유료,302,151,2018,10,27,정상,181027_01,4
95,양성원&엔리코파체 듀오콘서트,공연,기획,클래식,유료,948,193,2018,10,30,정상,181030_01,50
96,"(사)뿌리패예술단 여수시지부 정기연주회 ""진동""",공연,대관,클래식,유료,948,687,2018,11,1,정상,181101_01,10
97,뮤지컬디바 홍지민과 함께하는 뮤지컬&오페라스타,공연,대관,클래식,유료,948,926,2018,11,2,정상,181102_01,10
98,여수 플룻콰르텟 창단연주회,공연,대관,클래식,유료,302,263,2018,11,3,정상,181103_01,4
99,The color 더칼라,공연,대관,대중,무료,1021,0,2018,11,7,정상,181107_01,1009
100,"여수필하모닉오케스트라 정기연주회 ""갈라""",공연,대관,클래식,무료,948,0,2018,11,8,정상,181108_01,265
101,"2018, 제7회 여수학생오케스트라 페스티벌",공연,대관,클래식,무료,948,0,2018,11,9,정상,181109_01,768
102,"2018, 제7회 여수학생오케스트라 페스티벌",공연,대관,클래식,무료,948,,2018,11,9,정상,181109_01,936
103,"전남극동방송 개국3주년기년 기념연주회 ""살아나리라""",공연,대관,클래식,무료,948,0,2018,11,10,정상,181110_01,936
104,제16회 여수어머니리코더합주단 정기연주회,공연,대관,클래식,무료,302,0,2018,11,10,정상,181110_02,177
105,뮤지컬 <시카고>,공연,기획,뮤지컬,유료,1021,980,2018,11,16,정상,181116_01,10
106,뮤지컬 <시카고>,공연,기획,뮤지컬,유료,1021,982,2018,11,17,정상,181116_01,10
107,뮤지컬 <시카고>,공연,기획,뮤지컬,유료,1021,980,2018,11,17,정상,181116_01,10
108,뮤지컬 <시카고>,공연,기획,뮤지컬,유료,1021,979,2018,11,18,정상,181116_01,10
109,국립발레단 호두까기인형,공연,기획,발레/연극,유료,948,925,2018,11,23,정상,181123_01,9
110,국립발레단 호두까기인형,공연,기획,발레/연극,유료,948,926,2018,11,24,정상,181123_01,10
111,여수 시민오케스트라 정기발표회,공연,대관,클래식,무료,302,0,2018,12,1,정상,181201_01,298
112,강현주의 브런치콘서트 Classic on Screen Ⅳ,공연,기획,클래식,유료,948,314,2018,12,6,정상,181206_01,10
113,여수시립예술단과 함께하는 2018송년음악회,공연,대관,클래식,유료,948,754,2018,12,8,정상,181208_01,10
114,"여수교직원합창단 울림, 제5회 정기연주회 ""걱정말아요, 그대""",공연,대관,클래식,무료,948,0,2018,12,11,정상,181211_01,818
115,"여수교원교향악단, 제11회 정기연주회",공연,대관,클래식,무료,948,0,2018,12,13,정상,181213_01,581
116,"여수심포니오케스트라 제7회 정기연주회 ""가을,멘델스존을 만나다""",공연,대관,클래식,유료,948,398,2018,12,14,정상,181214_01,10
117,마음톡톡 발표회,기타,대관,,무료,0,0,2018,12,15,정상,181215_01,96
118,뮤지컬 <식구를 찾아서>,공연,기획,뮤지컬,유료,302,138,2018,12,21,정상,181221_01,6
119,뮤지컬 <식구를 찾아서>,공연,기획,뮤지컬,유료,302,293,2018,12,21,정상,181221_01,4
120,뮤지컬 <식구를 찾아서>,공연,기획,뮤지컬,유료,302,294,2018,12,22,정상,181221_01,4
121,뮤지컬 <식구를 찾아서>,공연,기획,뮤지컬,유료,302,292,2018,12,22,정상,181221_01,4
124,예울마루 크리스마스콘서트,공연,기획,클래식,유료,948,441,2018,12,22,정상,181222_01,62
122,뮤지컬 <식구를 찾아서>,공연,기획,뮤지컬,유료,302,291,2018,12,23,정상,181221_01,4
123,뮤지컬 <식구를 찾아서>,공연,기획,뮤지컬,유료,302,293,2018,12,23,정상,181221_01,4
125,여수영재교육원 오케스트라 정기연주회,공연,대관,클래식,무료,948,0,2018,12,29,정상,181229_01,723
126,"2018 제7회 지역예술인재콘서트 ""네꿈에 날개를""",공연,대관,대중,무료,302,0,2018,12,30,정상,181230_01,194
1,2019 윤종신 전국투어 콘서트 “계절은 너에게 배웠어”,공연,대관,대중,유료,1021,899,2019,1,5,정상,190105_01,50
2,PARK WON TOUR,공연,대관,대중,유료,302,292,2019,1,12,정상,190112_01,6
3,2019 예울마루 신년음악회,공연,기획,클래식,유료,948,590,2019,1,17,정상,190117_01,88
4,CY Orchestra 창단연주,공연,대관,클래식,유료,302,201,2019,1,19,정상,190119_01,4
5,여수청소년플룻앙상블 제 5회 정기연주회,공연,대관,클래식,유료,1021,0,2019,1,26,정상,190126_01,725
6,보헤미안 '랩소디 퀸' 내한공연 & 프레디 머큐리 미공개 사진전,공연,대관,대중,유료,1021,169,2019,2,24,정상,190224_01,366
7,보헤미안 '랩소디 퀸' 내한공연 & 프레디 머큐리 미공개 사진전,공연,대관,대중,유료,1021,69,2019,2,24,정상,190224_01,437
8,"제14회 열린챔버오케스트라 정기연주회 <청춘, 꽃보다 아름답다>",공연,대관,클래식,무료,302,0,2019,2,28,정상,190228_01,302
9,제55회 전라남도 미술대전 심사위원위촉식,공연,대관,기타,무료,302,0,2019,3,6,정상,190306_01,60
10,서주희 귀국 바이올린 독주회,공연,대관,클래식,유료,302,294,2019,3,21,정상,190321_01,4
11,"만 9,900원의 행복 ""유리상자 콘서트""",공연,대관,대중,유료,1021,680,2019,3,23,정상,190323_01,14
12,"만 9,900원의 행복 ""유리상자 콘서트""",공연,대관,대중,유료,1021,772,2019,3,23,정상,190323_01,21
13,Klangflair 피아노듀오리사이틀,공연,대관,클래식,유료,302,173,2019,3,29,정상,190329_01,4
14,연극 <오이디푸스>,공연,기획,발레/연극,유료,948,834,2019,3,29,정상,190329_02,10
15,연극 <오이디푸스>,공연,기획,발레/연극,유료,948,791,2019,3,30,정상,190329_02,10
16,연극 <오이디푸스>,공연,기획,발레/연극,유료,948,738,2019,3,30,정상,190329_02,10
17,연극 <오이디푸스>,공연,기획,발레/연극,유료,948,686,2019,3,31,정상,190329_02,10
18,제55회 전라남도 미술대전 시상식,공연,대관,기타,무료,302,0,2019,3,31,정상,190331_01,290
19,신춘음악회,공연,대관,클래식,유료,302,247,2019,4,11,정상,190411_01,4
20,연극 늘근도둑이야기,공연,대관,발레/연극,유료,948,451,2019,4,13,정상,190413_01,40
21,연극 늘근도둑이야기,공연,대관,발레/연극,유료,948,347,2019,4,13,정상,190413_01,27
22,연극 늘근도둑이야기,공연,대관,발레/연극,유료,948,245,2019,4,14,정상,190413_01,50
23,트리오 오원 초청 음악회,공연,대관,클래식,무료,302,0,2019,4,16,정상,190416_01,110
24,"피아니스트 강현주의 브런치콘서트 <음악가들의 뮤즈들Ⅰ> -라인강의 뮤즈, 클라라와 슈만",공연,기획,클래식,유료,948,275,2019,4,18,정상,190418_01,10
25,초록우산드림오케스트라 정기연주회,공연,대관,클래식,무료,302,0,2019,4,19,정상,190419_01,240
26,싱어롱 콘서트 뮤지컬 <무지개 물고기>,공연,대관,대중,유료,302,230,2019,4,27,정상,190427_01,4
27,싱어롱 콘서트 뮤지컬 <무지개 물고기>,공연,대관,대중,유료,302,240,2019,4,27,정상,190427_01,4
28,싱어롱 콘서트 뮤지컬 <무지개 물고기>,공연,대관,대중,유료,302,200,2019,4,27,정상,190427_01,4
29,싱어롱 콘서트 뮤지컬 <무지개 물고기>,공연,대관,대중,유료,302,197,2019,4,28,정상,190427_01,4
30,싱어롱 콘서트 뮤지컬 <무지개 물고기>,공연,대관,대중,유료,302,210,2019,4,28,정상,190427_01,4
31,싱어롱 콘서트 뮤지컬 <무지개 물고기>,공연,대관,대중,유료,302,76,2019,4,28,정상,190427_01,4
32,여수시립합창단 제 75회 정기연주회 <그대앞의 눈부신 5월>,공연,대관,클래식,유료,948,806,2019,5,2,정상,190502_01,10
33,조수미콘서트,공연,기획,클래식,유료,1021,967,2019,5,7,정상,190507_01,16
34,이승환콘서트,공연,대관,대중,유료,1021,770,2019,5,11,정상,190511_01,40
35,국립발레단 호이 랑,공연,기획,발레/연극,유료,948,269,2019,5,17,정상,190517_01,89
36,국립발레단 호이 랑,공연,기획,발레/연극,유료,948,323,2019,5,18,정상,190517_01,50
37,헬로! 오페라 <봄봄>,공연,기획,클래식,유료,1021,359,2019,5,23,정상,190523_01,16
38,김지원 귀국 첼로 독주회,공연,대관,클래식,유료,302,244,2019,5,25,정상,190525_01,4
39,김창옥 토크 콘서트,공연,대관,대중,유료,1021,999,2019,5,26,정상,190526_01,10
40,전남CBS 창립 16주년기념 특별공연 <첼리스트 양성원과 서울첼로오케스트라>,공연,대관,클래식,유료,1021,700,2019,5,28,정상,190528_01,10
41,2019 남도국제음악제,공연,대관,클래식,유료,1021,240,2019,5,29,정상,190529_01,10
42,여수 YWCA합창단 제 19회 정기연주회,공연,대관,클래식,유료,1021,674,2019,5,30,정상,190530_01,10
43,2019 동서화합천사프로젝트 오케스트라 협연 합동연주회 <영호남화합의하모니>,공연,대관,클래식,무료,948,0,2019,6,8,정상,190608_01,744
44,전남동부극동방송 여성합창단 제2회 정기연주회,공연,대관,클래식,유료,948,926,2019,6,18,정상,190618_01,12
45,에스챔버소사이어티 제4회 정기연주회,공연,대관,클래식,유료,302,254,2019,6,19,정상,190619_01,4
46,2019 장범준 전국공연 <노래방에서>,공연,대관,대중,유료,1021,710,2019,6,21,정상,190621_01,90
47,2019 장범준 전국공연 <노래방에서>,공연,대관,대중,유료,1021,813,2019,6,22,정상,190621_01,80
48,"피아니스트 강현주의 브런치콘서트 <음악가들의 뮤즈들ⅠI> -비엔나의 팜므파탈,알마와 말러",공연,기획,클래식,유료,948,318,2019,6,27,정상,190627_01,15
49,홍정인 플룻 독주회,공연,대관,클래식,유료,302,143,2019,6,29,정상,190629_01,0
50,여수아가페합창단 제 23회 정기연주회,공연,대관,클래식,유료,948,610,2019,6,29,정상,190629_02,92
51,앙상블 여수와 금노상 지휘자가 함께하는 생상스의 '동물의 사육제',공연,대관,클래식,유료,302,294,2019,6,30,정상,190630_01,0
52,2019 캥거루 창작 동요제(제13회),공연,대관,클래식,무료,302,0,2019,7,6,정상,190706_01,298
53,한국전력과 함께하는 희망사랑 콘서트,공연,대관,대중,무료,1021,0,2019,7,9,정상,190709_01,600
54,바리톤 이중현 독창회,공연,대관,클래식,유료,302,234,2019,7,11,정상,190711_01,0
55,악기로 떠나는 시대별 음악여행_여수영재교육원 예술영재 엉상블 연주회,공연,대관,클래식,무료,302,0,2019,7,13,정상,190713_01,294
56,뮤지컬 지킬앤하이드,공연,기획,뮤지컬,유료,1021,941,2019,7,19,정상,190719_01,15
57,뮤지컬 지킬앤하이드,공연,기획,뮤지컬,유료,1021,899,2019,7,20,정상,190719_01,13
58,뮤지컬 지킬앤하이드,공연,기획,뮤지컬,유료,1021,967,2019,7,20,정상,190719_01,10
59,뮤지컬 지킬앤하이드,공연,기획,뮤지컬,유료,1021,842,2019,7,21,정상,190719_01,14
60,"2019년 후원자, 자원봉사, 지역소외계층을 위한 감사음악회",공연,대관,클래식,무료,948,0,2019,8,20,정상,190820_01,698
61,2019 여수 국제음악제&앙상블,공연,대관,클래식,유료,948,688,2019,8,22,정상,190822_01,10
62,제6회 여수클래식 영재육성을 위한 음악회 THE BEGINNING,공연,대관,클래식,무료,948,0,2019,8,23,정상,190823_01,404
63,2019 여수 국제음악제&앙상블,공연,대관,클래식,유료,948,628,2019,8,24,정상,190822_01,10
64,2019 여수 국제음악제&앙상블,공연,대관,클래식,유료,948,633,2019,8,25,정상,190822_01,10
65,헬로!오페라 <돈 파스콸레>,공연,기획,클래식,유료,948,476,2019,8,28,정상,190828_01,54
66,KBS교향악단과 함께하는 제3회 여수음악제 - [아름다운 한국인 스페셜 I] 오프닝 콘서트 with 선우예권,공연,대관,클래식,유료,948,246,2019,8,29,정상,190829_01,656
67,피아니스트 금혜승 & 키릴카슈닌 피아노듀오,공연,대관,클래식,무료,302,0,2019,8,29,정상,190829_02,200
68,KBS교향악단과 함께하는 제3회 여수음악제 - [행복을 여는 클래식 I] 유키 구라모토와 친구들,공연,대관,클래식,유료,948,393,2019,8,30,정상,190830_01,539
69,"KBS교향악단과 함께하는 제3회 여수음악제 - [행복을 여는 클래식 II] 아침의 클래식 with 강동석과 친구들, 앙상블 여수",공연,대관,클래식,유료,302,123,2019,8,31,정상,190831_01,175
70,KBS교향악단과 함께하는 제3회 여수음악제 - [아름다운 한국인 스페셜 II] 피날레 콘서트 with 강동석,공연,대관,클래식,유료,948,336,2019,9,1,정상,190901_01,556
71,제14회 임산부의 날 기념 비커밈맘2 가족공감뮤지컬,공연,대관,뮤지컬,무료,302,0,2019,9,3,정상,190903_01,294
72,라하영 바이올린 귀국 독주회,공연,대관,클래식,유료,302,205,2019,9,5,정상,190905_01,4
73,손양원목사 순교69주년기념 박지혜와 락밴드 초청음악회,공연,대관,클래식,유료,948,685,2019,9,7,정상,190907_01,10
74,"피아니스트 강현주의 브런치콘서트 <음악가들의 뮤즈들Ⅲ>_몸마르트의 첫사랑, 발라동와 사티",공연,기획,클래식,유료,948,366,2019,9,19,정상,190919_01,32
75,2019 지역문화예술육성 공연예술지원_연극 야천,공연,대관,클래식,유료,948,411,2019,9,20,정상,190920_01,10
76,전남수묵화발전을 위한 세미나,공연,대관,기타,무료,302,0,2019,9,21,정상,190921_01,35
77,여수마칭페스티벌,공연,대관,클래식,무료,948,0,2019,9,21,정상,190921_02,703
78,트리오제이 창단 연주회 <멘델스존 트리오 전곡 연주회>,공연,대관,클래식,유료,302,250,2019,9,26,정상,190926_01,4
79,뮤지컬 <더 스토리 오브 언더더씨>,공연,기획,뮤지컬,유료,948,863,2019,9,26,정상,190926_02,36
80,뮤지컬 <더 스토리 오브 언더더씨>,공연,기획,뮤지컬,유료,948,906,2019,9,26,정상,190926_02,20
81,뮤지컬 <더 스토리 오브 언더더씨>,공연,기획,뮤지컬,유료,948,843,2019,9,27,정상,190926_02,44
82,뮤지컬 <더 스토리 오브 언더더씨>,공연,기획,뮤지컬,유료,948,878,2019,9,27,정상,190926_02,22
83,뮤지컬 <더 스토리 오브 언더더씨>,공연,기획,뮤지컬,유료,948,579,2019,9,28,정상,190926_02,10
84,뮤지컬 <더 스토리 오브 언더더씨>,공연,기획,뮤지컬,유료,948,786,2019,9,28,정상,190926_02,10
85,여수시립합창단 제76회 정기연주회 가을이여 사랑이여,공연,대관,클래식,유료,948,576,2019,10,1,정상,191001_01,10
86,여수와 로마가 사랑한 스핀토 소프라노 <박소은 독창회>,공연,대관,클래식,유료,948,595,2019,10,3,정상,191003_01,10
87,제5회 전남아동.청소년 문화예술 축제,공연,대관,대중,무료,948,0,2019,10,5,정상,191005_01,680
88,타악앙상블-JOY OF PERCUSSION,공연,대관,클래식,유료,302,146,2019,10,5,정상,191005_02,4
89,2019 예울마루 야외콘서트,공연,기획,대중,무료,400,0,2019,10,5,정상,191005_03,400
90,2019 평화통일 공감 메아리,공연,대관,클래식,유료,948,513,2019,10,9,정상,191009_01,10
91,2019 예울마루 실내악페스티벌,공연,기획,클래식,유료,948,204,2019,10,11,정상,191011_01,38
92,2019 예울마루 실내악페스티벌,공연,기획,클래식,유료,948,214,2019,10,12,정상,191011_01,36
93,2019 예울마루 실내악페스티벌,공연,기획,클래식,유료,948,308,2019,10,12,정상,191011_01,76
94,2019 예울마루 실내악페스티벌,공연,기획,클래식,유료,948,136,2019,10,13,정상,191011_01,68
95,제 43회 여수예술제,공연,대관,클래식,무료,948,0,2019,10,16,정상,191016_01,713
96,제7회 여수 학생 합창 페스티벌,공연,대관,클래식,무료,302,0,2019,10,17,정상,191017_01,298
97,가을밤의 세레나데,공연,대관,클래식,유료,302,165,2019,10,19,정상,191019_01,4
98,명작 단편소설 뮤지컬 <얼쑤>,공연,기획,뮤지컬,유료,948,638,2019,10,22,정상,191022_01,26
99,김경일 교수특강,공연,대관,기타,무료,302,0,2019,10,23,정상,191023_01,298
100,명작 단편소설 뮤지컬 <얼쑤>,공연,기획,뮤지컬,유료,948,614,2019,10,23,정상,191022_01,25
101,명작 단편소설 뮤지컬 <얼쑤>,공연,기획,뮤지컬,유료,948,715,2019,10,24,정상,191022_01,33
102,명작 단편소설 뮤지컬 <얼쑤>,공연,기획,뮤지컬,유료,948,594,2019,10,25,정상,191022_01,24
103,명작 단편소설 뮤지컬 <얼쑤>,공연,기획,뮤지컬,유료,948,250,2019,10,25,정상,191022_01,392
104,전남학교예술교육페스티벌_오케스트라,공연,대관,클래식,무료,948,0,2019,10,28,정상,191028_01,936
105,전남학교예술교육페스티벌_오케스트라,공연,대관,클래식,무료,948,0,2019,10,29,정상,191028_01,936
106,전남학교예술교육페스티벌_오케스트라,공연,대관,클래식,무료,948,0,2019,10,30,정상,191028_01,936
107,CTS전남방송 개국15주년 기념음악회,공연,대관,클래식,무료,1021,0,2019,10,31,정상,191031_01,634
108,"전남학교예술교육페스티벌_뮤지컬,연극등",공연,대관,뮤지컬,무료,302,0,2019,11,1,정상,191101_01,294
109,"2019 만9,900원의 행복 유리상자콘서트 시즌3",공연,대관,대중,유료,1021,440,2019,11,2,정상,191102_01,10
110,"2019 만9,900원의 행복 유리상자콘서트 시즌3",공연,대관,대중,유료,1021,520,2019,11,2,정상,191102_01,10
111,제 17회 여수어머니리코더합주단 정기연주회,공연,대관,클래식,무료,302,0,2019,11,2,정상,191102_02,114
112,여수시 초청 락음국악단 특별연주회,공연,대관,클래식,무료,302,0,2019,11,6,정상,191106_01,244
113,여수심포니오케스트라 명연주자 초대전 '첼리스트 김규식 With 무누스 앙상블,공연,대관,클래식,유료,948,395,2019,11,8,정상,191108_01,70
114,시로 읽는 여수 <행복 시낭송 콘서트>,공연,대관,대중,무료,302,0,2019,11,8,정상,191108_02,298
115,여수시립국악단 제36회 정기공연,공연,대관,기타,유료,948,800,2019,11,12,정상,191112_01,10
116,2019 지역 예술인 페스티벌,공연,기획,클래식,유료,302,167,2019,11,13,정상,191113_01,6
117,2019 지역 예술인 페스티벌,공연,기획,클래식,유료,302,238,2019,11,13,정상,191113_01,6
118,2019 지역 예술인 페스티벌,공연,기획,클래식,유료,302,292,2019,11,14,정상,191113_01,4
119,2019 지역 예술인 페스티벌,공연,기획,클래식,유료,302,10,2019,11,14,정상,191113_01,24
120,여수필하모닉오케스트라 제31회 정기연주회,공연,대관,클래식,유료,948,714,2019,11,14,정상,191114_01,10
121,2019 지역 예술인 페스티벌,공연,기획,클래식,유료,302,287,2019,11,15,정상,191113_01,4
122,2019 지역 예술인 페스티벌,공연,기획,클래식,유료,302,275,2019,11,15,정상,191113_01,4
123,제8회 여수학생오케스트라 페스티벌,공연,대관,클래식,무료,948,0,2019,11,18,정상,191118_01,863
124,제8회 여수학생오케스트라 페스티벌,공연,대관,클래식,무료,948,0,2019,11,19,정상,191118_01,936
125,트리오 오원 10주년 기념음악회,공연,기획,클래식,유료,948,280,2019,11,22,정상,191122_01,12
126,한국음악협회여수지부 제44회 정기연주회,공연,대관,클래식,유료,302,118,2019,11,23,정상,191123_01,4
127,뮤지컬 <맘마미아>,공연,기획,뮤지컬,유료,948,919,2019,11,29,정상,191129_01,11
128,뮤지컬 <맘마미아>,공연,기획,뮤지컬,유료,948,913,2019,11,30,정상,191129_01,12
129,뮤지컬 <맘마미아>,공연,기획,뮤지컬,유료,948,920,2019,11,30,정상,191129_01,6
130,뮤지컬 <맘마미아>,공연,기획,뮤지컬,유료,948,903,2019,12,1,정상,191129_01,19
131,피아니스트 강현주의 브런치콘서트 <음악가들의 뮤즈들Ⅳ> -레닌그라드의 흥행사 디아길레프와스트라빈스키,공연,기획,클래식,유료,948,252,2019,12,5,정상,191205_01,10
132,여수장로합창단 창단 20주년 공연,공연,대관,클래식,무료,948,0,2019,12,5,정상,191205_02,653
133,여수오카리나앙상블 예울 제5회 정기연주회 'THE TOGETHER',공연,대관,클래식,무료,302,0,2019,12,7,정상,191207_01,275
134,여수교직원합창단 울림 제 6회 정기연주회,공연,대관,클래식,무료,948,0,2019,12,10,정상,191210_01,622
135,여수시립예술단 송년음악회 미래를 향한 여수의 행복,공연,대관,클래식,유료,948,703,2019,12,13,정상,191213_01,10
136,마음톡톡발표회,공연,대관,기타,무료,302,0,2019,12,14,정상,191214_01,108
137,2019 여수영재교육원 예술영재 정기연주회,공연,대관,클래식,무료,948,0,2019,12,15,정상,191215_01,829
138,여수교원교향악단 제 12회 정기연주회,공연,대관,클래식,무료,948,0,2019,12,17,정상,191217_01,498
139,국민연극 라이어 Ⅰ,공연,기획,발레/연극,유료,302,294,2019,12,18,정상,191218_01,4
140,국민연극 라이어 Ⅰ-특별공연,공연,기획,발레/연극,유료,302,258,2019,12,18,정상,191218_02,4
141,국민연극 라이어 Ⅰ,공연,기획,발레/연극,유료,302,294,2019,12,19,정상,191218_01,4
142,사라장 바이올린 리사이틀,공연,기획,클래식,유료,1021,930,2019,12,19,정상,191219_01,19
143,국민연극 라이어 Ⅰ,공연,기획,발레/연극,유료,302,294,2019,12,20,정상,191218_01,4
144,국민연극 라이어 Ⅰ,공연,기획,발레/연극,유료,302,283,2019,12,21,정상,191218_01,8
145,국민연극 라이어 Ⅰ,공연,기획,발레/연극,유료,302,294,2019,12,21,정상,191218_01,4
146,국민연극 라이어 Ⅰ,공연,기획,발레/연극,유료,302,295,2019,12,22,정상,191218_01,4
147,국민연극 라이어 Ⅰ,공연,기획,발레/연극,유료,302,295,2019,12,23,정상,191218_01,4
148,국민연극 라이어 Ⅰ-특별공연,공연,기획,발레/연극,유료,302,294,2019,12,23,정상,191218_02,4
149,국민연극 라이어 Ⅰ,공연,기획,발레/연극,유료,302,294,2019,12,24,정상,191218_01,4
150,넌버벌 퍼포먼스 코미디극 옹알스,공연,기획,연극,유료,1021,970,2019,12,24,정상,191224_01,10
151,국민연극 라이어 Ⅰ,공연,기획,발레/연극,유료,302,292,2019,12,25,정상,191218_01,5
152,"만 9,900원의 행복 ""서영은 콘서트""",공연,대관,대중,유료,1021,562,2019,12,28,정상,191228_01,13
153,"만 9,900원의 행복 ""서영은 콘서트""",공연,대관,대중,유료,1021,570,2019,12,28,정상,191228_01,10
154,지역인재콘서트 내꿈의 날개를,공연,대관,대중,무료,302,0,2019,12,30,정상,191230_01,298
1,윤슬트리오 피아노 트리오의 밤,공연,대관,클래식,유료,302,230,2020,1,4,정상,200104_01,4
2,2020 예울마루 신년음악회,공연,기획,클래식,유료,948,831,2020,1,16,정상,200116_01,16
3,여수시민과함께하는콘서트월드사랑나눔음악회,공연,대관,클래식,무료,948,0,2020,1,30,정상,200130_01,510
4,"전남동부극동방송 어린이합창단 제2회 정기연주회 ""기쁨""",공연,대관,어린이·가족,유료,948,926,2020,2,1,정상,200201_01,10
,빅3 행복한 동행 시즌1,공연,대관,,유료,948,0,2020,2,15,취소공연,200215_01,0
,빅3 행복한 동행 시즌1,공연,대관,,유료,948,0,2020,2,15,취소공연,200215_01,0
,"국립발레단""백조의호수""",공연,기획,,유료,948,0,2020,2,20,취소공연,200220_01,0
,"국립발레단""백조의호수""",공연,기획,,유료,948,0,2020,2,21,취소공연,200221_01,0
,2020 V.O.S 콘서트 Beautiful Life - 여수,공연,대관,,유료,948,0,2020,3,14,취소공연,200314_01,0
,2020 최현우의 빌리브: bELIEvE - 여수,공연,대관,,유료,948,0,2020,3,21,취소공연,200321_01,0
,2020 최현우의 빌리브: bELIEvE - 여수,공연,대관,,유료,948,0,2020,3,21,취소공연,200321_01,0
,2020 최현우의 빌리브: bELIEvE - 여수,공연,대관,,유료,948,0,2020,3,22,취소공연,200322_01,0
,2020 최현우의 빌리브: bELIEvE - 여수,공연,대관,,유료,948,0,2020,3,22,취소공연,200322_01,0
,브런치콘서트<술술클래식Ⅰ>,공연,기획,,유료,926,0,2020,3,25,취소공연,200325_01,0
,2020 이승환 30주년 콘서트[무적전설]- 여수,공연,대관,,유료,948,0,2020,3,28,취소공연,200328_01,0
,세종솔로이스츠의 브란덴부르크 협주곡,공연,기획,,유료,926,0,2020,4,3,취소공연,200403_01,0
,뮤지컬<레베카>,공연,기획,,유료,926,0,2020,4,24,취소공연,200424_01,0
,뮤지컬<레베카>,공연,기획,,유료,926,0,2020,4,25,취소공연,200425_01,0
,뮤지컬<레베카>,공연,기획,,유료,926,0,2020,4,25,취소공연,200425_01,0
,뮤지컬<레베카>,공연,기획,,유료,926,0,2020,4,26,취소공연,200426_01,0
5,김동준 피아노 독주회,공연,대관,클래식,유료,302,167,2020,5,7,정상,200507_01,0
6,플루티스트 윤혜리의 NIGHT FANTASY,공연,기획,클래식,유료,302,128,2020,6,5,정상,200605_01,7
7,전남CBS 창립 17주년 기념 특별공연 JUMP,공연,대관,뮤지컬,유료,926,490,2020,6,11,정상,200611_01,10
8,"발렌타인 30,",공연,대관,클래식,유료,302,68,2020,6,13,정상,200613_01,4
9,Trio J가 들려주는 시대의 멜로디,공연,대관,클래식,유료,302,142,2020,6,18,정상,200618_01,4
10,브런치콘서트 <술술클래식>,공연,기획,클래식,유료,926,216,2020,6,19,정상,200619_01,6
11,이음 스트링 챔버오케스트라 창단연주회 <피어나다>,공연,대관,클래식,유료,302,170,2020,6,20,정상,200620_01,4
12,신춘음악회,공연,대관,클래식,유료,302,145,2020,6,23,정상,200623_01,4
13,2020 Theatre 이문세,공연,대관,대중,유료,1021,780,2020,6,26,정상,200626_01,10
14,2020 Theatre 이문세,공연,대관,대중,유료,1021,730,2020,6,27,정상,200626_01,34
,뮤지컬<레베카>,공연,기획,,유료,926,0,2020,7,10,취소공연,200710_01,0
,뮤지컬<레베카>,공연,기획,,유료,926,0,2020,7,11,취소공연,200711_01,0
,뮤지컬<레베카>,공연,기획,,유료,926,0,2020,7,11,취소공연,200711_01,0
,뮤지컬<레베카>,공연,기획,,유료,926,0,2020,7,12,취소공연,200712_01,0
,연극<개세끼들>,공연,대관,,유료,302,0,2020,7,17,취소공연,200717_01,0
,연극<개세끼들>,공연,대관,,유료,302,0,2020,7,18,취소공연,200718_01,0
,연극<개세끼들>,공연,대관,,유료,302,0,2020,7,18,취소공연,200718_01,0
,연극<개세끼들>,공연,대관,,유료,302,0,2020,7,19,취소공연,200719_01,0
,연극<개세끼들>,공연,대관,,유료,302,0,2020,7,19,취소공연,200719_01,0
,2020 최현우의 빌리브: bELIEvE - 여수,공연,대관,,유료,926,0,2020,7,18,취소공연,200718_02,0
,2020 최현우의 빌리브: bELIEvE - 여수,공연,대관,,유료,926,0,2020,7,18,취소공연,200718_02,0
,2020 최현우의 빌리브: bELIEvE - 여수,공연,대관,,유료,926,0,2020,7,19,취소공연,200719_02,0
,2020 최현우의 빌리브: bELIEvE - 여수,공연,대관,,유료,926,0,2020,7,19,취소공연,200719_02,0
,정화용 전새미 플룻듀오리사이틀,공연,대관,,유료,302,0,2020,7,25,취소공연,200725_01,0
,여수영재교육원 예술영재 앙상블 연주회,공연,대관,,무료,302,0,2020,7,31,취소공연,200731_01,0
15,섬으로 떠나는 클래식 여행,공연,대관,클래식,무료,470,0,2020,8,8,정상,200808_01,470
16,연극 <개세끼들>,공연,대관,발레/연극,유료,302,124,2020,8,14,정상,200814_01,4
17,연극 <개세끼들>,공연,대관,발레/연극,유료,302,70,2020,8,15,정상,200814_01,4
18,연극 <개세끼들>,공연,대관,발레/연극,유료,302,60,2020,8,15,정상,200814_01,4
19,연극 <개세끼들>,공연,대관,발레/연극,유료,302,72,2020,8,16,정상,200814_01,4
20,연극 <개세끼들>,공연,대관,발레/연극,유료,302,65,2020,8,16,정상,200814_01,4
21,2020여수국제음악제 땡큐클래식,공연,대관,클래식,무료,470,0,2020,8,20,정상,200820_01,470
,헬로!오페라<세빌리아의이발사>,공연,기획,,유료,470,0,2020,8,26,취소공연,200826_01,0
,여수음악제,공연,대관,,유료,470,0,2020,8,29,취소공연,200829_01,0
,여수음악제,공연,대관,,유료,150,0,2020,8,30,취소공연,200830_01,0
,여수음악제,공연,대관,,유료,470,0,2020,8,30,취소공연,200830_01,0
,손양원목사 순교70주년 기념 SBS 김정택 예술단 초청음악회,공연,대관,,유료,500,0,2020,9,8,취소공연,200908_01,0
22,헬로!오페라 <세빌리아의이발사>,공연,기획,클래식,무료,470,0,2020,9,16,정상,200916_01,0
,영재오케스트라 앙상블 연주회,공연,대관,,무료,140,0,2020,9,20,취소공연,200920_01,0
,오케스트라 섬을 노래하다,공연,대관,,무료,500,0,2020,9,22,취소공연,200922_01,0
,브런치콘서트<술술클래식>,공연,기획,,유료,500,0,2020,9,25,취소공연,200925_01,0
,클래식산책<해설이 있는 갈라콘서트>,공연,대관,,무료,500,0,2020,9,25,취소공연,200925_02,0
,새나클래식 제1회 정기연주회,공연,대관,,무료,140,0,2020,9,25,취소공연,200925_03,0
,제정화 젊은소리 심청 이야기,공연,대관,,무료,140,0,2020,9,26,취소공연,200926_01,0
,에스챔버소사이어티 정기연주회,공연,대관,,무료,140,0,2020,9,27,취소공연,200927_01,0
23,락음국악단 한가위 효 콘서트,공연,대관,대중,무료,500,0,2020,9,29,정상,200929_01,470
24,제정화의 젊은소리 열한번째 판 '심청'그녀의 이야기Ⅰ,공연,대관,기타,무료,148,0,2020,10,9,정상,201009_01,148
25,2020 여수영재교육원 오케스트라 협연의밤 연주회_무관중,공연,대관,클래식,무료,0,0,2020,10,10,정상,201010_01,0
26,2020 예울마루 실내악페스티벌,공연,기획,클래식,유료,470,139,2020,10,16,정상,201016_01,20
27,2020 예울마루 실내악페스티벌,공연,기획,클래식,유료,470,100,2020,10,17,정상,201016_01,22
28,2020 예울마루 실내악페스티벌,공연,기획,클래식,유료,470,135,2020,10,17,정상,201016_01,23
29,2020 예울마루 실내악페스티벌,공연,기획,클래식,유료,470,265,2020,10,18,정상,201016_01,28
30,환상가족음악극 <리틀 뮤지션>,공연,기획,뮤지컬,유료,926,349,2020,10,22,정상,201022_01,24
31,환상가족음악극 <리틀 뮤지션>,공연,기획,뮤지컬,유료,926,325,2020,10,22,정상,201022_01,11
32,환상가족음악극 <리틀 뮤지션>,공연,기획,뮤지컬,유료,926,516,2020,10,23,정상,201022_01,40
33,환상가족음악극 <리틀 뮤지션>,공연,기획,뮤지컬,유료,926,287,2020,10,23,정상,201022_01,17
34,환상가족음악극 <리틀 뮤지션>,공연,기획,뮤지컬,유료,926,404,2020,10,24,정상,201022_01,20
35,환상가족음악극 <리틀 뮤지션>,공연,기획,뮤지컬,유료,926,513,2020,10,24,정상,201022_01,32
36,피아니스트 김지은과 함께하는 Traum Festival,공연,대관,클래식,유료,148,148,2020,10,24,정상,201024_01,4
37,여수시립합창단 제 77회 정기연주회 '가을이 익어가오',공연,대관,클래식,유료,470,460,2020,10,27,정상,201027_01,10
38,채동선실내악단 신여수춘향가,공연,대관,클래식,유료,470,324,2020,10,29,정상,201029_01,10
39,손양원목사 70주년 기념 음악회 'SBS김정택예술단',공연,대관,클래식,유료,470,460,2020,10,30,정상,201030_01,10
40,블루투어 비전포럼,기타,대관,,무료,148,0,2020,11,4,정상,201104_01,137
41,CTS전남방송 개국 16주년 기념음악회,공연,대관,클래식,무료,470,0,2020,11,6,정상,201106_01,309
42,열린심포니오케스트라 제 15회 정기연주회,공연,대관,클래식,무료,470,0,2020,11,7,정상,201107_01,334
43,"루미아플룻콰이어 제14회 정기연주회 이색조우, 은빛가락에 어우르다",공연,대관,클래식,유료,148,148,2020,11,7,정상,201107_02,4
44,COVID19'극복 위로 공연,공연,대관,대중,무료,470,0,2020,11,13,정상,201113_01,334
45,"무소르그스키 전람회의 그림_앙상블여수, 그림을만나다.",공연,대관,클래식,유료,470,428,2020,11,14,정상,201114_01,10
46,한국음악협회여수지부 제45회 정기연주회,공연,대관,클래식,유료,470,324,2020,11,17,정상,201117_01,10
47,여수심포니오케스트라 제9회 정기연주회 베토벤 탄생 250주년 기념음악회,공연,대관,클래식,유료,470,337,2020,11,19,정상,201119_01,10
48,클래식 산책 해설이 있는 오페라 갈라 콘서트 오페라 '라 트라비아타',공연,대관,클래식,유료,470,273,2020,11,20,정상,201120_01,10
49,네번째 주민혁 클라리넷 독주회,공연,대관,클래식,유료,148,42,2020,11,21,정상,201121_01,4
50,제44회 여수예술제,공연,대관,클래식,무료,470,280,2020,11,21,정상,201121_02,0
51,조성진 피아노리사이틀,공연,기획,클래식,유료,650,631,2020,11,26,정상,201126_01,10
52,조성진 피아노리사이틀,공연,기획,클래식,유료,650,647,2020,11,26,정상,201126_01,10
53,브런치콘서트 <술술클래식>,공연,기획,클래식,유료,460,109,2020,12,2,정상,200619_01,14
54,이혜란 피아노 독주회,공연,대관,클래식,유료,148,148,2020,12,3,정상,201203_01,4
55,헬로!오페라 <피가로의 결혼>,공연,기획,클래식,유료,460,228,2020,12,5,정상,201205_01,18
56,제2회 서경진 가야금 독주회,공연,대관,클래식,무료,90,0,2020,12,12,정상,201212_01,44
57,제6회 오카리나앙상블 예울 '지금 여기',공연,대관,클래식,무료,90,0,2020,12,13,정상,201213_01,55
58,여수시립국악단 제37회 정기공연 '다독이다'(비대면),공연,대관,기타,무료,306,0,2020,12,17,정상,201217_01,0
59,섬을 노래하다,공연,대관,클래식,무료,306,0,2020,12,18,정상,201218_01,178
60,유진 청소년 오케스트라 Togther We Can,공연,대관,클래식,무료,306,259,2020,12,20,정상,201220_01,10
61,리처드 용재오닐 <선물 2020>,공연,기획,클래식,유료,306,234,2020,12,25,정상,201225_01,2
62,창작뮤지컬 <별이쏟아진다>(비대면),공연,기획,뮤지컬,유료,90,0,2020,12,29,정상,201229_01,0
63,창작뮤지컬 <별이쏟아진다>,공연,기획,,유료,90,0,2020,12,29,취소공연,201229_02,0
64,창작뮤지컬 <별이쏟아진다>,공연,기획,,유료,90,0,2020,12,30,취소공연,201229_02,0
65,창작뮤지컬 <별이쏟아진다>,공연,기획,,유료,90,0,2020,12,30,취소공연,201229_02,0
66,창작뮤지컬 <별이쏟아진다>,공연,기획,,유료,90,0,2020,12,31,취소공연,201229_02,0
1,2021 예울마루 신년음악회,공연,기획,클래식,유료,306,271,2021,1,14,정상,210114_01,14
2,JOY OF PERCUSSION 제2회 정기연주회,공연,대관,클래식,유료,90,86,2021,1,16,정상,210116_01,4
3,"함춘호와 앙상블콰이어, 그리고 여수",공연,대관,클래식,유료,306,233,2021,1,23,정상,210123_01,38
4,내셔널솔리스텐앙상블 ＆ 피아졸라사계 윤소영,공연,대관,클래식,유료,507,150,2021,3,13,정상,210313_01,85
5,2021 예울마루 실내악페스티벌 스프링 콘서트 <비엔나의 로망스>,공연,기획,클래식,유료,614,155,2021,3,19,정상,210319_01,54
6,브런치 콘서트 <쇼팽으로 만나는 지브리>,공연,기획,클래식,유료,614,424,2021,3,25,정상,210325_01,10
7,"영남의 소리, 춤",공연,대관,기타,무료,199,0,2021,3,27,정상,210327_01,9
8,신춘음악회,공연,대관,클래식,유료,199,118,2021,4,8,정상,210408_01,4
9,제3회 트리오제이 정기연주회,공연,대관,클래식,유료,199,80,2021,4,15,정상,210415_01,4
10,뮤지컬 <캣츠> 40주년 내한공연,공연,기획,뮤지컬,유료,700,543,2021,4,23,정상,210423_01,10
11,뮤지컬 <캣츠> 40주년 내한공연,공연,기획,뮤지컬,유료,700,552,2021,4,24,정상,210423_01,10
12,뮤지컬 <캣츠> 40주년 내한공연,공연,기획,뮤지컬,유료,700,555,2021,4,24,정상,210423_01,10
13,뮤지컬 <캣츠> 40주년 내한공연,공연,기획,뮤지컬,유료,700,501,2021,4,25,정상,210423_01,10
14,뮤지컬 <캣츠> 40주년 내한공연,공연,기획,뮤지컬,유료,700,455,2021,4,25,정상,210423_01,10
15,매직 드로잉 가족극 「두들팝」,공연,기획,어린이·가족,유료,216,214,2021,4,29,정상,210429_01,4
16,매직 드로잉 가족극 「두들팝」,공연,기획,어린이·가족,유료,216,221,2021,4,29,정상,210429_01,10
17,매직 드로잉 가족극 「두들팝」,공연,기획,어린이·가족,유료,216,167,2021,4,30,정상,210429_01,14
18,매직 드로잉 가족극 「두들팝」,공연,기획,어린이·가족,유료,216,76,2021,4,30,정상,210429_01,4
19,열린심포니오케스트라 제 16회 정기연주회,공연,대관,클래식,무료,682,0,2021,4,30,정상,210430_01,463
20,매직 드로잉 가족극 「두들팝」,공연,기획,어린이·가족,유료,216,154,2021,5,1,정상,210429_01,4
21,매직 드로잉 가족극 「두들팝」,공연,기획,어린이·가족,유료,216,131,2021,5,1,정상,210429_01,4
22,매직 드로잉 가족극 「두들팝」,공연,기획,어린이·가족,유료,216,110,2021,5,1,정상,210429_01,4
23,매직 드로잉 가족극 「두들팝」,공연,기획,어린이·가족,유료,216,115,2021,5,2,정상,210429_01,4
24,매직 드로잉 가족극 「두들팝」,공연,기획,어린이·가족,유료,216,127,2021,5,2,정상,210429_01,4
25,매직 드로잉 가족극 「두들팝」,공연,기획,어린이·가족,유료,216,237,2021,5,4,정상,210429_01,32
26,매직 드로잉 가족극 「두들팝」,공연,기획,어린이·가족,유료,216,30,2021,5,4,정상,210429_01,6
27,매직 드로잉 가족극 「두들팝」,공연,기획,어린이·가족,유료,216,140,2021,5,5,정상,210429_01,4
28,매직 드로잉 가족극 「두들팝」,공연,기획,어린이·가족,유료,216,162,2021,5,5,정상,210429_01,4
29,매직 드로잉 가족극 「두들팝」,공연,기획,어린이·가족,유료,216,121,2021,5,5,정상,210429_01,4
30,매직 드로잉 가족극 「두들팝」,공연,기획,어린이·가족,유료,216,132,2021,5,6,정상,210429_01,11
31,매직 드로잉 가족극 「두들팝」,공연,기획,어린이·가족,유료,216,55,2021,5,6,정상,210429_01,4
32,매직 드로잉 가족극 「두들팝」,공연,기획,어린이·가족,유료,216,34,2021,5,7,정상,210429_01,10
33,매직 드로잉 가족극 「두들팝」,공연,기획,어린이·가족,유료,216,56,2021,5,7,정상,210429_01,4
34,매직 드로잉 가족극 「두들팝」,공연,기획,어린이·가족,유료,216,71,2021,5,8,정상,210429_01,4
35,매직 드로잉 가족극 「두들팝」,공연,기획,어린이·가족,유료,216,81,2021,5,8,정상,210429_01,4
36,헬로!오페라 <신데렐라>,공연,기획,클래식,유료,682,225,2021,5,22,정상,210522_01,14
37,"여수시립합창단 제 78회 정기연주회
<카르미나 부라나>",공연,대관,클래식,유료,486,324,2021,5,25,정상,210525_01,10
38,광주시립발레단 <차이콥스키 발레 명작 시리즈>,공연,기획,발레/연극,유료,682,389,2021,5,29,정상,210529_01,17
39,광주시립발레단 <차이콥스키 발레 명작 시리즈>,공연,기획,발레/연극,유료,682,265,2021,5,29,정상,210529_01,16
40,임현정의 리스트 초절기교 에튀드 전곡,공연,대관,클래식,유료,682,149,2021,6,5,정상,210605_01,20
41,여수시립국악단 제 38회 정기공연_꽃물에 배띄워,공연,대관,기타,유료,682,330,2021,6,10,정상,210610_01,10
42,어울림합창단과 아카데미 윤슬 교류연주,공연,대관,클래식,무료,216,0,2021,6,12,정상,210612_01,164
43,"브런치 콘서트 <피아졸라,바흐를 만나다>",공연,기획,클래식,유료,682,432,2021,6,17,정상,210617_01,10
44,이음스트링챔버오케스트라 제2회 정기연주회,공연,대관,클래식,유료,216,153,2021,6,19,정상,210619_01,4
45,앙상블여수 정기연주회_나를 찾는 기억,공연,대관,클래식,유료,216,156,2021,6,26,정상,210626_01,4
46,조은앙상블 제24회 정기연주회 <오페라의 전설>,공연,대관,클래식,무료,216,0,2021,7,3,정상,210703_01,130
,국인포럼,기타,대관,,무료,148,0,2021,7,5,정상,210705_01,0
,국인포럼,기타,대관,,무료,148,0,2021,7,6,정상,210706_01,0
,NPC네츄럴전남,기타,대관,,유료,0,0,2021,7,11,정상,210711_01,0
47,여수심포니오케스트라 제10회 정기연주회_피아노협주곡의 밤,공연,대관,클래식,유료,682,420,2021,7,16,정상,210716_01,10
,EPO Principal Series 1 - 여수,취소,취소,,취소,,0,2021,7,25,취소공연,210725_01,0
,여수영재교육원 예술영재연주회 다시성장하다,연기,연기,,연기,,0,2021,7,31,취소공연,210731_01,0
48,레이어스 클래식 라이브 콘서트 'LOVE SIGNAL',공연,대관,대중,유료,682,244,2021,8,8,정상,210808_01,10
49,연극 <완벽한 타인>,공연,기획,발레/연극,유료,682,406,2021,8,13,정상,210813_01,12
50,연극 <완벽한 타인>,공연,기획,발레/연극,유료,682,302,2021,8,14,정상,210813_01,20
51,연극 <완벽한 타인>,공연,기획,발레/연극,유료,682,281,2021,8,14,정상,210813_01,10
52,헬로!오페라 <헨젤과 그레텔>,공연,기획,클래식,유료,682,400,2021,8,21,정상,210821_01,10
53,"김시율의 첫소리, 내드름",공연,대관,기타,무료,216,0,2021,8,22,정상,210822_01,125
54,세종솔로이스츠 콘서트 오페라 <람메르무어의 루치아>,공연,기획,클래식,유료,682,129,2021,8,27,정상,210827_01,34
55,2021 여수국제음악제 & 앙상블,공연,대관,클래식,유료,682,411,2021,8,28,정상,210828_01,10
56,2021 여수국제음악제 & 앙상블,공연,대관,클래식,유료,682,398,2021,8,29,정상,210828_01,10
57,2021 여수국제음악제 & 앙상블,공연,대관,클래식,유료,682,485,2021,8,31,정상,210828_01,10
58,"KBS교향악단과 함께하는 제5회 여수음악제 - 거장과 거장의 만남, 정명훈 ＆ 개릭 올슨",공연,대관,클래식,유료,682,205,2021,9,1,정상,210901_01,271
59,JOY OF PERCUSSION 베토벤 5번 운명교향곡,공연,대관,클래식,무료,228,0,2021,9,4,정상,210904_01,148
60,"미얀마의 봄, 광주를 만나다",공연,대관,기타,유료,682,22,2021,9,4,정상,210904_02,79
61,KBS교향악단과 함께하는 제5회 여수음악제 - 피아니스트 김정원과 함께하는 “뷰티풀 선데이”,공연,대관,클래식,유료,682,165,2021,9,5,정상,210905_01,257
62,브런치콘서트 <모차르트VS슈베르트>,공연,기획,클래식,유료,682,283,2021,9,9,정상,210909_01,10
63,서주희 바이올린 독주회 Ⅲ with Fantasy,공연,대관,클래식,유료,154,148,2021,9,9,정상,210909_02,4
64,KBS교향악단과 함께하는 제5회 여수음악제 - 금난새와 여수 꿈나무 드림 콘서트,공연,대관,클래식,유료,682,275,2021,9,10,정상,210910_01,248
65,KBS교향악단과 함께하는 제5회 여수음악제 - 금난새와 함께하는 “행복한 토요일”,공연,대관,클래식,유료,228,38,2021,9,11,정상,210911_01,173
66,조성진 피아노 리사이틀,공연,기획,클래식,유료,717,713,2021,9,11,정상,210911_02,6
67,이춘희 명창과 함께하는 추석맞이 효 공연,공연,대관,기타,무료,682,0,2021,9,15,정상,210915_01,191
68,클라라 주미 강 & 김선욱 듀오 리사이틀,공연,기획,클래식,유료,792,363,2021,9,17,정상,210917_01,10
69,우용기 피아노 독주회,공연,대관,클래식,무료,228,0,2021,9,30,정상,210930_01,218
70,뮤지컬 <알사탕>,공연,기획,어린이·가족,유료,718,483,2021,9,30,정상,210930_02,12
71,뮤지컬 <알사탕>,공연,기획,어린이·가족,유료,718,420,2021,9,30,정상,210930_02,10
72,뮤지컬 <알사탕>,공연,기획,어린이·가족,유료,718,497,2021,10,1,정상,210930_02,47
73,뮤지컬 <알사탕>,공연,기획,어린이·가족,유료,718,377,2021,10,1,정상,210930_02,10
74,뮤지컬 <알사탕>,공연,기획,어린이·가족,유료,718,614,2021,10,2,정상,210930_02,10
75,뮤지컬 <알사탕>,공연,기획,어린이·가족,유료,718,634,2021,10,2,정상,210930_02,10
76,2021 지역예술인과 세계적거장들의 만남 Wald String Orchestra in Yeosu,공연,대관,뮤지컬,유료,682,397,2021,10,5,정상,211005_01,10
,연극<장수상회>,취소,취소,,취소,,0,2021,10,9,취소공연,211009_01,0
,연극<장수상회>,취소,취소,,취소,,0,2021,10,9,취소공연,211009_01,0
77,손양원 목사 순교 71주기 기념 창작오페라,공연,대관,클래식,유료,682,426,2021,10,12,정상,211012_01,10
78,제 45회 여수예술제 개막공연,공연,대관,클래식,무료,682,0,2021,10,13,정상,211013_01,411
79,2021 예울마루 실내악페스티벌 <렉처콘서트>,공연,기획,클래식,유료,228,11,2021,10,14,정상,211014_01,60
80,2021 예울마루 실내악페스티벌,공연,기획,클래식,유료,682,142,2021,10,15,정상,211015_01,26
81,2021 예울마루 실내악페스티벌,공연,기획,클래식,유료,682,132,2021,10,16,정상,211015_01,17
82,2021 예울마루 실내악페스티벌,공연,기획,클래식,유료,682,93,2021,10,16,정상,211015_01,24
83,2021 예울마루 실내악페스티벌,공연,기획,클래식,유료,682,109,2021,10,17,정상,211015_01,24
84,여순사건 오페라 1948년 침묵,공연,대관,클래식,유료,682,511,2021,10,19,정상,211019_01,10
85,여순사건 오페라 1948년 침묵,공연,대관,클래식,유료,682,515,2021,10,20,정상,211019_01,10
86,여수시립합창단 제 79회 정기연주회,공연,대관,클래식,유료,682,380,2021,10,22,정상,211022_01,10
87,제 15회 여수 용문사 산사음악회,공연,대관,클래식,무료,682,0,2021,10,24,정상,211024_01,286
88,뮤지컬 <전설의 리틀 농구단>,공연,기획,뮤지컬,유료,682,717,2021,10,28,정상,211028_01,14
89,뮤지컬 <전설의 리틀 농구단>,공연,기획,뮤지컬,유료,682,205,2021,10,28,정상,211028_01,10
90,가을밤의 세레나데,공연,대관,클래식,유료,228,59,2021,10,28,정상,211028_02,4
91,뮤지컬 <전설의 리틀 농구단>,공연,기획,뮤지컬,유료,682,542,2021,10,29,정상,211028_01,12
92,뮤지컬 <전설의 리틀 농구단>,공연,기획,뮤지컬,유료,682,307,2021,10,29,정상,211028_01,13
93,가야금 앙상블 뜰연 제 2회 정기연주회,공연,대관,클래식,무료,228,0,2021,10,30,정상,211030_01,150
94,2021 전라남도 학교예술교육 페스티벌,공연,대관,클래식,무료,,0,2021,11,1,정상,211101_01,0
95,2021 전라남도 학교예술교육 페스티벌,공연,대관,클래식,무료,,0,2021,11,2,정상,211101_01,0
96,2021 전라남도 학교예술교육 페스티벌,공연,대관,클래식,무료,,0,2021,11,3,정상,211101_01,0
97,2021 전라남도 학교예술교육 페스티벌,공연,대관,클래식,무료,,0,2021,11,5,정상,211101_01,0
98,제 28회 전남합창제,기타,대관,,무료,682,0,2021,11,6,정상,211106_01,0
99,2021 지역 예술인 페스티벌 <국악>,공연,기획,기타,유료,228,117,2021,11,11,정상,211111_01,4
100,2021 지역 예술인 페스티벌 <국악>,공연,기획,기타,유료,228,224,2021,11,12,정상,211111_01,4
101,루미아플룻콰이어 제 15회 정기연주회 희희락락 씽씽씽,공연,대관,클래식,유료,228,90,2021,11,13,정상,211113_01,4
102,여수YMCA,기타,대관,,무료,0,0,2021,11,14,정상,211114_01,0
103,달빛처럼,공연,대관,대중,유료,228,31,2021,11,18,정상,211118_01,156
104,제 10회 한독음악교류 유진 청소년 오케스트라 연주회,공연,대관,클래식,유료,228,130,2021,11,20,정상,211120_01,4
105,MODAFE LEGEND STAGE in Yeosu,공연,대관,발레/연극,무료,682,0,2021,11,21,정상,211121_01,262
106,한국음악협회여수지부 제46회 정기연주회,공연,대관,클래식,유료,682,80,2021,11,23,정상,211123_01,10
107,여수시립국악단 제 39회 정기공연,공연,대관,기타,유료,682,359,2021,11,26,정상,211126_01,10
108,여문樂(락)페스티벌,공연,대관,대중,무료,682,0,2021,11,27,정상,211127_01,229
109,"두 개의 선율, 하나의 울림 허혜정&정기쁨 바이올린 듀오 콘서트",공연,대관,대중,유료,228,109,2021,11,28,정상,211128_01,4
110,남도국제음악제,공연,대관,클래식,유료,682,31,2021,11,30,정상,211130_01,191
111,"브런치콘서트 <북유럽 휘바클래식, 시벨리우스와 그리그>",공연,기획,클래식,유료,682,343,2021,12,2,정상,211202_01,10
112,여수심포니 오케스트라 <섬을 노래하다>,공연,대관,클래식,유료,682,390,2021,12,3,정상,211203_01,10
113,에스챔버 소사이어티 제 5회 정기연주회,공연,대관,클래식,유료,228,54,2021,12,5,정상,211205_01,4
114,뮤지컬 <시카고>,공연,기획,뮤지컬,유료,803,754,2021,12,10,정상,211210_01,7
115,뮤지컬 <시카고>,공연,기획,뮤지컬,유료,803,750,2021,12,11,정상,211210_01,14
116,뮤지컬 <시카고>,공연,기획,뮤지컬,유료,803,745,2021,12,11,정상,211210_01,20
117,뮤지컬 <시카고>,공연,기획,뮤지컬,유료,803,770,2021,12,12,정상,211210_01,10
118,뮤지컬 <시카고>,공연,기획,뮤지컬,유료,803,770,2021,12,12,정상,211210_01,10
119,여수교원교향악단 제 13회 정기연주회,공연,대관,클래식,무료,682,0,2021,12,14,정상,211214_01,244
120,여수시립예술단과 함께하는 2021 송년음악회,공연,대관,클래식,유료,682,268,2021,12,16,정상,211216_01,10
121,국민연극 <라이어3탄 : 튀어!>,공연,기획,발레/연극,유료,242,236,2021,12,16,정상,211216_02,4
122,국민연극 <라이어3탄 : 튀어!>,공연,기획,발레/연극,유료,242,176,2021,12,16,정상,211216_02,6
135,The BEGINNING 제 8회 여수클래식 영재육성을 위한 음악회,공연,대관,클래식,무료,682,0,2021,12,17,정상,211217_01,120
123,국민연극 <라이어3탄 : 튀어!>,공연,기획,발레/연극,유료,242,203,2021,12,17,정상,211216_02,4
124,국민연극 <라이어3탄 : 튀어!>,공연,기획,발레/연극,유료,242,127,2021,12,17,정상,211216_02,4
136,2021 여수영재교육원 예술영재 정기연주회,공연,대관,클래식,무료,682,0,2021,12,18,정상,211218_01,382
125,국민연극 <라이어3탄 : 튀어!>,공연,기획,발레/연극,유료,242,144,2021,12,18,정상,211216_02,4
126,국민연극 <라이어3탄 : 튀어!>,공연,기획,발레/연극,유료,242,159,2021,12,18,정상,211216_02,6
137,피아졸라 100주년 퀸텟 내한공연,공연,대관,클래식,유료,682,350,2021,12,19,정상,211219_01,10
127,국민연극 <라이어3탄 : 튀어!>,공연,기획,발레/연극,유료,242,46,2021,12,21,정상,211216_02,31
128,국민연극 <라이어3탄 : 튀어!>,공연,기획,발레/연극,유료,242,93,2021,12,21,정상,211216_02,4
129,국민연극 <라이어3탄 : 튀어!>,공연,기획,발레/연극,유료,242,22,2021,12,22,정상,211216_02,27
130,국민연극 <라이어3탄 : 튀어!>,공연,기획,발레/연극,유료,242,133,2021,12,22,정상,211216_02,6
131,국민연극 <라이어3탄 : 튀어!>,공연,기획,발레/연극,유료,242,176,2021,12,23,정상,211216_02,7
138,페인터즈,공연,기획,발레/연극,유료,718,248,2021,12,24,정상,211224_01,33
139,페인터즈,공연,기획,발레/연극,유료,718,251,2021,12,24,정상,211224_01,10
132,국민연극 <라이어3탄 : 튀어!>,공연,기획,발레/연극,유료,242,203,2021,12,24,정상,211216_02,6
140,페인터즈,공연,기획,발레/연극,유료,718,303,2021,12,25,정상,211224_01,10
141,페인터즈,공연,기획,발레/연극,유료,718,315,2021,12,25,정상,211224_01,10
133,국민연극 <라이어3탄 : 튀어!>,공연,기획,발레/연극,유료,242,207,2021,12,25,정상,211216_02,4
134,국민연극 <라이어3탄 : 튀어!>,공연,기획,발레/연극,유료,242,216,2021,12,25,정상,211216_02,6
142,Wald 오케스트라와 함께하는 유진 청소년 유망신예 협연의 밤,공연,대관,클래식,유료,228,162,2021,12,26,정상,211226_01,4
143,클래식산책 해설이 있는 오페라 갈라콘서트 <CARMEN>,공연,대관,클래식,유료,682,245,2021,12,30,정상,211230_01,10
1,임현정의 바흐 렉쳐콘서트,공연,대관,대중,유료,682,100,2022,1,2,정상,220102_01,40
2,어린이 가족 뮤지컬 <신데렐라>,공연,대관,어린이·가족,유료,682,205,2022,1,8,정상,220108_01,10
3,어린이 가족 뮤지컬 <신데렐라>,공연,대관,어린이·가족,유료,682,210,2022,1,8,정상,220108_01,10
4,어린이 가족 뮤지컬 <신데렐라>,공연,대관,어린이·가족,유료,682,204,2022,1,8,정상,220108_01,10
5,쇼콰이어그룹 하모나이즈의 해피홀릭 콘서트,공연,대관,대중,유료,682,315,2022,1,15,정상,220115_01,90
6,연희판놀음 <상생의 비나리>,공연,대관,기타,무료,302,0,2022,1,18,정상,220118_01,144
7,2022 예울마루 신년음악회,공연,기획,클래식,유료,766,376,2022,1,20,정상,220120_01,42
8,뮤지컬 번개맨 : 검은 번개맨의 정체는?,공연,대관,뮤지컬,유료,682,340,2022,1,22,정상,220122_01,10
9,뮤지컬 번개맨 : 검은 번개맨의 정체는?,공연,대관,뮤지컬,유료,682,341,2022,1,22,정상,220122_01,13
10,뮤지컬 번개맨 : 검은 번개맨의 정체는?,공연,대관,뮤지컬,유료,682,340,2022,1,22,정상,220122_01,13
11,뮤지컬 번개맨 : 검은 번개맨의 정체는?,공연,대관,뮤지컬,유료,682,290,2022,1,23,정상,220122_01,17
12,뮤지컬 번개맨 : 검은 번개맨의 정체는?,공연,대관,뮤지컬,유료,682,326,2022,1,23,정상,220122_01,13
13,유세형 피아노 독주회,공연,대관,클래식,유료,228,94,2022,1,26,정상,220126_01,4
14,연극 <친정엄마와 2박3일>,공연,대관,발레/연극,유료,757,350,2022,2,4,정상,220204_01,10
15,연극 <친정엄마와 2박3일>,공연,대관,발레/연극,유료,757,430,2022,2,5,정상,220204_01,14
16,연극 <친정엄마와 2박3일>,공연,대관,발레/연극,유료,757,330,2022,2,5,정상,220204_01,13
17,클래식 음악여행,공연,대관,클래식,유료,228,36,2022,2,24,정상,220224_01,4
18,연극 <더 드레서>,공연,기획,발레/연극,유료,564,262,2022,2,25,정상,220225_01,14
19,연극 <더 드레서>,공연,기획,발레/연극,유료,564,206,2022,2,26,정상,220225_01,14
20,연극 <더 드레서>,공연,기획,발레/연극,유료,564,162,2022,2,26,정상,220225_01,14
21,와이즈맨,기타,대관,,무료,0,0,2022,3,12,정상,220312_01,0
22,브런치콘서트 <엔니오 모리꼬네를 위하여>,공연,기획,클래식,유료,564,230,2022,3,24,정상,220324_01,10
23,김창옥 토크콘서트 시즌 2,공연,대관,대중,유료,793,650,2022,3,26,정상,220326_01,12
24,김창옥 토크콘서트 시즌 2,공연,대관,대중,유료,793,580,2022,3,26,정상,220326_01,35
25,SAVE THE PLANET(미디어아트 X VRI String Quartet의 환경메시지 ),공연,대관,클래식,무료,486,0,2022,3,30,정상,220330_01,157
26,전남동부극동포럼,기타,대관,,무료,0,0,2022,3,31,정상,220331_01,0
27,신춘음악회,공연,대관,클래식,유료,228,81,2022,4,7,정상,220407_01,4
28,2022 Joy Of Percussion 제 3회 정기연주회,공연,대관,클래식,유료,792,127,2022,4,9,정상,220409_01,10
29,뮤지컬 <레베카>,공연,기획,뮤지컬,유료,736,811,2022,4,15,정상,220415_01,17
30,뮤지컬 <레베카>,공연,기획,뮤지컬,유료,736,547,2022,4,16,정상,220415_01,15
31,뮤지컬 <레베카>,공연,기획,뮤지컬,유료,736,870,2022,4,16,정상,220415_01,15
32,뮤지컬 <레베카>,공연,기획,뮤지컬,유료,736,878,2022,4,17,정상,220415_01,17
33,뮤지컬 <레베카>,공연,기획,뮤지컬,유료,736,497,2022,4,17,정상,220415_01,25
34,열린심포니오케스트라 제 17회 정기연주회,공연,대관,클래식,무료,792,0,2022,4,22,정상,220422_01,540
35,가곡연주회-세미나콘서트' 이탈리아를 Let's SING!,공연,대관,클래식,무료,298,0,2022,4,23,정상,220423_01,169
36,"다시 봄, 그대와 희망을 꿈꾸며",공연,대관,클래식,무료,936,0,2022,4,29,정상,220429_01,510
37,2022 여수오케스트라 기획연주,공연,대관,클래식,유료,936,339,2022,4,30,정상,220430_01,10
38,여수시립합창단 제80회 정기연주회 <오월이 전하는 꽃비>,공연,대관,클래식,유료,936,523,2022,5,19,정상,220519_01,10
39,여수심포니오케스트라 제11회 정기연주회 거장의 울림,공연,대관,클래식,유료,936,554,2022,5,26,정상,220526_01,10
40,모인콰르텟 제1회 정기연주회 <모인콰르텟과 함께하는 5월의 마지막 밤>,공연,대관,클래식,유료,298,138,2022,5,29,정상,220529_01,4
41,조재혁 쇼팽 음반발매 기념 리사이틀,공연,기획,클래식,유료,766,240,2022,6,3,정상,220603_01,95
42,이은결 MAGIC&ILLUSION,공연,대관,뮤지컬,유료,999,705,2022,6,11,정상,220611_01,10
43,이은결 MAGIC&ILLUSION,공연,대관,뮤지컬,유료,999,670,2022,6,11,정상,220611_01,10
44,이은결 MAGIC&ILLUSION,공연,대관,뮤지컬,유료,999,708,2022,6,12,정상,220611_01,10
45,브런치콘서트 <쇼팽으로 만나는 디즈니>,공연,기획,클래식,유료,784,777,2022,6,16,정상,220616_01,10
46,트리오제이 제4회 정기연주회,공연,대관,클래식,유료,298,256,2022,6,16,정상,220616_02,4
47,이음스트링챔버오케스트라 제3회 정기연주회 Bohemian Romance,공연,대관,클래식,유료,298,222,2022,6,18,정상,220618_01,4
48,2022 theatre 이문세콘서트 여수,공연,대관,대중,유료,1009,989,2022,6,24,정상,220624_01,20
49,2022 theatre 이문세콘서트 여수,공연,대관,대중,유료,1009,999,2022,6,25,정상,220624_01,10
50,앙상블여수 정기연주회 '위로와 평화',공연,대관,클래식,유료,298,294,2022,6,25,정상,220625_01,4
51,와이즈발레단 <VITA>,공연,기획,발레/연극,유료,792,140,2022,7,1,정상,220701_01,36
52,와이즈발레단 <VITA>,공연,기획,발레/연극,유료,792,196,2022,7,2,정상,220701_01,41
53,여수 중부새마을금고 40주년 기념음악회,공연,대관,클래식,무료,1009,0,2022,7,5,정상,220705_01,1009
54,2022 코리안챔버오케스트라 연주회,공연,기획,클래식,유료,766,290,2022,7,8,정상,220708_01,97
55,서진아 피아노 독주회,공연,대관,클래식,유료,1009,20,2022,7,9,정상,220709_01,325
56,Summer Festival 맛있는 클래식,공연,대관,클래식,유료,936,497,2022,7,14,정상,220714_01,10
57,2022 이승환 콘서트 <당신이 원하는 바로 그 콘서트>,공연,대관,대중,유료,936,840,2022,7,16,정상,220716_01,15
58,이머시브 가족뮤지컬 <알피>,공연,기획,어린이·가족,유료,120,112,2022,7,22,정상,220722_01,0
59,이머시브 가족뮤지컬 <알피>,공연,기획,어린이·가족,유료,120,120,2022,7,22,정상,220722_01,0
60,이머시브 가족뮤지컬 <알피>,공연,기획,어린이·가족,유료,120,120,2022,7,23,정상,220722_01,0
61,이머시브 가족뮤지컬 <알피>,공연,기획,어린이·가족,유료,120,119,2022,7,23,정상,220722_01,0
62,오래되고 멋진 클래식 <바로크를 추앙하다>,공연,대관,클래식,유료,298,247,2022,7,24,정상,220724_01,4
63,뮤지컬 헬로카봇 시즌6_흔들흔들 댄스파티,공연,대관,어린이·가족,유료,926,350,2022,8,6,정상,220806_01,20
64,뮤지컬 헬로카봇 시즌6_흔들흔들 댄스파티,공연,대관,어린이·가족,유료,926,320,2022,8,6,정상,220806_01,10
65,뮤지컬 헬로카봇 시즌6_흔들흔들 댄스파티,공연,대관,어린이·가족,유료,926,300,2022,8,6,정상,220806_01,10
66,뮤지컬 헬로카봇 시즌6_흔들흔들 댄스파티,공연,대관,어린이·가족,유료,926,350,2022,8,7,정상,220806_01,20
67,뮤지컬 헬로카봇 시즌6_흔들흔들 댄스파티,공연,대관,어린이·가족,유료,926,345,2022,8,7,정상,220806_01,25
68,뮤지컬 지킬앤하이드 (Jekyll＆Hyde),공연,기획,뮤지컬,유료,970,951,2022,8,12,정상,220812_01,16
69,뮤지컬 지킬앤하이드 (Jekyll＆Hyde),공연,기획,뮤지컬,유료,970,907,2022,8,13,정상,220812_01,16
70,뮤지컬 지킬앤하이드 (Jekyll＆Hyde),공연,기획,뮤지컬,유료,970,893,2022,8,13,정상,220812_01,16
71,뮤지컬 지킬앤하이드 (Jekyll＆Hyde),공연,기획,뮤지컬,유료,970,852,2022,8,14,정상,220812_01,25
72,가족뮤지컬 <캔터빌의 유령>,공연,기획,어린이·가족,유료,302,135,2022,8,19,정상,220819_01,4
73,가족뮤지컬 <캔터빌의 유령>,공연,기획,어린이·가족,유료,302,155,2022,8,19,정상,220819_01,9
74,헬로!오페라 <사랑의 묘약>,공연,기획,클래식,유료,926,172,2022,8,19,정상,220819_02,12
75,가족뮤지컬 <캔터빌의 유령>,공연,기획,어린이·가족,유료,302,243,2022,8,20,정상,220819_01,4
76,가족뮤지컬 <캔터빌의 유령>,공연,기획,어린이·가족,유료,302,270,2022,8,20,정상,220819_01,9
77,헬로!오페라 <사랑의 묘약>,공연,기획,클래식,유료,926,223,2022,8,20,정상,220819_02,10
78,7th 2022 여수 ECO 국제음악제,공연,대관,클래식,무료,926,0,2022,8,24,정상,220824_01,239
79,7th 2022 여수 ECO 국제음악제,공연,대관,클래식,유료,926,459,2022,8,25,정상,220824_01,10
80,7th 2022 여수 ECO 국제음악제,공연,대관,클래식,유료,926,460,2022,8,26,정상,220824_01,10
81,제3회 가야금앙상블 뜰연 너울을 거닐다,공연,대관,클래식,무료,302,0,2022,8,27,정상,220827_01,70
82,7th 2022 여수 ECO 국제음악제,공연,대관,클래식,유료,926,562,2022,8,28,정상,220824_01,10
83,해설이 있는 오페라 부파 갈라 콘서트,공연,대관,클래식,유료,926,368,2022,8,30,정상,220830_01,10
84,"브런치콘서트 <빈센트 반 고흐, 그리고 클래식>",공연,기획,클래식,유료,688,545,2022,9,1,정상,220901_01,10
,GS칼텍스 명사특강,기타,대관,,무료,294,0,2022,9,1,정상,220901_02,0
85,KBS교향악단과 함께하는 제6회 여수음악제 개막연주회 - 정명훈의 ‘오르간’ 심포니,공연,대관,클래식,유료,936,450,2022,9,2,정상,220902_01,370
86,KBS교향악단과 함께하는 제6회 여수음악제 특별연주회 1 - 피아니스트 손민수 ‘초절기교’,공연,대관,클래식,유료,936,283,2022,9,3,정상,220903_01,119
87,KBS교향악단과 함께하는 제6회 여수음악제 체임버연주회 1 With 기타리스트 박규희,공연,대관,클래식,유료,298,152,2022,9,3,정상,220903_02,63
88,KBS교향악단과 함께하는 제6회 여수음악제 체임버연주회 2 With 하모니시스트 박종성,공연,대관,클래식,유료,298,60,2022,9,4,정상,220904_01,67
89,KBS교향악단과 함께하는 제6회 여수음악제 특별연주회 2 - 드라마 속 클래식,공연,대관,클래식,유료,936,143,2022,9,4,정상,220904_02,174
90,KBS교향악단과 함께하는 제6회 여수음악제 체임버연주회 3 With 반도네오니스트 고상지,공연,대관,클래식,유료,936,213,2022,9,4,정상,220904_03,80
91,KBS교향악단과 함께하는 제6회 여수음악제 폐막연주회 - 여섯 번째 '결실',공연,대관,클래식,유료,936,225,2022,9,7,정상,220907_01,356
92,2022남도국제음악제,공연,대관,클래식,무료,936,0,2022,9,8,정상,220908_01,210
93,예울마루 개관 10주년 기념 프린지 콘서트 및 야외 영화제,기타,기획,,무료,500,0,2022,9,13,정상,220913_01,200
94,예울마루 개관 10주년 기념 프린지 콘서트 및 야외 영화제,기타,기획,,무료,500,0,2022,9,14,정상,220913_01,200
95,예울마루 개관 10주년 기념 프린지 콘서트 및 야외 영화제,기타,기획,,무료,500,0,2022,9,15,정상,220913_01,300
96,예울마루 개관 10주년 기념 음악회,공연,기획,클래식,무료,936,0,2022,9,16,정상,220916_01,619
97,예울마루 개관 10주년 기념 G콘서트,기타,기획,,무료,1300,0,2022,9,17,정상,220917_01,1300
98,IYAGI 퓨전공연 출두요!,공연,대관,기타,유료,298,294,2022,9,18,정상,220918_01,4
99,헤럴드경제.남도일보 가을콘서트 “The Magic”,공연,대관,대중,유료,1009,490,2022,9,20,정상,220920_01,10
100,국립발레단 전막 발레 <백조의 호수>,공연,기획,발레/연극,유료,936,695,2022,9,23,정상,220923_01,34
101,국립발레단 전막 발레 <백조의 호수>,공연,기획,발레/연극,유료,936,706,2022,9,24,정상,220923_01,40
102,연극 <갈매기>,공연,기획,발레/연극,유료,936,55,2022,9,29,정상,220929_01,115
103,연극 <갈매기>,공연,기획,발레/연극,유료,936,69,2022,9,30,정상,220929_01,124
104,박준영 독창회,공연,대관,클래식,무료,298,0,2022,9,30,정상,220930_01,139
106,양성원&엔리코 파체 듀오 리사이틀,공연,기획,클래식,유료,936,147,2022,10,1,정상,221001_01,29
107,뮤지컬쇼 <핑크퐁과 아기상어의 월드투어쇼>,공연,기획,어린이·가족,유료,936,881,2022,10,6,정상,221006_01,10
108,뮤지컬쇼 <핑크퐁과 아기상어의 월드투어쇼>,공연,기획,어린이·가족,유료,936,430,2022,10,6,정상,221006_01,10
109,뮤지컬쇼 <핑크퐁과 아기상어의 월드투어쇼>,공연,기획,어린이·가족,유료,936,790,2022,10,7,정상,221006_01,30
110,뮤지컬쇼 <핑크퐁과 아기상어의 월드투어쇼>,공연,기획,어린이·가족,유료,936,302,2022,10,7,정상,221006_01,14
111,뮤지컬쇼 <핑크퐁과 아기상어의 월드투어쇼>,공연,기획,어린이·가족,유료,936,433,2022,10,8,정상,221006_01,10
112,뮤지컬쇼 <핑크퐁과 아기상어의 월드투어쇼>,공연,기획,어린이·가족,유료,936,415,2022,10,8,정상,221006_01,10
113,제2회 플루트인 정기연주회,공연,대관,클래식,유료,298,174,2022,10,8,정상,221008_01,4
114,제11회 유진오케스트라 정기연주회,공연,대관,클래식,유료,668,533,2022,10,9,정상,221009_01,10
115,제46회 여수예술제,공연,대관,클래식,무료,668,0,2022,10,11,정상,221011_01,607
116,2022 예울마루 실내악페스티벌 렉쳐콘서트,공연,기획,클래식,무료,298,0,2022,10,13,정상,221013_01,40
117,2022 예울마루 실내악페스티벌,공연,기획,클래식,유료,936,74,2022,10,14,정상,221014_01,33
118,2022 예울마루 실내악페스티벌,공연,기획,클래식,유료,936,76,2022,10,15,정상,221014_01,48
119,2022 예울마루 실내악페스티벌,공연,기획,클래식,유료,936,74,2022,10,15,정상,221014_01,106
120,2022 예울마루 실내악페스티벌,공연,기획,클래식,유료,936,55,2022,10,16,정상,221014_01,94
121,1948 그날의 기억 <침묵>,공연,대관,클래식,무료,936,0,2022,10,19,정상,221019_01,651
122,1948 그날의 기억 <침묵>,공연,대관,클래식,무료,936,0,2022,10,20,정상,221019_01,676
123,한국음악협회 여수지부 가을밤의세레나데,공연,대관,클래식,유료,298,177,2022,10,21,정상,221021_01,4
124,신비아파트 뮤지컬 시즌5：감염된 도시의 비밀,공연,대관,뮤지컬,유료,936,340,2022,10,22,정상,221022_01,10
125,신비아파트 뮤지컬 시즌5：감염된 도시의 비밀,공연,대관,뮤지컬,유료,936,270,2022,10,22,정상,221022_01,10
126,신비아파트 뮤지컬 시즌5：감염된 도시의 비밀,공연,대관,뮤지컬,유료,936,290,2022,10,22,정상,221022_01,10
127,신비아파트 뮤지컬 시즌5：감염된 도시의 비밀,공연,대관,뮤지컬,유료,936,249,2022,10,23,정상,221022_01,10
128,신비아파트 뮤지컬 시즌5：감염된 도시의 비밀,공연,대관,뮤지컬,유료,936,290,2022,10,23,정상,221022_01,10
129,여수시립국악단 정기공연,공연,대관,기타,유료,668,476,2022,10,27,정상,221027_01,10
130,"쉼표, 잠시 쉬었다 가도 괜찮아",공연,대관,클래식,무료,298,0,2022,10,29,정상,221029_01,132
,여수필하모닉오케스트라 제34회 정기연주회 송년음악회 실내악시리즈 Ⅲ,연기,연기,,연기,,0,2022,11,1,취소공연,221101_01,0
131,2022 최현우 <THE BRAIN>,공연,대관,뮤지컬,유료,936,700,2022,11,5,정상,221105_01,10
132,2022 최현우 <THE BRAIN>,공연,대관,뮤지컬,유료,936,460,2022,11,5,정상,221105_01,25
135,2022년 희망에너지교실 친환경 창착연극,공연,대관,발레/연극,무료,298,0,2022,11,5,정상,221105_02,298
133,2022 최현우 <THE BRAIN>,공연,대관,뮤지컬,유료,936,580,2022,11,6,정상,221105_01,24
134,2022 최현우 <THE BRAIN>,공연,대관,뮤지컬,유료,936,330,2022,11,6,정상,221105_01,40
136,손양원목사 순교 72주기 기념 <The 사랑 Concert>,공연,대관,클래식,유료,999,469,2022,11,8,정상,221108_01,10
137,여수시립합창단 제81회 정기연주회 하이든 천지창조,공연,대관,클래식,유료,936,490,2022,11,10,정상,221110_01,10
138,뮤지컬 <포파이>,공연,기획,뮤지컬,유료,298,264,2022,11,11,정상,221111_01,16
139,뮤지컬 <포파이>,공연,기획,뮤지컬,유료,298,65,2022,11,11,정상,221111_01,13
140,뮤지컬 <포파이>,공연,기획,뮤지컬,유료,298,89,2022,11,12,정상,221111_01,13
141,뮤지컬 <포파이>,공연,기획,뮤지컬,유료,298,91,2022,11,12,정상,221111_01,13
142,JOY OF PERCUSSION 꿈다락 4회 정기연주회,공연,대관,클래식,유료,936,114,2022,11,12,정상,221112_01,10
143,심포니 오브 메이플 스토리,공연,대관,클래식,유료,936,597,2022,11,13,정상,221113_01,10
144,전남 CBS 가족과 함께하는 감사잔치 <바리톤 고성현 콘서트>,공연,대관,대중,무료,298,0,2022,11,15,정상,221115_01,298
145,CTS 전남방송 개국 18주년 기념 <가을음악회>,공연,대관,클래식,무료,926,,2022,11,17,정상,221117_01,493
146,YB TOUR LIGHTS,공연,대관,대중,유료,999,905,2022,11,19,정상,221119_01,30
148,김선미 waa 판 세번째 여류지화,공연,대관,기타,유료,298,224,2022,11,19,정상,221119_02,4
147,YB TOUR LIGHTS,공연,대관,대중,유료,999,772,2022,11,20,정상,221119_01,50
149,CY오케스트라 제2회 정기연주회,공연,대관,클래식,유료,298,177,2022,11,20,정상,221120_01,4
150,한국음악협회 여수지부 정기연주회,공연,대관,클래식,유료,926,154,2022,11,22,정상,221122_01,10
151,조미숙 독창회,공연,대관,클래식,유료,926,,2022,11,24,정상,221124_01,429
152,그레이트 서울 인베이전 전국투어 콘서트,공연,대관,대중,유료,926,350,2022,11,26,정상,221126_01,10
153,야망춘향,공연,대관,기타,유료,298,,2022,11,26,정상,221126_02,298
154,영재오케스트라 정기연주회,공연,대관,클래식,유료,926,,2022,11,27,정상,221127_01,528
155,뮤지컬 <킹키부츠>,공연,기획,뮤지컬,유료,983,962,2022,12,3,정상,221203_01,10
156,뮤지컬 <킹키부츠>,공연,기획,뮤지컬,유료,983,974,2022,12,3,정상,221203_01,12
157,뮤지컬 <킹키부츠>,공연,기획,뮤지컬,유료,983,905,2022,12,4,정상,221203_01,0
158,뮤지컬 <킹키부츠>,공연,기획,뮤지컬,유료,983,905,2022,12,4,정상,221203_01,0
159,여수필하모닉오케스트라 제34회 정기연주회 송년음악회 실내악시리즈 Ⅲ,공연,대관,클래식,무료,302,0,2022,12,6,정상,221101_01,223
160,박준영변호사 초청 토크콘서트,기타,대관,,무료,294,0,2022,12,7,정상,221207_01,0
161,브런치콘서트 <크리스마스 첼로의 성가>,공연,기획,클래식,유료,936,731,2022,12,8,정상,221208_01,14
162,신혜미 가야금 독주회,공연,대관,클래식,무료,302,0,2022,12,11,정상,221211_01,123
163,교원교향악단 제14회 정기연주회,공연,대관,클래식,무료,936,0,2022,12,13,정상,221213_01,576
164,섬&사람 마음을 잇다,공연,대관,클래식,유료,936,417,2022,12,15,정상,221215_01,10
177,THE BEGINNING 제8회 여수클래식 영재육성을 위한 음악회,공연,대관,클래식,무료,936,0,2022,12,16,정상,221216_01,223
165,국민연극「라이어2탄 : 그후20년」,공연,기획,발레/연극,유료,302,263,2022,12,16,정상,221216_02,4
166,국민연극「라이어2탄 : 그후20년」,공연,기획,발레/연극,유료,302,197,2022,12,17,정상,221216_02,4
,국민연극「라이어2탄 : 그후20년」,공연,기획,,유료,302,154,2022,12,17,정상,221217_01,4
167,국민연극「라이어2탄 : 그후20년」,공연,기획,발레/연극,유료,302,178,2022,12,18,정상,221216_02,6
178,히사이시조 영화음악 콘서트,공연,대관,대중,유료,1001,920,2022,12,18,정상,221218_01,10
179,히사이시조 영화음악 콘서트,공연,대관,대중,유료,1001,916,2022,12,18,정상,221218_01,10
168,국민연극「라이어2탄 : 그후20년」,공연,기획,발레/연극,유료,302,295,2022,12,20,정상,221216_02,5
169,국민연극「라이어2탄 : 그후20년」,공연,기획,발레/연극,유료,302,291,2022,12,21,정상,221216_02,5
180,2022 여수시립예술단 송년음악회,공연,대관,클래식,유료,936,387,2022,12,21,정상,221221_01,10
170,국민연극「라이어2탄 : 그후20년」,공연,기획,발레/연극,유료,302,281,2022,12,22,정상,221216_02,4
171,국민연극「라이어2탄 : 그후20년」,공연,기획,발레/연극,유료,302,290,2022,12,22,정상,221216_02,4
172,국민연극「라이어2탄 : 그후20년」,공연,기획,발레/연극,유료,302,282,2022,12,23,정상,221216_02,4
181,크리스마스 재즈 나잇 CHRISTMAS JAZZ NIGHT,공연,기획,클래식,유료,1001,866,2022,12,24,정상,221224_01,21
173,국민연극「라이어2탄 : 그후20년」,공연,기획,발레/연극,유료,302,256,2022,12,24,정상,221216_02,4
174,국민연극「라이어2탄 : 그후20년」,공연,기획,발레/연극,유료,302,227,2022,12,24,정상,221216_02,4
175,국민연극「라이어2탄 : 그후20년」,공연,기획,발레/연극,유료,302,283,2022,12,25,정상,221216_02,7
182,가족오페라 '신콩쥐',공연,대관,클래식,유료,700,343,2022,12,30,정상,221230_01,10
183,박성언의 음악식당 연말콘서트,공연,대관,대중,무료,302,0,2022,12,30,정상,221230_02,298
184,김현철의 유쾌한 오케스트라,공연,대관,클래식,유료,1001,513,2022,12,31,정상,221231_01,10
185,김현철의 유쾌한 오케스트라,공연,대관,클래식,유료,1001,460,2022,12,31,정상,221231_01,10
186,하모나이즈 콘서트 The SHOWCHOIR,공연,대관,대중,유료,936,226,2023,1,13,정상,230113_01,32
187,2023 신년음악회,공연,기획,클래식,유료,936,755,2023,1,19,정상,230119_01,30
188,제6회 청소년 플룻 앙상블 정기연주회,공연,대관,클래식,유료,298,214,2023,2,11,정상,230211_01,4
189,2023 이은미 여수 콘서트 녹턴,공연,대관,대중,유료,936,502,2023,2,12,정상,230212_01,138
190,2023 여수오케스트라 정기연주회,공연,대관,클래식,무료,298,0,2023,2,16,정상,230216_01,238
191,한세페다고지 연구회와 함께하는 콩쿠르 릴레이 콘서트,공연,대관,대중,무료,298,0,2023,2,17,정상,230217_01,187
192,제3회 전남동부극동방송 어린이합창단 정기연주회,공연,대관,어린이·가족,무료,936,0,2023,2,18,정상,230218_01,732
193,뮤지컬 <알사탕>,공연,대관,어린이·가족,유료,936,150,2023,3,3,정상,230303_01,10
194,뮤지컬 <알사탕>,공연,대관,어린이·가족,유료,936,270,2023,3,4,정상,230303_01,10
195,뮤지컬 <알사탕>,공연,대관,어린이·가족,유료,936,275,2023,3,4,정상,230303_01,10
196,뮤지컬 <알사탕>,공연,대관,어린이·가족,유료,936,268,2023,3,4,정상,230303_01,10
197,뮤지컬 <알사탕>,공연,대관,어린이·가족,유료,936,212,2023,3,5,정상,230303_01,10
198,뮤지컬 <알사탕>,공연,대관,어린이·가족,유료,936,200,2023,3,5,정상,230303_01,10
200,뮤지컬 <알사탕>,공연,대관,어린이·가족,유료,936,202,2023,3,5,정상,230303_01,10
201,2023 남진 60주년 콘서트,공연,대관,대중,유료,1009,799,2023,3,18,정상,230318_01,10
202,2023 남진 60주년 콘서트,공연,대관,대중,유료,1009,747,2023,3,18,정상,230318_01,94
203,프란츠 리스트에게의 헌정 : 이별 홍은혜 피아노 독주회,공연,대관,클래식,무료,298,0,2023,3,18,정상,230318_02,78
204,"브런치콘서트 <미술 속 음악 이야기 - 프리다칼로, 자클린 뒤 프레를 만나다>",공연,기획,클래식,유료,668,501,2023,3,23,정상,230323_01,12
205,바이올리니스트 서주회와 함께하는 제1회 여수 영아티스트 연주회,공연,대관,클래식,무료,298,0,2023,3,25,정상,230325_01,190
206,여수시 개항 100주년 기념 뮤지컬 1598 여수밤바다,공연,대관,뮤지컬,무료,936,0,2023,3,31,정상,230331_01,615
207,여수시 개항 100주년 기념 뮤지컬 1598 여수밤바다,공연,대관,뮤지컬,무료,936,0,2023,4,1,정상,230331_01,513
208,여수시 개항 100주년 기념 뮤지컬 1598 여수밤바다,공연,대관,뮤지컬,무료,936,0,2023,4,1,정상,230331_01,678
209,히사이시 조 영화음악 콘서트,공연,대관,대중,유료,936,712,2023,4,2,정상,230402_01,45
210,뮤지컬 <브로드웨이42번가>,공연,기획,뮤지컬,유료,989,728,2023,4,7,정상,230407_01,18
211,뮤지컬 <브로드웨이42번가>,공연,기획,뮤지컬,유료,989,769,2023,4,8,정상,230407_01,18
212,뮤지컬 <브로드웨이42번가>,공연,기획,뮤지컬,유료,989,740,2023,4,8,정상,230407_01,14
213,뮤지컬 <브로드웨이42번가>,공연,기획,뮤지컬,유료,989,640,2023,4,9,정상,230407_01,30
214,열린심포니오케스트라 제18회 정기연주회,공연,대관,클래식,무료,936,0,2023,4,11,정상,230411_01,618
215,한국음악협회 여수지부 신춘음악회,공연,대관,클래식,무료,298,0,2023,4,13,정상,230413_01,156
216,시크릿쥬쥬 별의여신 뮤지컬 시즌3 : 마지막 콘서트,공연,대관,대중,유료,936,232,2023,4,15,정상,230415_01,10
217,시크릿쥬쥬 별의여신 뮤지컬 시즌3 : 마지막 콘서트,공연,대관,대중,유료,936,209,2023,4,15,정상,230415_01,10
218,시크릿쥬쥬 별의여신 뮤지컬 시즌3 : 마지막 콘서트,공연,대관,대중,유료,936,168,2023,4,15,정상,230415_01,10
219,시크릿쥬쥬 별의여신 뮤지컬 시즌3 : 마지막 콘서트,공연,대관,대중,유료,936,214,2023,4,16,정상,230415_01,10
220,시크릿쥬쥬 별의여신 뮤지컬 시즌3 : 마지막 콘서트,공연,대관,대중,유료,936,228,2023,4,16,정상,230415_01,10
221,한치윤&김꽃비 듀오리사이틀,공연,대관,클래식,유료,298,218,2023,4,15,정상,230415_02,4
222,여수시립합창단 제83회 정기연주회 봄내음 가득 오페라 속으로,공연,대관,클래식,유료,936,613,2023,4,20,정상,230420_01,10
223,뮤지컬 <장수탕 선녀님>,공연,기획,뮤지컬,유료,936,872,2023,4,27,정상,230427_01,9
224,뮤지컬 <장수탕 선녀님>,공연,기획,뮤지컬,유료,936,523,2023,4,27,정상,230427_01,6
225,"흥보, 그 삶의 무게와 꿈",공연,대관,기타,유료,298,152,2023,4,27,정상,230427_02,0
226,뮤지컬 <장수탕 선녀님>,공연,기획,뮤지컬,유료,936,784,2023,4,28,정상,230427_01,48
227,뮤지컬 <장수탕 선녀님>,공연,기획,뮤지컬,유료,936,277,2023,4,28,정상,230427_01,10
228,뮤지컬 <장수탕 선녀님>,공연,기획,뮤지컬,유료,936,555,2023,4,29,정상,230427_01,19
229,뮤지컬 <장수탕 선녀님>,공연,기획,뮤지컬,유료,936,620,2023,4,29,정상,230427_01,13
230,2023 김창옥 토크 콘서트_여수,공연,대관,대중,유료,1009,799,2023,5,6,정상,230506_01,10
231,2023 김창옥 토크 콘서트_여수,공연,대관,대중,유료,1009,636,2023,5,6,정상,230506_01,25
232,김수연 명창과 함께하는 효 큰잔치,공연,대관,기타,무료,936,0,2023,5,9,정상,230509_01,278
,명사특강,특강,대관,,무료,298,0,2023,5,9,정상,230509_02,0
233,집중력 향상을 위한 <실험실 콘서트>,공연,기획,클래식,유료,936,320,2023,5,19,정상,230519_01,10
234,집중력 향상을 위한 <실험실 콘서트>,공연,기획,클래식,유료,936,281,2023,5,19,정상,230519_01,22
235,제12회 정기연주회 낭만주의 거장 차이코프스키&드보르작,공연,대관,클래식,유료,936,653,2023,5,25,정상,230525_01,10
236,EBS 최고다 호기심 딱지,공연,대관,뮤지컬,유료,668,392,2023,5,27,정상,230527_01,10
237,EBS 최고다 호기심 딱지,공연,대관,뮤지컬,유료,668,362,2023,5,27,정상,230527_01,10
238,EBS 최고다 호기심 딱지,공연,대관,뮤지컬,유료,668,338,2023,5,27,정상,230527_01,10
239,EBS 최고다 호기심 딱지,공연,대관,뮤지컬,유료,668,373,2023,5,28,정상,230527_01,10
240,EBS 최고다 호기심 딱지,공연,대관,뮤지컬,유료,668,475,2023,5,28,정상,230527_01,10
242,뮤지컬 <여신님이 보고 계셔> 10th Anniversary,공연,대관,뮤지컬,유료,965,254,2023,6,2,정상,230602_01,10
243,이음 스트링 챔버오케스트라 제4회 저익연주회 낭만을 꽃피우다,공연,대관,클래식,유료,298,182,2023,6,2,정상,230602_02,4
244,뮤지컬 <여신님이 보고 계셔> 10th Anniversary,공연,대관,뮤지컬,유료,965,233,2023,6,3,정상,230602_01,10
245,뮤지컬 <여신님이 보고 계셔> 10th Anniversary,공연,대관,뮤지컬,유료,965,280,2023,6,3,정상,230602_01,10
246,뮤지컬 <여신님이 보고 계셔> 10th Anniversary,공연,대관,뮤지컬,유료,965,255,2023,6,5,정상,230602_01,10
,2023 A-T 여수 고교학점제 선도지구 고교학점제&대학입시 진로특강,특강,대관,,무료,298,0,2023,6,9,정상,230609_01,0
247,국립발레단 <지젤>,공연,기획,발레/연극,유료,1009,688,2023,6,9,정상,230609_02,27
248,국립발레단 <지젤>,공연,기획,발레/연극,유료,1009,756,2023,6,10,정상,230609_02,26
249,더비기닝 제9회 여수클래식영재육성을위한음악회,공연,대관,클래식,무료,668,0,2023,6,13,정상,230613_01,211
250,2023 제8회 여수에코국제음악제,공연,대관,클래식,무료,298,0,2023,6,15,정상,230615_01,265
251,2023 제8회 여수에코국제음악제,공연,대관,클래식,유료,936,692,2023,6,16,정상,230615_01,10
252,2023 여수교육지원청 WEE센터 가족프로그램 목각인형극,공연,대관,발레/연극,무료,298,0,2023,6,17,정상,230617_01,298
253,2023 제8회 여수에코국제음악제,공연,대관,클래식,유료,936,571,2023,6,17,정상,230615_01,10
254,2023 제8회 여수에코국제음악제,공연,대관,클래식,유료,936,594,2023,6,18,정상,230615_01,10
255,브런치콘서트 <OST Classic>,공연,기획,클래식,유료,818,766,2023,6,22,정상,230622_01,29
256,세르게이 도렌스키 메모리얼 콘서트 : 2023 여수,공연,대관,대중,무료,298,0,2023,6,23,정상,230623_01,44
257,2023 조항조&진성 앙상블콘서트,공연,대관,클래식,유료,983,653,2023,6,24,정상,230624_01,80
258,2023 조항조&진성 앙상블콘서트,공연,대관,클래식,유료,983,607,2023,6,24,정상,230624_01,118
259,제1회 류가연 가야금 독주회,공연,대관,클래식,무료,298,0,2023,6,24,정상,230624_02,150
260,뮤직스토리 인 앙상블여수,공연,대관,클래식,유료,298,298,2023,6,25,정상,230625_01,0
261,강금화 피아노 독주회,공연,대관,클래식,유료,298,136,2023,6,30,정상,230630_01,4
262,제4회 가야금 앙상블 뜰연 정기연주회 더하다 + Add,공연,대관,클래식,유료,298,83,2023,7,8,정상,230708_01,4
,명사특강,특강,대관,,무료,298,0,2023,7,13,정상,230509_02,0
263,제4회 위드유앙상블 정기연주회 ROMANCE IN RUSSIAN MUSIC,공연,대관,클래식,유료,298,161,2023,7,14,정상,230714_01,4
264,NEW 뮤지컬 미니특공대 브이레인저스,공연,대관,뮤지컬,유료,981,231,2023,7,22,정상,230722_01,10
265,NEW 뮤지컬 미니특공대 브이레인저스,공연,대관,뮤지컬,유료,981,471,2023,7,22,정상,230722_01,10
266,NEW 뮤지컬 미니특공대 브이레인저스,공연,대관,뮤지컬,유료,981,174,2023,7,22,정상,230722_01,10
267,WALD 오케스트라와 함께하는 청소년 유망신예 협연의 밤,공연,대관,클래식,유료,298,194,2023,7,22,정상,230722_02,4
268,NEW 뮤지컬 미니특공대 브이레인저스,공연,대관,뮤지컬,유료,981,210,2023,7,23,정상,230722_01,10
269,NEW 뮤지컬 미니특공대 브이레인저스,공연,대관,뮤지컬,유료,981,238,2023,7,23,정상,230722_01,10
270,2023 늘봄학교 여름방학 문화예술체험 <잠자는 숲 속의 공주> 목각인형극,공연,대관,발레/연극,무료,298,0,2023,8,5,정상,230805_01,234
271,신카이 마코토 영화음악 콘서트－여수,공연,대관,대중,유료,936,495,2023,8,12,정상,230812_01,32
272,류희윤 바이올린 독주회,공연,대관,클래식,무료,298,0,2023,8,17,정상,230817_01,268
,희망에너지 발표회,기타,기타,,,,0,2023,8,19,정상,230810_01,0
273,CHEER UP! 청춘 FIRST SERIES SPARKULOUS,공연,대관,클래식,,298,0,2023,8,20,정상,230820_01,41
274,헬로!오페라 <마술피리>,공연,기획,클래식,유료,936,885,2023,8,26,정상,230826_01,50
275,해설이 있는 오페라 갈라콘서트 '리골레토',공연,대관,클래식,유료,936,539,2023,8,31,정상,230831_01,10
276,연극 <서교동에서 죽다>,공연,기획,발레/연극,유료,218,140,2023,9,1,정상,230901_01,90
277,‘바리톤 이중현의 여수! 그리고 1948 그날의 노래’,공연,대관,클래식,유료,936,574,2023,9,1,정상,230901_02,10
278,연극 <서교동에서 죽다>,공연,기획,발레/연극,유료,218,179,2023,9,2,정상,230901_01,103
279,연극 <서교동에서 죽다>,공연,기획,발레/연극,유료,218,134,2023,9,2,정상,230901_01,96
280,KBS교향악단과 함께하는 제7회 여수음악제 개막연주회 - 정명훈의 ‘브루크너’,공연,대관,클래식,유료,936,494,2023,9,2,정상,230902_01,374
281,세상에서 가장 작은 오케스트라,공연,대관,클래식,유료,298,152,2023,9,3,정상,230903_01,4
282,KBS교향악단과 함께하는 제7회 여수음악제 특별연주회 - 정트리오 ‘세기의 거장들’,공연,대관,클래식,유료,936,468,2023,9,3,정상,230903_02,258
283,KBS교향악단과 함께하는 제7회 여수음악제 실내악 시리즈 1 - 색소포니스트 브랜든 최의 ‘Golden Night’,공연,대관,클래식,유료,298,133,2023,9,6,정상,230906_01,93
284,KBS교향악단과 함께하는 제7회 여수음악제 실내악 시리즈 2 - 테너 존노의 ‘그리움’,공연,대관,클래식,유료,298,237,2023,9,7,정상,230907_01,64
285,KBS교향악단과 함께하는 제7회 여수음악제 실내악 시리즈 3 - Quartet FINALLY의 ‘황제’,공연,대관,클래식,유료,298,164,2023,9,8,정상,230908_01,106
286,KBS교향악단과 함께하는 제7회 여수음악제 폐막연주회 - Music Exhibition,공연,대관,클래식,유료,936,359,2023,9,9,정상,230909_01,452
287,가족뮤지컬 <이상한 엄마>,공연,기획,어린이·가족,유료,936,732,2023,9,14,정상,230914_01,22
288,가족뮤지컬 <이상한 엄마>,공연,기획,어린이·가족,유료,936,735,2023,9,14,정상,230914_01,9
289,서주희X김동준 듀오 콘서트,공연,대관,대중,유료,298,287,2023,9,14,정상,230914_02,4
290,가족뮤지컬 <이상한 엄마>,공연,기획,어린이·가족,유료,936,733,2023,9,15,정상,230914_01,24
291,가족뮤지컬 <이상한 엄마>,공연,기획,어린이·가족,유료,936,324,2023,9,15,정상,230914_01,10
292,가족뮤지컬 <이상한 엄마>,공연,기획,어린이·가족,유료,936,557,2023,9,16,정상,230914_01,12
293,가족뮤지컬 <이상한 엄마>,공연,기획,어린이·가족,유료,936,669,2023,9,16,정상,230914_01,0
294,"건반과 현의 조화, 트라움 실내악 콘서트",공연,대관,클래식,무료,298,0,2023,9,16,정상,230916_01,209
295,여수필하모닉오케스트라 제35회 정기연주회,공연,대관,클래식,무료,936,0,2023,9,19,정상,230919_01,294
296,브런치콘서트 <미술 속 음악 이야기 - 고흐 vs 고갱>,공연,기획,클래식,유료,936,626,2023,9,21,정상,230921_01,56
297,Y-BRASS 제3회 정기연주회,공연,대관,클래식,유료,298,244,2023,9,23,정상,230923_01,4
298,히사이시 조 영화음악 콘서트 2023_여수 앙코르,공연,대관,대중,유료,936,774,2023,9,24,정상,230924_01,24
299,아름다운 중소기업 나눔콘서트,공연,대관,대중,무료,936,0,2023,10,5,정상,231005_01,529
300,첼리스트 서지수의 TANGO WITH ME,공연,대관,클래식,무료,298,0,2023,10,6,정상,231006_01,170
301,JOY OF PERCUSSION 제7회 정기연주회,공연,대관,클래식,무료,936,0,2023,10,7,정상,231007_01,138
302,2023 예울마루 야외콘서트,공연,기획,대중,무료,,0,2023,10,7,정상,231007_02,500
303,2023여수재즈페스티벌,공연,대관,대중,무료,936,0,2023,10,8,정상,231008_01,747
304,제47회 여수예술제,공연,대관,클래식,무료,936,0,2023,10,10,정상,231010_01,488
305,10월 그대와 함께 꿈꾸는 희망,공연,대관,클래식,무료,936,0,2023,10,11,정상,231011_01,334
306,2023 예울마루 실내악 페스티벌,공연,기획,클래식,유료,668,72,2023,10,12,정상,231012_01,85
307,2023 예울마루 실내악 페스티벌,공연,기획,클래식,유료,668,100,2023,10,13,정상,231012_01,195
308,가을밤의 세레나데,공연,대관,클래식,무료,298,0,2023,10,14,정상,231014_01,162
309,2023 예울마루 실내악 페스티벌,공연,기획,클래식,유료,668,140,2023,10,14,정상,231012_01,273
310,2023 예울마루 실내악 페스티벌,공연,기획,클래식,유료,668,60,2023,10,15,정상,231012_01,202
311,창작오페라 침묵 '바다에 핀 동백',공연,대관,클래식,무료,936,0,2023,10,18,정상,231018_01,810
312,창작오페라 침묵 '바다에 핀 동백',공연,대관,클래식,무료,936,0,2023,10,19,정상,231018_01,936
313,선우예권 피아노 리사이틀,공연,기획,클래식,유료,989,381,2023,10,20,정상,231020_01,24
314,양성원&엔리코파체 듀오 리사이틀,공연,기획,클래식,유료,298,115,2023,10,21,정상,231021_01,22
315,손양원목사 순교 73주기 기념 콘서트,공연,대관,클래식,무료,1009,0,2023,10,21,정상,231021_02,709
316,제12회 한독국제교류 유진청소년 정기연주회,공연,대관,클래식,유료,936,474,2023,10,22,정상,231022_01,10
317,여수시립국악단 제43회 정기공연 '조우',공연,대관,기타,유료,936,352,2023,10,26,정상,231026_01,10
318,뮤지컬 <포파이>,공연,기획,뮤지컬,유료,298,170,2023,10,28,정상,231028_01,26
319,뮤지컬 <포파이>,공연,기획,뮤지컬,유료,298,106,2023,10,28,정상,231028_01,30
320,2023 이승철 전국투어 콘서트: RETRO Night,공연,대관,대중,유료,961,937,2023,10,28,정상,231028_02,10
321,루미아플룻콰이어,공연,대관,클래식,무료,298,0,2023,10,29,정상,231029_01,94
322,2023. 제10회 전남학교예술페스티벌,공연,대관,클래식,무료,936,0,2023,10,31,정상,231031_01,1059
323,2023. 제10회 전남학교예술페스티벌,공연,대관,클래식,무료,936,0,2023,11,1,정상,231031_01,546
324,2023. 제10회 전남학교예술페스티벌,공연,대관,클래식,무료,936,0,2023,11,2,정상,231031_01,778
325,2023. 제10회 전남학교예술페스티벌,공연,대관,기타,무료,298,0,2023,11,3,정상,231031_01,202
326,뮤지컬 <고고다이노 고고킹의 귀환>,공연,대관,뮤지컬,유료,936,350,2023,11,4,정상,231104_01,19
327,뮤지컬 <고고다이노 고고킹의 귀환>,공연,대관,뮤지컬,유료,936,286,2023,11,4,정상,231104_01,28
328,여수시민오케스트라 제7회 정기연주회,공연,대관,클래식,무료,298,0,2023,11,4,정상,231104_02,298
329,뮤지컬 <고고다이노 고고킹의 귀환>,공연,대관,뮤지컬,유료,936,313,2023,11,5,정상,231104_01,27
330,뮤지컬 <고고다이노 고고킹의 귀환>,공연,대관,뮤지컬,유료,936,303,2023,11,5,정상,231104_01,32
331,2023 졸업무대 창의학교 전남,공연,대관,기타,무료,298,0,2023,11,5,정상,231105_01,175
332,CTS전남방송 개국 19주년 기념 감사콘서트,공연,대관,대중,무료,1009,0,2023,11,7,정상,231107_01,543
333,제9회 여수학생오케스트라 페스티벌,공연,대관,클래식,무료,936,0,2023,11,8,정상,231108_01,924
334,제9회 여수학생오케스트라 페스티벌,공연,대관,클래식,무료,936,0,2023,11,9,정상,231108_01,936
335,세종솔로이스츠와 이안보스트리지의 <일뤼미나시옹>,공연,기획,클래식,유료,936,232,2023,11,10,정상,231110_01,94
336,파파스 10주년 기념 연주회,공연,대관,클래식,무료,298,0,2023,11,11,정상,231111_01,247
337,2023 이승환 콘서트 <이상한 이승환>,공연,대관,대중,유료,936,644,2023,11,11,정상,231111_02,10
338,String Octet Ensemble,공연,대관,클래식,무료,298,0,2023,11,12,정상,231112_01,93
339,에코국제음악제아티스트시리즈,공연,대관,클래식,무료,298,0,2023,11,14,정상,231114_01,102
,명사특강,공연,대관,기타,무료,298,0,2023,11,15,정상,230509_02,0
340,뮤지컬 <그래비티 스페이스>,공연,기획,어린이·가족,유료,100,85,2023,11,17,정상,231117_01,5
341,뮤지컬 <그래비티 스페이스>,공연,기획,어린이·가족,유료,100,104,2023,11,17,정상,231117_01,0
342,뮤지컬 <그래비티 스페이스>,공연,기획,어린이·가족,유료,100,61,2023,11,17,정상,231117_01,5
,성악아카데미 발표회,교육,대관,,무료,,0,2023,11,17,정상,231117_02,0
343,뮤지컬 <그래비티 스페이스>,공연,기획,어린이·가족,유료,100,114,2023,11,18,정상,231117_01,0
344,뮤지컬 <그래비티 스페이스>,공연,기획,어린이·가족,유료,100,89,2023,11,18,정상,231117_01,18
345,뮤지컬 <그래비티 스페이스>,공연,기획,어린이·가족,유료,100,104,2023,11,18,정상,231117_01,10
346,애양청소년오케스트라,공연,대관,클래식,무료,298,0,2023,11,18,정상,231118_01,258
347,주현주 네 번째 소리판 춘향가 2 - 節槪,공연,대관,기타,무료,298,0,2023,11,19,정상,231119_01,117
348,허영만 토크 콘서트,공연,대관,대중,무료,294,0,2023,11,24,정상,231124_01,298
349,뮤지컬 <맘마미아>,공연,기획,뮤지컬,유료,936,901,2023,11,24,정상,231124_02,17
350,뮤지컬 <맘마미아>,공연,기획,뮤지컬,유료,936,889,2023,11,25,정상,231124_02,15
351,뮤지컬 <맘마미아>,공연,기획,뮤지컬,유료,936,837,2023,11,25,정상,231124_02,27
352,뮤지컬 <맘마미아>,공연,기획,뮤지컬,유료,936,924,2023,11,26,정상,231124_02,14
353,전남동부극동방송 여성합창단 제3회 정기연주회,공연,대관,클래식,무료,936,0,2023,11,28,정상,231128_01,548
354,YWCA여성합창단,공연,대관,클래식,유료,936,520,2023,11,30,정상,231130_01,10
355,2023 지역예술인페스티벌,공연,기획,클래식,유료,298,174,2023,11,30,정상,231130_02,6
356,2023 지역예술인페스티벌,공연,기획,클래식,유료,298,187,2023,12,2,정상,231130_02,4
357,송승환의 오리지널 '난타',공연,대관,뮤지컬,유료,936,494,2023,12,2,정상,231202_01,10
358,송승환의 오리지널 '난타',공연,대관,뮤지컬,유료,936,324,2023,12,2,정상,231202_01,10
359,송승환의 오리지널 '난타',공연,대관,뮤지컬,유료,936,361,2023,12,3,정상,231202_01,10
360,송승환의 오리지널 '난타',공연,대관,뮤지컬,유료,936,153,2023,12,3,정상,231202_01,10
361,클래식기타 듀오 폴리포니 갈라콘서트,공연,대관,대중,유료,298,34,2023,12,3,정상,231203_01,4
362,여수시립예술단 2023 송년음악회 ‘섬섬여수’,공연,대관,클래식,유료,936,677,2023,12,7,정상,231207_01,10
363,제9회 지역예술인재 콘서트 '네 꿈에 날개를',공연,대관,대중,무료,298,0,2023,12,8,정상,231208_01,142
364,환경음악제(자연과 인간의 공존) 지리산 사계,공연,대관,클래식,무료,936,0,2023,12,9,정상,231209_01,235
365,앙상블보니 크리스마스 기획공연 ‘호두까기 인형’,공연,대관,클래식,유료,298,207,2023,12,10,정상,231210_01,4
366,여수하트오케스트라,공연,대관,클래식,무료,298,0,2023,12,12,정상,231212_01,186
367,브런치콘서트 'Christmas Classic',공연,기획,클래식,유료,936,871,2023,12,14,정상,231214_01,41
368,제48회 한국음악협회 여수지부 정기연주회,공연,대관,클래식,무료,936,0,2023,12,14,정상,231214_02,186
369,연극 <옥탑방 고양이>,공연,기획,발레/연극,유료,298,287,2023,12,15,정상,231215_01,5
370,연극 <옥탑방 고양이>,공연,기획,발레/연극,유료,298,142,2023,12,16,정상,231215_01,4
371,연극 <옥탑방 고양이>,공연,기획,발레/연극,유료,298,115,2023,12,16,정상,231215_01,4
372,여수영재교육원 오케스트라 정기연주회,공연,대관,클래식,무료,936,0,2023,12,16,정상,231216_01,590
373,연극 <옥탑방 고양이>,공연,기획,발레/연극,유료,298,290,2023,12,19,정상,231215_01,0
374,여수전남교원오케스트라 제15회 기념 연주회,공연,대관,클래식,무료,936,0,2023,12,19,정상,231219_01,496
375,연극 <옥탑방 고양이>,공연,기획,발레/연극,유료,298,251,2023,12,20,정상,231215_01,4
376,연극 <옥탑방 고양이>,공연,기획,발레/연극,유료,298,233,2023,12,20,정상,231215_01,4
377,연극 <옥탑방 고양이>,공연,기획,발레/연극,유료,298,298,2023,12,21,정상,231215_01,0
378,연극 <옥탑방 고양이>,공연,기획,발레/연극,유료,298,297,2023,12,21,정상,231215_01,0
379,연극 <옥탑방 고양이>,공연,기획,발레/연극,유료,298,281,2023,12,22,정상,231215_01,4
380,연극 <옥탑방 고양이>,공연,기획,발레/연극,유료,298,155,2023,12,22,정상,231215_01,8
381,연극 <옥탑방 고양이>,공연,기획,발레/연극,유료,298,179,2023,12,23,정상,231215_01,4
382,연극 <옥탑방 고양이>,공연,기획,발레/연극,유료,298,141,2023,12,23,정상,231215_01,4
383,대니구 크리스마스 콘서트 : HOME,공연,기획,클래식,유료,936,477,2023,12,23,정상,231223_01,24
384,연극 <옥탑방 고양이>,공연,기획,발레/연극,유료,298,197,2023,12,24,정상,231215_01,4
385,연극 <옥탑방 고양이>,공연,기획,발레/연극,유료,298,138,2023,12,24,정상,231215_01,4
386,홍진호&박현수&조윤성의 시네마 파라디소,공연,기획,클래식,유료,936,260,2023,12,24,정상,231224_01,29
387,연극 <옥탑방 고양이>,공연,기획,발레/연극,유료,298,149,2023,12,25,정상,231215_01,8
388,2024 예울마루 신년음악회,공연,기획,클래식,유료,936,673,2024,1,19,정상,240119_01,85
389,김광윤 첫 번째 독주회 - 백미,공연,대관,클래식,유료,298,294,2024,1,28,정상,240128_01,4
,2024년 EBS 대표강사 초청 학습법 특강,공연,대관,기타,무료,298,0,2024,1,30,정상,240130_01,0
390,엠씨더맥스 이수 콘서트 '기행문',공연,대관,대중,유료,986,856,2024,2,17,정상,240217_01,10
391,엠씨더맥스 이수 콘서트 '기행문',공연,대관,대중,유료,986,729,2024,2,18,정상,240217_01,10
392,이지희&장인규 피아노 조인트 리사이틀,공연,대관,클래식,유료,298,163,2024,3,2,정상,240302_01,4
393,2024 조명섭 ‘달밤 음악회’ 시즌2,공연,대관,클래식,유료,999,244,2024,3,16,정상,240316_01,19
394,2024 조명섭 ‘달밤 음악회’ 시즌2,공연,대관,클래식,유료,999,361,2024,3,16,정상,240316_01,22
395,"브런치콘서트 <봄, 여행, 춤 그리고 음악>",공연,기획,클래식,유료,668,546,2024,3,20,정상,240320_01,26
396,헬로카봇 뮤지컬 시즌7 <웰컴 투 파라다이스>,공연,대관,어린이·가족,유료,981,352,2024,3,23,정상,240323_01,10
397,헬로카봇 뮤지컬 시즌7 <웰컴 투 파라다이스>,공연,대관,어린이·가족,유료,981,315,2024,3,23,정상,240323_01,19
398,헬로카봇 뮤지컬 시즌7 <웰컴 투 파라다이스>,공연,대관,어린이·가족,유료,981,321,2024,3,23,정상,240323_01,34
399,헬로카봇 뮤지컬 시즌7 <웰컴 투 파라다이스>,공연,대관,어린이·가족,유료,981,325,2024,3,24,정상,240323_01,15
400,헬로카봇 뮤지컬 시즌7 <웰컴 투 파라다이스>,공연,대관,어린이·가족,유료,981,331,2024,3,24,정상,240323_01,16
401,히사이시 조 영화음악 콘서트,공연,대관,대중,유료,936,703,2024,4,13,정상,240413_01,13
402,2024 신춘음악회,공연,대관,클래식,무료,298,0,2024,4,18,정상,240418_01,214
403,백은선 최옥산류 가야금 산조 독주회,공연,대관,클래식,무료,298,0,2024,4,19,정상,240419_01,50
404,열린심포니오케스트라 제 19회 정기연주회,공연,대관,클래식,무료,936,0,2024,4,19,정상,240419_02,497
405,루체 클라리넷 앙상블,공연,대관,클래식,유료,298,143,2024,4,20,정상,240420_01,4
406,2024 김창완밴드 전국투어 <개구쟁이> 여수공연,공연,대관,대중,유료,936,213,2024,4,21,정상,240421_01,10
407,2024 주현미 콘서트 <The Original>,공연,대관,대중,유료,936,763,2024,4,27,정상,240427_01,10
408,예울마루 위크,공연,기획,기타,무료,0,,2024,5,1,정상,240501_01,230
409,예울마루 위크,공연,기획,기타,무료,0,,2024,5,2,정상,240501_01,503
410,예울마루 위크,공연,기획,기타,무료,0,,2024,5,3,정상,240501_01,747
411,어린이 뮤지컬 <폴리팝>,공연,기획,어린이·가족,유료,972,782,2024,5,8,정상,240508_01,10
412,어린이 뮤지컬 <폴리팝>,공연,기획,어린이·가족,유료,972,213,2024,5,8,정상,240508_01,10
413,어린이 뮤지컬 <폴리팝>,공연,기획,어린이·가족,유료,972,683,2024,5,9,정상,240508_01,16
414,어린이 뮤지컬 <폴리팝>,공연,기획,어린이·가족,유료,972,267,2024,5,9,정상,240508_01,10
415,어린이 뮤지컬 <폴리팝>,공연,기획,어린이·가족,유료,972,853,2024,5,10,정상,240508_01,10
416,어린이 뮤지컬 <폴리팝>,공연,기획,어린이·가족,유료,972,208,2024,5,10,정상,240508_01,20
417,어린이 뮤지컬 <폴리팝>,공연,기획,어린이·가족,유료,972,151,2024,5,11,정상,240508_01,10
418,어린이 뮤지컬 <폴리팝>,공연,기획,어린이·가족,유료,972,175,2024,5,11,정상,240508_01,18
419,어린이 뮤지컬 <폴리팝>,공연,기획,어린이·가족,유료,972,129,2024,5,12,정상,240508_01,15
420,어린이 뮤지컬 <폴리팝>,공연,기획,어린이·가족,유료,972,161,2024,5,12,정상,240508_01,20
421,2024 조이 오브 퍼커션 제 5회 정기연주회,공연,대관,클래식,유료,298,183,2024,5,11,정상,240511_01,4
422,뮤지컬 <썸데이>,공연,기획,발레/연극,유료,298,207,2024,5,14,정상,240514_01,14
423,뮤지컬 <썸데이>,공연,기획,발레/연극,유료,298,202,2024,5,15,정상,240514_01,4
424,뮤지컬 <썸데이>,공연,기획,발레/연극,유료,298,233,2024,5,16,정상,240514_01,14
425,뮤지컬 <썸데이>,공연,기획,발레/연극,유료,298,221,2024,5,17,정상,240514_01,4
426,뮤지컬 <썸데이>,공연,기획,발레/연극,유료,298,212,2024,5,17,정상,240514_01,4
427,뮤지컬 <썸데이>,공연,기획,발레/연극,유료,298,203,2024,5,18,정상,240514_01,5
428,뮤지컬 <썸데이>,공연,기획,발레/연극,유료,298,218,2024,5,18,정상,240514_01,4
429,뮤지컬 <썸데이>,공연,기획,발레/연극,유료,298,252,2024,5,19,정상,240514_01,4
430,최현우 Answer,공연,대관,뮤지컬,유료,936,344,2024,5,18,정상,240518_01,68
431,최현우 Answer,공연,대관,뮤지컬,유료,936,207,2024,5,18,정상,240518_01,76
432,최현우 Answer,공연,대관,뮤지컬,유료,936,234,2024,5,19,정상,240518_01,65
433,최현우 Answer,공연,대관,뮤지컬,유료,936,182,2024,5,19,정상,240518_01,60
434,2024 이후성 첼로 독주회,공연,대관,클래식,유료,298,114,2024,5,25,정상,240525_01,4
435,"브런치콘서트 <룰루랄라, 우리 함께 노래해요>",공연,기획,클래식,유료,936,691,2024,6,5,정상,240605_01,32
436,여수시립합창단 제 84회 정기연주회 <모짜르트 '레퀴엠'>,공연,대관,클래식,유료,936,666,2024,6,5,정상,240607_01,10
437,2024 김창옥 시즌4 토크 콘서트,공연,대관,대중,유료,1009,963,2024,6,8,정상,240608_01,10
438,2024 김창옥 시즌4 토크 콘서트,공연,대관,대중,유료,1009,938,2024,6,8,정상,240608_01,16
439,앙상블여수 정기공연 연주회,공연,대관,클래식,유료,298,250,2024,6,9,정상,240609_01,4
440,이음 스트링 챔버 오케스트라 제 5회 정기연주회,공연,대관,클래식,유료,298,168,2024,6,15,정상,240615_01,4
441,어린이 뮤지컬 바다탐험대 옥토넛3 <바다넘어육지까지>,공연,대관,어린이·가족,유료,936,141,2024,6,15,정상,240615_02,14
442,어린이 뮤지컬 바다탐험대 옥토넛3 <바다넘어육지까지>,공연,대관,어린이·가족,유료,936,78,2024,6,15,정상,240615_02,13
443,어린이 뮤지컬 바다탐험대 옥토넛3 <바다넘어육지까지>,공연,대관,어린이·가족,유료,936,84,2024,6,15,정상,240615_02,10
444,어린이 뮤지컬 바다탐험대 옥토넛3 <바다넘어육지까지>,공연,대관,어린이·가족,유료,936,86,2024,6,16,정상,240615_02,12
445,어린이 뮤지컬 바다탐험대 옥토넛3 <바다넘어육지까지>,공연,대관,어린이·가족,유료,936,71,2024,6,16,정상,240615_02,12
446,봄연주회 위풍당당 음악회,공연,대관,클래식,무료,298,0,2024,6,16,정상,240616_01,298
,제4회 전남동부극동포럼,기타,대관,,무료,298,0,2024,6,20,정상,240620_01,0
447,제 9회 2024 여수에코국제음악제,공연,대관,클래식,유료,936,447,2024,6,20,정상,240620_02,10
448,제 9회 2024 여수에코국제음악제,공연,대관,클래식,유료,936,464,2024,6,21,정상,240620_02,10
449,제 9회 2024 여수에코국제음악제,공연,대관,클래식,유료,936,450,2024,6,22,정상,240620_02,10
450,제 9회 2024 여수에코국제음악제,공연,대관,클래식,유료,936,717,2024,6,23,정상,240620_02,10
451,뽀로로와 친구들의 드림콘서트 - 잃어버린 꿈을 찾아서,공연,대관,대중,유료,999,459,2024,6,29,정상,240629_01,10
452,뽀로로와 친구들의 드림콘서트 - 잃어버린 꿈을 찾아서,공연,대관,대중,유료,999,363,2024,6,29,정상,240629_01,10
453,뽀로로와 친구들의 드림콘서트 - 잃어버린 꿈을 찾아서,공연,대관,대중,유료,999,389,2024,6,29,정상,240629_01,14
454,뽀로로와 친구들의 드림콘서트 - 잃어버린 꿈을 찾아서,공연,대관,대중,유료,999,432,2024,6,30,정상,240629_01,12
455,뽀로로와 친구들의 드림콘서트 - 잃어버린 꿈을 찾아서,공연,대관,대중,유료,999,408,2024,6,30,정상,240629_01,12
456,뮤지컬 <노트르담 드 파리>,공연,기획,뮤지컬,유료,1001,879,2024,7,12,정상,240712_01,17
457,뮤지컬 <노트르담 드 파리>,공연,기획,뮤지컬,유료,1001,915,2024,7,13,정상,240712_01,17
458,뮤지컬 <노트르담 드 파리>,공연,기획,뮤지컬,유료,1001,861,2024,7,13,정상,240712_01,23
459,뮤지컬 <노트르담 드 파리>,공연,기획,뮤지컬,유료,1001,979,2024,7,14,정상,240712_01,6
,여수시립합창단음원제작,기타,대관,,,,0,2024,7,17,정상,240717_01,0
460,2024 WALD 스트링 오케스트라와 함께하는 청소년 협연의 밤,공연,대관,클래식,무료,298,221,2024,7,18,정상,240718_01,4
461,의혈지사 윤형숙 열사 기념사업회,공연,대관,기타,유료,298,294,2024,7,19,정상,240719_01,4
462,의혈지사 윤형숙 열사 기념사업회,공연,대관,기타,유료,298,294,2024,7,19,정상,240719_01,4
463,2024 뮤지컬 <장영실과 함께하는 별별GPT>,공연,기획,어린이·가족,유료,490,43,2024,7,19,정상,240719_02,108
464,2024 뮤지컬 <장영실과 함께하는 별별GPT>,공연,기획,어린이·가족,유료,490,98,2024,7,20,정상,240719_02,13
465,2024 뮤지컬 <장영실과 함께하는 별별GPT>,공연,기획,어린이·가족,유료,490,132,2024,7,20,정상,240719_02,59
466,타악앙상블 META 제 4회 정기연주회 <헝가리안 소나타>,공연,대관,클래식,무료,298,0,2024,7,27,정상,240727_01,298
,희망에너지 발표회,기타,기타,,,,0,2023,8,10,정상,230810_01,0
468,"김지안의 소리2-춘향, 이별",공연,대관,기타,무료,298,0,2024,8,11,정상,240811_01,251
469,플루트 기타 듀오 N’kinSuh 리사이틀,공연,대관,클래식,유료,298,256,2024,8,15,정상,240815_01,4
470,연희단팔산대 <무풍(舞風): 바람의 춤>,공연,기획,기타,유료,298,282,2024,8,17,정상,240817_01,4
471,연희단팔산대 <무풍(舞風): 바람의 춤>,공연,기획,기타,유료,298,266,2024,8,18,정상,240817_01,5
472,탈북민과 함께부르는 통일기원음악회,공연,대관,클래식,무료,298,0,2024,8,22,정상,240822_01,286
473,헬로! 오페라 <봄봄>,공연,기획,클래식,유료,440,239,2024,8,23,정상,240823_01,13
474,헬로! 오페라 <봄봄>,공연,기획,클래식,유료,440,314,2024,8,24,정상,240823_01,31
475,히사이시 조 영화음악 콘서트 2024_여수 앙코르,공연,대관,대중,유료,936,679,2024,8,25,정상,240825_01,129
476,여수심포니오케스트라 제 13회 정기연주회,공연,대관,클래식,유료,936,433,2024,8,29,정상,240829_01,10
477,2024 영호남 4개도시 청소년 교류음악회,공연,대관,클래식,유료,936,926,2024,8,31,정상,240831_01,10
478,"브런치콘서트 <앙리 마티스와 클래식, 그리고 ""스캔들"">",공연,기획,클래식,유료,936,718,2024,9,4,정상,240904_01,10
479,인천시립합창단과 함께하는 <손양원 목사 음악회>,공연,대관,클래식,무료,936,0,2024,9,5,정상,240905_01,713
480,제 1회 여수 국제 웹페스트,공연,대관,기타,무료,298,0,2024,9,5,정상,240905_02,298
481,제 1회 여수 국제 웹페스트,공연,대관,기타,무료,298,0,2024,9,6,정상,240905_02,298
482,제 1회 여수 국제 웹페스트,공연,대관,기타,무료,298,0,2024,9,6,정상,240905_02,298
483,트리오 인 : 드보르자크,공연,기획,클래식,유료,936,173,2024,9,6,정상,240906_01,125
484,제 2회 남도 전국 합창 경연 페스티벌,공연,대관,기타,무료,936,0,2024,9,7,정상,240907_01,821
485,어린이 뮤지컬 <친구의 전설>,공연,기획,어린이·가족,유료,979,654,2024,9,10,정상,240910_01,20
486,어린이 뮤지컬 <친구의 전설>,공연,기획,어린이·가족,유료,979,103,2024,9,10,정상,240910_01,12
487,어린이 뮤지컬 <친구의 전설>,공연,기획,어린이·가족,유료,979,552,2024,9,11,정상,240910_01,19
488,어린이 뮤지컬 <친구의 전설>,공연,기획,어린이·가족,유료,979,197,2024,9,11,정상,240910_01,13
489,어린이 뮤지컬 <친구의 전설>,공연,기획,어린이·가족,유료,979,682,2024,9,12,정상,240910_01,16
490,어린이 뮤지컬 <친구의 전설>,공연,기획,어린이·가족,유료,979,190,2024,9,12,정상,240910_01,10
491,"오누이 <김용임, 진성 콘서트>",공연,대관,대중,유료,1009,364,2024,9,14,정상,240914_01,23
492,"오누이 <김용임, 진성 콘서트>",공연,대관,대중,유료,1009,372,2024,9,14,정상,240914_01,54
493,뮤지컬 캐치! 티니핑 <두근두근 싱어롱 콘서트>,공연,대관,대중,유료,1009,392,2024,9,21,정상,240921_01,42
494,뮤지컬 캐치! 티니핑 <두근두근 싱어롱 콘서트>,공연,대관,대중,유료,1009,387,2024,9,21,정상,240921_01,50
495,뮤지컬 캐치! 티니핑 <두근두근 싱어롱 콘서트>,공연,대관,대중,유료,1009,388,2024,9,21,정상,240921_01,76
496,뮤지컬 캐치! 티니핑 <두근두근 싱어롱 콘서트>,공연,대관,대중,유료,1009,365,2024,9,22,정상,240921_01,35
497,뮤지컬 캐치! 티니핑 <두근두근 싱어롱 콘서트>,공연,대관,대중,유료,1009,361,2024,9,22,정상,240921_01,56
498,뮤지컬 캐치! 티니핑 <두근두근 싱어롱 콘서트>,공연,대관,대중,유료,1009,334,2024,9,22,정상,240921_01,68
499,JOY OF PERCUSSION 제6회 정기연주회 <지브리X탱고>,공연,대관,클래식,무료,298,0,2024,9,21,정상,240921_02,231
500,"모두 모여락(樂) + 해피 콘서트 "" 짬쏭 """,공연,대관,대중,무료,298,0,2024,9,28,정상,240928_01,129
501,예울마루 실내악 페스티벌 Part 1.,공연,기획,클래식,유료,668,41,2024,10,10,정상,241010_01,102
502,예울마루 실내악 페스티벌 Part 1.,공연,기획,클래식,유료,668,85,2024,10,11,정상,241010_01,65
503,예울마루 실내악 페스티벌 Part 1.,공연,기획,클래식,유료,668,114,2024,10,12,정상,241010_01,101
504,예울마루 실내악 페스티벌 Part 1.,공연,기획,클래식,유료,668,93,2024,10,13,정상,241010_01,78
505,내가 사랑한 프랑스화가와 음악가,공연,대관,클래식,유료,298,85,2024,10,12,정상,241012_01,4
506,제 48회 여수 예술제,공연,대관,기타,무료,936,0,2024,10,14,정상,241014_01,631
507,여순사건 창작오페라 <바다에 핀 동백>,공연,대관,클래식,무료,936,0,2024,10,18,정상,241018_01,737
508,여순사건 창작오페라 <바다에 핀 동백>,공연,대관,클래식,무료,936,0,2024,10,19,정상,241018_01,919
509,KBS교향악단과 함께하는 여수음악제,공연,대관,클래식,유료,936,669,2024,10,20,정상,241020_01,267
510,KBS교향악단과 함께하는 여수음악제,공연,대관,클래식,유료,936,245,2024,10,21,정상,241020_01,318
511,KBS교향악단과 함께하는 여수음악제,공연,대관,클래식,유료,936,426,2024,10,23,정상,241020_01,147
512,KBS교향악단과 함께하는 여수음악제,공연,대관,클래식,유료,298,141,2024,10,24,정상,241020_01,44
513,KBS교향악단과 함께하는 여수음악제,공연,대관,클래식,유료,298,253,2024,10,25,정상,241020_01,38
514,KBS교향악단과 함께하는 여수음악제,공연,대관,클래식,무료,936,0,2024,10,26,정상,241020_01,50
515,KBS교향악단과 함께하는 여수음악제,공연,대관,클래식,유료,936,596,2024,10,26,정상,241020_01,268
516,CTS 전남방송 개국 20주년 기념 음악회,공연,대관,클래식,무료,936,0,2024,10,22,정상,241022_01,549
517,여수학생오케스트라 페스티벌,공연,대관,클래식,무료,936,0,2024,10,24,정상,241024_01,717
518,여수학생오케스트라 페스티벌,공연,대관,클래식,무료,936,0,2024,10,25,정상,241024_01,936
519,전남학생오케스트라 페스티벌-오케스트라,공연,대관,클래식,무료,936,0,2024,10,29,정상,241029_01,899
520,전남학생오케스트라 페스티벌-오케스트라,공연,대관,클래식,무료,936,0,2024,10,29,정상,241029_01,690
521,전남학생오케스트라 페스티벌-오케스트라,공연,대관,클래식,무료,936,0,2024,10,30,정상,241029_01,393
522,전남학생오케스트라 페스티벌-오케스트라,공연,대관,클래식,무료,936,0,2024,10,30,정상,241029_01,453
523,전남학생오케스트라 페스티벌-오케스트라,공연,대관,클래식,무료,936,0,2024,10,31,정상,241029_01,621
524,전남학생오케스트라 페스티벌-오케스트라,공연,대관,클래식,무료,936,0,2024,10,31,정상,241029_01,666
525,제 48회 여수예술제 - 가을밤의 세레나데,공연,대관,클래식,무료,298,0,2024,10,30,정상,241030_01,198
526,전남학생오케스트라 페스티벌-복합,공연,대관,클래식,무료,298,0,2024,11,1,정상,241101_01,268
527,전남학생오케스트라 페스티벌-복합,공연,대관,클래식,무료,298,0,2024,11,1,정상,241101_01,83
528,3테너 콘서트 in 여수,공연,기획,클래식,유료,936,339,2024,11,1,정상,241101_02,67
529,루체 클라리넷 앙상블 정기연주회,공연,대관,클래식,유료,298,121,2024,11,2,정상,241102_01,4
530,VOS 20주년 전국투어 콘서트,공연,대관,대중,유료,1009,704,2024,11,2,정상,241102_02,10
531,카메라타 전남 제 13회 정기연주회 <희망나눔 콘서트>,공연,대관,클래식,무료,936,270,2024,11,8,정상,241108_01,10
532,제 8회 여수시민오케스트라 정기연주회 '가을... 비상을 꿈꾸다',공연,대관,클래식,무료,936,0,2024,11,9,정상,241109_01,564
533,2024 여수 남해 음악협회 교류연주회,공연,대관,클래식,무료,298,0,2024,11,9,정상,241109_02,38
534,한독 국제 유진 청소년 오케스트라 제 13회 정기연주회,공연,대관,클래식,무료,936,0,2024,11,10,정상,241110_01,807
535,뮤지컬 <오즈의 의류수거함>,공연,기획,뮤지컬,유료,926,648,2024,11,13,정상,241113_01,10
536,뮤지컬 <오즈의 의류수거함>,공연,기획,뮤지컬,유료,926,134,2024,11,13,정상,241113_01,10
537,뮤지컬 <오즈의 의류수거함>,공연,기획,뮤지컬,유료,926,536,2024,11,15,정상,241113_01,24
538,뮤지컬 <오즈의 의류수거함>,공연,기획,뮤지컬,유료,926,478,2024,11,15,정상,241113_01,14
539,뮤지컬 <오즈의 의류수거함>,공연,기획,뮤지컬,유료,926,312,2024,11,16,정상,241113_01,20
540,뮤지컬 <오즈의 의류수거함>,공연,기획,뮤지컬,유료,926,136,2024,11,16,정상,241113_01,14
541,반짝반짝 빛나는 마술사의 방,공연,대관,대중,유료,298,142,2024,11,16,정상,241116_01,4
542,반짝반짝 빛나는 마술사의 방,공연,대관,대중,유료,298,212,2024,11,16,정상,241116_01,4
543,반짝반짝 빛나는 마술사의 방,공연,대관,대중,유료,298,218,2024,11,16,정상,241116_01,4
544,뮤지컬 <젠틀맨스 가이드: 사랑과 살인편>,공연,기획,뮤지컬,유료,1001,660,2024,11,22,정상,241122_01,17
545,뮤지컬 <젠틀맨스 가이드: 사랑과 살인편>,공연,기획,뮤지컬,유료,1001,637,2024,11,23,정상,241122_01,13
546,뮤지컬 <젠틀맨스 가이드: 사랑과 살인편>,공연,기획,뮤지컬,유료,1001,478,2024,11,23,정상,241122_01,14
547,뮤지컬 <젠틀맨스 가이드: 사랑과 살인편>,공연,기획,뮤지컬,유료,1001,374,2024,11,24,정상,241122_01,25
548,예울마루 실내악 페스티벌 Part 2.,공연,기획,클래식,유료,936,140,2024,11,26,정상,241126_01,72
549,시립합창단 정기연주회,공연,대관,클래식,유료,936,666,2024,11,28,정상,241128_01,10
550,시민합창제,공연,대관,기타,무료,936,0,2024,11,30,정상,241130_01,710
551,애양청소년 오케스트라 연주회,공연,대관,클래식,무료,298,0,2024,11,30,정상,241130_02,244
552,신혜미 가야금 연주회,공연,대관,클래식,무료,298,0,2024,12,1,정상,241201_01,120
553,"이혜란의 장도 소나타Ⅱ: 새벽빛, 그 소리를 담다.",공연,대관,클래식,유료,298,258,2024,12,3,정상,241203_01,4
554,브런치 콘서트 <그 어느 겨울보다 따뜻한>,공연,기획,클래식,유료,937,921,2024,12,4,정상,241204_01,16
555,"윈터워크-재즈 피아노, 트리오, 재즈 빅밴드와 함께하는 특별한 음악 산책",공연,기획,클래식,유료,668,285,2024,12,6,정상,241206_01,98
556,마음톡톡 힐링콘서트,공연,대관,대중,무료,298,0,2024,12,7,정상,241207_01,150
557,"여수필하모닉오케스트라 제 36회 정기연주회 <2024 송년의 밤, 가족음악회>",공연,대관,클래식,무료,936,0,2024,12,9,정상,241209_01,262
558,연극 <시간을 파는 상점>,공연,기획,발레/연극,유료,298,294,2024,12,11,정상,241211_01,4
559,연극 <시간을 파는 상점>,공연,기획,발레/연극,유료,298,271,2024,12,11,정상,241211_01,4
560,연극 <시간을 파는 상점>,공연,기획,발레/연극,유료,298,289,2024,12,12,정상,241211_01,9
561,연극 <시간을 파는 상점>,공연,기획,발레/연극,유료,298,296,2024,12,12,정상,241211_01,2
562,연극 <시간을 파는 상점>,공연,기획,발레/연극,유료,298,270,2024,12,13,정상,241211_01,4
563,연극 <시간을 파는 상점>,공연,기획,발레/연극,유료,298,295,2024,12,13,정상,241211_01,3
564,연극 <시간을 파는 상점>,공연,기획,발레/연극,유료,298,297,2024,12,13,정상,241211_01,1
565,연극 <시간을 파는 상점>,공연,기획,발레/연극,유료,298,288,2024,12,14,정상,241211_01,4
566,연극 <시간을 파는 상점>,공연,기획,발레/연극,유료,298,285,2024,12,14,정상,241211_01,8
567,연극 <시간을 파는 상점>,공연,기획,발레/연극,유료,298,298,2024,12,17,정상,241211_01,3
568,연극 <시간을 파는 상점>,공연,기획,발레/연극,유료,298,294,2024,12,17,정상,241211_01,4
569,연극 <시간을 파는 상점>,공연,기획,발레/연극,유료,298,290,2024,12,18,정상,241211_01,4
570,"여수시립국악단 제 45회 정기공연_창극 <아름다운 사람, 이순신>",공연,대관,기타,유료,936,658,2024,12,12,정상,241212_01,10
571,제 16회 여수전남교원오케스트라 정기연주회 <사제동행>,공연,대관,클래식,무료,936,453,2024,12,13,정상,241213_01,10
572,"2024 여수영재교육원 오케스트라 정기연주회 <차인홍, 안트리오와 꿈을 연주하다>",공연,대관,클래식,무료,936,556,2024,12,14,정상,241214_01,10
573,발레와 함께하는 클래식 음악동화 <호두까기 인형>,공연,대관,클래식,유료,936,567,2024,12,15,정상,241215_01,10
574,창작오페라 <거문도의 캐롤>,공연,대관,클래식,유료,936,547,2024,12,19,정상,241219_01,10
575,아레나 디 베로나 오페라 페스티벌 <라 보엠> 공연실황 상영,공연,기획,클래식,유료,668,151,2024,12,21,정상,241221_01,18
576,제 10회 지역예술인재콘서트 <내 꿈에 날개를>,공연,대관,대중,무료,298,0,2024,12,21,정상,241221_02,133
577,발레 <호두까기 인형>,공연,기획,발레/연극,유료,936,921,2024,12,24,정상,241224_01,10
578,발레 <호두까기 인형>,공연,기획,발레/연극,유료,936,925,2024,12,25,정상,241224_01,8
579,"제 2회 류영숙 전통무용 발표회 <꽃, 춤으로 피어오르다>",공연,대관,발레/연극,무료,298,0,2024,12,25,정상,241225_01,289
580,베베핀 뮤지컬 <우당탕탕 패밀리>,공연,대관,어린이·가족,유료,936,321,2025,1,11,정상,250111_01,23
581,베베핀 뮤지컬 <우당탕탕 패밀리>,공연,대관,어린이·가족,유료,936,208,2025,1,11,정상,250111_01,32
582,베베핀 뮤지컬 <우당탕탕 패밀리>,공연,대관,어린이·가족,유료,936,247,2025,1,11,정상,250111_01,45
583,지브리 영화음악 콘서트 <지브리와 사랑에 빠지다>,공연,대관,대중,유료,298,180,2025,1,11,정상,250111_02,22
584,베베핀 뮤지컬 <우당탕탕 패밀리>,공연,대관,어린이·가족,유료,936,253,2025,1,12,정상,250111_01,26
585,베베핀 뮤지컬 <우당탕탕 패밀리>,공연,대관,어린이·가족,유료,936,224,2025,1,12,정상,250111_01,16
586,베베핀 뮤지컬 <우당탕탕 패밀리>,공연,대관,어린이·가족,유료,936,180,2025,1,12,정상,250111_01,22
587,2025 예울마루 신년음악회,공연,기획,클래식,유료,926,464,2025,1,16,정상,250116_01,40
588,"전남동부극동방송 개국 10주년 기념
전속합창단 연합공연",공연,대관,클래식,무료,936,0,2025,1,23,정상,250123_01,677
589,원더매직의 <과학마술콘서트>,공연,대관,대중,유료,936,285,2025,2,8,정상,250208_01,10
590,원더매직의 <과학마술콘서트>,공연,대관,대중,유료,936,337,2025,2,8,정상,250208_01,10
591,원더매직의 <과학마술콘서트>,공연,대관,대중,유료,936,284,2025,2,9,정상,250208_01,10
592,원더매직의 <과학마술콘서트>,공연,대관,대중,유료,936,312,2025,2,9,정상,250208_01,10
593,뮤지컬 <시카고>,공연,기획,뮤지컬,유료,969,925,2025,2,14,정상,250214_01,20
594,뮤지컬 <시카고>,공연,기획,뮤지컬,유료,969,944,2025,2,15,정상,250214_01,20
595,뮤지컬 <시카고>,공연,기획,뮤지컬,유료,969,967,2025,2,15,정상,250214_01,18
596,뮤지컬 <시카고>,공연,기획,뮤지컬,유료,969,972,2025,2,16,정상,250214_01,18
597,콘서트 월드 국제음악제,공연,대관,클래식,무료,926,0,2025,2,20,정상,250220_01,174
598,백건우와 모차르트,공연,기획,클래식,유료,926,811,2025,3,8,정상,250308_01,10
599,2025 이승철 전국투어 콘서트,공연,대관,대중,유료,910,900,2025,3,15,정상,250315_01,10
600,2025 예울마루 브런치콘서트,공연,기획,클래식,유료,926,309,2025,3,27,정상,250327_01,31
601,감마선은 달무늬 얼룩진 금잔화에 어떤 영향을 주었는가?,공연,대관,발레/연극,유료,298,138,2025,3,28,정상,250328_01,4
602,감마선은 달무늬 얼룩진 금잔화에 어떤 영향을 주었는가?,공연,대관,발레/연극,유료,298,149,2025,3,29,정상,250328_01,4
603,감마선은 달무늬 얼룩진 금잔화에 어떤 영향을 주었는가?,공연,대관,발레/연극,유료,298,126,2025,3,30,정상,250328_01,4
604,히사이시 조 영화음악 콘서트 2025_파이널 여수,공연,대관,대중,유료,926,422,2025,3,29,정상,250329_01,103
605,뮤지컬 번개맨 시즌2 <번개맨!VS번개맨?>,공연,대관,뮤지컬,유료,926,467,2025,4,5,정상,250405_01,10
606,뮤지컬 번개맨 시즌2 <번개맨!VS번개맨?>,공연,대관,뮤지컬,유료,926,465,2025,4,5,정상,250405_01,10
607,뮤지컬 번개맨 시즌2 <번개맨!VS번개맨?>,공연,대관,뮤지컬,유료,926,378,2025,4,5,정상,250405_01,11
608,뮤지컬 번개맨 시즌2 <번개맨!VS번개맨?>,공연,대관,뮤지컬,유료,926,393,2025,4,6,정상,250405_01,11
609,뮤지컬 번개맨 시즌2 <번개맨!VS번개맨?>,공연,대관,뮤지컬,유료,926,408,2025,4,6,정상,250405_01,11
610,뮤지컬 번개맨 시즌2 <번개맨!VS번개맨?>,공연,대관,뮤지컬,유료,926,343,2025,4,6,정상,250405_01,10
611,열린심포니오케스트라 제20회 정기연주회 오페라 헨젤과 그레텔,공연,대관,클래식,무료,298,0,2025,4,11,정상,250411_01,215
612,열린심포니오케스트라 제20회 정기연주회 오페라 헨젤과 그레텔,공연,대관,클래식,무료,298,0,2025,4,11,정상,250411_01,298
613,제13회 한국리스트협회 호남지부 정기연주회,공연,대관,클래식,유료,298,85,2025,4,12,정상,250412_01,4
614,박두규 기타 독주회,공연,대관,클래식,유료,298,197,2025,4,15,정상,250415_01,4
615,무용 <스페인 국립 플라멩코 발레단 내한공연 - 아파나도르>,공연,기획,발레/연극,유료,852,258,2025,4,24,정상,250424_01,163
616,무용 <스페인 국립 플라멩코 발레단 내한공연 - 아파나도르>,공연,기획,발레/연극,유료,852,288,2025,4,25,정상,250424_01,48
617,2025 김창옥 토크콘서트 시즌5,공연,대관,대중,유료,1009,687,2025,5,3,정상,250503_01,10
618,2025 김창옥 토크콘서트 시즌5,공연,대관,대중,유료,1009,557,2025,5,3,정상,250503_01,10
619,김유상 이윤희 듀오 리사이틀,공연,대관,클래식,유료,298,110,2025,5,11,정상,250511_01,4
620,뮤지컬 <넌 특별하단다_서커스버전>,공연,기획,어린이·가족,유료,926,361,2025,5,13,정상,250513_01,10
621,뮤지컬 <넌 특별하단다_서커스버전>,공연,기획,어린이·가족,유료,926,587,2025,5,14,정상,250513_01,20
622,뮤지컬 <넌 특별하단다_서커스버전>,공연,기획,어린이·가족,유료,926,387,2025,5,15,정상,250513_01,10
623,뮤지컬 <넌 특별하단다_서커스버전>,공연,기획,어린이·가족,유료,926,253,2025,5,15,정상,250513_01,10
624,뮤지컬 <넌 특별하단다_서커스버전>,공연,기획,어린이·가족,유료,926,467,2025,5,16,정상,250513_01,10
625,뮤지컬 <넌 특별하단다_서커스버전>,공연,기획,어린이·가족,유료,926,357,2025,5,17,정상,250513_01,15
626,뮤지컬 <넌 특별하단다_서커스버전>,공연,기획,어린이·가족,유료,926,355,2025,5,17,정상,250513_01,11
627,2025 예울마루 위크,공연,기획,기타,무료,900,0,2025,5,17,정상,250517_01,900
628,베르디 레퀴엠 프리렉처 콘서트,공연,대관,대중,무료,298,0,2025,5,20,정상,250520_01,212
629,2025 예울마루 브런치콘서트 <냠냠 클래식>,공연,기획,클래식,유료,926,399,2025,5,22,정상,250522_01,40
630,가족과 함께하는 음악여행 Harmonic Echo,공연,대관,클래식,유료,298,259,2025,5,24,정상,250524_01,4
631,서주희 바이올린 리사이트,공연,대관,클래식,유료,298,281,2025,5,27,정상,250527_01,4
632,창작발레 <갓 GAT>,공연,기획,발레/연극,유료,973,638,2025,5,29,정상,250529_01,16
633,2025년 남진 60주년 전국투어 콘서트,공연,대관,대중,유료,926,675,2025,5,31,정상,250531_01,10
634,2025 유키 구라모토 콘서트 Peacefully 여수,공연,대관,대중,유료,926,741,2025,6,1,정상,250601_01,10
635,여수시립합창단 제86회 정기연주회 <베르디 레퀴엠>,공연,대관,클래식,유료,926,890,2025,6,5,정상,250605_01,10
636,이음스트링쳄버오케스트라 제6회 정기연주회 with 드보르작 슬라브의 숨결,공연,대관,클래식,유료,298,203,2025,6,7,정상,250607_01,4
637,2025여수재즈페스티벌,공연,대관,대중,무료,1000,0,2025,6,7,정상,250607_02,1000
638,바리톤 고성현 시인의 사랑과 생애,공연,대관,클래식,유료,298,231,2025,6,8,정상,250608_01,4
639,여수시립국악단 제46회 정기연주회 <창해화>,공연,대관,클래식,유료,926,599,2025,6,12,정상,250612_01,10
640,루체클라리넷 앙상블 목관과 금관의 토요일,공연,대관,클래식,유료,298,210,2025,6,14,정상,250614_01,4
641,시대음악 시리즈 VI. 슈만과 사랑,공연,대관,클래식,무료,298,0,2025,6,15,정상,250615_01,149
642,"제10회 여수 에코 국제 음악제 <비상, 바다를 날다.>",공연,대관,클래식,유료,926,489,2025,6,19,정상,250619_01,10
643,"제10회 여수 에코 국제 음악제 <비상, 바다를 날다.>",공연,대관,클래식,유료,926,514,2025,6,20,정상,250619_01,10
644,"제10회 여수 에코 국제 음악제 <비상, 바다를 날다.>",공연,대관,클래식,유료,926,469,2025,6,21,정상,250619_01,10
645,"제10회 여수 에코 국제 음악제 <비상, 바다를 날다.>",공연,대관,클래식,유료,926,831,2025,6,22,정상,250619_01,10
646,주현주 다섯번째 소리판 <해후>,공연,대관,기타,무료,298,0,2025,6,21,정상,250621_01,103
647,뮤지컬 <명성황후> 30주년 기념공연,공연,기획,뮤지컬,유료,926,907,2025,7,4,정상,250704_01,11
648,뮤지컬 <명성황후> 30주년 기념공연,공연,기획,뮤지컬,유료,926,912,2025,7,5,정상,250704_01,14
649,뮤지컬 <명성황후> 30주년 기념공연,공연,기획,뮤지컬,유료,926,904,2025,7,5,정상,250704_01,10
650,뮤지컬 <명성황후> 30주년 기념공연,공연,기획,뮤지컬,유료,926,912,2025,7,6,정상,250704_01,10
651,2025 예울마루 브런치콘서트 <썸머 페스티벌>,공연,기획,클래식,유료,926,384,2025,7,10,정상,250710_01,23
652,Joy Of Percussion 7회 정기연주회,공연,대관,클래식,무료,298,0,2025,7,12,정상,250712_01,200
653,연극 <꽃의 비밀>,공연,기획,발레/연극,유료,949,947,2025,7,19,정상,250719_01,14
654,연극 <꽃의 비밀>,공연,기획,발레/연극,유료,949,945,2025,7,20,정상,250719_01,14
655,멘토와 멘티의 만남 FluteIN 여수청소년플루트앙상블,공연,대관,클래식,무료,298,0,2025,7,25,정상,250725_01,228
656,2025년 여수에코국제음악제_영재오케스트라,공연,대관,클래식,무료,926,0,2025,7,26,정상,250726_01,542
657,가족뮤지컬 <넘버블록스>,공연,기획,어린이·가족,유료,926,542,2025,8,2,정상,250802_01,15
658,가족뮤지컬 <넘버블록스>,공연,기획,어린이·가족,유료,926,523,2025,8,2,정상,250802_01,17
659,가족뮤지컬 <넘버블록스>,공연,기획,어린이·가족,유료,926,474,2025,8,2,정상,250802_01,10
660,가족뮤지컬 <넘버블록스>,공연,기획,어린이·가족,유료,926,460,2025,8,3,정상,250802_01,10
661,가족뮤지컬 <넘버블록스>,공연,기획,어린이·가족,유료,926,471,2025,8,3,정상,250802_01,17
662,가족뮤지컬 <넘버블록스>,공연,기획,어린이·가족,유료,926,451,2025,8,3,정상,250802_01,10
663,리듬 오브 더 라이트 '캔들라이트 콘서트',공연,대관,대중,유료,950,0,2025,8,16,정상,250816_01,950
664,뮤지컬 한글용사 아이야 새로운 이야기 <달라도 친구야!>,공연,대관,어린이·가족,유료,926,422,2025,8,16,정상,250816_02,14
665,뮤지컬 한글용사 아이야 새로운 이야기 <달라도 친구야!>,공연,대관,어린이·가족,유료,926,290,2025,8,16,정상,250816_02,11
666,뮤지컬 한글용사 아이야 새로운 이야기 <달라도 친구야!>,공연,대관,어린이·가족,유료,926,245,2025,8,16,정상,250816_02,13
667,뮤지컬 한글용사 아이야 새로운 이야기 <달라도 친구야!>,공연,대관,어린이·가족,유료,926,314,2025,8,17,정상,250816_02,10
668,뮤지컬 한글용사 아이야 새로운 이야기 <달라도 친구야!>,공연,대관,어린이·가족,유료,926,326,2025,8,17,정상,250816_02,10
669,뮤지컬 한글용사 아이야 새로운 이야기 <달라도 친구야!>,공연,대관,어린이·가족,유료,926,235,2025,8,17,정상,250816_02,10
670,타악앙상블 META의 '프랙탈',공연,대관,클래식,무료,298,0,2025,8,23,정상,250823_01,169
671,라벨 150주년 기념 음악회 with Festival M. Ravel,공연,대관,클래식,유료,298,122,2025,8,27,정상,250827_01,4
672,판타지 가족오페라 <신비한 시간여행>,공연,대관,클래식,유료,926,394,2025,8,29,정상,250829_01,10
673,KBS교향악단과 함께하는 제9회 여수음악제 개막연주회 - 마에스트로 정명훈의 ‘환상교향곡’,공연,대관,클래식,유료,926,678,2025,8,30,정상,250830_01,215
674,KBS교향악단과 함께하는 제9회 여수음악제 - 백윤학 지휘자와 함께하는 패밀리 판타지 콘서트,공연,대관,클래식,유료,926,558,2025,8,31,정상,250831_01,177
675,KBS교향악단과 함께하는 제9회 여수음악제 - 임산부를 위한 찾아가는 음악회,공연,대관,클래식,무료,298,0,2025,8,31,정상,250831_02,222
676,KBS교향악단과 함께하는 제9회 여수음악제 - 프랑스 정통 피아니스트 장 에플랑 바부제의 ‘The French’,공연,대관,클래식,유료,298,121,2025,9,2,정상,250902_01,110
677,KBS교향악단과 함께하는 제9회 여수음악제 - 팬텀싱어 우승자 테너 유채훈의 ‘Solus’,공연,대관,클래식,유료,298,275,2025,9,3,정상,250903_01,18
678,열혈건반 <쇼팽 그리고 쇼팽>,공연,기획,클래식,유료,926,331,2025,9,4,정상,250904_01,67
679,KBS교향악단과 함께하는 제9회 여수음악제 - 한국을 대표하는 베이스 바리톤 사무엘 윤의 ‘토크 콘서트’,공연,대관,클래식,유료,298,131,2025,9,5,정상,250905_01,112
680,KBS교향악단과 함께하는 제9회 여수음악제 폐막연주회 - 새로운 도전 ‘카바코스의 쇼스타코비치’,공연,대관,클래식,유료,926,321,2025,9,6,정상,250906_01,320
681,브런치 콘서트 <꼬리에 꼬리를 무는 클래식>,공연,기획,클래식,유료,926,503,2025,9,11,정상,250911_01,33
682,뮤지컬 사랑의 하츄핑,공연,대관,어린이·가족,유료,926,566,2025,9,13,정상,250913_01,22
683,뮤지컬 사랑의 하츄핑,공연,대관,어린이·가족,유료,926,583,2025,9,13,정상,250913_01,18
684,뮤지컬 사랑의 하츄핑,공연,대관,어린이·가족,유료,926,515,2025,9,13,정상,250913_01,17
685,뮤지컬 사랑의 하츄핑,공연,대관,어린이·가족,유료,926,535,2025,9,14,정상,250913_01,22
686,뮤지컬 사랑의 하츄핑,공연,대관,어린이·가족,유료,926,552,2025,9,14,정상,250913_01,17
687,뮤지컬 사랑의 하츄핑,공연,대관,어린이·가족,유료,926,526,2025,9,13,정상,250913_01,10
688,뮤지컬 <설민석의 한국사 대모험 : 안중근>,공연,기획,어린이·가족,유료,926,759,2025,9,18,정상,250918_01,10
689,뮤지컬 <설민석의 한국사 대모험 : 안중근>,공연,기획,어린이·가족,유료,926,172,2025,9,18,정상,250918_01,59
690,뮤지컬 <설민석의 한국사 대모험 : 안중근>,공연,기획,어린이·가족,유료,926,647,2025,9,19,정상,250918_01,17
691,뮤지컬 <설민석의 한국사 대모험 : 안중근>,공연,기획,어린이·가족,유료,926,176,2025,9,19,정상,250918_01,10
692,뮤지컬 <설민석의 한국사 대모험 : 안중근>,공연,기획,어린이·가족,유료,926,587,2025,9,20,정상,250918_01,19
693,뮤지컬 <설민석의 한국사 대모험 : 안중근>,공연,기획,어린이·가족,유료,926,711,2025,9,20,정상,250918_01,21
694,트리오제이와 친구들 '클래식톡톡',공연,대관,클래식,유료,298,215,2025,9,23,정상,250923_01,4
695,"연극 어느, 어느날",공연,대관,발레/연극,유료,298,20,2025,9,26,정상,250926_01,4
696,"연극 어느, 어느날",공연,대관,발레/연극,유료,298,45,2025,9,27,정상,250926_01,4
697,"연극 어느, 어느날",공연,대관,발레/연극,유료,298,10,2025,9,27,정상,250926_01,4
698,"연극 어느, 어느날",공연,대관,발레/연극,유료,298,11,2025,9,28,정상,250926_01,4
699,"사랑의 성자 산돌 손양원, 베토벤을 만나다",공연,대관,클래식,무료,926,0,2025,10,2,정상,251002_01,556
700,지브리와 사랑에 빠지다 : 지브리 영화음악 콘서트 2025 - 여수 앙코르,공연,대관,대중,유료,298,264,2025,10,11,정상,251011_01,8
701,제49회 여수예술제,공연,대관,클래식,무료,926,0,2025,10,14,정상,251014_01,679
702,2025 실내악 페스티벌 Pre Festival Concert,공연,기획,클래식,유료,298,66,2025,10,17,정상,251017_01,35
703,창작오페라 침묵 1948,공연,대관,클래식,무료,926,0,2025,10,18,정상,251018_01,792
704,창작오페라 침묵 1948,공연,대관,클래식,무료,926,0,2025,10,19,정상,251018_01,718
705,제14회 한독국제교류유진청소년 정기연주회,공연,대관,클래식,유료,926,800,2025,10,21,정상,251021_01,
706,2025 실내악 페스티벌 <동유럽의 춤>,공연,기획,클래식,유료,926,150,2025,10,23,정상,251023_01,76
707,2025 실내악 페스티벌 <동유럽의 춤>,공연,기획,클래식,유료,926,225,2025,10,24,정상,251023_01,52
708,2025 실내악 페스티벌 <동유럽의 춤>,공연,기획,클래식,유료,926,342,2025,10,25,정상,251023_01,87
709,2025 실내악 페스티벌 <동유럽의 춤>,공연,기획,클래식,유료,926,251,2025,10,26,정상,251023_01,48
710,제12회 전남학교예술교육페스티벌_대극장,공연,대관,클래식,무료,926,0,2025,10,28,정상,251028_01,584
711,제12회 전남학교예술교육페스티벌_대극장,공연,대관,클래식,무료,926,0,2025,10,28,정상,251028_01,612
712,제12회 전남학교예술교육페스티벌_대극장,공연,대관,클래식,무료,926,0,2025,10,29,정상,251028_01,581
713,제12회 전남학교예술교육페스티벌_대극장,공연,대관,클래식,무료,926,0,2025,10,29,정상,251028_01,592
714,제12회 전남학교예술교육페스티벌_대극장,공연,대관,클래식,무료,926,0,2025,10,30,정상,251028_01,629
715,제12회 전남학교예술교육페스티벌_대극장,공연,대관,클래식,무료,926,0,2025,10,30,정상,251028_01,408
716,제12회 전남학교예술교육페스티벌_소극장,공연,대관,기타,무료,298,0,2025,10,31,정상,251031_01,267
717,제12회 전남학교예술교육페스티벌_소극장,공연,대관,기타,무료,298,0,2025,10,31,정상,251031_01,168
718,2025 V.O.S 전국투어콘서트 <동창회>,공연,대관,대중,유료,926,390,2025,11,1,정상,251101_01,35
719,제11회 여수학생 오케스트라 페스티벌,공연,대관,클래식,무료,926,0,2025,11,4,정상,251104_01,896
720,제49회 여수예술제 한국음악협회 여수지부,공연,대관,클래식,무료,298,0,2025,11,4,정상,251104_02,186
721,제11회 여수학생 오케스트라 페스티벌,공연,대관,클래식,무료,926,0,2025,11,5,정상,251104_01,881
722,"여수시립합창단 제87회 정기연주회 네 개의 색, 하나의 노래",공연,대관,클래식,유료,926,454,2025,11,7,정상,251107_01,10
723,소프라노 박준영 리사이틀 ‘물결 위의 선율,공연,대관,클래식,무료,298,0,2025,11,8,정상,251108_01,132
724,여수시립국악단 제47회 정기공연,공연,대관,기타,유료,926,786,2025,11,13,정상,251113_01,10
725,2025 헬로! 오페라 <오페라 하이라이트>,공연,기획,클래식,유료,926,428,2025,11,15,정상,251115_01,30
726,2025 뮤지컬 <킹키부츠>,공연,기획,뮤지컬,유료,977,894,2025,11,22,정상,251122_01,8
727,2025 뮤지컬 <킹키부츠>,공연,기획,뮤지컬,유료,977,831,2025,11,22,정상,251122_01,6
728,2025 뮤지컬 <킹키부츠>,공연,기획,뮤지컬,유료,977,965,2025,11,23,정상,251122_01,8
729,2025 뮤지컬 <킹키부츠>,공연,기획,뮤지컬,유료,977,590,2025,11,23,정상,251122_01,8
730,연극 <내일은 내일에게>,공연,기획,발레/연극,유료,999,829,2025,11,27,정상,251127_01,10
731,연극 <내일은 내일에게>,공연,기획,발레/연극,유료,999,484,2025,11,27,정상,251127_01,10
732,연극 <내일은 내일에게>,공연,기획,발레/연극,유료,999,934,2025,11,28,정상,251127_01,13
733,연극 <내일은 내일에게>,공연,기획,발레/연극,유료,999,464,2025,11,28,정상,251127_01,25
734,연극 <내일은 내일에게>,공연,기획,발레/연극,유료,999,579,2025,11,29,정상,251127_01,43
735,연극 <내일은 내일에게>,공연,기획,발레/연극,유료,999,278,2025,11,29,정상,251127_01,54
736,2025 예울마루 브런치콘서트_ <크리스마스가 우리 마을에>,공연,기획,클래식,유료,926,899,2025,12,4,정상,251204_01,10
737,OPERA 인턴해녀 PROJECT,공연,대관,기타,무료,298,0,2025,12,7,정상,251207_01,218
738,OPERA 인턴해녀 PROJECT,공연,대관,기타,무료,298,0,2025,12,7,정상,251207_01,134
739,여수전남교원오케스트라 제17회 정기연주회,공연,대관,클래식,무료,926,0,2025,12,11,정상,251211_01,561
740,우주매직쇼,공연,대관,대중,유료,926,270,2025,12,13,정상,251213_01,10
741,우주매직쇼,공연,대관,대중,유료,926,311,2025,12,13,정상,251213_01,10
742,2025 애양청소년 오케스트라 제10회 정기연주회,공연,대관,클래식,무료,298,0,2025,12,13,정상,251213_02,210
743,우주매직쇼,공연,대관,대중,유료,926,294,2025,12,14,정상,251213_01,10
744,우주매직쇼,공연,대관,대중,유료,926,323,2025,12,14,정상,251213_01,10
745,"신혜미 가야금 독주회 '숨 쉬는 장단, 노해하는 숲'",공연,대관,클래식,무료,298,0,2025,12,14,정상,251214_01,139
746,여수시립합창단과 함께하는 2025년 송년음악회 <HANDAL'S MESSIAH>,공연,대관,클래식,유료,926,681,2025,12,18,정상,251218_01,10
747,뮤지컬 <김종욱 찾기>,공연,기획,뮤지컬,유료,298,298,2025,12,19,정상,251219_01,4
748,뮤지컬 <김종욱 찾기>,공연,기획,뮤지컬,유료,298,298,2025,12,19,정상,251219_01,4
749,뮤지컬 <김종욱 찾기>,공연,기획,뮤지컬,유료,298,290,2025,12,20,정상,251219_01,4
750,뮤지컬 <김종욱 찾기>,공연,기획,뮤지컬,유료,298,292,2025,12,20,정상,251219_01,4
751,뮤지컬 <김종욱 찾기>,공연,기획,뮤지컬,유료,298,216,2025,12,21,정상,251219_01,20
752,뮤지컬 <김종욱 찾기>,공연,기획,뮤지컬,유료,298,209,2025,12,21,정상,251219_01,16
753,뮤지컬 <김종욱 찾기>,공연,기획,뮤지컬,유료,298,273,2025,12,23,정상,251219_01,4
754,뮤지컬 <김종욱 찾기>,공연,기획,뮤지컬,유료,298,296,2025,12,23,정상,251219_01,4
755,뮤지컬 <김종욱 찾기>,공연,기획,뮤지컬,유료,298,284,2025,12,24,정상,251219_01,4
756,뮤지컬 <김종욱 찾기>,공연,기획,뮤지컬,유료,298,276,2025,12,24,정상,251219_01,4
757,2025 여수영재교육원오케스트라 정기연주회,공연,대관,클래식,무료,926,0,2025,12,20,정상,251220_01,668
758,2025 크리스마스 특별공연 발레 <호두까기 인형>,공연,기획,발레/연극,유료,926,850,2025,12,25,정상,251225_01,18
759,2025 크리스마스 특별공연 발레 <호두까기 인형>,공연,기획,발레/연극,유료,926,558,2025,12,25,정상,251225_01,16
760,2026 신년음악회,공연,기획,클래식,유료,926,908,2026,1,9,정상,260109_01,10
761,뮤지컬 <미세스 다웃파이어>,공연,기획,뮤지컬,유료,973,778,2026,1,24,정상,260124_01,13
762,뮤지컬 <미세스 다웃파이어>,공연,기획,뮤지컬,유료,973,962,2026,1,24,정상,260124_01,13
763,뮤지컬 <미세스 다웃파이어>,공연,기획,뮤지컬,유료,973,953,2026,1,25,정상,260124_01,10
764,뮤지컬 <미세스 다웃파이어>,공연,기획,뮤지컬,유료,973,609,2026,1,25,정상,260124_01,10
765,2026 브런치 콘서트 Ⅰ <클래식과 함께 하는 미술관 여행 Ⅰ>,공연,기획,클래식,유료,926,270,2026,4,9,정상,260409_01,
766,"2026 실내악페스티벌 <실내악, 그 이상의 세계>",공연,기획,클래식,유료,926,110,2026,4,16,정상,260416_01,
767,"2026 실내악페스티벌 <실내악, 그 이상의 세계>",공연,기획,클래식,유료,926,82,2026,4,17,정상,260416_01,
768,"2026 실내악페스티벌 <실내악, 그 이상의 세계>",공연,기획,클래식,유료,926,145,2026,4,18,정상,260416_01,
769,"2026 실내악페스티벌 <실내악, 그 이상의 세계>",공연,기획,클래식,유료,926,165,2026,4,19,정상,260416_01,
770,어린이 뮤지컬 <100층짜리 집>,공연,기획,어린이·가족,유료,926,895,2026,5,14,정상,260514_01,
771,어린이 뮤지컬 <100층짜리 집>,공연,기획,어린이·가족,유료,926,888,2026,5,15,정상,260514_01,
772,어린이 뮤지컬 <100층짜리 집>,공연,기획,어린이·가족,유료,926,360,2026,5,15,정상,260514_01,
773,어린이 뮤지컬 <100층짜리 집>,공연,기획,어린이·가족,유료,926,347,2026,5,16,정상,260514_01,
774,어린이 뮤지컬 <100층짜리 집>,공연,기획,어린이·가족,유료,926,375,2026,5,16,정상,260514_01,
775,어린이 뮤지컬 <100층짜리 집>,공연,기획,어린이·가족,유료,926,320,2026,5,16,정상,260514_01,
776,한국페스티발앙상블 <세상에서 가장 편한 음악>,공연,기획,클래식,유료,926,176,2026,5,23,정상,260523_01,
777,국립심포니오케스트라 <피터와 늑대 & 어미 거위>,공연,기획,클래식,유료,926,277,2026,5,30,정상,260530_01,
778,2026 브런치 콘서트 Ⅱ <클래식과 함께 하는 미술관 여행 Ⅱ>,공연,기획,클래식,유료,926,311,2026,6,4,정상,260604_01,
779,2026 헬로!오페라 <세비야의 이발사>,공연,기획,클래식,유료,926,263,2026,6,19,정상,260619_01,
780,2026 헬로!오페라 <세비야의 이발사>,공연,기획,클래식,유료,926,374,2026,6,20,정상,260619_01,
