기준일자,공연명,유료좌석,유료금액,무료좌석,합계좌석,합계금액,점유율,전일대비(석),공연ID,예측제외
20260402,김영욱×콜레기움 무지쿰 서울 <8 Seasons>,89,1633500,0,89,1633500,9.6,0,260507_01,
20260402,국립심포니오케스트라 <피터와 늑대 & 어미 거위>,141,5954000,0,141,5954000,15.2,0,260530_01,
20260402,한국페스티발앙상블 <세상에서 가장 편한 음악>,92,2742000,0,92,2742000,9.9,2,260523_01,
20260402,2026 브런치 콘서트 Ⅰ <클래식과 함께 하는 미술관 여행 Ⅰ>,263,5178000,0,263,5178000,28.4,0,260409_01,
20260402,"2026 실내악페스티벌 <실내악, 그 이상의 세계>",475,13293000,0,475,13293000,12.8,9,260416_01,
20260402,어린이 뮤지컬 <100층짜리 집>,1291,49485100,0,1291,49485100,23.2,157,260514_01,
20260401,김영욱×콜레기움 무지쿰 서울 <8 Seasons>,89,1633500,0,89,1633500,9.6,0,260507_01,
20260401,국립심포니오케스트라 <피터와 늑대 & 어미 거위>,141,5954000,0,141,5954000,15.2,0,260530_01,
20260401,한국페스티발앙상블 <세상에서 가장 편한 음악>,90,2672000,0,90,2672000,9.7,0,260523_01,
20260401,2026 브런치 콘서트 Ⅰ <클래식과 함께 하는 미술관 여행 Ⅰ>,263,5174000,0,263,5174000,28.4,-12,260409_01,
20260401,"2026 실내악페스티벌 <실내악, 그 이상의 세계>",466,12901000,0,466,12901000,12.6,12,260416_01,
20260401,어린이 뮤지컬 <100층짜리 집>,1134,44570400,0,1134,44570400,20.4,17,260514_01,
20260331,김영욱×콜레기움 무지쿰 서울 <8 Seasons>,89,1633500,0,89,1633500,9.6,4,260507_01,
20260331,국립심포니오케스트라 <피터와 늑대 & 어미 거위>,141,5954000,0,141,5954000,15.2,5,260530_01,
20260331,한국페스티발앙상블 <세상에서 가장 편한 음악>,90,2672000,0,90,2672000,9.7,0,260523_01,
20260331,2026 브런치 콘서트 Ⅰ <클래식과 함께 하는 미술관 여행 Ⅰ>,275,5390000,0,275,5390000,29.7,7,260409_01,
20260331,"2026 실내악페스티벌 <실내악, 그 이상의 세계>",454,12547000,0,454,12547000,12.3,7,260416_01,
20260331,어린이 뮤지컬 <100층짜리 집>,1117,43911700,0,1117,43911700,20.1,2,260514_01,
20260328,김영욱×콜레기움 무지쿰 서울 <8 Seasons>,85,1543500,0,85,1543500,9.2,-2,260507_01,
20260328,국립심포니오케스트라 <피터와 늑대 & 어미 거위>,136,5744000,0,136,5744000,14.7,-4,260530_01,
20260328,한국페스티발앙상블 <세상에서 가장 편한 음악>,90,2672000,0,90,2672000,9.7,2,260523_01,
20260328,2026 브런치 콘서트 Ⅰ <클래식과 함께 하는 미술관 여행 Ⅰ>,268,5264000,0,268,5264000,28.9,10,260409_01,
20260328,"2026 실내악페스티벌 <실내악, 그 이상의 세계>",447,12384000,0,447,12384000,12.1,10,260416_01,
20260328,어린이 뮤지컬 <100층짜리 집>,1115,43831900,0,1115,43831900,20,75,260514_01,
20260327,김영욱×콜레기움 무지쿰 서울 <8 Seasons>,87,1581000,0,87,1581000,9.4,3,260507_01,
20260327,국립심포니오케스트라 <피터와 늑대 & 어미 거위>,140,5916000,0,140,5916000,15.1,5,260530_01,
20260327,한국페스티발앙상블 <세상에서 가장 편한 음악>,88,2652000,0,88,2652000,9.5,3,260523_01,
20260327,2026 브런치 콘서트 Ⅰ <클래식과 함께 하는 미술관 여행 Ⅰ>,258,5090000,0,258,5090000,27.9,-3,260409_01,
20260327,"2026 실내악페스티벌 <실내악, 그 이상의 세계>",437,12018000,0,437,12018000,11.8,18,260416_01,
20260327,어린이 뮤지컬 <100층짜리 집>,1040,41172600,0,1040,41172600,18.7,69,260514_01,
20260325,김영욱×콜레기움 무지쿰 서울 <8 Seasons>,84,1521000,0,84,1521000,9.1,0,260507_01,
20260325,국립심포니오케스트라 <피터와 늑대 & 어미 거위>,135,5706000,0,135,5706000,14.6,0,260530_01,
20260325,한국페스티발앙상블 <세상에서 가장 편한 음악>,85,2547000,0,85,2547000,9.2,0,260523_01,
20260325,2026 브런치 콘서트 Ⅰ <클래식과 함께 하는 미술관 여행 Ⅰ>,261,5146000,0,261,5146000,28.2,14,260409_01,
20260325,"2026 실내악페스티벌 <실내악, 그 이상의 세계>",419,11570000,0,419,11570000,11.3,14,260416_01,
20260325,어린이 뮤지컬 <100층짜리 집>,971,38696700,0,971,38696700,17.5,-1,260514_01,
20260324,김영욱×콜레기움 무지쿰 서울 <8 Seasons>,84,1521000,0,84,1521000,9.1,32,260507_01,
20260324,국립심포니오케스트라 <피터와 늑대 & 어미 거위>,135,5706000,0,135,5706000,14.6,8,260530_01,
20260324,한국페스티발앙상블 <세상에서 가장 편한 음악>,85,2547000,0,85,2547000,9.2,-2,260523_01,
20260324,2026 브런치 콘서트 Ⅰ <클래식과 함께 하는 미술관 여행 Ⅰ>,247,4690000,0,247,4690000,26.7,15,260409_01,
20260324,"2026 실내악페스티벌 <실내악, 그 이상의 세계>",405,11132000,0,405,11132000,10.9,34,260416_01,
20260324,어린이 뮤지컬 <100층짜리 집>,972,38736600,0,972,38736600,17.5,3,260514_01,
20260321,김영욱×콜레기움 무지쿰 서울 <8 Seasons>,52,853500,0,52,853500,5.6,52,260507_01,
20260321,국립심포니오케스트라 <피터와 늑대 & 어미 거위>,127,5367000,0,127,5367000,13.7,0,260530_01,
20260321,한국페스티발앙상블 <세상에서 가장 편한 음악>,87,2617000,0,87,2617000,9.4,0,260523_01,
20260321,2026 브런치 콘서트 Ⅰ <클래식과 함께 하는 미술관 여행 Ⅰ>,232,4434000,0,232,4434000,25.1,6,260409_01,
20260321,"2026 실내악페스티벌 <실내악, 그 이상의 세계>",371,10266000,0,371,10266000,10,11,260416_01,
20260321,어린이 뮤지컬 <100층짜리 집>,969,38622500,0,969,38622500,17.4,0,260514_01,
20260320,국립심포니오케스트라 <피터와 늑대 & 어미 거위>,127,5367000,0,127,5367000,13.7,1,260530_01,
20260320,한국페스티발앙상블 <세상에서 가장 편한 음악>,87,2617000,0,87,2617000,9.4,1,260523_01,
20260320,2026 브런치 콘서트 Ⅰ <클래식과 함께 하는 미술관 여행 Ⅰ>,226,4330000,0,226,4330000,24.4,5,260409_01,
20260320,"2026 실내악페스티벌 <실내악, 그 이상의 세계>",360,9943000,0,360,9943000,9.7,4,260416_01,
20260320,어린이 뮤지컬 <100층짜리 집>,969,38622500,0,969,38622500,17.4,8,260514_01,
20260319,국립심포니오케스트라 <피터와 늑대 & 어미 거위>,126,5325000,0,126,5325000,13.6,3,260530_01,
20260319,한국페스티발앙상블 <세상에서 가장 편한 음악>,86,2582000,0,86,2582000,9.3,-1,260523_01,
20260319,2026 브런치 콘서트 Ⅰ <클래식과 함께 하는 미술관 여행 Ⅰ>,221,4238000,0,221,4238000,23.9,2,260409_01,
20260319,"2026 실내악페스티벌 <실내악, 그 이상의 세계>",356,9827000,0,356,9827000,9.6,3,260416_01,
20260319,어린이 뮤지컬 <100층짜리 집>,961,38306100,0,961,38306100,17.3,1,260514_01,
20260318,국립심포니오케스트라 <피터와 늑대 & 어미 거위>,123,5199000,0,123,5199000,13.3,0,260530_01,
20260318,한국페스티발앙상블 <세상에서 가장 편한 음악>,87,2617000,0,87,2617000,9.4,-2,260523_01,
20260318,2026 브런치 콘서트 Ⅰ <클래식과 함께 하는 미술관 여행 Ⅰ>,219,4196000,0,219,4196000,23.7,0,260409_01,
20260318,"2026 실내악페스티벌 <실내악, 그 이상의 세계>",353,9722000,0,353,9722000,9.5,-2,260416_01,
20260318,어린이 뮤지컬 <100층짜리 집>,960,38266200,0,960,38266200,17.3,9,260514_01,
20260317,국립심포니오케스트라 <피터와 늑대 & 어미 거위>,123,5199000,0,123,5199000,13.3,6,260530_01,
20260317,한국페스티발앙상블 <세상에서 가장 편한 음악>,89,2687000,0,89,2687000,9.6,2,260523_01,
20260317,2026 브런치 콘서트 Ⅰ <클래식과 함께 하는 미술관 여행 Ⅰ>,219,4196000,0,219,4196000,23.7,4,260409_01,
20260317,"2026 실내악페스티벌 <실내악, 그 이상의 세계>",355,9792000,0,355,9792000,9.6,-2,260416_01,
20260317,어린이 뮤지컬 <100층짜리 집>,951,37916900,0,951,37916900,17.1,21,260514_01,
20260314,국립심포니오케스트라 <피터와 늑대 & 어미 거위>,117,4944000,0,117,4944000,12.6,5,260530_01,
20260314,한국페스티발앙상블 <세상에서 가장 편한 음악>,87,2617000,0,87,2617000,9.4,0,260523_01,
20260314,2026 브런치 콘서트 Ⅰ <클래식과 함께 하는 미술관 여행 Ⅰ>,215,4060000,0,215,4060000,23.2,2,260409_01,
20260314,"2026 실내악페스티벌 <실내악, 그 이상의 세계>",357,9873000,0,357,9873000,9.6,2,260416_01,
20260314,어린이 뮤지컬 <100층짜리 집>,930,37079000,0,930,37079000,16.7,4,260514_01,
20260313,국립심포니오케스트라 <피터와 늑대 & 어미 거위>,112,4732000,0,112,4732000,12.1,0,260530_01,
20260313,한국페스티발앙상블 <세상에서 가장 편한 음악>,87,2617000,0,87,2617000,9.4,-2,260523_01,
20260313,2026 브런치 콘서트 Ⅰ <클래식과 함께 하는 미술관 여행 Ⅰ>,213,4020000,0,213,4020000,23,14,260409_01,
20260313,"2026 실내악페스티벌 <실내악, 그 이상의 세계>",355,9818000,0,355,9818000,9.6,2,260416_01,
20260313,어린이 뮤지컬 <100층짜리 집>,926,36922200,0,926,36922200,16.6,5,260514_01,
20260312,국립심포니오케스트라 <피터와 늑대 & 어미 거위>,112,4732000,0,112,4732000,12.1,4,260530_01,
20260312,한국페스티발앙상블 <세상에서 가장 편한 음악>,89,2677000,0,89,2677000,9.6,2,260523_01,
20260312,2026 브런치 콘서트 Ⅰ <클래식과 함께 하는 미술관 여행 Ⅰ>,199,3742000,0,199,3742000,21.5,7,260409_01,
20260312,"2026 실내악페스티벌 <실내악, 그 이상의 세계>",353,9733000,0,353,9733000,9.5,-2,260416_01,
20260312,어린이 뮤지컬 <100층짜리 집>,921,36722700,0,921,36722700,16.6,0,260514_01,
20260311,국립심포니오케스트라 <피터와 늑대 & 어미 거위>,108,4564000,0,108,4564000,11.7,3,260530_01,
20260311,한국페스티발앙상블 <세상에서 가장 편한 음악>,87,2632000,0,87,2632000,9.4,12,260523_01,
20260311,2026 브런치 콘서트 Ⅰ <클래식과 함께 하는 미술관 여행 Ⅰ>,192,3608000,0,192,3608000,20.7,6,260409_01,
20260311,"2026 실내악페스티벌 <실내악, 그 이상의 세계>",355,9803000,0,355,9803000,9.6,2,260416_01,
20260311,어린이 뮤지컬 <100층짜리 집>,921,36722700,0,921,36722700,16.6,4,260514_01,
20260310,국립심포니오케스트라 <피터와 늑대 & 어미 거위>,105,4438000,0,105,4438000,11.3,24,260530_01,
20260310,한국페스티발앙상블 <세상에서 가장 편한 음악>,75,2242000,0,75,2242000,8.1,0,260523_01,
20260310,2026 브런치 콘서트 Ⅰ <클래식과 함께 하는 미술관 여행 Ⅰ>,186,3500000,0,186,3500000,20.1,0,260409_01,
20260310,"2026 실내악페스티벌 <실내악, 그 이상의 세계>",353,9795000,0,353,9795000,9.5,3,260416_01,
20260310,어린이 뮤지컬 <100층짜리 집>,917,36563800,0,917,36563800,16.5,28,260514_01,
20260307,국립심포니오케스트라 <피터와 늑대 & 어미 거위>,81,3417000,0,81,3417000,8.7,81,260530_01,
20260307,한국페스티발앙상블 <세상에서 가장 편한 음악>,75,2242000,0,75,2242000,8.1,6,260523_01,
20260307,2026 브런치 콘서트 Ⅰ <클래식과 함께 하는 미술관 여행 Ⅰ>,186,3500000,0,186,3500000,20.1,1,260409_01,
20260307,"2026 실내악페스티벌 <실내악, 그 이상의 세계>",350,9690000,0,350,9690000,9.4,6,260416_01,
20260307,어린이 뮤지컬 <100층짜리 집>,889,35451500,0,889,35451500,16,3,260514_01,
20260306,한국페스티발앙상블 <세상에서 가장 편한 음악>,69,2070000,0,69,2070000,7.5,-1,260523_01,
20260306,2026 브런치 콘서트 Ⅰ <클래식과 함께 하는 미술관 여행 Ⅰ>,185,3482000,0,185,3482000,20,2,260409_01,
20260306,"2026 실내악페스티벌 <실내악, 그 이상의 세계>",344,9529000,0,344,9529000,9.3,2,260416_01,
20260306,어린이 뮤지컬 <100층짜리 집>,886,35331800,0,886,35331800,15.9,5,260514_01,
20260305,한국페스티발앙상블 <세상에서 가장 편한 음악>,70,2105000,0,70,2105000,7.6,0,260523_01,
20260305,2026 브런치 콘서트 Ⅰ <클래식과 함께 하는 미술관 여행 Ⅰ>,183,3442000,0,183,3442000,19.8,2,260409_01,
20260305,"2026 실내악페스티벌 <실내악, 그 이상의 세계>",342,9474000,0,342,9474000,9.2,2,260416_01,
20260305,어린이 뮤지컬 <100층짜리 집>,881,35132300,0,881,35132300,15.8,11,260514_01,
20260304,한국페스티발앙상블 <세상에서 가장 편한 음악>,70,2105000,0,70,2105000,7.6,5,260523_01,
20260304,2026 브런치 콘서트 Ⅰ <클래식과 함께 하는 미술관 여행 Ⅰ>,181,3406000,0,181,3406000,19.5,5,260409_01,
20260304,"2026 실내악페스티벌 <실내악, 그 이상의 세계>",340,9404000,0,340,9404000,9.2,4,260416_01,
20260304,어린이 뮤지컬 <100층짜리 집>,870,34693400,0,870,34693400,15.6,2,260514_01,
20260303,한국페스티발앙상블 <세상에서 가장 편한 음악>,65,1954000,0,65,1954000,7,7,260523_01,
20260303,2026 브런치 콘서트 Ⅰ <클래식과 함께 하는 미술관 여행 Ⅰ>,176,3316000,0,176,3316000,19,3,260409_01,
20260303,"2026 실내악페스티벌 <실내악, 그 이상의 세계>",336,9311000,0,336,9311000,9.1,9,260416_01,
20260303,어린이 뮤지컬 <100층짜리 집>,868,34613600,0,868,34613600,15.6,2,260514_01,
20260228,한국페스티발앙상블 <세상에서 가장 편한 음악>,58,1737000,0,58,1737000,6.3,58,260523_01,
20260228,2026 브런치 콘서트 Ⅰ <클래식과 함께 하는 미술관 여행 Ⅰ>,173,3262000,0,173,3262000,18.7,3,260409_01,
20260228,"2026 실내악페스티벌 <실내악, 그 이상의 세계>",327,8996000,0,327,8996000,8.8,15,260416_01,
20260228,어린이 뮤지컬 <100층짜리 집>,866,34533800,0,866,34533800,15.6,8,260514_01,
20260227,2026 브런치 콘서트 Ⅰ <클래식과 함께 하는 미술관 여행 Ⅰ>,170,3174000,0,170,3174000,18.4,1,260409_01,
20260227,"2026 실내악페스티벌 <실내악, 그 이상의 세계>",312,8651000,0,312,8651000,8.4,6,260416_01,
20260227,어린이 뮤지컬 <100층짜리 집>,858,34214600,0,858,34214600,15.4,-1,260514_01,
20260226,2026 브런치 콘서트 Ⅰ <클래식과 함께 하는 미술관 여행 Ⅰ>,169,3158000,0,169,3158000,18.3,1,260409_01,
20260226,"2026 실내악페스티벌 <실내악, 그 이상의 세계>",306,8441000,0,306,8441000,8.3,5,260416_01,
20260226,어린이 뮤지컬 <100층짜리 집>,859,34254500,0,859,34254500,15.4,0,260514_01,
20260225,2026 브런치 콘서트 Ⅰ <클래식과 함께 하는 미술관 여행 Ⅰ>,168,3138000,0,168,3138000,18.1,-1,260409_01,
20260225,"2026 실내악페스티벌 <실내악, 그 이상의 세계>",301,8291000,0,301,8291000,8.1,-1,260416_01,
20260225,어린이 뮤지컬 <100층짜리 집>,859,34258700,0,859,34258700,15.4,14,260514_01,
20260224,2026 브런치 콘서트 Ⅰ <클래식과 함께 하는 미술관 여행 Ⅰ>,169,3190000,0,169,3190000,18.3,-1,260409_01,
20260224,"2026 실내악페스티벌 <실내악, 그 이상의 세계>",302,8323000,0,302,8323000,8.2,6,260416_01,
20260224,어린이 뮤지컬 <100층짜리 집>,845,33700100,0,845,33700100,15.2,20,260514_01,
20260221,2026 브런치 콘서트 Ⅰ <클래식과 함께 하는 미술관 여행 Ⅰ>,170,3242000,0,170,3242000,18.4,2,260409_01,
20260221,"2026 실내악페스티벌 <실내악, 그 이상의 세계>",296,8188000,0,296,8188000,8,-2,260416_01,
20260221,어린이 뮤지컬 <100층짜리 집>,825,32906300,0,825,32906300,14.8,18,260514_01,
20260220,2026 브런치 콘서트 Ⅰ <클래식과 함께 하는 미술관 여행 Ⅰ>,168,3120000,0,168,3120000,18.1,4,260409_01,
20260220,"2026 실내악페스티벌 <실내악, 그 이상의 세계>",298,8258000,0,298,8258000,8,11,260416_01,
20260220,어린이 뮤지컬 <100층짜리 집>,807,32193000,0,807,32193000,14.5,0,260514_01,
20260219,2026 브런치 콘서트 Ⅰ <클래식과 함께 하는 미술관 여행 Ⅰ>,164,3102000,0,164,3102000,17.7,13,260409_01,
20260219,"2026 실내악페스티벌 <실내악, 그 이상의 세계>",287,7975500,0,287,7975500,7.8,22,260416_01,
20260219,어린이 뮤지컬 <100층짜리 집>,807,32193000,0,807,32193000,14.5,37,260514_01,
20260213,2026 브런치 콘서트 Ⅰ <클래식과 함께 하는 미술관 여행 Ⅰ>,151,2830000,0,151,2830000,16.3,151,260409_01,
20260213,"2026 실내악페스티벌 <실내악, 그 이상의 세계>",265,7344500,0,265,7344500,7.1,24,260416_01,
20260213,어린이 뮤지컬 <100층짜리 집>,770,30716700,0,770,30716700,13.8,12,260514_01,
20260212,"2026 실내악페스티벌 <실내악, 그 이상의 세계>",241,6616500,0,241,6616500,6.5,8,260416_01,
20260212,어린이 뮤지컬 <100층짜리 집>,758,30239300,0,758,30239300,13.6,19,260514_01,
20260211,"2026 실내악페스티벌 <실내악, 그 이상의 세계>",233,6402500,0,233,6402500,6.3,20,260416_01,
20260211,어린이 뮤지컬 <100층짜리 집>,739,29484000,0,739,29484000,13.3,15,260514_01,
20260210,"2026 실내악페스티벌 <실내악, 그 이상의 세계>",213,5865000,0,213,5865000,5.8,7,260416_01,
20260210,어린이 뮤지컬 <100층짜리 집>,724,28899500,0,724,28899500,13,7,260514_01,
20260207,"2026 실내악페스티벌 <실내악, 그 이상의 세계>",206,5581000,0,206,5581000,5.6,206,260416_01,
20260207,어린이 뮤지컬 <100층짜리 집>,717,28620200,0,717,28620200,12.9,38,260514_01,
20260206,어린이 뮤지컬 <100층짜리 집>,679,27106800,0,679,27106800,12.2,29,260514_01,
20260203,어린이 뮤지컬 <100층짜리 집>,650,25959500,0,650,25959500,11.7,59,260514_01,
20260131,어린이 뮤지컬 <100층짜리 집>,591,23597000,0,591,23597000,10.6,91,260514_01,
20260130,어린이 뮤지컬 <100층짜리 집>,500,20086500,0,500,20086500,9,0,260514_01,
20260125,뮤지컬 <미세스 다웃파이어>,3332,486413000,0,3332,486413000,85.6,30,260124_01,
20260124,뮤지컬 <미세스 다웃파이어>,3302,483813500,0,3302,483813500,84.8,48,260124_01,
20260123,뮤지컬 <미세스 다웃파이어>,3230,479479500,24,3254,479479500,83.6,18,260124_01,
20260122,뮤지컬 <미세스 다웃파이어>,3212,476649500,24,3236,476649500,83.1,9,260124_01,
20260121,뮤지컬 <미세스 다웃파이어>,3153,468723000,26,3227,475659000,82.9,63,260124_01,
20260120,뮤지컬 <미세스 다웃파이어>,3090,459467500,26,3164,466403500,81.3,86,260124_01,
20260116,뮤지컬 <미세스 다웃파이어>,3004,448671000,26,3078,455607000,79.1,1,260124_01,
20260115,뮤지컬 <미세스 다웃파이어>,3003,448768000,26,3077,455704000,79.1,26,260124_01,
20260114,뮤지컬 <미세스 다웃파이어>,2977,442699000,26,3051,449635000,78.4,18,260124_01,
20260113,뮤지컬 <미세스 다웃파이어>,2959,440522500,26,3033,447458500,77.9,52,260124_01,
20260110,뮤지컬 <미세스 다웃파이어>,2907,433159500,26,2981,440095500,76.6,17,260124_01,
20260110,2026 신년음악회,918,38284950,0,918,38284950,99.1,19,260109_01,
20260109,뮤지컬 <미세스 다웃파이어>,2890,430533500,26,2964,437469500,76.2,-10,260124_01,
20260109,2026 신년음악회,868,37693700,0,899,37833950,97.1,4,260109_01,
20260108,뮤지컬 <미세스 다웃파이어>,2900,431975500,26,2974,438911500,76.4,19,260124_01,
20260108,2026 신년음악회,864,36190000,0,895,36330250,96.7,17,260109_01,
20260107,뮤지컬 <미세스 다웃파이어>,2881,429152500,26,2955,436088500,75.9,46,260124_01,
20260107,2026 신년음악회,847,35499750,0,878,35640000,94.8,-3,260109_01,
20260106,뮤지컬 <미세스 다웃파이어>,2835,422415000,26,2909,429351000,74.7,33,260124_01,
20260106,2026 신년음악회,850,35762650,0,881,35902900,95.1,11,260109_01,
20260103,뮤지컬 <미세스 다웃파이어>,2802,417827000,26,2876,424763000,73.9,17,260124_01,
20260103,2026 신년음악회,839,35386450,0,870,35526700,94,5,260109_01,
20251230,2026 신년음악회,821,34695650,0,852,34835900,92,20,260109_01,
20251230,뮤지컬 <미세스 다웃파이어>,2690,401510000,26,2764,408446000,71,98,260124_01,
20251227,2026 신년음악회,801,33811800,0,832,33952050,89.8,7,260109_01,
20251227,뮤지컬 <미세스 다웃파이어>,2592,387316000,26,2666,394252000,68.5,38,260124_01,
20251226,2025 크리스마스 특별공연 발레 <호두까기 인형>,1414,88401500,28,1442,88401500,77.9,27,251225_01,
20251226,2026 신년음악회,794,33526900,0,825,33667150,89.1,7,260109_01,
20251226,뮤지컬 <미세스 다웃파이어>,2554,381607000,26,2628,388543000,67.5,33,260124_01,
20251225,2025 크리스마스 특별공연 발레 <호두까기 인형>,1387,86687700,28,1415,86687700,76.4,34,251225_01,
20251225,2026 신년음악회,787,33326150,0,818,33466400,88.3,-2,260109_01,
20251225,뮤지컬 <미세스 다웃파이어>,2521,376975000,26,2595,383911000,66.7,11,260124_01,
20251224,2025 크리스마스 특별공연 발레 <호두까기 인형>,1315,85466700,0,1381,85466700,74.6,60,251225_01,
20251224,2026 신년음악회,789,33427900,0,820,33568150,88.6,29,260109_01,
20251224,뮤지컬 <미세스 다웃파이어>,2510,375441500,26,2584,382377500,66.4,71,260124_01,
20251224,뮤지컬 <김종욱 찾기>,2796,104532500,0,2796,104532500,95.1,43,251219_01,
20251221,2025 크리스마스 특별공연 발레 <호두까기 인형>,1255,82106200,0,1321,82106200,71.3,4,251225_01,
20251221,2026 신년음악회,760,32294900,0,791,32435150,85.4,14,260109_01,
20251221,뮤지컬 <미세스 다웃파이어>,2439,364390500,26,2513,371326500,64.6,35,260124_01,
20251221,뮤지컬 <김종욱 찾기>,2753,103862500,0,2753,103862500,93.6,34,251219_01,
20251220,2025 크리스마스 특별공연 발레 <호두까기 인형>,1251,81923600,0,1317,81923600,71.1,9,251225_01,
20251220,2026 신년음악회,746,31676150,0,777,31816400,83.9,3,260109_01,
20251220,뮤지컬 <미세스 다웃파이어>,2404,359414000,26,2478,366350000,63.7,12,260124_01,
20251220,뮤지컬 <김종욱 찾기>,2719,103450000,0,2719,103450000,92.5,17,251219_01,
20251219,2025 크리스마스 특별공연 발레 <호두까기 인형>,1242,81293300,0,1308,81293300,70.6,27,251225_01,
20251219,2026 신년음악회,743,31496850,0,774,31637100,83.6,8,260109_01,
20251219,뮤지컬 <미세스 다웃파이어>,2392,357485000,26,2466,364421000,63.4,28,260124_01,
20251219,뮤지컬 <김종욱 찾기>,2702,103280000,0,2702,103280000,91.9,-17,251219_01,
20251218,2025 크리스마스 특별공연 발레 <호두까기 인형>,1215,79768700,0,1281,79768700,69.2,52,251225_01,
20251218,2026 신년음악회,735,31117350,0,766,31257600,82.7,9,260109_01,
20251218,뮤지컬 <미세스 다웃파이어>,2364,353382000,26,2438,360318000,62.6,76,260124_01,
20251218,뮤지컬 <김종욱 찾기>,2719,103725000,0,2719,103725000,92.5,43,251219_01,
20251216,2025 크리스마스 특별공연 발레 <호두까기 인형>,1163,76513800,0,1229,76513800,66.4,48,251225_01,
20251216,2026 신년음악회,726,30911100,0,757,31051350,81.7,64,260109_01,
20251216,뮤지컬 <미세스 다웃파이어>,2288,342761000,26,2362,349697000,60.7,97,260124_01,
20251216,뮤지컬 <김종욱 찾기>,2676,101790000,0,2676,101790000,91,5,251219_01,
20251213,2025 크리스마스 특별공연 발레 <호두까기 인형>,1115,73376600,0,1181,73376600,63.8,13,251225_01,
20251213,2026 신년음악회,662,28427850,0,693,28568100,74.8,37,260109_01,
20251213,뮤지컬 <미세스 다웃파이어>,2191,332001000,26,2265,338937000,58.2,39,260124_01,
20251213,뮤지컬 <김종욱 찾기>,2671,101482500,0,2671,101482500,90.9,6,251219_01,
20251212,2025 크리스마스 특별공연 발레 <호두까기 인형>,1102,72523000,0,1168,72523000,63.1,2,251225_01,
20251212,2026 신년음악회,625,26783350,0,656,26923600,70.8,13,260109_01,
20251212,뮤지컬 <미세스 다웃파이어>,2152,326713500,26,2226,333649500,57.2,115,260124_01,
20251212,뮤지컬 <김종욱 찾기>,2665,101180000,0,2665,101180000,90.6,16,251219_01,
20251211,2025 크리스마스 특별공연 발레 <호두까기 인형>,1100,72484500,0,1166,72484500,63,30,251225_01,
20251211,2026 신년음악회,612,26355450,0,643,26495700,69.4,3,260109_01,
20251211,뮤지컬 <미세스 다웃파이어>,2037,309248500,26,2111,316184500,54.2,46,260124_01,
20251211,뮤지컬 <김종욱 찾기>,2649,100397500,0,2649,100397500,90.1,1,251219_01,
20251210,2025 크리스마스 특별공연 발레 <호두까기 인형>,1070,70898300,0,1136,70898300,61.3,7,251225_01,
20251210,2026 신년음악회,562,24147200,0,640,26347200,69.1,6,260109_01,
20251210,뮤지컬 <미세스 다웃파이어>,1991,302427500,26,2065,309363500,53.1,49,260124_01,
20251210,뮤지컬 <김종욱 찾기>,2648,100302500,0,2648,100302500,90.1,76,251219_01,
20251209,2025 크리스마스 특별공연 발레 <호두까기 인형>,1063,70450600,0,1129,70450600,61,57,251225_01,
20251209,2026 신년음악회,556,23888150,0,634,26088150,68.5,10,260109_01,
20251209,뮤지컬 <미세스 다웃파이어>,1942,294994500,26,2016,301930500,51.8,114,260124_01,
20251209,뮤지컬 <김종욱 찾기>,2572,97415000,0,2572,97415000,87.5,28,251219_01,
20251205,2025 크리스마스 특별공연 발레 <호두까기 인형>,1006,67171500,0,1072,67171500,57.9,1,251225_01,
20251205,2026 신년음악회,546,23439350,0,624,25639350,67.4,2,260109_01,
20251205,뮤지컬 <미세스 다웃파이어>,1828,278318500,26,1902,285254500,48.9,10,260124_01,
20251205,뮤지컬 <김종욱 찾기>,2544,96180000,0,2544,96180000,86.5,43,251219_01,
20251204,2025 크리스마스 특별공연 발레 <호두까기 인형>,1005,67210000,0,1071,67210000,57.8,31,251225_01,
20251204,2025 예울마루 브런치콘서트_ <크리스마스가 우리 마을에>,909,15656000,0,909,15656000,98.2,24,251204_01,
20251204,2026 신년음악회,544,23345850,0,622,25545850,67.2,4,260109_01,
20251204,뮤지컬 <미세스 다웃파이어>,1818,276493000,26,1892,283429000,48.6,21,260124_01,
20251204,뮤지컬 <김종욱 찾기>,2501,94440000,0,2501,94440000,85.1,244,251219_01,
20251203,2025 크리스마스 특별공연 발레 <호두까기 인형>,974,65354300,0,1040,65354300,56.2,29,251225_01,
20251203,2025 예울마루 브런치콘서트_ <크리스마스가 우리 마을에>,885,15458000,0,885,15458000,95.6,-14,251204_01,
20251203,2026 신년음악회,540,23183050,0,618,25383050,66.7,4,260109_01,
20251203,뮤지컬 <미세스 다웃파이어>,1797,273574000,26,1871,280510000,48.1,43,260124_01,
20251203,뮤지컬 <김종욱 찾기>,2257,85732500,0,2257,85732500,76.8,74,251219_01,
20251202,2025 크리스마스 특별공연 발레 <호두까기 인형>,945,63666900,0,1011,63666900,54.6,46,251225_01,
20251202,2025 예울마루 브런치콘서트_ <크리스마스가 우리 마을에>,899,15688000,0,899,15688000,97.1,2,251204_01,
20251202,2026 신년음악회,536,22898150,0,614,25098150,66.3,6,260109_01,
20251202,뮤지컬 <미세스 다웃파이어>,1754,267395000,26,1828,274331000,47,122,260124_01,
20251202,뮤지컬 <김종욱 찾기>,2183,82945000,0,2183,82945000,74.3,32,251219_01,
20251129,연극 <내일은 내일에게>,3690,107442000,0,3690,107442000,61.6,-9,251127_01,
20251129,2025 크리스마스 특별공연 발레 <호두까기 인형>,899,60808000,0,965,60808000,52.1,16,251225_01,
20251129,2025 예울마루 브런치콘서트_ <크리스마스가 우리 마을에>,897,15622000,0,897,15622000,96.9,3,251204_01,
20251129,2026 신년음악회,530,22705650,0,608,24905650,65.7,8,260109_01,
20251129,뮤지컬 <미세스 다웃파이어>,1632,248732500,26,1706,255668500,43.8,41,260124_01,
20251129,뮤지컬 <김종욱 찾기>,2151,81430000,0,2151,81430000,73.2,215,251219_01,
20251127,연극 <내일은 내일에게>,3699,107761500,0,3699,107761500,61.7,64,251127_01,
20251127,2025 크리스마스 특별공연 발레 <호두까기 인형>,883,59855400,0,949,59855400,51.2,25,251225_01,
20251127,2025 예울마루 브런치콘서트_ <크리스마스가 우리 마을에>,894,15564000,0,894,15564000,96.5,3,251204_01,
20251127,2026 신년음악회,522,22387750,0,600,24587750,64.8,4,260109_01,
20251127,뮤지컬 <미세스 다웃파이어>,1591,242813500,26,1665,249749500,42.8,29,260124_01,
20251127,뮤지컬 <김종욱 찾기>,1936,73715000,0,1936,73715000,65.9,-7,251219_01,
20251126,연극 <내일은 내일에게>,3635,108040500,0,3635,108040500,60.6,128,251127_01,
20251126,2025 크리스마스 특별공연 발레 <호두까기 인형>,858,58281300,0,924,58281300,49.9,13,251225_01,
20251126,2025 예울마루 브런치콘서트_ <크리스마스가 우리 마을에>,891,15456000,0,891,15456000,96.2,2,251204_01,
20251126,2026 신년음악회,518,22238150,0,596,24438150,64.4,3,260109_01,
20251126,뮤지컬 <미세스 다웃파이어>,1562,238530000,26,1636,245466000,42,21,260124_01,
20251126,뮤지컬 <김종욱 찾기>,1943,73920000,0,1943,73920000,66.1,604,251219_01,
20251125,연극 <내일은 내일에게>,3507,104697000,0,3507,104697000,58.5,13,251127_01,
20251125,2025 크리스마스 특별공연 발레 <호두까기 인형>,845,57472800,0,911,57472800,49.2,51,251225_01,
20251125,2025 예울마루 브런치콘서트_ <크리스마스가 우리 마을에>,889,15420000,0,889,15420000,96,3,251204_01,
20251125,2026 신년음악회,515,22154000,0,593,24354000,64,13,260109_01,
20251125,뮤지컬 <미세스 다웃파이어>,1541,235407000,26,1615,242343000,41.5,220,260124_01,
20251125,뮤지컬 <김종욱 찾기>,1339,52680000,0,1339,52680000,45.5,19,251219_01,
20251122,연극 <내일은 내일에게>,3494,104175000,0,3494,104175000,58.3,68,251127_01,
20251122,2025 크리스마스 특별공연 발레 <호두까기 인형>,794,55116600,0,860,55116600,46.4,18,251225_01,
20251122,2025 예울마루 브런치콘서트_ <크리스마스가 우리 마을에>,886,15332000,0,886,15332000,95.7,1,251204_01,
20251122,2025 뮤지컬 <킹키부츠>,3200,482035500,0,3322,482035500,85,24,251122_01,
20251122,2026 신년음악회,502,21634250,0,580,23834250,62.6,4,260109_01,
20251122,뮤지컬 <미세스 다웃파이어>,1321,201329500,26,1395,208265500,35.8,-33,260124_01,
20251122,뮤지컬 <김종욱 찾기>,1320,51810000,0,1320,51810000,44.9,0,251219_01,
20251121,연극 <내일은 내일에게>,3426,100791000,0,3426,100791000,57.2,246,251127_01,
20251121,2025 크리스마스 특별공연 발레 <호두까기 인형>,776,54102400,0,842,54102400,45.5,47,251225_01,
20251121,2025 예울마루 브런치콘서트_ <크리스마스가 우리 마을에>,885,15314000,0,885,15314000,95.6,7,251204_01,
20251121,2025 뮤지컬 <킹키부츠>,3176,479044000,0,3298,479044000,84.4,46,251122_01,
20251121,2026 신년음악회,498,21439000,0,576,23639000,62.2,15,260109_01,
20251121,뮤지컬 <미세스 다웃파이어>,1354,206898500,26,1428,213834500,36.7,33,260124_01,
20251121,뮤지컬 <김종욱 찾기>,1320,51812500,0,1320,51812500,44.9,11,251219_01,
20251120,연극 <내일은 내일에게>,3180,95485500,0,3180,95485500,53.1,-11,251127_01,
20251120,2025 크리스마스 특별공연 발레 <호두까기 인형>,729,51035600,0,795,51035600,42.9,17,251225_01,
20251120,2025 예울마루 브런치콘서트_ <크리스마스가 우리 마을에>,878,15150000,0,878,15150000,94.8,9,251204_01,
20251120,2025 뮤지컬 <킹키부츠>,3130,476404500,0,3252,476404500,83.2,5,251122_01,
20251120,2026 신년음악회,483,20962700,0,561,23162700,60.6,14,260109_01,
20251120,뮤지컬 <미세스 다웃파이어>,1321,203297500,26,1395,210233500,35.8,-49,260124_01,
20251120,뮤지컬 <김종욱 찾기>,1309,51267500,0,1309,51267500,44.5,37,251219_01,
20251119,연극 <내일은 내일에게>,3191,95850000,0,3191,95850000,53.2,203,251127_01,
20251119,2025 크리스마스 특별공연 발레 <호두까기 인형>,712,49903700,0,778,49903700,42,30,251225_01,
20251119,2025 예울마루 브런치콘서트_ <크리스마스가 우리 마을에>,869,14886000,0,869,14886000,93.8,1,251204_01,
20251119,2025 뮤지컬 <킹키부츠>,3125,477433500,0,3247,477433500,83.1,12,251122_01,
20251119,2026 신년음악회,469,20332400,0,547,22532400,59.1,-3,260109_01,
20251119,뮤지컬 <미세스 다웃파이어>,1370,211236500,26,1444,218172500,37.1,1444,260124_01,
20251119,뮤지컬 <김종욱 찾기>,1272,49445000,0,1272,49445000,43.3,108,251219_01,
20251118,연극 <내일은 내일에게>,2988,90256500,0,2988,90256500,49.8,27,251127_01,
20251118,2025 크리스마스 특별공연 발레 <호두까기 인형>,682,47936900,0,748,47936900,40.4,46,251225_01,
20251118,2025 예울마루 브런치콘서트_ <크리스마스가 우리 마을에>,868,14886000,0,868,14886000,93.7,-1,251204_01,
20251118,2025 뮤지컬 <킹키부츠>,3113,476127000,0,3235,476127000,82.8,27,251122_01,
20251118,2026 신년음악회,472,20533700,0,550,22733700,59.4,55,260109_01,
20251118,뮤지컬 <미세스 다웃파이어>,0,0,0,0,0,0,0,260124_01,
20251118,뮤지컬 <김종욱 찾기>,1164,45252500,0,1164,45252500,39.6,59,251219_01,
20251115,연극 <내일은 내일에게>,2961,89095500,0,2961,89095500,49.4,206,251127_01,
20251115,2025 크리스마스 특별공연 발레 <호두까기 인형>,636,45117600,0,702,45117600,37.9,12,251225_01,
20251115,2025 예울마루 브런치콘서트_ <크리스마스가 우리 마을에>,869,14904000,0,869,14904000,93.8,11,251204_01,
20251115,2025 뮤지컬 <킹키부츠>,3086,472297000,0,3208,472297000,82.1,65,251122_01,
20251115,2025 헬로! 오페라 <오페라 하이라이트>,439,8309000,0,459,8939000,49.6,12,251115_01,
20251115,2026 신년음악회,417,18257800,0,495,20457800,53.5,4,260109_01,
20251115,뮤지컬 <미세스 다웃파이어>,0,0,0,0,0,0,0,260124_01,
20251115,뮤지컬 <김종욱 찾기>,1105,42907500,0,1105,42907500,37.6,11,251219_01,
20251114,연극 <내일은 내일에게>,2755,82435500,0,2755,82435500,46,107,251127_01,
20251114,2025 크리스마스 특별공연 발레 <호두까기 인형>,624,44422400,0,690,44422400,37.3,4,251225_01,
20251114,2025 예울마루 브런치콘서트_ <크리스마스가 우리 마을에>,858,14534000,0,858,14534000,92.7,0,251204_01,
20251114,2025 뮤지컬 <킹키부츠>,3021,463976000,0,3143,463976000,80.4,14,251122_01,
20251114,2025 헬로! 오페라 <오페라 하이라이트>,427,8255000,0,447,8885000,48.3,17,251115_01,
20251114,2026 신년음악회,413,18065850,0,491,20265850,53,491,260109_01,
20251114,뮤지컬 <미세스 다웃파이어>,0,0,0,0,0,0,0,260124_01,
20251114,뮤지컬 <김종욱 찾기>,1094,42465000,0,1094,42465000,37.2,21,251219_01,
20251113,연극 <내일은 내일에게>,2648,79623000,0,2648,79623000,44.2,5,251127_01,
20251113,2025 크리스마스 특별공연 발레 <호두까기 인형>,620,44145200,0,686,44145200,37,-2,251225_01,
20251113,2025 예울마루 브런치콘서트_ <크리스마스가 우리 마을에>,858,14534000,0,858,14534000,92.7,4,251204_01,
20251113,2025 뮤지컬 <킹키부츠>,3007,456012500,0,3129,456012500,80.1,59,251122_01,
20251113,2025 헬로! 오페라 <오페라 하이라이트>,410,8117000,0,430,8747000,46.4,3,251115_01,
20251113,뮤지컬 <김종욱 찾기>,1073,41640000,0,1073,41640000,36.5,43,251219_01,
20251112,연극 <내일은 내일에게>,2643,79465500,0,2643,79465500,44.1,233,251127_01,
20251112,2025 크리스마스 특별공연 발레 <호두까기 인형>,622,44332200,0,688,44332200,37.1,24,251225_01,
20251112,2025 예울마루 브런치콘서트_ <크리스마스가 우리 마을에>,854,14426000,0,854,14426000,92.2,-11,251204_01,
20251112,2025 뮤지컬 <킹키부츠>,2948,453210500,0,3070,453210500,78.6,22,251122_01,
20251112,2025 헬로! 오페라 <오페라 하이라이트>,407,8084000,0,427,8714000,46.1,25,251115_01,
20251112,뮤지컬 <김종욱 찾기>,1030,40000000,0,1030,40000000,35,50,251219_01,
20251111,연극 <내일은 내일에게>,2410,72922500,0,2410,72922500,40.2,11,251127_01,
20251111,2025 크리스마스 특별공연 발레 <호두까기 인형>,598,42807600,0,664,42807600,35.9,47,251225_01,
20251111,2025 예울마루 브런치콘서트_ <크리스마스가 우리 마을에>,865,14606000,0,865,14606000,93.4,2,251204_01,
20251111,2025 뮤지컬 <킹키부츠>,2926,450093000,0,3048,450093000,78,25,251122_01,
20251111,2025 헬로! 오페라 <오페라 하이라이트>,382,7822000,0,402,8452000,43.4,12,251115_01,
20251111,뮤지컬 <김종욱 찾기>,980,38250000,0,980,38250000,33.3,1,251219_01,
20251108,연극 <내일은 내일에게>,2399,72499500,0,2399,72499500,40,32,251127_01,
20251108,2025 크리스마스 특별공연 발레 <호두까기 인형>,551,39602200,0,617,39602200,33.3,9,251225_01,
20251108,2025 예울마루 브런치콘서트_ <크리스마스가 우리 마을에>,863,14568000,0,863,14568000,93.2,1,251204_01,
20251108,2025 뮤지컬 <킹키부츠>,2901,446682000,0,3023,446682000,77.4,-15,251122_01,
20251108,2025 헬로! 오페라 <오페라 하이라이트>,370,7587000,0,390,8217000,42.1,-3,251115_01,
20251108,뮤지컬 <김종욱 찾기>,979,38185000,0,979,38185000,33.3,4,251219_01,
20251107,연극 <내일은 내일에게>,2367,71446500,0,2367,71446500,39.5,123,251127_01,
20251107,2025 크리스마스 특별공연 발레 <호두까기 인형>,542,39085200,0,608,39085200,32.8,27,251225_01,
20251107,2025 예울마루 브런치콘서트_ <크리스마스가 우리 마을에>,862,14544000,0,862,14544000,93.1,1,251204_01,
20251107,2025 뮤지컬 <킹키부츠>,2916,449033500,0,3038,449033500,77.7,71,251122_01,
20251107,2025 헬로! 오페라 <오페라 하이라이트>,373,7733000,0,393,8363000,42.4,24,251115_01,
20251107,뮤지컬 <김종욱 찾기>,975,38005000,0,975,38005000,33.2,-5,251219_01,
20251105,연극 <내일은 내일에게>,2244,67239000,0,2244,67239000,37.4,181,251127_01,
20251105,2025 크리스마스 특별공연 발레 <호두까기 인형>,515,37330700,0,581,37330700,31.4,21,251225_01,
20251105,2025 예울마루 브런치콘서트_ <크리스마스가 우리 마을에>,861,14500000,0,861,14500000,93,6,251204_01,
20251105,2025 뮤지컬 <킹키부츠>,2845,439402500,0,2967,439402500,75.9,72,251122_01,
20251105,2025 헬로! 오페라 <오페라 하이라이트>,349,7224000,0,369,7854000,39.8,12,251115_01,
20251105,뮤지컬 <김종욱 찾기>,980,38200000,0,980,38200000,33.3,144,251219_01,
20251101,연극 <내일은 내일에게>,2063,61533000,0,2063,61533000,34.4,260,251127_01,
20251101,2025 크리스마스 특별공연 발레 <호두까기 인형>,494,35896300,0,560,35896300,30.2,2,251225_01,
20251101,2025 예울마루 브런치콘서트_ <크리스마스가 우리 마을에>,855,14384000,0,855,14384000,92.3,0,251204_01,
20251101,2025 뮤지컬 <킹키부츠>,2773,428624500,0,2895,428624500,74.1,20,251122_01,
20251101,2025 헬로! 오페라 <오페라 하이라이트>,337,6933000,0,357,7563000,38.6,4,251115_01,
20251101,뮤지컬 <김종욱 찾기>,836,32770000,0,836,32770000,28.4,10,251219_01,
20251031,연극 <내일은 내일에게>,1803,53991000,0,1803,53991000,30.1,43,251127_01,
20251031,2025 크리스마스 특별공연 발레 <호두까기 인형>,492,35757700,0,558,35757700,30.1,6,251225_01,
20251031,2025 예울마루 브런치콘서트_ <크리스마스가 우리 마을에>,855,14384000,0,855,14384000,92.3,7,251204_01,
20251031,2025 뮤지컬 <킹키부츠>,2753,425334500,0,2875,425334500,73.6,25,251122_01,
20251031,2025 헬로! 오페라 <오페라 하이라이트>,333,6822000,0,353,7452000,38.1,6,251115_01,
20251031,뮤지컬 <김종욱 찾기>,826,32350000,0,826,32350000,28.1,60,251219_01,
20251030,연극 <내일은 내일에게>,1760,52501500,0,1760,52501500,29.4,-5,251127_01,
20251030,2025 크리스마스 특별공연 발레 <호두까기 인형>,486,35412300,0,552,35412300,29.8,15,251225_01,
20251030,2025 예울마루 브런치콘서트_ <크리스마스가 우리 마을에>,848,14256000,0,848,14256000,91.6,0,251204_01,
20251030,2025 뮤지컬 <킹키부츠>,2728,422016500,0,2850,422016500,72.9,30,251122_01,
20251030,2025 헬로! 오페라 <오페라 하이라이트>,327,6681000,0,347,7311000,37.5,6,251115_01,
20251030,뮤지컬 <김종욱 찾기>,766,30057500,0,766,30057500,26.1,6,251219_01,
20251029,연극 <내일은 내일에게>,1765,52663500,0,1765,52663500,29.4,17,251127_01,
20251029,2025 크리스마스 특별공연 발레 <호두까기 인형>,471,34392600,0,537,34392600,29,23,251225_01,
20251029,2025 예울마루 브런치콘서트_ <크리스마스가 우리 마을에>,848,14256000,0,848,14256000,91.6,24,251204_01,
20251029,2025 뮤지컬 <킹키부츠>,2698,417865000,0,2820,417865000,72.2,18,251122_01,
20251029,2025 헬로! 오페라 <오페라 하이라이트>,321,6553000,0,341,7183000,36.8,2,251115_01,
20251029,뮤지컬 <김종욱 찾기>,760,29820000,0,760,29820000,25.9,25,251219_01,
20251028,연극 <내일은 내일에게>,1748,52150500,0,1748,52150500,29.2,2,251127_01,
20251028,2025 크리스마스 특별공연 발레 <호두까기 인형>,448,32744800,0,514,32744800,27.8,8,251225_01,
20251028,2025 예울마루 브런치콘서트_ <크리스마스가 우리 마을에>,824,13864000,0,824,13864000,89,2,251204_01,
20251028,2025 뮤지컬 <킹키부츠>,2680,415222000,0,2802,415222000,71.7,34,251122_01,
20251028,2025 헬로! 오페라 <오페라 하이라이트>,319,6499000,0,339,7129000,36.6,-5,251115_01,
20251028,뮤지컬 <김종욱 찾기>,735,28810000,0,735,28810000,25,1,251219_01,
20251026,연극 <내일은 내일에게>,1746,52078500,0,1746,52078500,29.1,-1,251127_01,
20251026,2025 크리스마스 특별공연 발레 <호두까기 인형>,440,32201400,0,506,32201400,27.3,4,251225_01,
20251026,2025 예울마루 브런치콘서트_ <크리스마스가 우리 마을에>,822,13828000,0,822,13828000,88.8,0,251204_01,
20251026,2025 뮤지컬 <킹키부츠>,2646,410124000,0,2768,410124000,70.8,2,251122_01,
20251026,2025 헬로! 오페라 <오페라 하이라이트>,324,6628000,0,344,7258000,37.1,-2,251115_01,
20251026,2025 실내악 페스티벌 <동유럽의 춤>,1231,20034000,0,1231,20034000,33.2,43,251023_01,
20251026,뮤지컬 <김종욱 찾기>,734,28780000,0,734,28780000,25,-2,251219_01,
20251025,연극 <내일은 내일에게>,1747,52114500,0,1747,52114500,29.1,0,251127_01,
20251025,2025 크리스마스 특별공연 발레 <호두까기 인형>,436,31948400,0,502,31948400,27.1,6,251225_01,
20251025,2025 예울마루 브런치콘서트_ <크리스마스가 우리 마을에>,822,13828000,0,822,13828000,88.8,0,251204_01,
20251025,2025 뮤지컬 <킹키부츠>,2644,406505000,0,2766,406505000,70.8,47,251122_01,
20251025,2025 헬로! 오페라 <오페라 하이라이트>,326,6682000,0,346,7312000,37.4,-1,251115_01,
20251025,2025 실내악 페스티벌 <동유럽의 춤>,1188,19839000,0,1188,19839000,32.1,54,251023_01,
20251025,뮤지컬 <김종욱 찾기>,736,28857500,0,736,28857500,25,2,251219_01,
20251024,연극 <내일은 내일에게>,1747,52114500,0,1747,52114500,29.1,145,251127_01,
20251024,2025 크리스마스 특별공연 발레 <호두까기 인형>,430,31680000,0,496,31680000,26.8,33,251225_01,
20251024,2025 예울마루 브런치콘서트_ <크리스마스가 우리 마을에>,822,13828000,0,822,13828000,88.8,2,251204_01,
20251024,2025 뮤지컬 <킹키부츠>,2597,402935000,0,2719,402935000,69.6,24,251122_01,
20251024,2025 헬로! 오페라 <오페라 하이라이트>,327,6706000,0,347,7336000,37.5,6,251115_01,
20251024,2025 실내악 페스티벌 <동유럽의 춤>,1134,19618000,0,1134,19618000,30.6,63,251023_01,
20251024,뮤지컬 <김종욱 찾기>,734,28777500,0,734,28777500,25,30,251219_01,
20251023,연극 <내일은 내일에게>,1602,48033000,0,1602,48033000,26.7,-37,251127_01,
20251023,2025 크리스마스 특별공연 발레 <호두까기 인형>,397,29539400,0,463,29539400,25,0,251225_01,
20251023,2025 예울마루 브런치콘서트_ <크리스마스가 우리 마을에>,820,13792000,0,820,13792000,88.6,0,251204_01,
20251023,2025 뮤지컬 <킹키부츠>,2573,399739000,0,2695,399739000,69,18,251122_01,
20251023,2025 헬로! 오페라 <오페라 하이라이트>,321,6581000,0,341,7211000,36.8,-2,251115_01,
20251023,2025 실내악 페스티벌 <동유럽의 춤>,1071,19668000,0,1071,19668000,28.9,27,251023_01,
20251023,뮤지컬 <김종욱 찾기>,704,27565000,0,704,27565000,23.9,28,251219_01,
20251022,연극 <내일은 내일에게>,1639,49626000,0,1639,49626000,27.3,38,251127_01,
20251022,2025 크리스마스 특별공연 발레 <호두까기 인형>,397,29539400,0,463,29539400,25,2,251225_01,
20251022,2025 예울마루 브런치콘서트_ <크리스마스가 우리 마을에>,820,13792000,0,820,13792000,88.6,0,251204_01,
20251022,2025 뮤지컬 <킹키부츠>,2555,396807000,0,2677,396807000,68.5,13,251122_01,
20251022,2025 헬로! 오페라 <오페라 하이라이트>,323,6635000,0,343,7265000,37,1,251115_01,
20251022,2025 실내악 페스티벌 <동유럽의 춤>,1044,19833000,0,1044,19833000,28.2,569,251023_01,
20251022,뮤지컬 <김종욱 찾기>,676,26515000,0,676,26515000,23,15,251219_01,
20251021,연극 <내일은 내일에게>,1601,48406500,0,1601,48406500,26.7,5,251127_01,
20251021,2025 크리스마스 특별공연 발레 <호두까기 인형>,395,29400800,0,461,29400800,24.9,16,251225_01,
20251021,2025 예울마루 브런치콘서트_ <크리스마스가 우리 마을에>,820,13792000,0,820,13792000,88.6,0,251204_01,
20251021,2025 뮤지컬 <킹키부츠>,2542,394988000,0,2664,394988000,68.2,94,251122_01,
20251021,2025 헬로! 오페라 <오페라 하이라이트>,322,6619000,0,342,7249000,36.9,0,251115_01,
20251021,2025 실내악 페스티벌 <동유럽의 춤>,475,14810000,0,475,14810000,12.8,-4,251023_01,
20251021,뮤지컬 <김종욱 찾기>,661,25912500,0,661,25912500,22.5,8,251219_01,
20251018,연극 <내일은 내일에게>,1596,48258000,0,1596,48258000,26.6,7,251127_01,
20251018,2025 크리스마스 특별공연 발레 <호두까기 인형>,379,28314000,0,445,28314000,24,15,251225_01,
20251018,2025 예울마루 브런치콘서트_ <크리스마스가 우리 마을에>,820,13792000,0,820,13792000,88.6,0,251204_01,
20251018,2025 뮤지컬 <킹키부츠>,2448,380745500,0,2570,380745500,65.8,150,251122_01,
20251018,2025 헬로! 오페라 <오페라 하이라이트>,322,6602000,0,342,7232000,36.9,-1,251115_01,
20251018,2025 실내악 페스티벌 <동유럽의 춤>,479,15100000,0,479,15100000,12.9,13,251023_01,
20251018,뮤지컬 <김종욱 찾기>,653,25547500,0,653,25547500,22.2,-3,251219_01,
20251017,연극 <내일은 내일에게>,1589,47979000,0,1589,47979000,26.5,16,251127_01,
20251017,2025 크리스마스 특별공연 발레 <호두까기 인형>,364,27321800,0,430,27321800,23.2,2,251225_01,
20251017,2025 예울마루 브런치콘서트_ <크리스마스가 우리 마을에>,820,13792000,0,820,13792000,88.6,0,251204_01,
20251017,2025 뮤지컬 <킹키부츠>,2298,359385500,0,2420,359385500,61.9,16,251122_01,
20251017,2025 헬로! 오페라 <오페라 하이라이트>,323,6629000,0,343,7259000,37,2,251115_01,
20251017,2025 실내악 페스티벌 Pre Festival Concert,81,1414000,0,81,1414000,27.6,18,251017_01,
20251017,2025 실내악 페스티벌 <동유럽의 춤>,466,15013000,0,466,15013000,12.6,19,251023_01,
20251017,뮤지컬 <김종욱 찾기>,656,25685000,0,656,25685000,22.3,27,251219_01,
20251016,연극 <내일은 내일에게>,1573,47484000,0,1573,47484000,26.2,1,251127_01,
20251016,2025 크리스마스 특별공연 발레 <호두까기 인형>,362,27183200,0,428,27183200,23.1,64,251225_01,
20251016,2025 예울마루 브런치콘서트_ <크리스마스가 우리 마을에>,820,13792000,0,820,13792000,88.6,-19,251204_01,
20251016,2025 뮤지컬 <킹키부츠>,2282,357308500,0,2404,357308500,61.5,25,251122_01,
20251016,2025 헬로! 오페라 <오페라 하이라이트>,321,6575000,0,341,7205000,36.8,-3,251115_01,
20251016,2025 실내악 페스티벌 Pre Festival Concert,63,1414000,0,63,1414000,21.4,3,251017_01,
20251016,2025 실내악 페스티벌 <동유럽의 춤>,447,14883000,0,447,14883000,12.1,22,251023_01,
20251016,뮤지컬 <김종욱 찾기>,629,24622500,0,629,24622500,21.4,144,251219_01,
20251015,연극 <내일은 내일에게>,1572,47452500,0,1572,47452500,26.2,74,251127_01,
20251015,2025 크리스마스 특별공연 발레 <호두까기 인형>,298,22255200,0,364,22255200,19.7,1,251225_01,
20251015,2025 예울마루 브런치콘서트_ <크리스마스가 우리 마을에>,839,14094000,0,839,14094000,90.6,191,251204_01,
20251015,2025 뮤지컬 <킹키부츠>,2257,355625000,0,2379,355625000,60.9,69,251122_01,
20251015,2025 헬로! 오페라 <오페라 하이라이트>,324,6632000,0,344,7262000,37.1,-1,251115_01,
20251015,2025 실내악 페스티벌 Pre Festival Concert,60,1327000,0,60,1327000,20.4,0,251017_01,
20251015,2025 실내악 페스티벌 <동유럽의 춤>,425,14798000,0,425,14798000,11.5,4,251023_01,
20251015,뮤지컬 <김종욱 찾기>,485,19475000,0,485,19475000,16.5,0,251219_01,
20251014,연극 <내일은 내일에게>,1498,45130500,0,1498,45130500,25,6,251127_01,
20251014,2025 크리스마스 특별공연 발레 <호두까기 인형>,297,22178200,0,363,22178200,19.6,8,251225_01,
20251014,2025 예울마루 브런치콘서트_ <크리스마스가 우리 마을에>,648,11036000,0,648,11036000,70,0,251204_01,
20251014,2025 뮤지컬 <킹키부츠>,2188,347593000,0,2310,347593000,59.1,57,251122_01,
20251014,2025 헬로! 오페라 <오페라 하이라이트>,325,6625000,0,345,7255000,37.3,6,251115_01,
20251014,2025 실내악 페스티벌 Pre Festival Concert,60,1324000,0,60,1324000,20.4,1,251017_01,
20251014,2025 실내악 페스티벌 <동유럽의 춤>,421,14578000,0,421,14578000,11.4,-8,251023_01,
20251011,연극 <내일은 내일에게>,1492,44937000,0,1492,44937000,24.9,3,251127_01,
20251011,2025 크리스마스 특별공연 발레 <호두까기 인형>,289,21643600,0,355,21643600,19.2,7,251225_01,
20251011,2025 예울마루 브런치콘서트_ <크리스마스가 우리 마을에>,648,11036000,0,648,11036000,70,0,251204_01,
20251011,2025 뮤지컬 <킹키부츠>,2131,339373500,0,2253,339373500,57.7,12,251122_01,
20251011,2025 헬로! 오페라 <오페라 하이라이트>,319,6497000,0,339,7127000,36.6,-3,251115_01,
20251011,2025 실내악 페스티벌 Pre Festival Concert,59,1297000,0,59,1297000,20.1,0,251017_01,
20251011,2025 실내악 페스티벌 <동유럽의 춤>,429,14966000,0,429,14966000,11.6,8,251023_01,
20251010,연극 <내일은 내일에게>,1489,44833500,0,1489,44833500,24.8,78,251127_01,
20251010,2025 크리스마스 특별공연 발레 <호두까기 인형>,282,21197000,0,348,21197000,18.8,7,251225_01,
20251010,2025 예울마루 브런치콘서트_ <크리스마스가 우리 마을에>,648,11036000,0,648,11036000,70,-1,251204_01,
20251010,2025 뮤지컬 <킹키부츠>,2119,337831500,0,2241,337831500,57.3,81,251122_01,
20251010,2025 헬로! 오페라 <오페라 하이라이트>,322,6544000,0,342,7174000,36.9,6,251115_01,
20251010,2025 실내악 페스티벌 Pre Festival Concert,59,1297000,0,59,1297000,20.1,-1,251017_01,
20251010,2025 실내악 페스티벌 <동유럽의 춤>,421,14691000,0,421,14691000,11.4,5,251023_01,
20251002,연극 <내일은 내일에게>,1411,42385500,0,1411,42385500,23.5,34,251127_01,
20251002,2025 크리스마스 특별공연 발레 <호두까기 인형>,275,20727300,0,341,20727300,18.4,24,251225_01,
20251002,2025 예울마루 브런치콘서트_ <크리스마스가 우리 마을에>,649,11056000,0,649,11056000,70.1,0,251204_01,
20251002,2025 뮤지컬 <킹키부츠>,2038,319186000,0,2160,319186000,55.3,-224,251122_01,
20251002,2025 헬로! 오페라 <오페라 하이라이트>,316,6378000,0,336,7008000,36.3,9,251115_01,
20251002,2025 실내악 페스티벌 Pre Festival Concert,60,1300000,0,60,1300000,20.4,0,251017_01,
20251002,2025 실내악 페스티벌 <동유럽의 춤>,416,14516000,0,416,14516000,11.2,10,251023_01,
20251001,연극 <내일은 내일에게>,1377,41323500,0,1377,41323500,23,14,251127_01,
20251001,2025 크리스마스 특별공연 발레 <호두까기 인형>,251,19266500,0,317,19266500,17.1,10,251225_01,
20251001,2025 예울마루 브런치콘서트_ <크리스마스가 우리 마을에>,649,11056000,0,649,11056000,70.1,3,251204_01,
20251001,2025 뮤지컬 <킹키부츠>,2262,356186000,0,2384,356186000,61,2384,251122_01,
20251001,2025 헬로! 오페라 <오페라 하이라이트>,307,6249000,0,327,6879000,35.3,1,251115_01,
20251001,2025 실내악 페스티벌 Pre Festival Concert,60,1291000,0,60,1291000,20.4,0,251017_01,
20251001,2025 실내악 페스티벌 <동유럽의 춤>,406,14133000,0,406,14133000,11,-2,251023_01,
20250930,연극 <내일은 내일에게>,1363,40860000,0,1363,40860000,22.7,-1,251127_01,
20250930,2025 크리스마스 특별공연 발레 <호두까기 인형>,241,18705500,0,307,18705500,16.6,8,251225_01,
20250930,2025 예울마루 브런치콘서트_ <크리스마스가 우리 마을에>,646,11000000,0,646,11000000,69.8,8,251204_01,
20250930,2025 뮤지컬 <킹키부츠>,0,0,0,0,0,0,0,251122_01,
20250930,2025 헬로! 오페라 <오페라 하이라이트>,306,6222000,0,326,6852000,35.2,-8,251115_01,
20250930,2025 실내악 페스티벌 Pre Festival Concert,60,1291000,0,60,1291000,20.4,0,251017_01,
20250930,2025 실내악 페스티벌 <동유럽의 춤>,408,14206000,0,408,14206000,11,15,251023_01,
20250927,연극 <내일은 내일에게>,1364,40891500,0,1364,40891500,22.8,6,251127_01,
20250927,2025 크리스마스 특별공연 발레 <호두까기 인형>,233,18058700,0,299,18058700,16.1,-7,251225_01,
20250927,2025 예울마루 브런치콘서트_ <크리스마스가 우리 마을에>,638,10720000,0,638,10720000,68.9,0,251204_01,
20250927,2025 헬로! 오페라 <오페라 하이라이트>,314,6390000,0,334,7020000,36.1,1,251115_01,
20250927,2025 실내악 페스티벌 Pre Festival Concert,60,1291000,0,60,1291000,20.4,2,251017_01,
20250927,2025 실내악 페스티벌 <동유럽의 춤>,393,13616000,0,393,13616000,10.6,5,251023_01,
20250926,연극 <내일은 내일에게>,1358,40675500,0,1358,40675500,22.7,193,251127_01,
20250926,2025 크리스마스 특별공연 발레 <호두까기 인형>,240,18651600,0,306,18651600,16.5,306,251225_01,
20250926,2025 예울마루 브런치콘서트_ <크리스마스가 우리 마을에>,638,10720000,0,638,10720000,68.9,-4,251204_01,
20250926,2025 헬로! 오페라 <오페라 하이라이트>,303,6357000,0,333,6987000,36,1,251115_01,
20250926,2025 실내악 페스티벌 Pre Festival Concert,58,1271000,0,58,1271000,19.7,3,251017_01,
20250926,2025 실내악 페스티벌 <동유럽의 춤>,388,13426000,0,388,13426000,10.5,12,251023_01,
20250925,연극 <내일은 내일에게>,1165,35370000,0,1165,35370000,19.4,3,251127_01,
20250925,2025 크리스마스 특별공연 발레 <호두까기 인형>,0,0,0,0,0,0,0,251225_01,
20250925,2025 예울마루 브런치콘서트_ <크리스마스가 우리 마을에>,642,10778000,0,642,10778000,69.3,0,251204_01,
20250925,2025 헬로! 오페라 <오페라 하이라이트>,302,6330000,0,332,6960000,35.9,2,251115_01,
20250925,2025 실내악 페스티벌 Pre Festival Concert,55,1213000,0,55,1213000,18.7,1,251017_01,
20250925,2025 실내악 페스티벌 <동유럽의 춤>,376,13036000,0,376,13036000,10.2,17,251023_01,
20250924,연극 <내일은 내일에게>,1162,35253000,0,1162,35253000,19.4,113,251127_01,
20250924,2025 예울마루 브런치콘서트_ <크리스마스가 우리 마을에>,642,10778000,0,642,10778000,69.3,0,251204_01,
20250924,2025 헬로! 오페라 <오페라 하이라이트>,300,6282000,0,330,6912000,35.6,0,251115_01,
20250924,2025 실내악 페스티벌 Pre Festival Concert,54,1186000,0,54,1186000,18.4,0,251017_01,
20250924,2025 실내악 페스티벌 <동유럽의 춤>,359,12297000,0,359,12297000,9.7,9,251023_01,
20250923,연극 <내일은 내일에게>,1049,31693500,0,1049,31693500,17.5,9,251127_01,
20250923,2025 예울마루 브런치콘서트_ <크리스마스가 우리 마을에>,642,10778000,0,642,10778000,69.3,5,251204_01,
20250923,2025 헬로! 오페라 <오페라 하이라이트>,300,6282000,0,330,6912000,35.6,3,251115_01,
20250923,2025 실내악 페스티벌 Pre Festival Concert,54,1186000,0,54,1186000,18.4,0,251017_01,
20250923,2025 실내악 페스티벌 <동유럽의 춤>,350,11908000,0,350,11908000,9.4,12,251023_01,
20250920,연극 <내일은 내일에게>,1040,31387500,0,1040,31387500,17.4,-2,251127_01,
20250920,뮤지컬 <설민석의 한국사 대모험 : 안중근>,3020,112521200,135,3155,112521200,52.6,6,250918_01,
20250920,2025 예울마루 브런치콘서트_ <크리스마스가 우리 마을에>,637,10694000,0,637,10694000,68.8,1,251204_01,
20250920,2025 헬로! 오페라 <오페라 하이라이트>,297,6195000,0,327,6825000,35.3,2,251115_01,
20250920,2025 실내악 페스티벌 Pre Festival Concert,54,1192000,0,54,1192000,18.4,2,251017_01,
20250920,2025 실내악 페스티벌 <동유럽의 춤>,338,11471000,0,338,11471000,9.1,-5,251023_01,
20250919,연극 <내일은 내일에게>,1042,31459500,0,1042,31459500,17.4,0,251127_01,
20250919,뮤지컬 <설민석의 한국사 대모험 : 안중근>,3021,112174700,128,3149,112174700,52.5,37,250918_01,
20250919,2025 예울마루 브런치콘서트_ <크리스마스가 우리 마을에>,636,10674000,0,636,10674000,68.7,-1,251204_01,
20250919,2025 헬로! 오페라 <오페라 하이라이트>,295,6158000,0,325,6788000,35.1,5,251115_01,
20250919,2025 실내악 페스티벌 Pre Festival Concert,52,1132000,0,52,1132000,17.7,-3,251017_01,
20250919,2025 실내악 페스티벌 <동유럽의 춤>,343,11482000,0,343,11482000,9.3,4,251023_01,
20250918,연극 <내일은 내일에게>,1042,31459500,0,1042,31459500,17.4,4,251127_01,
20250918,뮤지컬 <설민석의 한국사 대모험 : 안중근>,2925,110887700,128,3112,110887700,51.9,51,250918_01,
20250918,2025 예울마루 브런치콘서트_ <크리스마스가 우리 마을에>,637,10692000,0,637,10692000,68.8,225,251204_01,
20250918,2025 헬로! 오페라 <오페라 하이라이트>,290,6071000,0,320,6701000,34.6,-2,251115_01,
20250918,2025 실내악 페스티벌 Pre Festival Concert,55,1195000,0,55,1195000,18.7,2,251017_01,
20250918,2025 실내악 페스티벌 <동유럽의 춤>,339,11312000,0,339,11312000,9.2,39,251023_01,
20250917,연극 <내일은 내일에게>,1038,31320000,0,1038,31320000,17.3,4,251127_01,
20250917,뮤지컬 <설민석의 한국사 대모험 : 안중근>,2874,110973500,128,3061,110973500,51.1,97,250918_01,
20250917,2025 예울마루 브런치콘서트_ <크리스마스가 우리 마을에>,412,7096000,0,412,7096000,44.5,5,251204_01,
20250917,2025 헬로! 오페라 <오페라 하이라이트>,292,6102000,0,322,6732000,34.8,11,251115_01,
20250917,2025 실내악 페스티벌 Pre Festival Concert,53,1141000,0,53,1141000,18,0,251017_01,
20250917,2025 실내악 페스티벌 <동유럽의 춤>,300,9742000,0,300,9742000,8.1,6,251023_01,
20250916,연극 <내일은 내일에게>,1034,31189500,0,1034,31189500,17.3,2,251127_01,
20250916,뮤지컬 <설민석의 한국사 대모험 : 안중근>,2928,109917500,36,2964,109917500,49.4,18,250918_01,
20250916,2025 예울마루 브런치콘서트_ <크리스마스가 우리 마을에>,407,7004000,0,407,7004000,44,6,251204_01,
20250916,2025 헬로! 오페라 <오페라 하이라이트>,281,5850000,0,311,6480000,33.6,1,251115_01,
20250916,2025 실내악 페스티벌 Pre Festival Concert,53,1141000,0,53,1141000,18,1,251017_01,
20250916,2025 실내악 페스티벌 <동유럽의 춤>,294,9462000,0,294,9462000,7.9,1,251023_01,
20250913,연극 <내일은 내일에게>,1032,31117500,0,1032,31117500,17.2,56,251127_01,
20250913,뮤지컬 <설민석의 한국사 대모험 : 안중근>,2910,109231100,36,2946,109231100,49.1,170,250918_01,
20250913,2025 예울마루 브런치콘서트_ <크리스마스가 우리 마을에>,401,6904000,0,401,6904000,43.3,202,251204_01,
20250913,2025 헬로! 오페라 <오페라 하이라이트>,280,5839000,0,310,6469000,33.5,15,251115_01,
20250913,2025 실내악 페스티벌 Pre Festival Concert,52,1097000,0,52,1097000,17.7,1,251017_01,
20250913,2025 실내악 페스티벌 <동유럽의 춤>,293,9512000,0,293,9512000,7.9,5,251023_01,
20250912,연극 <내일은 내일에게>,976,29344500,0,976,29344500,16.3,-41,251127_01,
20250912,뮤지컬 <설민석의 한국사 대모험 : 안중근>,2740,102982000,36,2776,102982000,46.3,-139,250918_01,
20250912,2025 예울마루 브런치콘서트_ <크리스마스가 우리 마을에>,199,3646000,0,199,3646000,21.5,0,251204_01,
20250912,2025 헬로! 오페라 <오페라 하이라이트>,265,5523000,0,295,6153000,31.9,-23,251115_01,
20250912,2025 실내악 페스티벌 Pre Festival Concert,51,1070000,0,51,1070000,17.3,0,251017_01,
20250912,2025 실내악 페스티벌 <동유럽의 춤>,288,9400000,0,288,9400000,7.8,2,251023_01,
20250911,연극 <내일은 내일에게>,1017,30604500,0,1017,30604500,17,57,251127_01,
20250911,뮤지컬 <설민석의 한국사 대모험 : 안중근>,2879,108044200,36,2915,108044200,48.6,-44,250918_01,
20250911,브런치 콘서트 <꼬리에 꼬리를 무는 클래식>,497,8862000,31,528,8862000,57,14,250911_01,
20250911,2025 헬로! 오페라 <오페라 하이라이트>,288,5842000,0,318,6472000,34.3,-5,251115_01,
20250911,2025 실내악 페스티벌 Pre Festival Concert,51,1070000,0,51,1070000,17.3,0,251017_01,
20250911,2025 실내악 페스티벌 <동유럽의 춤>,286,9305000,0,286,9305000,7.7,9,251023_01,
20250910,연극 <내일은 내일에게>,960,28809000,0,960,28809000,16,220,251127_01,
20250910,뮤지컬 <설민석의 한국사 대모험 : 안중근>,2923,108262000,36,2959,108262000,49.4,27,250918_01,
20250910,브런치 콘서트 <꼬리에 꼬리를 무는 클래식>,491,8986000,0,514,8986000,55.5,2,250911_01,
20250910,2025 헬로! 오페라 <오페라 하이라이트>,293,5926000,0,323,6556000,34.9,6,251115_01,
20250910,2025 실내악 페스티벌 Pre Festival Concert,51,1070000,0,51,1070000,17.3,2,251017_01,
20250910,2025 실내악 페스티벌 <동유럽의 춤>,277,8918000,0,277,8918000,7.5,9,251023_01,
20250909,연극 <내일은 내일에게>,740,22617000,0,740,22617000,12.3,1,251127_01,
20250909,뮤지컬 <설민석의 한국사 대모험 : 안중근>,2896,107456800,36,2932,107456800,48.9,9,250918_01,
20250909,브런치 콘서트 <꼬리에 꼬리를 무는 클래식>,489,8914000,0,512,8914000,55.3,6,250911_01,
20250909,2025 헬로! 오페라 <오페라 하이라이트>,287,5788000,0,317,6418000,34.2,12,251115_01,
20250909,2025 실내악 페스티벌 Pre Festival Concert,49,1016000,0,49,1016000,16.7,1,251017_01,
20250909,2025 실내악 페스티벌 <동유럽의 춤>,268,8567000,0,268,8567000,7.2,7,251023_01,
20250906,연극 <내일은 내일에게>,739,22585500,0,739,22585500,12.3,5,251127_01,
20250906,뮤지컬 <설민석의 한국사 대모험 : 안중근>,2887,107140000,36,2923,107140000,48.8,298,250918_01,
20250906,브런치 콘서트 <꼬리에 꼬리를 무는 클래식>,483,8802000,0,506,8802000,54.6,70,250911_01,
20250906,2025 헬로! 오페라 <오페라 하이라이트>,275,5530000,0,305,6160000,32.9,305,251115_01,
20250906,2025 실내악 페스티벌 Pre Festival Concert,48,1006000,0,48,1006000,16.3,0,251017_01,
20250906,2025 실내악 페스티벌 <동유럽의 춤>,261,8230000,0,261,8230000,7,7,251023_01,
20250905,연극 <내일은 내일에게>,734,22410000,0,734,22410000,12.2,37,251127_01,
20250905,뮤지컬 <설민석의 한국사 대모험 : 안중근>,2589,97616200,36,2625,97616200,43.8,44,250918_01,
20250905,브런치 콘서트 <꼬리에 꼬리를 무는 클래식>,413,7642000,0,436,7642000,47.1,-1,250911_01,
20250905,2025 헬로! 오페라 <오페라 하이라이트>,-30,-630000,0,0,0,0,0,251115_01,
20250905,2025 실내악 페스티벌 Pre Festival Concert,48,1006000,0,48,1006000,16.3,0,251017_01,
20250905,2025 실내악 페스티벌 <동유럽의 춤>,254,8005000,0,254,8005000,6.9,5,251023_01,
20250904,연극 <내일은 내일에게>,697,21235500,0,697,21235500,11.6,41,251127_01,
20250904,뮤지컬 <설민석의 한국사 대모험 : 안중근>,2545,95712100,36,2581,95712100,43.1,193,250918_01,
20250904,브런치 콘서트 <꼬리에 꼬리를 무는 클래식>,414,7662000,0,437,7662000,47.2,-20,250911_01,
20250904,열혈건반 <쇼팽 그리고 쇼팽>,331,7114000,67,398,7114000,43,66,250904_01,
20250904,2025 실내악 페스티벌 Pre Festival Concert,48,1006000,0,48,1006000,16.3,0,251017_01,
20250904,2025 실내악 페스티벌 <동유럽의 춤>,249,7885000,0,249,7885000,6.7,0,251023_01,
20250903,연극 <내일은 내일에게>,656,19948500,0,656,19948500,10.9,5,251127_01,
20250903,뮤지컬 <설민석의 한국사 대모험 : 안중근>,2352,89184700,36,2388,89184700,39.8,81,250918_01,
20250903,브런치 콘서트 <꼬리에 꼬리를 무는 클래식>,427,7664000,0,457,7664000,49.4,13,250911_01,
20250903,열혈건반 <쇼팽 그리고 쇼팽>,319,6898000,0,332,7288000,35.9,4,250904_01,
20250903,2025 실내악 페스티벌 Pre Festival Concert,48,1006000,0,48,1006000,16.3,-1,251017_01,
20250903,2025 실내악 페스티벌 <동유럽의 춤>,249,7875000,0,249,7875000,6.7,0,251023_01,
20250902,연극 <내일은 내일에게>,651,19782000,0,651,19782000,10.9,13,251127_01,
20250902,뮤지컬 <설민석의 한국사 대모험 : 안중근>,2271,85399600,36,2307,85399600,38.5,22,250918_01,
20250902,브런치 콘서트 <꼬리에 꼬리를 무는 클래식>,414,7398000,0,444,7398000,47.9,1,250911_01,
20250902,열혈건반 <쇼팽 그리고 쇼팽>,315,6804000,0,328,7194000,35.4,7,250904_01,
20250902,2025 실내악 페스티벌 Pre Festival Concert,49,1027000,0,49,1027000,16.7,3,251017_01,
20250902,2025 실내악 페스티벌 <동유럽의 춤>,249,7875000,0,249,7875000,6.7,22,251023_01,
20250830,연극 <내일은 내일에게>,638,19341000,0,638,19341000,10.6,3,251127_01,
20250830,뮤지컬 <설민석의 한국사 대모험 : 안중근>,2249,84561400,36,2285,84561400,38.1,194,250918_01,
20250830,브런치 콘서트 <꼬리에 꼬리를 무는 클래식>,413,7384000,0,443,7384000,47.8,-1,250911_01,
20250830,열혈건반 <쇼팽 그리고 쇼팽>,308,6645000,0,321,7035000,34.7,1,250904_01,
20250830,2025 실내악 페스티벌 Pre Festival Concert,46,955000,0,46,955000,15.6,13,251017_01,
20250830,2025 실내악 페스티벌 <동유럽의 춤>,227,7124000,0,227,7124000,6.1,31,251023_01,
20250829,연극 <내일은 내일에게>,635,19242000,0,635,19242000,10.6,-3,251127_01,
20250829,뮤지컬 <설민석의 한국사 대모험 : 안중근>,2055,77324500,36,2091,77324500,34.9,14,250918_01,
20250829,브런치 콘서트 <꼬리에 꼬리를 무는 클래식>,414,7416000,0,444,7416000,47.9,-14,250911_01,
20250829,열혈건반 <쇼팽 그리고 쇼팽>,307,6630000,0,320,7020000,34.6,4,250904_01,
20250829,2025 실내악 페스티벌 Pre Festival Concert,33,682000,0,33,682000,11.2,0,251017_01,
20250829,2025 실내악 페스티벌 <동유럽의 춤>,196,6172000,0,196,6172000,5.3,18,251023_01,
20250828,연극 <내일은 내일에게>,638,19350000,0,638,19350000,10.6,12,251127_01,
20250828,뮤지컬 <설민석의 한국사 대모험 : 안중근>,2041,76710700,36,2077,76710700,34.7,333,250918_01,
20250828,브런치 콘서트 <꼬리에 꼬리를 무는 클래식>,428,7838000,0,458,7838000,49.5,3,250911_01,
20250828,열혈건반 <쇼팽 그리고 쇼팽>,303,6540000,0,316,6930000,34.1,4,250904_01,
20250828,2025 실내악 페스티벌 Pre Festival Concert,33,682000,0,33,682000,11.2,1,251017_01,
20250828,2025 실내악 페스티벌 <동유럽의 춤>,178,5542000,0,178,5542000,4.8,0,251023_01,
20250827,연극 <내일은 내일에게>,626,19012500,0,626,19012500,10.4,107,251127_01,
20250827,뮤지컬 <설민석의 한국사 대모험 : 안중근>,1708,64824100,36,1744,64824100,29.1,34,250918_01,
20250827,브런치 콘서트 <꼬리에 꼬리를 무는 클래식>,425,7790000,0,455,7790000,49.1,20,250911_01,
20250827,열혈건반 <쇼팽 그리고 쇼팽>,299,6461000,0,312,6851000,33.7,0,250904_01,
20250827,2025 실내악 페스티벌 Pre Festival Concert,32,661000,0,32,661000,10.9,0,251017_01,
20250827,2025 실내악 페스티벌 <동유럽의 춤>,178,5542000,0,178,5542000,4.8,9,251023_01,
20250826,연극 <내일은 내일에게>,519,16069500,0,519,16069500,8.7,8,251127_01,
20250826,뮤지컬 <설민석의 한국사 대모험 : 안중근>,1674,63533800,36,1710,63533800,28.5,95,250918_01,
20250826,브런치 콘서트 <꼬리에 꼬리를 무는 클래식>,405,7110000,0,435,7110000,47,0,250911_01,
20250826,열혈건반 <쇼팽 그리고 쇼팽>,299,6463000,0,312,6853000,33.7,-5,250904_01,
20250826,2025 실내악 페스티벌 Pre Festival Concert,32,661000,0,32,661000,10.9,2,251017_01,
20250826,2025 실내악 페스티벌 <동유럽의 춤>,169,5383000,0,169,5383000,4.6,4,251023_01,
20250823,연극 <내일은 내일에게>,511,15795000,0,511,15795000,8.5,37,251127_01,
20250823,뮤지컬 <설민석의 한국사 대모험 : 안중근>,1579,60005000,36,1615,60005000,26.9,27,250918_01,
20250823,브런치 콘서트 <꼬리에 꼬리를 무는 클래식>,405,7108000,0,435,7108000,47,30,250911_01,
20250823,열혈건반 <쇼팽 그리고 쇼팽>,304,6589000,0,317,6979000,34.2,22,250904_01,
20250823,2025 실내악 페스티벌 Pre Festival Concert,30,619000,0,30,619000,10.2,0,251017_01,
20250823,2025 실내악 페스티벌 <동유럽의 춤>,165,5285000,0,165,5285000,4.5,-4,251023_01,
20250822,연극 <내일은 내일에게>,474,14193000,0,474,14193000,7.9,18,251127_01,
20250822,뮤지컬 <설민석의 한국사 대모험 : 안중근>,1552,58949000,36,1588,58949000,26.5,-4,250918_01,
20250822,브런치 콘서트 <꼬리에 꼬리를 무는 클래식>,375,6540000,0,405,6540000,43.7,0,250911_01,
20250822,열혈건반 <쇼팽 그리고 쇼팽>,282,6098000,0,295,6488000,31.9,-2,250904_01,
20250822,2025 실내악 페스티벌 Pre Festival Concert,30,619000,0,30,619000,10.2,0,251017_01,
20250822,2025 실내악 페스티벌 <동유럽의 춤>,169,5425000,0,169,5425000,4.6,2,251023_01,
20250821,연극 <내일은 내일에게>,456,13572000,0,456,13572000,7.6,5,251127_01,
20250821,뮤지컬 <설민석의 한국사 대모험 : 안중근>,1556,59107400,36,1592,59107400,26.6,74,250918_01,
20250821,브런치 콘서트 <꼬리에 꼬리를 무는 클래식>,375,6540000,0,405,6540000,43.7,2,250911_01,
20250821,열혈건반 <쇼팽 그리고 쇼팽>,284,6161000,0,297,6551000,32.1,1,250904_01,
20250821,2025 실내악 페스티벌 Pre Festival Concert,30,619000,0,30,619000,10.2,0,251017_01,
20250821,2025 실내악 페스티벌 <동유럽의 춤>,167,5375000,0,167,5375000,4.5,1,251023_01,
20250820,연극 <내일은 내일에게>,451,13401000,0,451,13401000,7.5,6,251127_01,
20250820,뮤지컬 <설민석의 한국사 대모험 : 안중근>,1482,56256200,36,1518,56256200,25.3,11,250918_01,
20250820,브런치 콘서트 <꼬리에 꼬리를 무는 클래식>,373,6508000,0,403,6508000,43.5,65,250911_01,
20250820,열혈건반 <쇼팽 그리고 쇼팽>,283,6148000,0,296,6538000,32,12,250904_01,
20250820,2025 실내악 페스티벌 Pre Festival Concert,30,619000,0,30,619000,10.2,0,251017_01,
20250820,2025 실내악 페스티벌 <동유럽의 춤>,166,5320000,0,166,5320000,4.5,4,251023_01,
20250819,연극 <내일은 내일에게>,445,13194000,0,445,13194000,7.4,23,251127_01,
20250819,뮤지컬 <설민석의 한국사 대모험 : 안중근>,1471,55941600,36,1507,55941600,25.1,14,250918_01,
20250819,브런치 콘서트 <꼬리에 꼬리를 무는 클래식>,308,5726000,0,338,5726000,36.5,4,250911_01,
20250819,열혈건반 <쇼팽 그리고 쇼팽>,271,5892000,0,284,6282000,30.7,1,250904_01,
20250819,2025 실내악 페스티벌 Pre Festival Concert,30,619000,0,30,619000,10.2,0,251017_01,
20250819,2025 실내악 페스티벌 <동유럽의 춤>,162,5180000,0,162,5180000,4.4,10,251023_01,
20250816,연극 <내일은 내일에게>,422,12451500,0,422,12451500,7,-1,251127_01,
20250816,뮤지컬 <설민석의 한국사 대모험 : 안중근>,1457,55367400,36,1493,55367400,24.9,16,250918_01,
20250816,브런치 콘서트 <꼬리에 꼬리를 무는 클래식>,304,5658000,0,334,5658000,36.1,-1,250911_01,
20250816,열혈건반 <쇼팽 그리고 쇼팽>,270,5872000,0,283,6262000,30.6,4,250904_01,
20250816,2025 실내악 페스티벌 Pre Festival Concert,30,619000,0,30,619000,10.2,0,251017_01,
20250816,2025 실내악 페스티벌 <동유럽의 춤>,152,4830000,0,152,4830000,4.1,3,251023_01,
20250814,연극 <내일은 내일에게>,423,12483000,0,423,12483000,7.1,0,251127_01,
20250814,뮤지컬 <설민석의 한국사 대모험 : 안중근>,1441,54733800,36,1477,54733800,24.6,3,250918_01,
20250814,브런치 콘서트 <꼬리에 꼬리를 무는 클래식>,305,5676000,0,335,5676000,36.2,0,250911_01,
20250814,열혈건반 <쇼팽 그리고 쇼팽>,266,5769000,0,279,6159000,30.1,0,250904_01,
20250814,2025 실내악 페스티벌 Pre Festival Concert,30,619000,0,30,619000,10.2,0,251017_01,
20250814,2025 실내악 페스티벌 <동유럽의 춤>,149,4725000,0,149,4725000,4,0,251023_01,
20250813,연극 <내일은 내일에게>,423,12483000,0,423,12483000,7.1,0,251127_01,
20250813,뮤지컬 <설민석의 한국사 대모험 : 안중근>,1438,54615000,36,1474,54615000,24.6,28,250918_01,
20250813,브런치 콘서트 <꼬리에 꼬리를 무는 클래식>,305,5674000,0,335,5674000,36.2,45,250911_01,
20250813,열혈건반 <쇼팽 그리고 쇼팽>,266,5769000,0,279,6159000,30.1,3,250904_01,
20250813,2025 실내악 페스티벌 Pre Festival Concert,30,619000,0,30,619000,10.2,2,251017_01,
20250813,2025 실내악 페스티벌 <동유럽의 춤>,149,4725000,0,149,4725000,4,0,251023_01,
20250812,연극 <내일은 내일에게>,423,12483000,0,423,12483000,7.1,1,251127_01,
20250812,뮤지컬 <설민석의 한국사 대모험 : 안중근>,1410,53506200,36,1446,53506200,24.1,19,250918_01,
20250812,브런치 콘서트 <꼬리에 꼬리를 무는 클래식>,260,4934000,0,290,4934000,31.3,2,250911_01,
20250812,열혈건반 <쇼팽 그리고 쇼팽>,263,5702000,0,276,6092000,29.8,2,250904_01,
20250812,2025 실내악 페스티벌 Pre Festival Concert,28,577000,0,28,577000,9.5,0,251017_01,
20250812,2025 실내악 페스티벌 <동유럽의 춤>,149,4725000,0,149,4725000,4,2,251023_01,
20250809,연극 <내일은 내일에게>,422,12438000,0,422,12438000,7,3,251127_01,
20250809,뮤지컬 <설민석의 한국사 대모험 : 안중근>,1391,52727400,36,1427,52727400,23.8,-35,250918_01,
20250809,브런치 콘서트 <꼬리에 꼬리를 무는 클래식>,258,4898000,0,288,4898000,31.1,-32,250911_01,
20250809,열혈건반 <쇼팽 그리고 쇼팽>,261,5679000,0,274,6069000,29.6,-13,250904_01,
20250809,2025 실내악 페스티벌 Pre Festival Concert,28,577000,0,28,577000,9.5,3,251017_01,
20250809,2025 실내악 페스티벌 <동유럽의 춤>,147,4655000,0,147,4655000,4,0,251023_01,
20250808,연극 <내일은 내일에게>,419,12239000,0,419,12239000,7,3,251127_01,
20250808,뮤지컬 <설민석의 한국사 대모험 : 안중근>,1426,52687800,36,1462,52687800,24.4,44,250918_01,
20250808,브런치 콘서트 <꼬리에 꼬리를 무는 클래식>,290,4934000,0,320,4934000,34.6,32,250911_01,
20250808,열혈건반 <쇼팽 그리고 쇼팽>,274,5837000,0,287,6227000,31,13,250904_01,
20250808,2025 실내악 페스티벌 Pre Festival Concert,25,577000,0,25,577000,8.5,-1,251017_01,
20250808,2025 실내악 페스티벌 <동유럽의 춤>,147,4655000,0,147,4655000,4,0,251023_01,
20250807,연극 <내일은 내일에게>,416,12231000,0,416,12231000,6.9,11,251127_01,
20250807,뮤지컬 <설민석의 한국사 대모험 : 안중근>,1382,52371000,36,1418,52371000,23.7,11,250918_01,
20250807,브런치 콘서트 <꼬리에 꼬리를 무는 클래식>,258,4898000,0,288,4898000,31.1,1,250911_01,
20250807,열혈건반 <쇼팽 그리고 쇼팽>,261,5679000,0,274,6069000,29.6,11,250904_01,
20250807,2025 실내악 페스티벌 Pre Festival Concert,26,535000,0,26,535000,8.8,1,251017_01,
20250807,2025 실내악 페스티벌 <동유럽의 춤>,147,4655000,0,147,4655000,4,0,251023_01,
20250806,연극 <내일은 내일에게>,405,11862000,0,405,11862000,6.8,0,251127_01,
20250806,뮤지컬 <설민석의 한국사 대모험 : 안중근>,1371,51882600,36,1407,51882600,23.5,19,250918_01,
20250806,브런치 콘서트 <꼬리에 꼬리를 무는 클래식>,257,4880000,0,287,4880000,31,0,250911_01,
20250806,열혈건반 <쇼팽 그리고 쇼팽>,250,5447000,0,263,5837000,28.4,1,250904_01,
20250806,2025 실내악 페스티벌 Pre Festival Concert,25,514000,0,25,514000,8.5,1,251017_01,
20250806,2025 실내악 페스티벌 <동유럽의 춤>,147,4655000,0,147,4655000,4,0,251023_01,
20250805,연극 <내일은 내일에게>,405,11862000,0,405,11862000,6.8,-1,251127_01,
20250805,뮤지컬 <설민석의 한국사 대모험 : 안중근>,1352,51130200,36,1388,51130200,23.2,2,250918_01,
20250805,브런치 콘서트 <꼬리에 꼬리를 무는 클래식>,257,4880000,0,287,4880000,31,0,250911_01,
20250805,열혈건반 <쇼팽 그리고 쇼팽>,249,5429000,0,262,5819000,28.3,15,250904_01,
20250805,2025 실내악 페스티벌 Pre Festival Concert,24,493000,0,24,493000,8.2,0,251017_01,
20250805,2025 실내악 페스티벌 <동유럽의 춤>,147,4655000,0,147,4655000,4,6,251023_01,
20250803,연극 <내일은 내일에게>,406,11880000,0,406,11880000,6.8,1,251127_01,
20250803,뮤지컬 <설민석의 한국사 대모험 : 안중근>,1350,51018000,36,1386,51018000,23.1,12,250918_01,
20250803,브런치 콘서트 <꼬리에 꼬리를 무는 클래식>,257,4880000,0,287,4880000,31,2,250911_01,
20250803,가족뮤지컬 <넘버블록스>,2942,120239200,0,2942,120239200,51,26,250802_01,
20250803,열혈건반 <쇼팽 그리고 쇼팽>,234,5055000,0,247,5445000,26.7,-1,250904_01,
20250803,2025 실내악 페스티벌 Pre Festival Concert,24,493000,0,24,493000,8.2,0,251017_01,
20250803,2025 실내악 페스티벌 <동유럽의 춤>,141,4529000,0,141,4529000,3.8,0,251023_01,
20250802,연극 <내일은 내일에게>,405,12177000,0,405,12177000,6.8,-9,251127_01,
20250802,뮤지컬 <설민석의 한국사 대모험 : 안중근>,1338,50542800,36,1374,50542800,22.9,2,250918_01,
20250802,브런치 콘서트 <꼬리에 꼬리를 무는 클래식>,255,4844000,0,285,4844000,30.8,1,250911_01,
20250802,가족뮤지컬 <넘버블록스>,2916,119869200,0,2916,119869200,50.6,32,250802_01,
20250802,열혈건반 <쇼팽 그리고 쇼팽>,235,5082000,0,248,5472000,26.8,0,250904_01,
20250802,2025 실내악 페스티벌 Pre Festival Concert,24,493000,0,24,493000,8.2,0,251017_01,
20250802,2025 실내악 페스티벌 <동유럽의 춤>,141,4529000,0,141,4529000,3.8,0,251023_01,
20250801,연극 <내일은 내일에게>,414,12177000,0,414,12177000,6.9,5,251127_01,
20250801,뮤지컬 <설민석의 한국사 대모험 : 안중근>,1336,50463600,36,1372,50463600,22.9,-4,250918_01,
20250801,브런치 콘서트 <꼬리에 꼬리를 무는 클래식>,254,4826000,0,284,4826000,30.7,0,250911_01,
20250801,가족뮤지컬 <넘버블록스>,2884,119290600,0,2884,119290600,50,1,250802_01,
20250801,열혈건반 <쇼팽 그리고 쇼팽>,235,5082000,0,248,5472000,26.8,2,250904_01,
20250801,2025 실내악 페스티벌 Pre Festival Concert,24,493000,0,24,493000,8.2,0,251017_01,
20250801,2025 실내악 페스티벌 <동유럽의 춤>,141,4529000,0,141,4529000,3.8,2,251023_01,
20250731,연극 <내일은 내일에게>,409,11970000,0,409,11970000,6.8,4,251127_01,
20250731,뮤지컬 <설민석의 한국사 대모험 : 안중근>,1340,50622000,36,1376,50622000,23,111,250918_01,
20250731,브런치 콘서트 <꼬리에 꼬리를 무는 클래식>,254,4826000,0,284,4826000,30.7,1,250911_01,
20250731,가족뮤지컬 <넘버블록스>,2883,118985600,0,2883,118985600,50,9,250802_01,
20250731,열혈건반 <쇼팽 그리고 쇼팽>,233,5028000,0,246,5418000,26.6,-1,250904_01,
20250731,2025 실내악 페스티벌 Pre Festival Concert,24,493000,0,24,493000,8.2,1,251017_01,
20250731,2025 실내악 페스티벌 <동유럽의 춤>,139,4459000,0,139,4459000,3.8,4,251023_01,
20250730,연극 <내일은 내일에게>,405,11826000,0,405,11826000,6.8,-6,251127_01,
20250730,뮤지컬 <설민석의 한국사 대모험 : 안중근>,1229,46592700,36,1265,46592700,21.1,3,250918_01,
20250730,브런치 콘서트 <꼬리에 꼬리를 무는 클래식>,253,4808000,0,283,4808000,30.6,-2,250911_01,
20250730,가족뮤지컬 <넘버블록스>,2874,118390600,0,2874,118390600,49.8,12,250802_01,
20250730,열혈건반 <쇼팽 그리고 쇼팽>,234,5043000,0,247,5433000,26.7,3,250904_01,
20250730,2025 실내악 페스티벌 Pre Festival Concert,23,472000,0,23,472000,7.8,0,251017_01,
20250730,2025 실내악 페스티벌 <동유럽의 춤>,135,4319000,0,135,4319000,3.6,-1,251023_01,
20250729,연극 <내일은 내일에게>,411,12046500,0,411,12046500,6.9,7,251127_01,
20250729,뮤지컬 <설민석의 한국사 대모험 : 안중근>,1226,46473900,36,1262,46473900,21.1,13,250918_01,
20250729,브런치 콘서트 <꼬리에 꼬리를 무는 클래식>,255,4844000,0,285,4844000,30.8,2,250911_01,
20250729,가족뮤지컬 <넘버블록스>,2862,117802600,0,2862,117802600,49.6,11,250802_01,
20250729,열혈건반 <쇼팽 그리고 쇼팽>,231,4982000,0,244,5372000,26.3,0,250904_01,
20250729,2025 실내악 페스티벌 Pre Festival Concert,23,472000,0,23,472000,7.8,1,251017_01,
20250729,2025 실내악 페스티벌 <동유럽의 춤>,136,4354000,0,136,4354000,3.7,6,251023_01,
20250726,연극 <내일은 내일에게>,404,11830500,0,404,11830500,6.7,404,251127_01,
20250726,뮤지컬 <설민석의 한국사 대모험 : 안중근>,1213,45985500,36,1249,45985500,20.8,141,250918_01,
20250726,브런치 콘서트 <꼬리에 꼬리를 무는 클래식>,253,4808000,0,283,4808000,30.6,0,250911_01,
20250726,가족뮤지컬 <넘버블록스>,2851,117113800,0,2851,117113800,49.4,14,250802_01,
20250726,열혈건반 <쇼팽 그리고 쇼팽>,231,4982000,0,244,5372000,26.3,3,250904_01,
20250726,2025 실내악 페스티벌 Pre Festival Concert,22,462000,0,22,462000,7.5,0,251017_01,
20250726,2025 실내악 페스티벌 <동유럽의 춤>,130,4219000,0,130,4219000,3.5,0,251023_01,
20250725,연극 <내일은 내일에게>,0,0,0,0,0,0,0,251127_01,
20250725,뮤지컬 <설민석의 한국사 대모험 : 안중근>,1072,41378700,36,1108,41378700,18.5,65,250918_01,
20250725,브런치 콘서트 <꼬리에 꼬리를 무는 클래식>,253,4808000,0,283,4808000,30.6,0,250911_01,
20250725,가족뮤지컬 <넘버블록스>,2837,116360600,0,2837,116360600,49.2,6,250802_01,
20250725,열혈건반 <쇼팽 그리고 쇼팽>,228,4935000,0,241,5325000,26,-38,250904_01,
20250725,2025 실내악 페스티벌 Pre Festival Concert,22,462000,0,22,462000,7.5,0,251017_01,
20250725,2025 실내악 페스티벌 <동유럽의 춤>,130,4219000,0,130,4219000,3.5,2,251023_01,
20250724,연극 <내일은 내일에게>,0,0,0,0,0,0,0,251127_01,
20250724,뮤지컬 <설민석의 한국사 대모험 : 안중근>,1007,39012600,36,1043,39012600,17.4,13,250918_01,
20250724,브런치 콘서트 <꼬리에 꼬리를 무는 클래식>,253,4808000,0,283,4808000,30.6,0,250911_01,
20250724,가족뮤지컬 <넘버블록스>,2831,116007800,0,2831,116007800,49.1,4,250802_01,
20250724,열혈건반 <쇼팽 그리고 쇼팽>,266,4895000,0,279,5285000,30.1,2,250904_01,
20250724,2025 실내악 페스티벌 Pre Festival Concert,22,462000,0,22,462000,7.5,1,251017_01,
20250724,2025 실내악 페스티벌 <동유럽의 춤>,128,4174000,0,128,4174000,3.5,2,251023_01,
20250723,연극 <내일은 내일에게>,0,0,0,0,0,0,0,251127_01,
20250723,뮤지컬 <설민석의 한국사 대모험 : 안중근>,994,38352600,36,1030,38352600,17.2,136,250918_01,
20250723,브런치 콘서트 <꼬리에 꼬리를 무는 클래식>,253,4808000,0,283,4808000,30.6,17,250911_01,
20250723,가족뮤지컬 <넘버블록스>,2827,115788400,0,2827,115788400,49,2,250802_01,
20250723,열혈건반 <쇼팽 그리고 쇼팽>,264,4841000,0,277,5231000,29.9,41,250904_01,
20250723,2025 실내악 페스티벌 Pre Festival Concert,21,441000,0,21,441000,7.1,1,251017_01,
20250723,2025 실내악 페스티벌 <동유럽의 춤>,126,4104000,0,126,4104000,3.4,13,251023_01,
20250722,연극 <내일은 내일에게>,0,0,0,0,0,0,0,251127_01,
20250722,뮤지컬 <설민석의 한국사 대모험 : 안중근>,858,33877800,36,894,33877800,14.9,8,250918_01,
20250722,브런치 콘서트 <꼬리에 꼬리를 무는 클래식>,236,4488000,0,266,4488000,28.7,16,250911_01,
20250722,가족뮤지컬 <넘버블록스>,2825,115568600,0,2825,115568600,49,23,250802_01,
20250722,열혈건반 <쇼팽 그리고 쇼팽>,223,4814000,0,236,5204000,25.5,1,250904_01,
20250722,2025 실내악 페스티벌 Pre Festival Concert,20,420000,0,20,420000,6.8,2,251017_01,
20250722,2025 실내악 페스티벌 <동유럽의 춤>,113,3699000,0,113,3699000,3.1,14,251023_01,
20250720,연극 <꽃의 비밀>,1892,50195000,28,1920,50195000,101.2,25,250719_01,
20250720,뮤지컬 <설민석의 한국사 대모험 : 안중근>,850,33574200,36,886,33574200,14.8,17,250918_01,
20250720,브런치 콘서트 <꼬리에 꼬리를 무는 클래식>,220,4194000,0,250,4194000,27,2,250911_01,
20250720,가족뮤지컬 <넘버블록스>,2802,114252600,0,2802,114252600,48.6,8,250802_01,
20250720,열혈건반 <쇼팽 그리고 쇼팽>,222,4774000,0,235,5164000,25.4,-9,250904_01,
20250720,2025 실내악 페스티벌 Pre Festival Concert,18,390000,0,18,390000,6.1,3,251017_01,
20250720,2025 실내악 페스티벌 <동유럽의 춤>,99,3209000,0,99,3209000,2.7,18,251023_01,
20250719,연극 <꽃의 비밀>,1895,50046000,0,1895,50046000,99.8,5,250719_01,
20250719,뮤지컬 <설민석의 한국사 대모험 : 안중근>,833,32848200,36,869,32848200,14.5,77,250918_01,
20250719,브런치 콘서트 <꼬리에 꼬리를 무는 클래식>,218,4158000,0,248,4158000,26.8,-3,250911_01,
20250719,가족뮤지컬 <넘버블록스>,2794,113779200,0,2794,113779200,48.5,12,250802_01,
20250719,열혈건반 <쇼팽 그리고 쇼팽>,231,4978000,0,244,5368000,26.3,-1,250904_01,
20250719,2025 실내악 페스티벌 Pre Festival Concert,15,327000,0,15,327000,5.1,2,251017_01,
20250719,2025 실내악 페스티벌 <동유럽의 춤>,81,2635000,0,81,2635000,2.2,13,251023_01,
20250718,연극 <꽃의 비밀>,1890,50050000,0,1890,50050000,99.6,-1,250719_01,
20250718,뮤지컬 <설민석의 한국사 대모험 : 안중근>,756,30076200,36,792,30076200,13.2,8,250918_01,
20250718,브런치 콘서트 <꼬리에 꼬리를 무는 클래식>,221,4038000,0,251,4038000,27.1,0,250911_01,
20250718,가족뮤지컬 <넘버블록스>,2782,113044200,0,2782,113044200,48.2,-1,250802_01,
20250718,열혈건반 <쇼팽 그리고 쇼팽>,195,4423000,0,245,5173000,26.5,1,250904_01,
20250718,2025 실내악 페스티벌 Pre Festival Concert,13,284000,0,13,284000,4.4,13,251017_01,
20250718,2025 실내악 페스티벌 <동유럽의 춤>,68,2212000,0,68,2212000,1.8,68,251023_01,
20250717,연극 <꽃의 비밀>,1891,50089000,0,1891,50089000,99.6,11,250719_01,
20250717,뮤지컬 <설민석의 한국사 대모험 : 안중근>,748,29680200,36,784,29680200,13.1,8,250918_01,
20250717,브런치 콘서트 <꼬리에 꼬리를 무는 클래식>,221,4038000,0,251,4038000,27.1,3,250911_01,
20250717,가족뮤지컬 <넘버블록스>,2783,113009200,0,2783,113009200,48.3,9,250802_01,
20250717,열혈건반 <쇼팽 그리고 쇼팽>,194,4395000,0,244,5145000,26.3,5,250904_01,
20250716,연극 <꽃의 비밀>,1880,49857000,0,1880,49857000,99.1,-1,250719_01,
20250716,뮤지컬 <설민석의 한국사 대모험 : 안중근>,740,29363400,36,776,29363400,12.9,11,250918_01,
20250716,브런치 콘서트 <꼬리에 꼬리를 무는 클래식>,218,3984000,0,248,3984000,26.8,6,250911_01,
20250716,가족뮤지컬 <넘버블록스>,2774,112551400,0,2774,112551400,48.1,8,250802_01,
20250716,열혈건반 <쇼팽 그리고 쇼팽>,189,4291000,0,239,5041000,25.8,4,250904_01,
20250715,연극 <꽃의 비밀>,1881,49896000,0,1881,49896000,99.1,25,250719_01,
20250715,뮤지컬 <설민석의 한국사 대모험 : 안중근>,729,28937700,36,765,28937700,12.8,61,250918_01,
20250715,브런치 콘서트 <꼬리에 꼬리를 무는 클래식>,212,3874000,0,242,3874000,26.1,1,250911_01,
20250715,가족뮤지컬 <넘버블록스>,2766,112052300,0,2766,112052300,48,113,250802_01,
20250715,열혈건반 <쇼팽 그리고 쇼팽>,185,4201000,0,235,4951000,25.4,1,250904_01,
20250712,연극 <꽃의 비밀>,1856,49298000,0,1856,49298000,97.8,1,250719_01,
20250712,뮤지컬 <설민석의 한국사 대모험 : 안중근>,668,26730000,36,704,26730000,11.7,8,250918_01,
20250712,브런치 콘서트 <꼬리에 꼬리를 무는 클래식>,211,3856000,0,241,3856000,26,12,250911_01,
20250712,가족뮤지컬 <넘버블록스>,2653,107433700,0,2653,107433700,46,55,250802_01,
20250712,열혈건반 <쇼팽 그리고 쇼팽>,184,4186000,0,234,4936000,25.3,1,250904_01,
20250711,연극 <꽃의 비밀>,1855,49215000,0,1855,49215000,97.7,3,250719_01,
20250711,뮤지컬 <설민석의 한국사 대모험 : 안중근>,660,26350500,36,696,26350500,11.6,15,250918_01,
20250711,브런치 콘서트 <꼬리에 꼬리를 무는 클래식>,199,3660000,0,229,3660000,24.7,0,250911_01,
20250711,가족뮤지컬 <넘버블록스>,2598,105189500,0,2598,105189500,45.1,29,250802_01,
20250711,열혈건반 <쇼팽 그리고 쇼팽>,183,4159000,0,233,4909000,25.2,6,250904_01,
20250710,연극 <꽃의 비밀>,1852,49061000,0,1852,49061000,97.6,-8,250719_01,
20250710,뮤지컬 <설민석의 한국사 대모험 : 안중근>,645,25786200,36,681,25786200,11.4,4,250918_01,
20250710,2025 예울마루 브런치콘서트 <썸머 페스티벌>,371,6810000,13,384,6810000,41.5,-11,250710_01,
20250710,가족뮤지컬 <넘버블록스>,2569,104012100,0,2569,104012100,44.6,65,250802_01,
20250710,열혈건반 <쇼팽 그리고 쇼팽>,177,4014000,0,227,4764000,24.5,2,250904_01,
20250709,연극 <꽃의 비밀>,1860,48984000,0,1860,48984000,98,9,250719_01,
20250709,뮤지컬 <설민석의 한국사 대모험 : 안중근>,641,25617900,36,677,25617900,11.3,10,250918_01,
20250709,2025 예울마루 브런치콘서트 <썸머 페스티벌>,382,6952000,13,395,6952000,42.7,-2,250710_01,
20250709,가족뮤지컬 <넘버블록스>,2504,101437700,0,2504,101437700,43.4,55,250802_01,
20250709,열혈건반 <쇼팽 그리고 쇼팽>,175,3986000,0,225,4736000,24.3,1,250904_01,
20250708,연극 <꽃의 비밀>,1851,48831000,0,1851,48831000,97.5,27,250719_01,
20250708,뮤지컬 <설민석의 한국사 대모험 : 안중근>,631,25251600,36,667,25251600,11.1,9,250918_01,
20250708,2025 예울마루 브런치콘서트 <썸머 페스티벌>,397,7262000,0,397,7262000,42.9,1,250710_01,
20250706,연극 <꽃의 비밀>,1824,48030000,0,1824,48030000,96.1,15,250719_01,
20250706,뮤지컬 <명성황후> 30주년 기념공연,3630,494490500,46,3676,494490500,99.4,-9,250704_01,
20250706,2025 예울마루 브런치콘서트 <썸머 페스티벌>,396,7242000,0,396,7242000,42.8,6,250710_01,
20250706,가족뮤지컬 <넘버블록스>,2394,96991300,0,2394,96991300,41.5,60,250802_01,
20250706,열혈건반 <쇼팽 그리고 쇼팽>,169,3850000,0,219,4600000,23.7,2,250904_01,
20250706,뮤지컬 <설민석의 한국사 대모험 : 안중근>,607,24307800,36,643,24307800,10.7,7,250918_01,
20250705,연극 <꽃의 비밀>,1809,47656000,0,1809,47656000,95.3,5,250719_01,
20250705,뮤지컬 <명성황후> 30주년 기념공연,3639,494490500,0,3639,494490500,99.7,-4,250704_01,
20250705,2025 예울마루 브런치콘서트 <썸머 페스티벌>,390,7136000,0,390,7136000,42.1,-4,250710_01,
20250705,가족뮤지컬 <넘버블록스>,2334,94583300,0,2334,94583300,40.5,38,250802_01,
20250705,열혈건반 <쇼팽 그리고 쇼팽>,167,3787000,0,217,4537000,23.4,4,250904_01,
20250705,뮤지컬 <설민석의 한국사 대모험 : 안중근>,600,24109800,36,636,24109800,10.6,36,250918_01,
20250704,연극 <꽃의 비밀>,1804,47545000,0,1804,47545000,95,6,250719_01,
20250704,뮤지컬 <명성황후> 30주년 기념공연,3643,496682500,0,3643,496682500,99.8,2,250704_01,
20250704,2025 예울마루 브런치콘서트 <썸머 페스티벌>,394,7200000,0,394,7200000,42.5,1,250710_01,
20250704,가족뮤지컬 <넘버블록스>,2296,93047500,0,2296,93047500,39.8,42,250802_01,
20250704,열혈건반 <쇼팽 그리고 쇼팽>,163,3679000,0,213,4429000,23,11,250904_01,
20250704,뮤지컬 <설민석의 한국사 대모험 : 안중근>,564,22763400,36,600,22763400,10,0,250918_01,
20250703,연극 <꽃의 비밀>,1798,47367000,0,1798,47367000,94.7,16,250719_01,
20250703,뮤지컬 <명성황후> 30주년 기념공연,3641,496431500,0,3641,496431500,99.7,-10,250704_01,
20250703,2025 예울마루 브런치콘서트 <썸머 페스티벌>,393,7184000,0,393,7184000,42.4,2,250710_01,
20250703,가족뮤지컬 <넘버블록스>,2254,91342300,0,2254,91342300,39.1,55,250802_01,
20250703,열혈건반 <쇼팽 그리고 쇼팽>,152,3405000,0,202,4155000,21.8,5,250904_01,
20250703,뮤지컬 <설민석의 한국사 대모험 : 안중근>,564,22723800,36,600,22723800,10,0,250918_01,
20250702,연극 <꽃의 비밀>,1782,47064000,0,1782,47064000,93.9,3,250719_01,
20250702,뮤지컬 <명성황후> 30주년 기념공연,3651,497696500,0,3651,497696500,100,5,250704_01,
20250702,2025 예울마루 브런치콘서트 <썸머 페스티벌>,391,7182000,0,391,7182000,42.2,9,250710_01,
20250702,가족뮤지컬 <넘버블록스>,2199,89171100,0,2199,89171100,38.1,54,250802_01,
20250702,열혈건반 <쇼팽 그리고 쇼팽>,147,3284000,0,197,4034000,21.3,3,250904_01,
20250701,연극 <꽃의 비밀>,1779,46992000,0,1779,46992000,93.7,47,250719_01,
20250701,뮤지컬 <명성황후> 30주년 기념공연,3644,496689500,0,3646,497009500,99.9,3,250704_01,
20250701,2025 예울마루 브런치콘서트 <썸머 페스티벌>,382,7072000,0,382,7072000,41.3,14,250710_01,
20250701,가족뮤지컬 <넘버블록스>,2145,86995500,0,2145,86995500,37.2,220,250802_01,
20250701,열혈건반 <쇼팽 그리고 쇼팽>,144,3237000,0,194,3987000,21,2,250904_01,
20250628,연극 <꽃의 비밀>,1732,46225000,0,1732,46225000,91.3,15,250719_01,
20250628,뮤지컬 <명성황후> 30주년 기념공연,3641,493028500,0,3643,493348500,99.9,18,250704_01,
20250628,2025 예울마루 브런치콘서트 <썸머 페스티벌>,368,6812000,0,368,6812000,39.7,2,250710_01,
20250628,가족뮤지컬 <넘버블록스>,1925,78061400,0,1925,78061400,33.4,62,250802_01,
20250628,열혈건반 <쇼팽 그리고 쇼팽>,142,3272000,0,192,4022000,20.7,0,250904_01,
20250627,연극 <꽃의 비밀>,1732,46225000,0,1732,46225000,91.3,15,250719_01,
20250627,뮤지컬 <명성황후> 30주년 기념공연,3620,492708500,0,3630,493348500,99.9,5,250704_01,
20250627,2025 예울마루 브런치콘서트 <썸머 페스티벌>,368,6812000,0,368,6812000,39.7,2,250710_01,
20250627,가족뮤지컬 <넘버블록스>,1925,78061400,0,1925,78061400,33.4,62,250802_01,
20250627,열혈건반 <쇼팽 그리고 쇼팽>,142,3272000,0,192,4022000,20.7,0,250904_01,
20250626,연극 <꽃의 비밀>,1717,45968000,0,1717,45968000,90.5,17,250719_01,
20250626,뮤지컬 <명성황후> 30주년 기념공연,3615,491964500,0,3625,492604500,99.8,-2,250704_01,
20250626,2025 예울마루 브런치콘서트 <썸머 페스티벌>,366,6776000,0,366,6776000,39.5,7,250710_01,
20250626,가족뮤지컬 <넘버블록스>,1863,75566600,0,1863,75566600,32.3,84,250802_01,
20250625,연극 <꽃의 비밀>,1700,45608000,0,1700,45608000,89.6,17,250719_01,
20250625,뮤지컬 <명성황후> 30주년 기념공연,3617,492262500,0,3627,492902500,99.9,-3,250704_01,
20250625,2025 예울마루 브런치콘서트 <썸머 페스티벌>,359,6642000,0,359,6642000,38.8,5,250710_01,
20250625,가족뮤지컬 <넘버블록스>,1779,72122600,0,1779,72122600,30.9,77,250802_01,
20250624,연극 <꽃의 비밀>,1683,45161000,0,1683,45161000,88.7,4,250719_01,
20250624,뮤지컬 <명성황후> 30주년 기념공연,3580,486406500,0,3630,493206500,99.9,3,250704_01,
20250624,2025 예울마루 브런치콘서트 <썸머 페스티벌>,354,6552000,0,354,6552000,38.2,11,250710_01,
20250624,가족뮤지컬 <넘버블록스>,1702,68996400,0,1702,68996400,29.5,465,250802_01,
20250621,연극 <꽃의 비밀>,1679,44963000,0,1679,44963000,88.5,15,250719_01,
20250621,뮤지컬 <명성황후> 30주년 기념공연,3577,485749500,0,3627,492549500,99.9,-3,250704_01,
20250621,2025 예울마루 브런치콘서트 <썸머 페스티벌>,343,6286000,0,343,6286000,37,0,250710_01,
20250621,가족뮤지컬 <넘버블록스>,1237,50069800,0,1237,50069800,21.5,151,250802_01,
20250620,연극 <꽃의 비밀>,1664,44642000,0,1664,44642000,87.7,4,250719_01,
20250620,뮤지컬 <명성황후> 30주년 기념공연,3565,486156500,0,3630,492956500,99.9,-2,250704_01,
20250620,2025 예울마루 브런치콘서트 <썸머 페스티벌>,343,6286000,0,343,6286000,37,-1,250710_01,
20250620,가족뮤지컬 <넘버블록스>,1086,43922400,0,1086,43922400,18.8,45,250802_01,
20250619,연극 <꽃의 비밀>,1660,44560000,0,1660,44560000,87.5,20,250719_01,
20250619,뮤지컬 <명성황후> 30주년 기념공연,3567,486493500,0,3632,493293500,100,9,250704_01,
20250619,2025 예울마루 브런치콘서트 <썸머 페스티벌>,344,6304000,0,344,6304000,37.1,3,250710_01,
20250619,가족뮤지컬 <넘버블록스>,1041,42220000,0,1041,42220000,18.1,64,250802_01,
20250618,연극 <꽃의 비밀>,1640,44075000,0,1640,44075000,86.4,7,250719_01,
20250618,뮤지컬 <명성황후> 30주년 기념공연,3558,485121500,0,3623,491921500,99.8,9,250704_01,
20250618,2025 예울마루 브런치콘서트 <썸머 페스티벌>,341,6250000,0,341,6250000,36.8,4,250710_01,
20250618,가족뮤지컬 <넘버블록스>,977,39765800,0,977,39765800,16.9,58,250802_01,
20250617,연극 <꽃의 비밀>,1633,43919000,0,1633,43919000,86,36,250719_01,
20250617,뮤지컬 <명성황후> 30주년 기념공연,3549,483922500,0,3614,490722500,99.5,-9,250704_01,
20250617,2025 예울마루 브런치콘서트 <썸머 페스티벌>,337,6176000,0,337,6176000,36.4,5,250710_01,
20250617,가족뮤지컬 <넘버블록스>,919,37412400,0,919,37412400,15.9,80,250802_01,
20250614,연극 <꽃의 비밀>,1597,43187000,0,1597,43187000,84.1,0,250719_01,
20250614,뮤지컬 <명성황후> 30주년 기념공연,3558,485006500,0,3623,491806500,99.8,11,250704_01,
20250614,2025 예울마루 브런치콘서트 <썸머 페스티벌>,332,6108000,0,332,6108000,35.9,3,250710_01,
20250614,가족뮤지컬 <넘버블록스>,839,34192400,0,839,34192400,14.6,2,250802_01,
20250613,연극 <꽃의 비밀>,1597,43193000,0,1597,43193000,84.1,8,250719_01,
20250613,뮤지컬 <명성황후> 30주년 기념공연,3547,483289500,0,3612,490089500,99.7,3,250704_01,
20250613,2025 예울마루 브런치콘서트 <썸머 페스티벌>,329,5632000,0,329,5632000,35.5,19,250710_01,
20250613,가족뮤지컬 <넘버블록스>,837,34118000,0,837,34118000,14.5,0,250802_01,
20250612,연극 <꽃의 비밀>,1589,42950000,0,1589,42950000,83.7,14,250719_01,
20250612,뮤지컬 <명성황후> 30주년 기념공연,3544,483005500,0,3609,489805500,99.6,4,250704_01,
20250612,2025 예울마루 브런치콘서트 <썸머 페스티벌>,310,5504000,0,310,5504000,33.5,36,250710_01,
20250611,연극 <꽃의 비밀>,1575,42661000,0,1575,42661000,83,4,250719_01,
20250611,뮤지컬 <명성황후> 30주년 기념공연,3540,482525500,0,3605,489325500,99.5,11,250704_01,
20250611,2025 예울마루 브런치콘서트 <썸머 페스티벌>,274,4952000,0,274,4952000,29.6,2,250710_01,
20250610,연극 <꽃의 비밀>,1571,42569000,0,1571,42569000,82.8,12,250719_01,
20250610,뮤지컬 <명성황후> 30주년 기념공연,3529,481332500,0,3594,488132500,99.2,28,250704_01,
20250610,2025 예울마루 브런치콘서트 <썸머 페스티벌>,272,4924000,0,272,4924000,29.4,4,250710_01,
20250607,연극 <꽃의 비밀>,1559,42289000,0,1559,42289000,82.1,11,250719_01,
20250607,뮤지컬 <명성황후> 30주년 기념공연,3501,478365500,0,3566,485165500,98.4,42,250704_01,
20250607,2025 예울마루 브런치콘서트 <썸머 페스티벌>,268,4852000,0,268,4852000,28.9,29,250710_01,
20250605,연극 <꽃의 비밀>,1548,41991000,0,1548,41991000,81.6,4,250719_01,
20250605,뮤지컬 <명성황후> 30주년 기념공연,3474,472791500,0,3524,479591500,97.2,9,250704_01,
20250605,2025 예울마루 브런치콘서트 <썸머 페스티벌>,239,4288000,0,239,4288000,25.8,2,250710_01,
20250604,연극 <꽃의 비밀>,1544,41907000,0,1544,41907000,81.3,28,250719_01,
20250604,뮤지컬 <명성황후> 30주년 기념공연,3465,471727500,0,3515,478527500,97,81,250704_01,
20250604,2025 예울마루 브런치콘서트 <썸머 페스티벌>,237,4252000,0,237,4252000,25.6,12,250710_01,
20250531,연극 <꽃의 비밀>,1516,41215000,0,1516,41215000,79.9,-3,250719_01,
20250531,뮤지컬 <명성황후> 30주년 기념공연,3372,454765500,0,3434,467957500,94.8,6,250704_01,
20250531,2025 예울마루 브런치콘서트 <썸머 페스티벌>,225,4034000,0,225,4034000,24.3,-2,250710_01,
20250530,연극 <꽃의 비밀>,1519,41271000,0,1519,41271000,80,5,250719_01,
20250530,뮤지컬 <명성황후> 30주년 기념공연,3331,454113500,0,3428,467305500,94.6,7,250704_01,
20250530,2025 예울마루 브런치콘서트 <썸머 페스티벌>,227,4066000,0,227,4066000,24.5,2,250710_01,
20250529,연극 <꽃의 비밀>,1514,41140000,0,1514,41140000,79.8,10,250719_01,
20250529,뮤지컬 <명성황후> 30주년 기념공연,3324,453312500,0,3421,466504500,94.4,46,250704_01,
20250529,2025 예울마루 브런치콘서트 <썸머 페스티벌>,225,4034000,0,225,4034000,24.3,0,250710_01,
20250529,창작발레 <갓 GAT>,617,14793000,9,638,14793000,66,-23,250529_01,
20250528,연극 <꽃의 비밀>,1504,40764000,0,1504,40764000,79.2,10,250719_01,
20250528,뮤지컬 <명성황후> 30주년 기념공연,3248,442760500,0,3375,460032500,93.1,-23,250704_01,
20250528,2025 예울마루 브런치콘서트 <썸머 페스티벌>,225,4034000,0,225,4034000,24.3,42,250710_01,
20250528,창작발레 <갓 GAT>,640,14869000,9,661,14869000,68.4,11,250529_01,
20250527,연극 <꽃의 비밀>,1494,40489000,0,1494,40489000,78.7,67,250719_01,
20250527,뮤지컬 <명성황후> 30주년 기념공연,3099,430624000,0,3398,462135000,93.8,-2,250704_01,
20250527,2025 예울마루 브런치콘서트 <썸머 페스티벌>,183,3362000,0,183,3362000,19.8,0,250710_01,
20250527,창작발레 <갓 GAT>,629,14756000,9,650,14756000,67.3,49,250529_01,
20250522,연극 <꽃의 비밀>,1427,38989000,0,1427,38989000,75.2,17,250719_01,
20250522,뮤지컬 <명성황후> 30주년 기념공연,3101,418514000,0,3400,450025000,93.8,83,250704_01,
20250522,2025 예울마루 브런치콘서트 <냠냠 클래식>,422,8644000,0,422,8644000,45.6,0,250522_01,
20250522,창작발레 <갓 GAT>,580,13893000,9,601,13893000,62.2,7,250529_01,
20250521,연극 <꽃의 비밀>,1410,38649000,0,1410,38649000,74.3,93,250719_01,
20250521,뮤지컬 <명성황후> 30주년 기념공연,3018,417022000,0,3317,448533000,91.5,77,250704_01,
20250521,2025 예울마루 브런치콘서트 <냠냠 클래식>,422,8644000,0,422,8644000,45.6,24,250522_01,
20250521,창작발레 <갓 GAT>,573,13787000,9,594,13787000,61.5,6,250529_01,
20250520,연극 <꽃의 비밀>,1317,36485000,0,1317,36485000,69.4,9,250719_01,
20250520,뮤지컬 <명성황후> 30주년 기념공연,2941,406925000,0,3240,438436000,89.4,133,250704_01,
20250520,2025 예울마루 브런치콘서트 <냠냠 클래식>,398,8734000,0,398,8734000,43,-2,250522_01,
20250520,창작발레 <갓 GAT>,567,13700000,9,588,13700000,60.9,4,250529_01,
20250517,뮤지컬 <넌 특별하단다_서커스버전>,2843,89702000,0,2843,89702000,43.9,-1,250513_01,
20250517,뮤지컬 <명성황후> 30주년 기념공연,2808,388903000,0,3107,420414000,85.7,31,250704_01,
20250517,2025 예울마루 브런치콘서트 <냠냠 클래식>,400,8772000,0,400,8772000,43.2,5,250522_01,
20250517,창작발레 <갓 GAT>,563,13640000,9,584,13640000,60.5,5,250529_01,
20250517,2025 예울마루 위크 <On Island>,0,0,850,850,0,100,850,250517_02,
20250517,연극 <꽃의 비밀>,1308,36152000,0,1308,36152000,68.9,41,250719_01,
20250516,뮤지컬 <넌 특별하단다_서커스버전>,2844,89852000,0,2844,89852000,43.9,32,250513_01,
20250516,뮤지컬 <명성황후> 30주년 기념공연,2777,384602000,0,3076,416113000,84.9,18,250704_01,
20250516,2025 예울마루 브런치콘서트 <냠냠 클래식>,395,8672000,0,395,8672000,42.7,0,250522_01,
20250516,창작발레 <갓 GAT>,558,13618000,9,579,13618000,59.9,7,250529_01,
20250516,2025 예울마루 위크 <On Island>,0,0,850,850,0,100,850,250517_02,
20250516,연극 <꽃의 비밀>,1267,34947000,0,1267,34947000,66.8,3,250719_01,
20250515,뮤지컬 <넌 특별하단다_서커스버전>,2812,89480000,0,2812,89480000,43.4,14,250513_01,
20250515,뮤지컬 <명성황후> 30주년 기념공연,2759,381881000,0,3058,413392000,84.4,77,250704_01,
20250515,2025 예울마루 브런치콘서트 <냠냠 클래식>,395,8624000,0,395,8672000,42.7,8,250522_01,
20250515,창작발레 <갓 GAT>,551,13433000,9,572,13433000,59.2,16,250529_01,
20250515,2025 예울마루 위크 <On Island>,0,0,850,850,0,100,850,250517_02,
20250515,연극 <꽃의 비밀>,1264,35404000,0,1264,35404000,66.6,0,250719_01,
20250514,뮤지컬 <넌 특별하단다_서커스버전>,2721,87260000,0,2798,89708000,43.2,9,250513_01,
20250514,뮤지컬 <명성황후> 30주년 기념공연,2682,373059000,0,2981,404570000,82.3,36,250704_01,
20250514,2025 예울마루 브런치콘서트 <냠냠 클래식>,384,8488000,0,387,8536000,41.8,0,250522_01,
20250514,창작발레 <갓 GAT>,535,13113000,9,556,13113000,57.6,10,250529_01,
20250514,2025 예울마루 위크 <On Island>,0,0,850,850,0,100,850,250517_02,
20250513,뮤지컬 <넌 특별하단다_서커스버전>,2712,86868000,0,2789,89316000,43,28,250513_01,
20250513,뮤지컬 <명성황후> 30주년 기념공연,2646,368230000,0,2945,399741000,81.3,99,250704_01,
20250513,2025 예울마루 브런치콘서트 <냠냠 클래식>,384,8490000,0,387,8538000,41.8,-1,250522_01,
20250513,창작발레 <갓 GAT>,525,12979000,9,546,12979000,56.5,5,250529_01,
20250513,2025 예울마루 위크 <On Island>,0,0,850,850,0,100,850,250517_02,
20250510,뮤지컬 <넌 특별하단다_서커스버전>,2684,86990000,0,2761,89438000,42.6,-5,250513_01,
20250510,뮤지컬 <명성황후> 30주년 기념공연,2547,354845000,0,2846,386356000,78.5,79,250704_01,
20250510,2025 예울마루 브런치콘서트 <냠냠 클래식>,385,8506000,0,388,8554000,41.9,1,250522_01,
20250510,창작발레 <갓 GAT>,520,12814000,9,541,12814000,56,4,250529_01,
20250510,2025 예울마루 위크 <On Island>,0,0,850,850,0,100,850,250517_02,
20250509,뮤지컬 <넌 특별하단다_서커스버전>,2270,87884000,0,2766,89684000,42.7,-113,250513_01,
20250509,뮤지컬 <명성황후> 30주년 기념공연,2496,371363000,0,2767,375483000,76.4,50,250704_01,
20250509,2025 예울마루 브런치콘서트 <냠냠 클래식>,355,5911000,0,387,8536000,41.8,-3,250522_01,
20250509,창작발레 <갓 GAT>,516,12714000,9,537,12714000,55.6,9,250529_01,
20250509,2025 예울마루 위크 <On Island>,0,0,850,850,0,100,850,250517_02,
20250508,뮤지컬 <넌 특별하단다_서커스버전>,2383,91172000,0,2879,92972000,44.4,57,250513_01,
20250508,뮤지컬 <명성황후> 30주년 기념공연,2446,364537000,0,2717,368657000,75,43,250704_01,
20250508,2025 예울마루 브런치콘서트 <냠냠 클래식>,358,5969000,0,390,8594000,42.1,-2,250522_01,
20250508,창작발레 <갓 GAT>,507,12545000,9,528,12545000,54.7,7,250529_01,
20250508,2025 예울마루 위크 <On Island>,0,0,850,850,0,100,850,250517_02,
20250507,뮤지컬 <넌 특별하단다_서커스버전>,2443,89582000,0,2822,91382000,43.5,-8,250513_01,
20250507,뮤지컬 <명성황후> 30주년 기념공연,2403,359479000,0,2674,363599000,73.8,145,250704_01,
20250507,2025 예울마루 브런치콘서트 <냠냠 클래식>,360,5989000,0,392,8614000,42.3,0,250522_01,
20250507,창작발레 <갓 GAT>,500,12380000,9,521,12380000,53.9,2,250529_01,
20250503,뮤지컬 <넌 특별하단다_서커스버전>,2324,89918000,0,2830,91718000,43.7,14,250513_01,
20250503,뮤지컬 <명성황후> 30주년 기념공연,2233,340473000,0,2529,344593000,69.8,6,250704_01,
20250503,2025 예울마루 브런치콘서트 <냠냠 클래식>,260,5989000,0,392,8614000,42.3,2,250522_01,
20250503,창작발레 <갓 GAT>,498,12338000,9,519,12338000,53.7,13,250529_01,
20250502,뮤지컬 <넌 특별하단다_서커스버전>,2310,89432000,0,2816,91232000,43.4,-74,250513_01,
20250502,뮤지컬 <명성황후> 30주년 기념공연,2227,339836000,0,2523,343956000,69.6,30,250704_01,
20250502,2025 예울마루 브런치콘서트 <냠냠 클래식>,258,5965000,0,390,8590000,42.1,0,250522_01,
20250502,창작발레 <갓 GAT>,485,12020000,9,506,12020000,52.4,3,250529_01,
20250430,뮤지컬 <넌 특별하단다_서커스버전>,2314,91754000,0,2890,93554000,31.2,-12,250513_01,
20250430,뮤지컬 <명성황후> 30주년 기념공연,2197,335730000,0,2493,339850000,68.8,100,250704_01,
20250430,2025 예울마루 브런치콘서트 <냠냠 클래식>,258,5965000,0,390,8590000,42.1,4,250522_01,
20250430,창작발레 <갓 GAT>,482,11927000,9,503,11927000,52.1,8,250529_01,
20250429,뮤지컬 <넌 특별하단다_서커스버전>,1994,92216000,0,2902,94016000,31.3,13,250513_01,
20250429,뮤지컬 <명성황후> 30주년 기념공연,1991,324519000,0,2393,328639000,66,73,250704_01,
20250429,2025 예울마루 브런치콘서트 <냠냠 클래식>,257,5893000,0,386,8518000,41.7,2,250522_01,
20250429,창작발레 <갓 GAT>,479,11773000,4,495,11773000,51.2,3,250529_01,
20250426,뮤지컬 <넌 특별하단다_서커스버전>,1981,91706000,0,2889,93506000,31.2,1,250513_01,
20250426,뮤지컬 <명성황후> 30주년 기념공연,1918,314898000,0,2320,319018000,64,9,250704_01,
20250426,2025 예울마루 브런치콘서트 <냠냠 클래식>,255,5863000,0,384,8488000,41.5,-1,250522_01,
20250426,창작발레 <갓 GAT>,476,11688000,4,492,11688000,50.9,2,250529_01,
20250425,뮤지컬 <넌 특별하단다_서커스버전>,1980,91616000,0,2888,93416000,31.2,-2,250513_01,
20250425,무용 <스페인 국립 플라멩코 발레단 내한공연 - 아파나도르>,537,40898000,187,724,40898000,42.5,37,250424_01,
20250425,2025 예울마루 브런치콘서트 <냠냠 클래식>,256,5881000,0,385,8506000,41.6,1,250522_01,
20250425,창작발레 <갓 GAT>,474,11586000,4,490,11586000,50.7,2,250529_01,
20250425,뮤지컬 <명성황후> 30주년 기념공연,1909,314296000,0,2311,318416000,63.8,39,250704_01,
20250424,뮤지컬 <넌 특별하단다_서커스버전>,2830,91730000,0,2890,93530000,31.2,-12,250513_01,
20250424,무용 <스페인 국립 플라멩코 발레단 내한공연 - 아파나도르>,605,36778000,20,687,40898000,40.3,126,250424_01,
20250424,2025 예울마루 브런치콘서트 <냠냠 클래식>,276,5861000,0,384,8486000,41.5,2,250522_01,
20250424,창작발레 <갓 GAT>,456,11586000,0,488,11586000,50.5,0,250529_01,
20250424,뮤지컬 <명성황후> 30주년 기념공연,2151,309915000,0,2272,314035000,62.7,85,250704_01,
20250423,뮤지컬 <넌 특별하단다_서커스버전>,2842,92060000,0,2902,93860000,31.3,-7,250513_01,
20250423,무용 <스페인 국립 플라멩코 발레단 내한공연 - 아파나도르>,479,39036000,20,561,43156000,32.9,13,250424_01,
20250423,2025 예울마루 브런치콘서트 <냠냠 클래식>,274,5825000,0,382,8450000,41.3,0,250522_01,
20250423,창작발레 <갓 GAT>,456,11604000,0,488,11604000,50.5,3,250529_01,
20250423,뮤지컬 <명성황후> 30주년 기념공연,2066,306612000,0,2187,310732000,60.3,0,250704_01,
20250422,뮤지컬 <넌 특별하단다_서커스버전>,2849,92318000,0,2909,94118000,31.4,-3,250513_01,
20250422,무용 <스페인 국립 플라멩코 발레단 내한공연 - 아파나도르>,466,38267000,20,548,42387000,32.2,27,250424_01,
20250422,2025 예울마루 브런치콘서트 <냠냠 클래식>,274,5825000,0,382,8450000,41.3,0,250522_01,
20250422,창작발레 <갓 GAT>,453,11501000,0,485,11501000,50.2,1,250529_01,
20250419,뮤지컬 <넌 특별하단다_서커스버전>,2852,92426000,0,2912,94226000,31.4,91,250513_01,
20250419,무용 <스페인 국립 플라멩코 발레단 내한공연 - 아파나도르>,439,36147000,20,521,40267000,30.6,11,250424_01,
20250419,2025 예울마루 브런치콘서트 <냠냠 클래식>,274,5809000,0,382,8434000,41.3,0,250522_01,
20250419,창작발레 <갓 GAT>,452,11524000,0,484,11524000,50.1,0,250529_01,
20250418,뮤지컬 <넌 특별하단다_서커스버전>,2761,89552000,0,2821,91352000,30.5,3,250513_01,
20250418,무용 <스페인 국립 플라멩코 발레단 내한공연 - 아파나도르>,428,35110000,20,510,39230000,29.9,19,250424_01,
20250418,2025 예울마루 브런치콘서트 <냠냠 클래식>,274,5809000,0,382,8434000,41.3,1,250522_01,
20250418,창작발레 <갓 GAT>,452,11505000,0,484,11505000,50.1,2,250529_01,
20250417,뮤지컬 <넌 특별하단다_서커스버전>,2758,89426000,0,2818,91226000,30.4,6,250513_01,
20250417,무용 <스페인 국립 플라멩코 발레단 내한공연 - 아파나도르>,409,33496000,20,491,37616000,28.8,18,250424_01,
20250417,2025 예울마루 브런치콘서트 <냠냠 클래식>,273,5789000,0,381,8414000,41.1,10,250522_01,
20250417,창작발레 <갓 GAT>,450,11424000,0,482,11424000,49.9,9,250529_01,
20250416,뮤지컬 <넌 특별하단다_서커스버전>,2752,88880000,0,2812,90680000,30.4,0,250513_01,
20250416,무용 <스페인 국립 플라멩코 발레단 내한공연 - 아파나도르>,391,32029000,20,473,36149000,27.8,30,250424_01,
20250416,2025 예울마루 브런치콘서트 <냠냠 클래식>,263,5543000,0,371,8168000,40.1,3,250522_01,
20250416,창작발레 <갓 GAT>,441,11193000,0,473,11193000,49,-5,250529_01,
20250415,뮤지컬 <넌 특별하단다_서커스버전>,2752,88880000,0,2812,90680000,30.4,-66,250513_01,
20250415,무용 <스페인 국립 플라멩코 발레단 내한공연 - 아파나도르>,361,29875000,20,443,33995000,26,10,250424_01,
20250415,2025 예울마루 브런치콘서트 <냠냠 클래식>,260,5489000,0,368,8114000,39.7,0,250522_01,
20250415,창작발레 <갓 GAT>,446,11298000,0,478,11298000,49.5,5,250529_01,
20250412,뮤지컬 <넌 특별하단다_서커스버전>,2818,90764000,0,2878,92564000,31.1,11,250513_01,
20250412,무용 <스페인 국립 플라멩코 발레단 내한공연 - 아파나도르>,351,29244000,20,433,33364000,25.4,0,250424_01,
20250412,2025 예울마루 브런치콘서트 <냠냠 클래식>,260,5489000,0,368,8114000,39.7,24,250522_01,
20250412,창작발레 <갓 GAT>,441,11211000,0,473,11211000,49,15,250529_01,
20250411,뮤지컬 <넌 특별하단다_서커스버전>,2807,90418000,0,2867,92218000,31,200,250513_01,
20250411,무용 <스페인 국립 플라멩코 발레단 내한공연 - 아파나도르>,351,29175500,20,433,33295500,25.4,6,250424_01,
20250411,2025 예울마루 브런치콘서트 <냠냠 클래식>,236,5009000,0,344,7634000,37.1,0,250522_01,
20250411,창작발레 <갓 GAT>,426,10860000,0,458,10860000,47.4,5,250529_01,
20250410,뮤지컬 <넌 특별하단다_서커스버전>,2607,84974000,0,2667,86774000,28.8,18,250513_01,
20250410,무용 <스페인 국립 플라멩코 발레단 내한공연 - 아파나도르>,345,28787500,20,427,32907500,25.1,25,250424_01,
20250410,2025 예울마루 브런치콘서트 <냠냠 클래식>,236,5009000,0,344,7634000,37.1,0,250522_01,
20250410,창작발레 <갓 GAT>,421,10749000,0,453,10749000,46.9,5,250529_01,
20250409,뮤지컬 <넌 특별하단다_서커스버전>,2589,87152000,0,2649,88952000,28.6,17,250513_01,
20250409,무용 <스페인 국립 플라멩코 발레단 내한공연 - 아파나도르>,320,26333500,20,402,30453500,23.6,5,250424_01,
20250409,2025 예울마루 브런치콘서트 <냠냠 클래식>,236,5009000,0,344,7634000,37.1,3,250522_01,
20250409,창작발레 <갓 GAT>,416,10634000,0,448,10634000,46.4,2,250529_01,
20250408,뮤지컬 <넌 특별하단다_서커스버전>,2572,86558000,0,2632,88358000,28.4,-9,250513_01,
20250408,무용 <스페인 국립 플라멩코 발레단 내한공연 - 아파나도르>,315,26008000,20,397,30128000,23.3,35,250424_01,
20250408,2025 예울마루 브런치콘서트 <냠냠 클래식>,233,4955000,0,341,7580000,36.8,-1,250522_01,
20250408,창작발레 <갓 GAT>,414,10553000,0,446,10553000,46.2,9,250529_01,
20250405,뮤지컬 <넌 특별하단다_서커스버전>,2581,86912000,0,2641,88712000,28.5,73,250513_01,
20250405,무용 <스페인 국립 플라멩코 발레단 내한공연 - 아파나도르>,280,22962000,20,362,27082000,21.2,5,250424_01,
20250405,2025 예울마루 브런치콘서트 <냠냠 클래식>,234,4975000,0,342,7600000,36.9,5,250522_01,
20250405,창작발레 <갓 GAT>,405,10372000,0,437,10372000,45.2,-18,250529_01,
20250404,뮤지컬 <넌 특별하단다_서커스버전>,2508,83922000,0,2568,85722000,27.7,1367,250513_01,
20250404,무용 <스페인 국립 플라멩코 발레단 내한공연 - 아파나도르>,275,22572000,20,357,26692000,21,-14,250424_01,
20250404,2025 예울마루 브런치콘서트 <냠냠 클래식>,229,4881000,0,337,7506000,36.4,74,250522_01,
20250404,창작발레 <갓 GAT>,423,10832000,0,455,10832000,47.1,11,250529_01,
20250403,뮤지컬 <넌 특별하단다_서커스버전>,1141,41382000,0,1201,43182000,13,485,250513_01,
20250403,무용 <스페인 국립 플라멩코 발레단 내한공연 - 아파나도르>,289,22247000,20,371,26367000,21.8,20,250424_01,
20250403,2025 예울마루 브런치콘서트 <냠냠 클래식>,155,3409000,0,263,6034000,28.4,1,250522_01,
20250403,창작발레 <갓 GAT>,412,10589000,0,444,10589000,46,12,250529_01,
20250402,뮤지컬 <넌 특별하단다_서커스버전>,656,25434000,0,716,27234000,7.7,6,250513_01,
20250402,무용 <스페인 국립 플라멩코 발레단 내한공연 - 아파나도르>,269,20491000,20,351,24611000,20.6,13,250424_01,
20250402,2025 예울마루 브런치콘서트 <냠냠 클래식>,154,3391000,0,262,6016000,28.3,6,250522_01,
20250402,창작발레 <갓 GAT>,400,10406000,0,432,10406000,44.7,-1,250529_01,
20250401,뮤지컬 <넌 특별하단다_서커스버전>,650,25194000,0,710,26994000,7.7,7,250513_01,
20250401,무용 <스페인 국립 플라멩코 발레단 내한공연 - 아파나도르>,256,19690000,20,338,23810000,19.8,21,250424_01,
20250401,2025 예울마루 브런치콘서트 <냠냠 클래식>,148,3283000,0,256,5908000,27.6,7,250522_01,
20250401,창작발레 <갓 GAT>,401,10443000,0,433,10443000,44.8,-42,250529_01,
20250329,뮤지컬 <넌 특별하단다_서커스버전>,643,24970000,0,703,26770000,7.6,6,250513_01,
20250329,무용 <스페인 국립 플라멩코 발레단 내한공연 - 아파나도르>,235,18084000,20,317,22204000,18.6,6,250424_01,
20250329,2025 예울마루 브런치콘서트 <냠냠 클래식>,141,3157000,0,249,5782000,26.9,-3,250522_01,
20250329,창작발레 <갓 GAT>,443,11726000,0,475,11726000,49.2,475,250529_01,
20250328,뮤지컬 <넌 특별하단다_서커스버전>,637,24730000,0,697,26530000,7.5,61,250513_01,
20250328,무용 <스페인 국립 플라멩코 발레단 내한공연 - 아파나도르>,229,21678000,20,311,21678000,18.3,5,250424_01,
20250328,2025 예울마루 브런치콘서트 <냠냠 클래식>,144,3213000,0,252,5838000,27.2,0,250522_01,
20250327,뮤지컬 <넌 특별하단다_서커스버전>,636,24716000,0,636,24716000,6.9,2,250513_01,
20250327,무용 <스페인 국립 플라멩코 발레단 내한공연 - 아파나도르>,224,21309000,20,306,21309000,18,8,250424_01,
20250327,2025 예울마루 브런치콘서트 <냠냠 클래식>,317,3313000,0,326,5938000,35.2,25,250522_01,
20250326,뮤지컬 <넌 특별하단다_서커스버전>,634,24632000,0,634,24632000,6.8,0,250513_01,
20250326,무용 <스페인 국립 플라멩코 발레단 내한공연 - 아파나도르>,216,20851000,20,298,20851000,17.5,9,250424_01,
20250326,2025 예울마루 브런치콘서트 <냠냠 클래식>,292,3169000,0,301,5794000,32.5,16,250522_01,
20250325,뮤지컬 <넌 특별하단다_서커스버전>,634,24632000,0,634,24632000,6.8,-2,250513_01,
20250325,무용 <스페인 국립 플라멩코 발레단 내한공연 - 아파나도르>,207,20140000,20,289,20140000,17,10,250424_01,
20250325,2025 예울마루 브런치콘서트 <냠냠 클래식>,276,2797000,0,285,5422000,30.8,-9,250522_01,
20250322,뮤지컬 <넌 특별하단다_서커스버전>,636,24730000,0,636,24730000,6.9,10,250513_01,
20250322,무용 <스페인 국립 플라멩코 발레단 내한공연 - 아파나도르>,197,19501000,20,279,19501000,16.4,0,250424_01,
20250322,2025 예울마루 브런치콘서트 <냠냠 클래식>,285,2957000,0,294,5582000,31.7,0,250522_01,
20250321,뮤지컬 <넌 특별하단다_서커스버전>,626,24322000,0,626,24322000,6.8,-1,250513_01,
20250321,무용 <스페인 국립 플라멩코 발레단 내한공연 - 아파나도르>,197,19537000,20,279,19537000,16.4,0,250424_01,
20250321,2025 예울마루 브런치콘서트 <냠냠 클래식>,285,2957000,0,294,5582000,31.7,2,250522_01,
20250320,뮤지컬 <넌 특별하단다_서커스버전>,627,24364000,0,627,24364000,6.8,3,250513_01,
20250320,무용 <스페인 국립 플라멩코 발레단 내한공연 - 아파나도르>,197,19609000,20,279,19609000,16.4,6,250424_01,
20250320,2025 예울마루 브런치콘서트 <냠냠 클래식>,283,2921000,0,292,5546000,31.5,2,250522_01,
20250319,뮤지컬 <넌 특별하단다_서커스버전>,624,24280000,0,624,24280000,6.7,3,250513_01,
20250319,무용 <스페인 국립 플라멩코 발레단 내한공연 - 아파나도르>,191,19257000,20,273,19257000,16,3,250424_01,
20250319,2025 예울마루 브런치콘서트 <냠냠 클래식>,281,2885000,0,290,5510000,31.3,-2,250522_01,
20250318,뮤지컬 <넌 특별하단다_서커스버전>,621,24178000,0,621,24178000,6.7,1,250513_01,
20250318,무용 <스페인 국립 플라멩코 발레단 내한공연 - 아파나도르>,188,18960000,20,270,18960000,15.8,12,250424_01,
20250318,2025 예울마루 브런치콘서트 <냠냠 클래식>,283,2887000,0,292,5512000,31.5,4,250522_01,
20250315,뮤지컬 <넌 특별하단다_서커스버전>,620,24136000,0,620,24136000,6.7,8,250513_01,
20250315,무용 <스페인 국립 플라멩코 발레단 내한공연 - 아파나도르>,176,17963000,20,258,17963000,15.1,18,250424_01,
20250315,2025 예울마루 브런치콘서트 <냠냠 클래식>,279,2811000,0,288,5436000,31.1,0,250522_01,
20250314,뮤지컬 <넌 특별하단다_서커스버전>,612,23722000,0,612,23722000,6.6,2,250513_01,
20250314,무용 <스페인 국립 플라멩코 발레단 내한공연 - 아파나도르>,158,16668000,20,240,16668000,14.1,7,250424_01,
20250314,2025 예울마루 브런치콘서트 <냠냠 클래식>,279,2811000,0,288,5436000,31.1,13,250522_01,
20250313,뮤지컬 <넌 특별하단다_서커스버전>,610,23614000,0,610,23614000,6.6,76,250513_01,
20250313,무용 <스페인 국립 플라멩코 발레단 내한공연 - 아파나도르>,151,16140500,20,233,16140500,13.7,11,250424_01,
20250313,2025 예울마루 브런치콘서트 <냠냠 클래식>,266,2507000,0,275,5132000,29.7,0,250522_01,
20250312,뮤지컬 <넌 특별하단다_서커스버전>,534,21278000,0,534,21278000,5.8,70,250513_01,
20250312,무용 <스페인 국립 플라멩코 발레단 내한공연 - 아파나도르>,140,15054500,20,222,15054500,13,73,250424_01,
20250312,2025 예울마루 브런치콘서트 <냠냠 클래식>,266,2507000,0,275,5132000,29.7,-12,250522_01,
20250311,뮤지컬 <넌 특별하단다_서커스버전>,464,18952000,0,464,18952000,5,9,250513_01,
20250311,무용 <스페인 국립 플라멩코 발레단 내한공연 - 아파나도르>,67,10045000,20,149,10045000,8.7,0,250424_01,
20250311,2025 예울마루 브런치콘서트 <냠냠 클래식>,278,2861000,0,287,5486000,31,1,250522_01,
20250308,뮤지컬 <넌 특별하단다_서커스버전>,464,18952000,0,464,18952000,5,9,250513_01,
20250308,백건우와 모차르트,796,28193000,0,796,30818000,86,7,250308_01,
20250308,2025 예울마루 브런치콘서트 <냠냠 클래식>,282,2861000,0,287,5486000,31,1,250522_01,
20250308,무용 <스페인 국립 플라멩코 발레단 내한공연 - 아파나도르>,67,10045000,20,149,10045000,8.7,0,250424_01,
20250307,뮤지컬 <넌 특별하단다_서커스버전>,455,18574000,0,455,18574000,4.9,5,250513_01,
20250307,백건우와 모차르트,785,27835500,4,789,30460500,85.2,0,250308_01,
20250307,2025 예울마루 브런치콘서트 <냠냠 클래식>,277,2841000,0,286,5466000,30.9,0,250522_01,
20250307,무용 <스페인 국립 플라멩코 발레단 내한공연 - 아파나도르>,0,0,10,10,0,0.6,10,250424_01,
20250306,뮤지컬 <넌 특별하단다_서커스버전>,450,18364000,0,450,18364000,4.9,4,250513_01,
20250306,백건우와 모차르트,785,27775000,4,789,30400000,85.2,-4,250308_01,
20250306,2025 예울마루 브런치콘서트 <냠냠 클래식>,236,2841000,0,286,5466000,30.9,23,250522_01,
20250305,뮤지컬 <넌 특별하단다_서커스버전>,446,18196000,0,446,18196000,4.8,6,250513_01,
20250305,백건우와 모차르트,789,27901500,4,793,30526500,85.6,12,250308_01,
20250305,2025 예울마루 브런치콘서트 <냠냠 클래식>,213,2207000,0,263,4832000,28.4,-15,250522_01,
20250304,뮤지컬 <넌 특별하단다_서커스버전>,440,18000000,0,440,18000000,4.8,31,250513_01,
20250304,백건우와 모차르트,777,27760500,4,781,30385500,84.3,9,250308_01,
20250304,2025 예울마루 브런치콘서트 <냠냠 클래식>,228,2441000,0,278,5066000,30,6,250522_01,
20250228,뮤지컬 <넌 특별하단다_서커스버전>,409,16942000,0,409,16942000,4.4,5,250513_01,
20250228,백건우와 모차르트,768,27449500,4,772,30074500,83.4,-2,250308_01,
20250228,2025 예울마루 브런치콘서트 <냠냠 클래식>,222,2333000,0,272,4958000,29.4,-2,250522_01,
20250227,뮤지컬 <넌 특별하단다_서커스버전>,404,16732000,0,404,16732000,4.4,7,250513_01,
20250227,백건우와 모차르트,770,27520000,4,774,30145000,83.6,6,250308_01,
20250227,2025 예울마루 브런치콘서트 <냠냠 클래식>,224,2369000,0,274,4994000,29.6,5,250522_01,
20250226,뮤지컬 <넌 특별하단다_서커스버전>,397,16438000,0,397,16438000,4.3,36,250513_01,
20250226,백건우와 모차르트,758,27476000,4,768,30101000,82.9,22,250308_01,
20250226,2025 예울마루 브런치콘서트 <냠냠 클래식>,219,2273000,0,269,4898000,29,7,250522_01,
20250222,뮤지컬 <넌 특별하단다_서커스버전>,361,14926000,0,361,14926000,3.9,25,250513_01,
20250222,백건우와 모차르트,736,26424500,4,746,29049500,80.6,1,250308_01,
20250222,2025 예울마루 브런치콘서트 <냠냠 클래식>,212,2107000,0,262,4732000,28.3,2,250522_01,
20250221,뮤지컬 <넌 특별하단다_서커스버전>,336,13852000,0,336,13852000,3.6,2,250513_01,
20250221,백건우와 모차르트,735,26374000,4,745,28999000,80.5,7,250308_01,
20250221,2025 예울마루 브런치콘서트 <냠냠 클래식>,210,2071000,0,260,4696000,28.1,9,250522_01,
20250220,뮤지컬 <넌 특별하단다_서커스버전>,334,13796000,0,334,13796000,3.6,334,250513_01,
20250220,백건우와 모차르트,728,26181000,4,738,28806000,79.7,16,250308_01,
20250220,2025 예울마루 브런치콘서트 <냠냠 클래식>,201,1915000,0,251,4540000,27.1,1,250522_01,
20250219,뮤지컬 <넌 특별하단다_서커스버전>,0,0,0,0,0,0,0,250513_01,
20250219,백건우와 모차르트,645,26025500,4,722,28650500,78,71,250308_01,
20250219,2025 예울마루 브런치콘서트 <냠냠 클래식>,200,1895000,0,250,4520000,27,8,250522_01,
20250212,뮤지컬 <시카고>,3667,512871000,0,3667,512871000,94.6,25,250214_01,
20250212,백건우와 모차르트,574,24218000,4,651,26843000,70.3,9,250308_01,
20250212,2025 예울마루 브런치콘서트 <냠냠 클래식>,192,1725000,0,242,4350000,26.1,0,250522_01,
20250211,뮤지컬 <시카고>,3642,510548000,0,3642,510548000,94,53,250214_01,
20250211,백건우와 모차르트,562,23755000,4,642,26380000,69.3,22,250308_01,
20250211,2025 예울마루 브런치콘서트 <냠냠 클래식>,192,1725000,0,242,4350000,26.1,0,250522_01,
20250208,뮤지컬 <시카고>,3589,504093000,0,3589,504093000,92.6,20,250214_01,
20250208,백건우와 모차르트,540,22221500,4,620,24846500,67,-1,250308_01,
20250208,2025 예울마루 브런치콘서트 <냠냠 클래식>,192,1727000,0,242,4352000,26.1,6,250522_01,
20250207,뮤지컬 <시카고>,3555,490092000,0,3569,501740000,92.1,19,250214_01,
20250207,백건우와 모차르트,541,22434000,4,621,25059000,67.1,12,250308_01,
20250207,2025 예울마루 브런치콘서트 <냠냠 클래식>,186,1631000,0,236,4256000,25.5,16,250522_01,
20250206,뮤지컬 <시카고>,3536,487782000,0,3550,499430000,91.6,24,250214_01,
20250206,백건우와 모차르트,529,22203000,4,609,24828000,65.8,0,250308_01,
20250206,2025 예울마루 브런치콘서트 <냠냠 클래식>,170,1347000,0,220,3972000,23.8,4,250522_01,
20250205,뮤지컬 <시카고>,3478,484710000,0,3526,496358000,91,6,250214_01,
20250205,백건우와 모차르트,529,22146500,4,609,24771500,65.8,16,250308_01,
20250205,2025 예울마루 브런치콘서트 <냠냠 클래식>,166,1321000,0,216,3946000,23.3,0,250522_01,
20250204,뮤지컬 <시카고>,3472,484124000,0,3520,495772000,90.8,71,250214_01,
20250204,백건우와 모차르트,513,21679500,4,593,24304500,64,39,250308_01,
20250201,뮤지컬 <시카고>,3401,475476000,0,3449,487124000,89,29,250214_01,
20250201,백건우와 모차르트,474,20212000,4,554,22837000,59.8,10,250308_01,
20250131,뮤지컬 <시카고>,3334,471705000,0,3420,483353000,88.2,150,250214_01,
20250131,백건우와 모차르트,464,19734500,4,544,22359500,58.7,48,250308_01,
20250125,뮤지컬 <시카고>,3184,451905000,0,3270,463553000,84.4,23,250214_01,
20250125,백건우와 모차르트,416,17837000,4,496,20462000,53.6,11,250308_01,
20250124,뮤지컬 <시카고>,3161,449039000,0,3247,460687000,83.8,22,250214_01,
20250124,백건우와 모차르트,405,17492000,4,485,20117000,52.4,28,250308_01,
20250123,뮤지컬 <시카고>,3141,446311000,0,3225,457959000,83.2,67,250214_01,
20250123,백건우와 모차르트,377,16092500,4,457,18717500,49.4,5,250308_01,
20250122,뮤지컬 <시카고>,3074,437255000,0,3158,448903000,81.5,61,250214_01,
20250122,백건우와 모차르트,372,16215000,4,452,18840000,48.8,452,250308_01,
20250121,뮤지컬 <시카고>,3013,429445000,0,3097,441093000,79.9,171,250214_01,
20250121,백건우와 모차르트,-80,2625000,4,0,5250000,0,0,250308_01,
20250118,뮤지컬 <시카고>,2842,407077000,0,2926,418725000,75.5,47,250214_01,
20250118,백건우와 모차르트,0,0,0,0,0,0,0,250308_01,
20250117,뮤지컬 <시카고>,2795,399648000,0,2879,411296000,74.3,47,250214_01,
20250117,백건우와 모차르트,0,0,0,0,0,0,0,250308_01,
20250116,2025 신년음악회,463,22937000,0,463,22937000,50,18,250116_02,
20250116,뮤지컬 <시카고>,2748,394714000,0,2832,406362000,73.1,28,250214_01,
20250115,2025 신년음악회,439,19809500,0,445,22434500,48.1,-3,250116_02,
20250115,뮤지컬 <시카고>,2720,390878000,0,2804,402526000,72.3,73,250214_01,
20250114,2025 신년음악회,411,19525000,0,448,22150000,48.4,0,250116_02,
20250114,뮤지컬 <시카고>,2647,382932000,0,2731,394580000,70.5,116,250214_01,
20250111,2025 신년음악회,411,19578000,0,448,22203000,48.4,2,250116_02,
20250111,뮤지컬 <시카고>,2531,367574000,0,2615,379222000,67.5,53,250214_01,
20250110,2025 신년음악회,409,19443500,0,446,22068500,48.2,-14,250116_02,
20250110,뮤지컬 <시카고>,2478,359603000,0,2562,371251000,66.1,38,250214_01,
20250109,2025 신년음악회,398,19909000,0,460,22534000,49.7,11,250116_02,
20250109,뮤지컬 <시카고>,2440,354159000,0,2524,365807000,65.1,47,250214_01,
20250108,2025 신년음악회,387,19325500,0,449,21950500,48.5,3,250116_02,
20250108,뮤지컬 <시카고>,2393,347834000,0,2477,359482000,63.9,49,250214_01,
20250107,2025 신년음악회,384,19222500,0,446,21847500,48.2,7,250116_02,
20250107,뮤지컬 <시카고>,2344,341163000,0,2428,352811000,62.6,161,250214_01,
20250103,2025 신년음악회,377,18838000,0,439,21463000,47.4,-2,250116_02,
20250103,뮤지컬 <시카고>,2183,318476000,0,2267,330124000,58.5,33,250214_01,
20250102,2025 신년음악회,379,18882000,0,441,21507000,47.6,13,250116_02,
20250102,뮤지컬 <시카고>,2150,313991000,0,2234,325639000,57.6,66,250214_01,
20241231,2025 신년음악회,366,18202500,0,428,20827500,46.2,24,250116_02,
20241231,뮤지컬 <시카고>,2084,304277000,0,2168,315925000,55.9,213,250214_01,
20241226,2025 신년음악회,342,17056000,0,404,19681000,43.6,30,250116_02,
20241226,뮤지컬 <시카고>,1871,273917000,0,1955,285565000,50.4,381,250214_01,
20241221,아레나 디 베로나 오페라 페스티벌 <라 보엠> 공연실황 상영,120,1059000,0,150,2659000,16.9,0,241221_01,
20241221,발레 <호두까기 인형>,1672,97227900,8,1809,104073200,97.2,0,241224_01,
20241221,2025 신년음악회,312,15766000,0,374,18391000,40.4,0,250116_02,
20241221,뮤지컬 <시카고>,1490,219365000,0,1574,231013000,40.6,0,250214_01,
20260403,어린이 뮤지컬 <100층짜리 집>,1291,49485100,0,1291,49485100,23.2,0,260514_01,
20260403,"2026 실내악페스티벌 <실내악, 그 이상의 세계>",473,13189000,0,473,13189000,12.8,-2,260416_01,
20260403,2026 브런치 콘서트 Ⅰ <클래식과 함께 하는 미술관 여행 Ⅰ>,270,5306000,0,270,5306000,29.2,7,260409_01,
20260403,한국페스티발앙상블 <세상에서 가장 편한 음악>,91,2707000,0,91,2707000,9.8,-1,260523_01,
20260403,국립심포니오케스트라 <피터와 늑대 & 어미 거위>,139,5870000,0,139,5870000,15,-2,260530_01,
20260403,김영욱×콜레기움 무지쿰 서울 <8 Seasons>,91,1678500,0,91,1678500,9.8,2,260507_01,
20260404,어린이 뮤지컬 <100층짜리 집>,1290,49445200,0,1290,49445200,23.2,-1,260514_01,
20260404,"2026 실내악페스티벌 <실내악, 그 이상의 세계>",474,13236000,0,474,13236000,12.8,-1,260416_01,
20260404,2026 브런치 콘서트 Ⅰ <클래식과 함께 하는 미술관 여행 Ⅰ>,272,5346000,0,272,5346000,29.4,9,260409_01,
20260404,한국페스티발앙상블 <세상에서 가장 편한 음악>,91,2707000,0,91,2707000,9.8,-1,260523_01,
20260404,국립심포니오케스트라 <피터와 늑대 & 어미 거위>,139,5870000,0,139,5870000,15,-2,260530_01,
20260404,김영욱×콜레기움 무지쿰 서울 <8 Seasons>,91,1678500,0,91,1678500,9.8,2,260507_01,
20260407,어린이 뮤지컬 <100층짜리 집>,1309,50200500,0,1309,50200500,23.6,18,260514_01,
20260407,"2026 실내악페스티벌 <실내악, 그 이상의 세계>",468,13056000,0,468,13056000,12.6,-7,260416_01,
20260407,2026 브런치 콘서트 Ⅰ <클래식과 함께 하는 미술관 여행 Ⅰ>,269,5292000,0,269,5292000,29,6,260409_01,
20260407,한국페스티발앙상블 <세상에서 가장 편한 음악>,91,2707000,0,91,2707000,9.8,-1,260523_01,
20260407,국립심포니오케스트라 <피터와 늑대 & 어미 거위>,146,6164000,0,146,6164000,15.8,5,260530_01,
20260407,김영욱×콜레기움 무지쿰 서울 <8 Seasons>,95,1746000,0,95,1746000,10.3,6,260507_01,
20260408,어린이 뮤지컬 <100층짜리 집>,1314,50402800,0,1314,50402800,23.6,23,260514_01,
20260408,"2026 실내악페스티벌 <실내악, 그 이상의 세계>",476,13296000,0,476,13296000,12.8,1,260416_01,
20260408,2026 브런치 콘서트 Ⅰ <클래식과 함께 하는 미술관 여행 Ⅰ>,266,5238000,0,266,5238000,28.7,3,260409_01,
20260408,한국페스티발앙상블 <세상에서 가장 편한 음악>,87,2577000,0,87,2577000,9.4,-5,260523_01,
20260408,국립심포니오케스트라 <피터와 늑대 & 어미 거위>,150,6332000,0,150,6332000,16.2,9,260530_01,
20260408,김영욱×콜레기움 무지쿰 서울 <8 Seasons>,97,1776000,0,97,1776000,10.5,8,260507_01,
20260409,어린이 뮤지컬 <100층짜리 집>,1419,54077800,0,1419,54077800,25.5,,260514_01,
20260409,"2026 실내악페스티벌 <실내악, 그 이상의 세계>",470,13146000,0,470,13146000,12.7,,260416_01,
20260409,2026 브런치 콘서트 Ⅰ <클래식과 함께 하는 미술관 여행 Ⅰ>,298,5264000,0,298,5264000,32.2,,260409_01,
20260409,한국페스티발앙상블 <세상에서 가장 편한 음악>,87,2577000,0,87,2577000,9.4,,260523_01,
20260409,국립심포니오케스트라 <피터와 늑대 & 어미 거위>,156,6584000,0,156,6584000,16.8,,260530_01,
20260409,김영욱×콜레기움 무지쿰 서울 <8 Seasons>,96,1753500,0,96,1753500,10.4,,260507_01,
20260409,2026 브런치 콘서트 Ⅱ <클래식과 함께 하는 미술관 여행 Ⅱ>,59,1064000,0,59,1064000,6.4,,260604_01,
20260410,어린이 뮤지컬 <100층짜리 집>,1486,56150500,0,1486,56150500,26.7,,260514_01,
20260410,"2026 실내악페스티벌 <실내악, 그 이상의 세계>",470,13254000,0,470,13254000,12.7,,260416_01,
20260410,한국페스티발앙상블 <세상에서 가장 편한 음악>,89,2647000,0,89,2647000,9.6,,260523_01,
20260410,국립심포니오케스트라 <피터와 늑대 & 어미 거위>,156,6584000,0,156,6584000,16.8,,260530_01,
20260410,김영욱×콜레기움 무지쿰 서울 <8 Seasons>,102,1896000,0,102,1896000,11.0,,260507_01,
20260410,2026 브런치 콘서트 Ⅱ <클래식과 함께 하는 미술관 여행 Ⅱ>,138,2580000,0,138,2580000,14.9,,260604_01,
20260411,어린이 뮤지컬 <100층짜리 집>,1658,62258700,0,1658,62258700,29.8,,260514_01,
20260411,"2026 실내악페스티벌 <실내악, 그 이상의 세계>",473,13466000,0,473,13466000,12.8,,260416_01,
20260411,한국페스티발앙상블 <세상에서 가장 편한 음악>,89,2647000,0,89,2647000,9.6,,260523_01,
20260411,국립심포니오케스트라 <피터와 늑대 & 어미 거위>,156,6584000,0,156,6584000,16.8,,260530_01,
20260411,김영욱×콜레기움 무지쿰 서울 <8 Seasons>,108,2040000,0,108,2040000,11.7,,260507_01,
20260411,2026 브런치 콘서트 Ⅱ <클래식과 함께 하는 미술관 여행 Ⅱ>,155,3154000,0,155,3154000,16.7,,260604_01,
20260414,어린이 뮤지컬 <100층짜리 집>,1761,65937200,0,1761,65937200,30.7,,260514_01,
20260414,"2026 실내악페스티벌 <실내악, 그 이상의 세계>",480,13587000,0,480,13587000,13.0,,260416_01,
20260414,한국페스티발앙상블 <세상에서 가장 편한 음악>,94,2766000,0,94,2766000,10.2,,260523_01,
20260414,국립심포니오케스트라 <피터와 늑대 & 어미 거위>,168,7088000,0,168,7088000,18.1,,260530_01,
20260414,김영욱×콜레기움 무지쿰 서울 <8 Seasons>,116,2230500,0,116,2230500,12.5,,260507_01,
20260414,2026 브런치 콘서트 Ⅱ <클래식과 함께 하는 미술관 여행 Ⅱ>,175,3548000,0,175,3548000,18.9,,260604_01,
20260530,국립심포니오케스트라 <피터와 늑대 & 어미 거위>,257,10829000,120,377,10829000,40.7,117,260530_01,
20260530,2026 브런치 콘서트 Ⅱ <클래식과 함께 하는 미술관 여행 Ⅱ>,304,6398000,0,304,6398000,32.8,1,260604_01,
20260530,연극 <노인의 꿈>,871,55966350,0,871,55966350,44.6,5,260613_01,
20260530,2026 헬로!오페라 <세비야의 이발사>,489,13577000,0,489,13577000,26.4,-2,260619_01,
20260602,2026 브런치 콘서트 Ⅱ <클래식과 함께 하는 미술관 여행 Ⅱ>,305,6424000,0,305,6424000,32.9,1,260604_01,
20260602,연극 <노인의 꿈>,893,57463450,0,893,57463450,45.7,22,260613_01,
20260602,2026 헬로!오페라 <세비야의 이발사>,502,13962000,0,502,13962000,27.1,,260619_01,
20260604,2026 브런치 콘서트 Ⅱ <클래식과 함께 하는 미술관 여행 Ⅱ>,307,6494000,0,307,6494000,33.2,2,260604_01,
20260604,연극 <노인의 꿈>,898,57758800,0,898,57758800,46.0,5,260613_01,
20260604,2026 헬로!오페라 <세비야의 이발사>,518,14254000,0,518,14254000,28.0,16,260619_01,
20260605,2026 브런치 콘서트 Ⅱ <클래식과 함께 하는 미술관 여행 Ⅱ>,325,6574000,0,325,6574000,35.1,18,260604_01,
20260605,연극 <노인의 꿈>,919,59090900,0,919,59090900,47.0,21,260613_01,
20260605,2026 헬로!오페라 <세비야의 이발사>,587,16403000,0,587,16403000,31.7,69,260619_01,
20260609,연극 <노인의 꿈>,956,61612650,0,956,61612650,48.9,37,260613_01,
20260609,2026 헬로!오페라 <세비야의 이발사>,604,16880000,0,604,16880000,32.6,17,260619_01,
20260610,연극 <노인의 꿈>,961,61959150,0,961,61959150,49.2,5,260613_01,
20260610,2026 헬로!오페라 <세비야의 이발사>,562,15800000,0,562,15800000,30.3,-42,260619_01,
20260618,2026 헬로!오페라 <세비야의 이발사>,601,16309000,0,601,16309000,32.5,+5,260619_01,
20260617,2026 헬로!오페라 <세비야의 이발사>,596,16144000,0,596,16144000,32.2,+13,260619_01,
20260616,연극 <노인의 꿈>,1000,63844000,0,1000,63844000,51.2,+13,260613_01,
20260616,2026 헬로!오페라 <세비야의 이발사>,583,15862000,0,583,15862000,31.5,+6,260619_01,
20260613,연극 <노인의 꿈>,987,63008000,0,987,63008000,50.5,+6,260613_01,
20260613,2026 헬로!오페라 <세비야의 이발사>,570,15586000,0,570,15586000,30.8,+6,260619_01,
20260612,연극 <노인의 꿈>,981,63135050,0,981,63135050,50.2,+14,260613_01,
20260612,2026 헬로!오페라 <세비야의 이발사>,564,15431000,0,564,15431000,30.5,+2,260619_01,
20260611,연극 <노인의 꿈>,967,62346900,0,967,62346900,49.5,+6,260613_01,
20260611,2026 헬로!오페라 <세비야의 이발사>,562,15421000,0,562,15421000,30.3,0,260619_01,
20260605,2026 브런치 콘서트 Ⅰ <클래식과 함께 하는 미술관 여행 Ⅰ>,325,6574000,0,325,6574000,35.1,+18,260409_01,
20260604,2026 브런치 콘서트 Ⅰ <클래식과 함께 하는 미술관 여행 Ⅰ>,307,6494000,0,307,6494000,33.2,+2,260409_01,
20260602,2026 브런치 콘서트 Ⅰ <클래식과 함께 하는 미술관 여행 Ⅰ>,305,6424000,0,305,6424000,32.9,+1,260409_01,
20260701,2026 브런치 콘서트 Ⅰ <클래식과 함께 하는 미술관 여행 Ⅰ>,41,734000,0,41,734000,4.4,+41,260409_01,
20260702,2026 브런치 콘서트 Ⅰ <클래식과 함께 하는 미술관 여행 Ⅰ>,45,814000,0,45,814000,4.9,+4,260409_01,
20260703,2026 브런치 콘서트 Ⅰ <클래식과 함께 하는 미술관 여행 Ⅰ>,132,2226000,0,132,2226000,14.3,+87,260409_01,
20260704,2026 브런치 콘서트 Ⅰ <클래식과 함께 하는 미술관 여행 Ⅰ>,149,2560000,0,149,2560000,16.1,+17,260409_01,
20260705,2026 브런치 콘서트 Ⅰ <클래식과 함께 하는 미술관 여행 Ⅰ>,154,2684000,0,154,2684000,16.6,+5,260409_01,
20260706,2026 브런치 콘서트 Ⅰ <클래식과 함께 하는 미술관 여행 Ⅰ>,163,2888000,0,163,2888000,17.6,+9,260409_01,
20260707,2026 브런치 콘서트 Ⅰ <클래식과 함께 하는 미술관 여행 Ⅰ>,162,3114000,0,162,3114000,17.5,-1,260409_01,
20260708,2026 브런치 콘서트 Ⅰ <클래식과 함께 하는 미술관 여행 Ⅰ>,191,3266000,0,191,3266000,20.6,+29,260409_01,
20260709,2026 브런치 콘서트 Ⅰ <클래식과 함께 하는 미술관 여행 Ⅰ>,202,3634000,0,202,3634000,21.8,+11,260409_01,
20260701,브런치 콘서트 III <현 위로 흐르는 계절>,41,734000,0,41,734000,,,260903_01,
20260702,브런치 콘서트 III <현 위로 흐르는 계절>,45,814000,0,45,814000,,+4,260903_01,
20260703,브런치 콘서트 III <현 위로 흐르는 계절>,132,2226000,0,132,2226000,,+87,260903_01,
20260704,브런치 콘서트 III <현 위로 흐르는 계절>,149,2560000,0,149,2560000,,+17,260903_01,
20260705,브런치 콘서트 III <현 위로 흐르는 계절>,154,2684000,0,154,2684000,,+5,260903_01,
20260706,브런치 콘서트 III <현 위로 흐르는 계절>,163,2888000,0,163,2888000,,+9,260903_01,
20260707,브런치 콘서트 III <현 위로 흐르는 계절>,162,3114000,0,162,3114000,,-1,260903_01,
20260708,브런치 콘서트 III <현 위로 흐르는 계절>,195,3338000,0,195,3338000,,+33,260903_01,
20260709,브런치 콘서트 III <현 위로 흐르는 계절>,209,3762000,0,209,3762000,,+14,260903_01,
20260710,브런치 콘서트 III <현 위로 흐르는 계절>,210,3782000,0,210,3782000,,+1,260903_01,
20260711,브런치 콘서트 III <현 위로 흐르는 계절>,232,3850000,0,232,3850000,,+22,260903_01,
20260712,브런치 콘서트 III <현 위로 흐르는 계절>,231,3798000,0,231,3798000,,-1,260903_01,
20260713,브런치 콘서트 III <현 위로 흐르는 계절>,233,3830000,0,233,3830000,,+2,260903_01,
20260714,브런치 콘서트 III <현 위로 흐르는 계절>,235,3866000,0,235,3866000,,+2,260903_01,
20260715,브런치 콘서트 III <현 위로 흐르는 계절>,273,3832000,0,273,3832000,,+38,260903_01,
20260716,브런치 콘서트 III <현 위로 흐르는 계절>,273,3832000,0,273,3832000,,0,260903_01,
20260717,브런치 콘서트 III <현 위로 흐르는 계절>,271,3796000,0,271,3796000,,-2,260903_01,
20260718,브런치 콘서트 III <현 위로 흐르는 계절>,271,3796000,0,271,3796000,,0,260903_01,
20260720,브런치 콘서트 III <현 위로 흐르는 계절>,272,3814000,0,272,3814000,,+1,260903_01,
20260721,브런치 콘서트 III <현 위로 흐르는 계절>,274,3850000,0,274,3850000,,+2,260903_01,
20260723,브런치 콘서트 III <현 위로 흐르는 계절>,276,3878000,0,276,3878000,,+2,260903_01,
20260724,브런치 콘서트 III <현 위로 흐르는 계절>,287,4134000,0,287,4134000,,+11,260903_01,
20260726,브런치 콘서트 III <현 위로 흐르는 계절>,285,4098000,0,285,4098000,,-2,260903_01,
20260727,브런치 콘서트 III <현 위로 흐르는 계절>,289,4172000,0,289,4172000,,+4,260903_01,
20260728,브런치 콘서트 III <현 위로 흐르는 계절>,291,4214000,0,291,4214000,,+2,260903_01,
20260729,브런치 콘서트 III <현 위로 흐르는 계절>,293,4252000,0,293,4252000,,+2,260903_01,
20260730,브런치 콘서트 III <현 위로 흐르는 계절>,295,4288000,0,295,4288000,,+2,260903_01,
20260731,브런치 콘서트 III <현 위로 흐르는 계절>,295,4288000,0,295,4288000,,0,260903_01,
20260803,브런치 콘서트 III <현 위로 흐르는 계절>,298,4344000,0,298,4344000,,+3,260903_01,
20260804,브런치 콘서트 III <현 위로 흐르는 계절>,299,4364000,0,299,4364000,,+1,260903_01,
20260805,브런치 콘서트 III <현 위로 흐르는 계절>,298,4344000,0,298,4344000,,-1,260903_01,
20260806,브런치 콘서트 III <현 위로 흐르는 계절>,283,4436000,0,283,4436000,,-15,260903_01,
20260807,브런치 콘서트 III <현 위로 흐르는 계절>,282,4410000,0,282,4410000,,-1,260903_01,
20260808,브런치 콘서트 III <현 위로 흐르는 계절>,285,4466000,0,285,4466000,,+3,260903_01,
20260809,브런치 콘서트 III <현 위로 흐르는 계절>,286,4486000,0,286,4486000,,+1,260903_01,
20260810,브런치 콘서트 III <현 위로 흐르는 계절>,286,4486000,0,286,4486000,,0,260903_01,
20260811,브런치 콘서트 III <현 위로 흐르는 계절>,287,4502000,0,287,4502000,,+1,260903_01,
20260813,브런치 콘서트 III <현 위로 흐르는 계절>,288,4522000,0,288,4522000,,+1,260903_01,
20260814,브런치 콘서트 III <현 위로 흐르는 계절>,338,5362000,0,338,5362000,,+50,260903_01,
20260815,브런치 콘서트 III <현 위로 흐르는 계절>,338,5362000,0,338,5362000,,0,260903_01,
20260817,브런치 콘서트 III <현 위로 흐르는 계절>,339,5380000,0,339,5380000,,+1,260903_01,
20260818,브런치 콘서트 III <현 위로 흐르는 계절>,339,5380000,0,339,5380000,,0,260903_01,
20260819,브런치 콘서트 III <현 위로 흐르는 계절>,341,5418000,0,341,5418000,,+2,260903_01,
20260807,여수세계섬박람회 기념 음악회,606,0,0,606,0,,,260910_01,
20260708,조재혁 피아노 리사이틀,61,2153000,0,61,2153000,,,260912_01,
20260709,조재혁 피아노 리사이틀,72,2540000,0,72,2540000,,+11,260912_01,
20260710,조재혁 피아노 리사이틀,90,3069000,0,90,3069000,,+18,260912_01,
20260711,조재혁 피아노 리사이틀,93,3151000,0,93,3151000,,+3,260912_01,
20260712,조재혁 피아노 리사이틀,92,3106000,0,92,3106000,,-1,260912_01,
20260713,조재혁 피아노 리사이틀,94,3196000,0,94,3196000,,+2,260912_01,
20260714,조재혁 피아노 리사이틀,94,3184000,0,94,3184000,,0,260912_01,
20260715,조재혁 피아노 리사이틀,100,3369000,0,100,3369000,,+6,260912_01,
20260716,조재혁 피아노 리사이틀,100,3354000,0,100,3354000,,0,260912_01,
20260717,조재혁 피아노 리사이틀,97,3254000,0,97,3254000,,-3,260912_01,
20260719,조재혁 피아노 리사이틀,94,3184000,0,94,3184000,,-3,260912_01,
20260720,조재혁 피아노 리사이틀,94,3149000,0,94,3149000,,0,260912_01,
20260723,조재혁 피아노 리사이틀,93,3148000,0,93,3148000,,-1,260912_01,
20260724,조재혁 피아노 리사이틀,92,3094000,0,92,3094000,,-1,260912_01,
20260725,조재혁 피아노 리사이틀,97,3319000,0,97,3319000,,+5,260912_01,
20260726,조재혁 피아노 리사이틀,98,3379000,0,98,3379000,,+1,260912_01,
20260727,조재혁 피아노 리사이틀,96,3289000,0,96,3289000,,-2,260912_01,
20260728,조재혁 피아노 리사이틀,97,3307000,0,97,3307000,,+1,260912_01,
20260729,조재혁 피아노 리사이틀,98,3367000,0,98,3367000,,+1,260912_01,
20260730,조재혁 피아노 리사이틀,98,3367000,0,98,3367000,,0,260912_01,
20260731,조재혁 피아노 리사이틀,100,3407000,0,100,3407000,,+2,260912_01,
20260802,조재혁 피아노 리사이틀,96,3262000,0,96,3262000,,-4,260912_01,
20260803,조재혁 피아노 리사이틀,99,3327000,0,99,3327000,,+3,260912_01,
20260804,조재혁 피아노 리사이틀,100,3357000,0,100,3357000,,+1,260912_01,
20260805,조재혁 피아노 리사이틀,114,3777000,0,114,3777000,,+14,260912_01,
20260806,조재혁 피아노 리사이틀,118,3879000,0,118,3879000,,+4,260912_01,
20260807,조재혁 피아노 리사이틀,116,3789000,0,116,3789000,,-2,260912_01,
20260810,조재혁 피아노 리사이틀,117,3849000,0,117,3849000,,+1,260912_01,
20260811,조재혁 피아노 리사이틀,118,3903000,0,118,3903000,,+1,260912_01,
20260812,조재혁 피아노 리사이틀,117,3843000,0,117,3843000,,-1,260912_01,
20260813,조재혁 피아노 리사이틀,116,3789000,0,116,3789000,,-1,260912_01,
20260814,조재혁 피아노 리사이틀,115,3753000,0,115,3753000,,-1,260912_01,
20260817,조재혁 피아노 리사이틀,115,3753000,0,115,3753000,,0,260912_01,
20260818,조재혁 피아노 리사이틀,117,3876000,0,117,3876000,,+2,260912_01,
20260819,조재혁 피아노 리사이틀,116,3946000,0,116,3946000,,-1,260912_01,
20260820,조재혁 피아노 리사이틀,115,3886000,0,115,3886000,,-1,260912_01,
20260724,뮤지컬 <그날들>,826,121502000,0,826,121502000,,,260918_01,
20260725,뮤지컬 <그날들>,914,134258000,0,914,134258000,,+88,260918_01,
20260726,뮤지컬 <그날들>,839,122982000,0,839,122982000,,-75,260918_01,
20260727,뮤지컬 <그날들>,864,126664000,0,864,126664000,,+25,260918_01,
20260728,뮤지컬 <그날들>,944,138144000,0,944,138144000,,+80,260918_01,
20260729,뮤지컬 <그날들>,972,142150000,0,972,142150000,,+28,260918_01,
20260730,뮤지컬 <그날들>,1012,147788000,0,1012,147788000,,+40,260918_01,
20260731,뮤지컬 <그날들>,1039,151282000,0,1039,151282000,,+27,260918_01,
20260801,뮤지컬 <그날들>,1039,151186000,0,1039,151186000,,0,260918_01,
20260802,뮤지컬 <그날들>,1047,152380000,0,1047,152380000,,+8,260918_01,
20260803,뮤지컬 <그날들>,1054,153481000,0,1054,153481000,,+7,260918_01,
20260804,뮤지컬 <그날들>,1107,161133000,0,1107,161133000,,+53,260918_01,
20260805,뮤지컬 <그날들>,1152,167499000,0,1152,167499000,,+45,260918_01,
20260806,뮤지컬 <그날들>,1277,183740000,0,1277,183740000,,+125,260918_01,
20260807,뮤지컬 <그날들>,1325,190628000,0,1325,190628000,,+48,260918_01,
20260808,뮤지컬 <그날들>,1342,193086000,0,1342,193086000,,+17,260918_01,
20260809,뮤지컬 <그날들>,1387,199582000,0,1387,199582000,,+45,260918_01,
20260810,뮤지컬 <그날들>,1397,200926000,0,1397,200926000,,+10,260918_01,
20260811,뮤지컬 <그날들>,1461,209832000,0,1461,209832000,,+64,260918_01,
20260812,뮤지컬 <그날들>,1509,216882000,0,1509,216882000,,+48,260918_01,
20260813,뮤지컬 <그날들>,1528,219584000,0,1528,219584000,,+19,260918_01,
20260814,뮤지컬 <그날들>,1549,222328000,0,1549,222328000,,+21,260918_01,
20260815,뮤지컬 <그날들>,1580,226890000,0,1580,226890000,,+31,260918_01,
20260816,뮤지컬 <그날들>,1621,233122000,0,1621,233122000,,+41,260918_01,
20260817,뮤지컬 <그날들>,1677,241256000,0,1677,241256000,,+56,260918_01,
20260818,뮤지컬 <그날들>,1695,243856000,0,1695,243856000,,+18,260918_01,
20260819,뮤지컬 <그날들>,1735,249740000,0,1735,249740000,,+40,260918_01,
20260820,뮤지컬 <그날들>,1738,249992000,0,1738,249992000,,+3,260918_01,
20260710,뮤지컬 <달 샤베트>,496,18140100,0,496,18140100,,,261001_01,
20260711,뮤지컬 <달 샤베트>,565,20617740,0,565,20617740,,+69,261001_01,
20260712,뮤지컬 <달 샤베트>,568,20723340,0,568,20723340,,+3,261001_01,
20260713,뮤지컬 <달 샤베트>,602,21922560,0,602,21922560,,+34,261001_01,
20260714,뮤지컬 <달 샤베트>,626,22789800,0,626,22789800,,+24,261001_01,
20260715,뮤지컬 <달 샤베트>,645,23479500,0,645,23479500,,+19,261001_01,
20260716,뮤지컬 <달 샤베트>,650,23671560,0,650,23671560,,+5,261001_01,
20260717,뮤지컬 <달 샤베트>,654,23816760,0,654,23816760,,+4,261001_01,
20260718,뮤지컬 <달 샤베트>,659,24002220,0,659,24002220,,+5,261001_01,
20260719,뮤지컬 <달 샤베트>,672,24474120,0,672,24474120,,+13,261001_01,
20260720,뮤지컬 <달 샤베트>,677,24651660,0,677,24651660,,+5,261001_01,
20260721,뮤지컬 <달 샤베트>,684,24893880,0,684,24893880,,+7,261001_01,
20260722,뮤지컬 <달 샤베트>,864,30853680,0,864,30853680,,+180,261001_01,
20260723,뮤지컬 <달 샤베트>,868,30998880,0,868,30998880,,+4,261001_01,
20260724,뮤지컬 <달 샤베트>,879,31383660,0,879,31383660,,+11,261001_01,
20260725,뮤지컬 <달 샤베트>,889,31744020,0,889,31744020,,+10,261001_01,
20260726,뮤지컬 <달 샤베트>,896,31998120,0,896,31998120,,+7,261001_01,
20260727,뮤지컬 <달 샤베트>,919,32829060,0,919,32829060,,+23,261001_01,
20260728,뮤지컬 <달 샤베트>,945,32937960,0,945,32937960,,+26,261001_01,
20260729,뮤지컬 <달 샤베트>,947,33010560,0,947,33010560,,+2,261001_01,
20260730,뮤지컬 <달 샤베트>,950,33119460,0,950,33119460,,+3,261001_01,
20260731,뮤지컬 <달 샤베트>,950,33119460,0,950,33119460,,0,261001_01,
20260801,뮤지컬 <달 샤베트>,957,33373560,0,957,33373560,,+7,261001_01,
20260802,뮤지컬 <달 샤베트>,955,33300960,0,955,33300960,,-2,261001_01,
20260804,뮤지컬 <달 샤베트>,959,33446160,0,959,33446160,,+4,261001_01,
20260805,뮤지컬 <달 샤베트>,957,33373560,0,957,33373560,,-2,261001_01,
20260806,뮤지컬 <달 샤베트>,957,33373560,0,957,33373560,,0,261001_01,
20260807,뮤지컬 <달 샤베트>,975,34026960,0,975,34026960,,+18,261001_01,
20260808,뮤지컬 <달 샤베트>,973,33954360,0,973,33954360,,-2,261001_01,
20260809,뮤지컬 <달 샤베트>,975,34026960,0,975,34026960,,+2,261001_01,
20260810,뮤지컬 <달 샤베트>,974,33990660,0,974,33990660,,-1,261001_01,
20260811,뮤지컬 <달 샤베트>,987,34449360,0,987,34449360,,+13,261001_01,
20260812,뮤지컬 <달 샤베트>,996,34776060,0,996,34776060,,+9,261001_01,
20260813,뮤지컬 <달 샤베트>,1006,35145660,0,1006,35145660,,+10,261001_01,
20260814,뮤지컬 <달 샤베트>,1014,35436060,0,1014,35436060,,+8,261001_01,
20260816,뮤지컬 <달 샤베트>,1021,35686860,0,1021,35686860,,+7,261001_01,
20260817,뮤지컬 <달 샤베트>,1028,35940960,0,1028,35940960,,+7,261001_01,
20260818,뮤지컬 <달 샤베트>,1038,36303960,0,1038,36303960,,+10,261001_01,
20260819,뮤지컬 <달 샤베트>,1010,36122460,0,1010,36122460,,-28,261001_01,
20260814,뮤지컬 <이상한 나라의 춘자씨>,289,6264000,0,289,6264000,,,261009_01,
20260815,뮤지컬 <이상한 나라의 춘자씨>,329,7188000,0,329,7188000,,+40,261009_01,
20260816,뮤지컬 <이상한 나라의 춘자씨>,324,7060500,0,324,7060500,,-5,261009_01,
20260817,뮤지컬 <이상한 나라의 춘자씨>,338,7345500,0,338,7345500,,+14,261009_01,
20260818,뮤지컬 <이상한 나라의 춘자씨>,339,7350000,0,339,7350000,,+1,261009_01,
20260819,뮤지컬 <이상한 나라의 춘자씨>,345,7492500,0,345,7492500,,+6,261009_01,
20260820,뮤지컬 <이상한 나라의 춘자씨>,341,7411500,0,341,7411500,,-4,261009_01,
20260730,국립현대무용단 <트리플 빌>,64,2586000,0,64,2586000,,,261014_01,
20260731,국립현대무용단 <트리플 빌>,68,2712000,0,68,2712000,,+4,261014_01,
20260801,국립현대무용단 <트리플 빌>,59,2358000,0,59,2358000,,-9,261014_01,
20260803,국립현대무용단 <트리플 빌>,61,2442000,0,61,2442000,,+2,261014_01,
20260805,국립현대무용단 <트리플 빌>,59,2358000,0,59,2358000,,-2,261014_01,
20260806,국립현대무용단 <트리플 빌>,61,2428000,0,61,2428000,,+2,261014_01,
20260807,국립현대무용단 <트리플 빌>,63,2536000,0,63,2536000,,+2,261014_01,
20260809,국립현대무용단 <트리플 빌>,63,2536000,0,63,2536000,,0,261014_01,
20260810,국립현대무용단 <트리플 빌>,63,2536000,0,63,2536000,,0,261014_01,
20260811,국립현대무용단 <트리플 빌>,63,2512000,0,63,2512000,,0,261014_01,
20260812,국립현대무용단 <트리플 빌>,69,2776000,0,69,2776000,,+6,261014_01,
20260813,국립현대무용단 <트리플 빌>,71,2848000,0,71,2848000,,+2,261014_01,
20260814,국립현대무용단 <트리플 빌>,74,2972000,0,74,2972000,,+3,261014_01,
20260815,국립현대무용단 <트리플 빌>,80,3196000,0,80,3196000,,+6,261014_01,
20260816,국립현대무용단 <트리플 빌>,80,3198000,0,80,3198000,,0,261014_01,
20260817,국립현대무용단 <트리플 빌>,78,3116000,0,78,3116000,,-2,261014_01,
20260818,국립현대무용단 <트리플 빌>,77,3070000,0,77,3070000,,-1,261014_01,
20260819,국립현대무용단 <트리플 빌>,82,3292000,0,82,3292000,,+5,261014_01,
20260820,국립현대무용단 <트리플 빌>,80,3212000,0,80,3212000,,-2,261014_01,
20260819,"18세기, 시대악기로 만나는 바로크의 정격연주",49,1354000,0,49,1354000,,,261022_01,
20260820,"18세기, 시대악기로 만나는 바로크의 정격연주",52,1438000,0,52,1438000,,+3,261022_01,
20260722,다비드 바뱅 & 아드리앙 몽도 <피아노 피아노>,9,0,0,9,0,,,261027_01,
20260723,다비드 바뱅 & 아드리앙 몽도 <피아노 피아노>,13,0,0,13,0,,+4,261027_01,
20260724,다비드 바뱅 & 아드리앙 몽도 <피아노 피아노>,14,0,0,14,0,,+1,261027_01,
20260725,다비드 바뱅 & 아드리앙 몽도 <피아노 피아노>,16,0,0,16,0,,+2,261027_01,
20260730,다비드 바뱅 & 아드리앙 몽도 <피아노 피아노>,18,0,0,18,0,,+2,261027_01,
20260801,다비드 바뱅 & 아드리앙 몽도 <피아노 피아노>,19,0,0,19,0,,+1,261027_01,
20260804,다비드 바뱅 & 아드리앙 몽도 <피아노 피아노>,21,0,0,21,0,,+2,261027_01,
20260806,다비드 바뱅 & 아드리앙 몽도 <피아노 피아노>,28,0,0,28,0,,+7,261027_01,
20260807,다비드 바뱅 & 아드리앙 몽도 <피아노 피아노>,32,0,0,32,0,,+4,261027_01,
20260808,다비드 바뱅 & 아드리앙 몽도 <피아노 피아노>,34,0,0,34,0,,+2,261027_01,
20260812,다비드 바뱅 & 아드리앙 몽도 <피아노 피아노>,39,0,0,39,0,,+5,261027_01,
20260814,다비드 바뱅 & 아드리앙 몽도 <피아노 피아노>,42,0,0,42,0,,+3,261027_01,
20260815,다비드 바뱅 & 아드리앙 몽도 <피아노 피아노>,43,0,0,43,0,,+1,261027_01,
20260819,다비드 바뱅 & 아드리앙 몽도 <피아노 피아노>,44,0,0,44,0,,+1,261027_01,
20260715,뮤지컬 <러커스 더 스쿨>,112,3930000,0,112,3930000,,,261126_01,
20260716,뮤지컬 <러커스 더 스쿨>,118,4150000,0,118,4150000,,+6,261126_01,
20260717,뮤지컬 <러커스 더 스쿨>,108,3790000,0,108,3790000,,-10,261126_01,
20260720,뮤지컬 <러커스 더 스쿨>,110,3880000,0,110,3880000,,+2,261126_01,
20260721,뮤지컬 <러커스 더 스쿨>,111,3920000,0,111,3920000,,+1,261126_01,
20260722,뮤지컬 <러커스 더 스쿨>,115,4060000,0,115,4060000,,+4,261126_01,
20260723,뮤지컬 <러커스 더 스쿨>,123,4330000,0,123,4330000,,+8,261126_01,
20260724,뮤지컬 <러커스 더 스쿨>,128,4510000,0,128,4510000,,+5,261126_01,
20260725,뮤지컬 <러커스 더 스쿨>,134,4720000,0,134,4720000,,+6,261126_01,
20260726,뮤지컬 <러커스 더 스쿨>,133,4690000,0,133,4690000,,-1,261126_01,
20260727,뮤지컬 <러커스 더 스쿨>,131,4600000,0,131,4600000,,-2,261126_01,
20260728,뮤지컬 <러커스 더 스쿨>,140,4920000,0,140,4920000,,+9,261126_01,
20260729,뮤지컬 <러커스 더 스쿨>,141,4970000,0,141,4970000,,+1,261126_01,
20260730,뮤지컬 <러커스 더 스쿨>,143,5070000,0,143,5070000,,+2,261126_01,
20260731,뮤지컬 <러커스 더 스쿨>,143,5060000,0,143,5060000,,0,261126_01,
20260801,뮤지컬 <러커스 더 스쿨>,141,4960000,0,141,4960000,,-2,261126_01,
20260806,뮤지컬 <러커스 더 스쿨>,145,5100000,0,145,5100000,,+4,261126_01,
20260807,뮤지컬 <러커스 더 스쿨>,147,5180000,0,147,5180000,,+2,261126_01,
20260808,뮤지컬 <러커스 더 스쿨>,149,5260000,0,149,5260000,,+2,261126_01,
20260811,뮤지컬 <러커스 더 스쿨>,164,5710000,0,164,5710000,,+15,261126_01,
20260813,뮤지컬 <러커스 더 스쿨>,161,5620000,0,161,5620000,,-3,261126_01,
20260814,뮤지컬 <러커스 더 스쿨>,163,5680000,0,163,5680000,,+2,261126_01,
20260815,뮤지컬 <러커스 더 스쿨>,163,5680000,0,163,5680000,,0,261126_01,
20260818,뮤지컬 <러커스 더 스쿨>,160,5560000,0,160,5560000,,-3,261126_01,
20260822,브런치 콘서트 III <현 위로 흐르는 계절>,413,6248000,0,413,6248000,44.6,+72,260903_01,
20260822,조재혁 피아노 리사이틀,115,3904000,0,115,3904000,17.4,0,260912_01,
20260822,뮤지컬 <달 샤베트>,1022,36564660,0,1022,36564660,18.4,+12,261001_01,
20260822,뮤지컬 <이상한 나라의 춘자씨>,343,7416000,0,343,7416000,24.3,+2,261009_01,
20260822,뮤지컬 <러커스 더 스쿨>,164,5705000,0,164,5705000,2.9,+1,261126_01,
