회원키,총구매,총매수,총금액,첫구매일,최근구매일,분포
00000004442,2,6,175000,20210114: ,20241012: ,2021|클래식:1;2024|클래식:1
00000016708,3,3,126000,20210114: ,20210319: ,2021|클래식:3
00000016515,33,57,1679000,20200619: ,20251204: ,2021|클래식:9;2022|클래식:6;2023|클래식:10;2025|발레/연극:1;2025|클래식:4;2020|클래식:3
00000018722,12,23,1334000,20201205: ,20240824: ,2021|클래식:5;2021|뮤지컬:1;2021|발레/연극:1;2022|클래식:1;2024|클래식:1;2020|클래식:3
00000002026,10,44,1182000,20201126: ,20250517: ,2021|클래식:1;2021|어린이·가족:1;2022|미상:1;2024|어린이·가족:1;2024|클래식:4;2025|어린이·가족:1;2020|클래식:1
00000001745,35,49,2063000,20200605: ,20251204: ,2021|클래식:5;2022|클래식:7;2022|미상:1;2022|발레/연극:1;2023|클래식:1;2023|발레/연극:1;2024|클래식:4;2024|뮤지컬:1;2025|클래식:12;2025|발레/연극:1;2020|클래식:1
00000007507,1,4,150000,20210114: ,20210114: ,2021|클래식:1
00000018523,2,2,78500,20210114: ,20210529: ,2021|클래식:1;2021|발레/연극:1
00000011930,29,32,1075000,20200619: ,20251026: ,2021|클래식:8;2021|발레/연극:1;2022|클래식:2;2022|발레/연극:2;2023|클래식:3;2024|클래식:4;2025|발레/연극:1;2025|클래식:6;2020|클래식:2
00000004347,5,8,543000,20210114: ,20250308: ,2021|클래식:1;2022|뮤지컬:1;2023|클래식:1;2025|클래식:2
00000010824,16,20,937500,20201018: ,20251026: ,2021|클래식:4;2021|발레/연극:1;2022|클래식:3;2022|발레/연극:1;2023|클래식:2;2023|발레/연극:1;2025|클래식:3;2020|클래식:1
00000012729,4,4,318500,20201126: ,20210917: ,2021|클래식:3;2020|클래식:1
00000007155,4,4,191000,20210114: ,20220901: ,2021|클래식:1;2022|클래식:3
00000001275,4,10,538000,20201126: ,20230119: ,2021|클래식:1;2022|클래식:1;2023|클래식:1;2020|클래식:1
00000009667,13,44,1770000,20201024: ,20230119: ,2021|클래식:7;2021|발레/연극:1;2022|뮤지컬:1;2022|클래식:1;2023|클래식:1;2020|뮤지컬:1;2020|클래식:1
00000007004,4,12,675000,20210114: ,20220901: ,2021|클래식:1;2021|뮤지컬:1;2022|클래식:2
00000001833,21,50,3820500,20201126: ,20251122: ,2021|클래식:3;2021|뮤지컬:3;2022|클래식:3;2022|뮤지컬:4;2022|미상:1;2023|발레/연극:1;2023|클래식:1;2024|뮤지컬:1;2024|클래식:1;2025|뮤지컬:2;2020|클래식:1
00000020538,32,45,1578000,20200619: ,20251204: ,2021|클래식:3;2021|뮤지컬:1;2022|클래식:6;2023|클래식:4;2023|발레/연극:1;2024|클래식:4;2025|클래식:7;2025|뮤지컬:1;2020|클래식:5
00000010569,10,20,1319500,20210114: ,20231020: ,2021|클래식:2;2022|클래식:1;2022|발레/연극:1;2023|클래식:4;2023|뮤지컬:1;2023|발레/연극:1
00000022240,46,80,3844200,20201016: ,20250116: ,2021|클래식:6;2021|발레/연극:1;2022|클래식:8;2022|발레/연극:2;2023|클래식:11;2023|발레/연극:1;2024|클래식:11;2024|발레/연극:3;2025|클래식:1;2020|클래식:2
00000012937,2,3,240500,20210114: ,20251123: ,2021|클래식:1;2025|뮤지컬:1
00000004766,23,28,1271700,20201016: ,20250720: ,2021|클래식:1;2021|발레/연극:1;2022|발레/연극:2;2022|뮤지컬:1;2023|클래식:3;2023|뮤지컬:1;2023|발레/연극:1;2024|클래식:6;2024|뮤지컬:1;2024|발레/연극:1;2025|발레/연극:3;2020|클래식:2
00000018730,7,13,876000,20201202: ,20230610: ,2021|클래식:2;2021|뮤지컬:1;2023|발레/연극:1;2020|클래식:3
00000011395,15,38,2086400,20201024: ,20250216: ,2021|클래식:1;2021|발레/연극:1;2022|어린이·가족:1;2023|클래식:4;2023|뮤지컬:2;2024|클래식:1;2024|발레/연극:1;2025|클래식:1;2025|뮤지컬:1;2020|뮤지컬:1;2020|클래식:1
00000002032,12,21,798000,20201018: ,20251115: ,2021|클래식:7;2023|발레/연극:1;2023|클래식:1;2025|클래식:1;2020|클래식:2
00000002796,30,44,2308500,20201016: ,20250904: ,2021|클래식:3;2021|뮤지컬:1;2022|클래식:6;2022|발레/연극:2;2023|클래식:6;2023|발레/연극:1;2024|클래식:6;2024|뮤지컬:1;2025|클래식:1;2020|클래식:3
00000008458,4,12,791000,20210114: ,20230408: ,2021|클래식:2;2022|발레/연극:1;2023|뮤지컬:1
00000020844,12,24,1864000,20210114: ,20250705: ,2021|클래식:2;2021|뮤지컬:1;2021|발레/연극:1;2022|클래식:1;2022|발레/연극:1;2023|클래식:1;2023|뮤지컬:1;2024|클래식:1;2025|클래식:1;2025|발레/연극:1;2025|뮤지컬:1
00000022566,4,9,779000,20210114: ,20250308: ,2021|클래식:1;2024|클래식:1;2024|뮤지컬:1;2025|클래식:1
00000020354,3,5,168500,20210114: ,20231110: ,2021|클래식:1;2023|클래식:2
00000009735,11,22,951000,20201016: ,20250904: ,2021|클래식:3;2022|클래식:1;2023|클래식:3;2025|클래식:3;2020|클래식:1
00000010067,5,7,262000,20210114: ,20251204: ,2021|클래식:1;2022|클래식:1;2025|클래식:3
00000017019,4,6,126000,20210114: ,20230519: ,2021|클래식:2;2022|클래식:1;2023|클래식:1
00000022172,12,18,1072000,20200619: ,20251122: ,2021|클래식:3;2022|클래식:2;2023|클래식:2;2023|어린이·가족:1;2024|클래식:1;2025|뮤지컬:1;2020|클래식:2
00000019288,52,82,3737400,20200619: ,20251128: ,2021|클래식:10;2021|뮤지컬:2;2021|발레/연극:1;2021|어린이·가족:1;2021|기타:2;2022|클래식:4;2022|발레/연극:1;2022|미상:1;2023|클래식:6;2023|뮤지컬:2;2024|클래식:2;2025|클래식:3;2025|발레/연극:4;2025|뮤지컬:2;2025|어린이·가족:2;2020|클래식:8;2020|뮤지컬:1
00000004869,6,12,688000,20210114: ,20241126: ,2021|클래식:1;2022|클래식:1;2022|뮤지컬:1;2023|발레/연극:1;2023|클래식:1;2024|클래식:1
00000019199,3,5,187000,20210114: ,20250720: ,2021|클래식:1;2024|발레/연극:1;2025|발레/연극:1
00000019619,28,69,1786000,20200619: ,20250116: ,2021|클래식:6;2022|클래식:6;2023|클래식:9;2023|발레/연극:1;2024|클래식:2;2025|클래식:1;2020|클래식:3
00000008521,1,4,120000,20210114: ,20210114: ,2021|클래식:1
00000000358,21,43,873000,20200619: ,20240904: ,2021|클래식:7;2022|클래식:4;2023|클래식:4;2024|클래식:4;2020|클래식:2
00000003096,43,80,3366000,20200619: ,20250327: ,2021|클래식:9;2021|뮤지컬:2;2021|발레/연극:1;2022|클래식:5;2022|뮤지컬:1;2022|발레/연극:1;2023|클래식:8;2023|발레/연극:1;2024|클래식:6;2025|클래식:4;2020|클래식:5
00000000307,12,13,1016500,20201018: ,20240712: ,2021|클래식:1;2021|뮤지컬:1;2022|클래식:2;2022|뮤지컬:2;2022|미상:1;2023|클래식:2;2024|클래식:1;2024|뮤지컬:1;2020|클래식:1
00000002296,6,7,402000,20201126: ,20250308: ,2021|클래식:2;2022|클래식:2;2025|클래식:1;2020|클래식:1
00000001172,13,20,614500,20200619: ,20250904: ,2021|클래식:2;2021|어린이·가족:1;2022|클래식:5;2022|뮤지컬:1;2023|클래식:1;2025|클래식:2;2020|클래식:1
00000016021,4,7,395000,20201205: ,20210114: ,2021|클래식:1;2020|클래식:3
00000018802,19,38,1837000,20200619: ,20250904: ,2021|클래식:3;2021|뮤지컬:1;2021|발레/연극:1;2022|클래식:3;2023|클래식:1;2023|뮤지컬:1;2025|클래식:1;2020|클래식:8
00000016940,7,7,300500,20210114: ,20250904: ,2021|클래식:3;2022|클래식:2;2024|클래식:1;2025|클래식:1
00000013724,1,3,74000,20210114: ,20210114: ,2021|클래식:1
00000009733,5,5,252500,20210114: ,20231020: ,2021|클래식:2;2023|클래식:3
00000014215,40,110,5378100,20200605: ,20251115: ,2021|클래식:5;2021|발레/연극:1;2022|클래식:3;2022|발레/연극:1;2023|클래식:7;2023|발레/연극:1;2024|클래식:8;2024|뮤지컬:1;2024|기타:1;2024|발레/연극:2;2025|클래식:4;2025|발레/연극:1;2025|뮤지컬:1;2020|클래식:4
00000008799,3,6,235500,20210114: ,20250308: ,2021|클래식:2;2025|클래식:1
00000013641,22,22,1595500,20201205: ,20251122: ,2021|클래식:2;2021|발레/연극:1;2021|뮤지컬:1;2022|뮤지컬:2;2023|뮤지컬:2;2023|발레/연극:2;2024|발레/연극:2;2024|뮤지컬:3;2025|뮤지컬:3;2025|발레/연극:2;2025|클래식:1;2020|클래식:1
00000017967,22,39,1737500,20201205: ,20251204: ,2021|클래식:4;2022|클래식:5;2022|뮤지컬:1;2023|클래식:2;2024|클래식:2;2025|클래식:5;2025|발레/연극:2;2020|클래식:1
00000003987,19,59,4594000,20201018: ,20250116: ,2021|클래식:4;2021|뮤지컬:3;2022|클래식:1;2022|뮤지컬:2;2023|클래식:1;2025|클래식:1;2020|클래식:7
00000011267,1,1,45000,20210114: ,20210114: ,2021|클래식:1
00000013135,5,10,402000,20210319: ,20251204: ,2021|클래식:1;2025|뮤지컬:1;2025|클래식:3
00000006684,5,5,220000,20201016: ,20221208: ,2021|클래식:1;2022|클래식:1;2020|클래식:3
00000004216,1,2,90000,20210319: ,20210319: ,2021|클래식:1
00000016555,3,5,165000,20201126: ,20230119: ,2021|클래식:1;2023|클래식:1;2020|클래식:1
00000005644,7,9,305000,20210319: ,20250424: ,2021|클래식:4;2022|클래식:1;2025|클래식:1;2025|발레/연극:1
00000009933,2,5,404000,20210319: ,20211210: ,2021|클래식:1;2021|뮤지컬:1
00000010284,1,2,85000,20210319: ,20210319: ,2021|클래식:1
00000006688,33,50,1609000,20200619: ,20251017: ,2021|클래식:7;2022|클래식:5;2023|클래식:8;2024|클래식:6;2025|클래식:3;2020|클래식:4
00000017031,10,23,1069500,20210319: ,20250308: ,2021|클래식:1;2022|클래식:2;2023|클래식:3;2024|클래식:2;2025|클래식:2
00000012571,9,12,616000,20201225: ,20241206: ,2021|클래식:3;2021|발레/연극:1;2023|클래식:1;2024|클래식:2;2020|클래식:2
00000014462,1,2,90000,20210319: ,20210319: ,2021|클래식:1
00000020493,11,21,852000,20200605: ,20231013: ,2021|클래식:5;2022|발레/연극:1;2023|클래식:2;2020|클래식:3
00000004935,2,4,72000,20210319: ,20210325: ,2021|클래식:2
00000008647,4,10,382700,20210319: ,20250920: ,2021|클래식:1;2021|어린이·가족:1;2022|클래식:1;2025|어린이·가족:1
00000013470,19,33,1277500,20200619: ,20220929: ,2021|클래식:6;2021|발레/연극:1;2021|어린이·가족:1;2022|뮤지컬:1;2022|어린이·가족:1;2022|클래식:1;2022|미상:2;2022|발레/연극:2;2020|클래식:4
00000001873,3,6,316000,20210319: ,20231020: ,2021|클래식:2;2023|클래식:1
00000011543,31,58,2474500,20200605: ,20251025: ,2021|클래식:5;2021|뮤지컬:1;2022|클래식:2;2023|뮤지컬:1;2023|클래식:4;2024|클래식:7;2024|기타:1;2025|클래식:5;2025|발레/연극:1;2025|뮤지컬:1;2020|클래식:3
00000017875,7,9,560000,20201225: ,20230323: ,2021|클래식:1;2021|발레/연극:1;2022|클래식:2;2023|클래식:1;2020|클래식:2
00000022503,23,23,1241500,20210319: ,20251026: ,2021|클래식:2;2022|클래식:2;2023|클래식:4;2023|뮤지컬:1;2024|클래식:4;2024|뮤지컬:1;2025|클래식:7;2025|발레/연극:1;2025|뮤지컬:1
00000013147,4,12,359000,20210319: ,20240119: ,2021|클래식:1;2023|클래식:2;2024|클래식:1
00000004301,2,4,126000,20210319: ,20250710: ,2021|클래식:1;2025|클래식:1
00000000077,1,2,90000,20210319: ,20210319: ,2021|클래식:1
00000011559,1,1,50000,20210319: ,20210319: ,2021|클래식:1
00000003546,13,15,797500,20201017: ,20251025: ,2021|클래식:6;2023|발레/연극:1;2025|클래식:3;2020|클래식:2;2022|클래식:1
00000005210,10,17,695000,20210319: ,20241221: ,2021|클래식:4;2021|뮤지컬:1;2022|뮤지컬:1;2022|클래식:2;2023|클래식:1;2024|클래식:1
00000019453,1,2,90000,20210319: ,20210319: ,2021|클래식:1
00000018966,7,13,256000,20201017: ,20240605: ,2021|클래식:1;2022|클래식:2;2023|클래식:1;2024|발레/연극:1;2024|클래식:1;2020|클래식:1
00000021440,1,2,20000,20210325: ,20210325: ,2021|클래식:1
00000008524,10,17,1014000,20210325: ,20250706: ,2021|클래식:2;2022|뮤지컬:1;2022|클래식:2;2023|클래식:2;2024|클래식:1;2025|클래식:1;2025|뮤지컬:1
00000014775,3,6,120000,20210325: ,20210821: ,2021|클래식:3
00000021839,13,18,772500,20210325: ,20251129: ,2021|클래식:2;2021|뮤지컬:1;2021|발레/연극:1;2022|뮤지컬:1;2022|클래식:1;2023|클래식:2;2023|발레/연극:1;2025|뮤지컬:1;2025|클래식:1;2025|발레/연극:2
00000019041,12,23,433800,20210325: ,20250803: ,2021|클래식:4;2021|어린이·가족:1;2022|클래식:3;2022|미상:1;2024|클래식:1;2025|어린이·가족:2
00000016581,6,9,262800,20200619: ,20241224: ,2021|클래식:2;2022|클래식:1;2023|뮤지컬:1;2024|발레/연극:1;2020|클래식:1
00000018481,10,14,755000,20201017: ,20250911: ,2021|클래식:2;2021|뮤지컬:1;2021|발레/연극:1;2022|뮤지컬:1;2022|발레/연극:1;2025|클래식:2;2020|클래식:2
00000010830,1,2,18000,20210325: ,20210325: ,2021|클래식:1
00000014331,17,27,1391500,20200619: ,20240519: ,2021|클래식:2;2021|뮤지컬:1;2022|클래식:3;2022|뮤지컬:2;2023|발레/연극:2;2023|클래식:1;2024|발레/연극:1;2020|클래식:5
00000019077,1,1,10000,20210325: ,20210325: ,2021|클래식:1
00000011941,41,99,3081000,20200619: ,20251115: ,2021|클래식:8;2021|발레/연극:1;2022|클래식:6;2023|클래식:11;2025|발레/연극:1;2025|뮤지컬:2;2025|클래식:9;2020|클래식:3
00000010802,1,1,9000,20210325: ,20210325: ,2021|클래식:1
00000005987,25,46,1402000,20200619: ,20251204: ,2021|클래식:4;2022|클래식:5;2023|클래식:4;2024|클래식:5;2024|뮤지컬:1;2025|클래식:3;2025|뮤지컬:2;2020|클래식:1
00000008631,3,10,617000,20210325: ,20240119: ,2021|클래식:1;2021|뮤지컬:1;2024|클래식:1
00000003921,3,9,387500,20210325: ,20250116: ,2021|클래식:1;2023|클래식:1;2025|클래식:1
00000018673,15,27,843500,20200619: ,20231223: ,2021|클래식:3;2021|어린이·가족:1;2022|어린이·가족:1;2023|뮤지컬:1;2023|발레/연극:1;2023|클래식:5;2023|어린이·가족:1;2020|클래식:2
00000003370,9,62,771500,20210325: ,20220901: ,2021|클래식:5;2022|클래식:4
00000013293,4,9,274500,20210325: ,20230519: ,2021|클래식:2;2021|어린이·가족:1;2023|클래식:1
00000010946,2,4,306000,20210325: ,20210425: ,2021|클래식:1;2021|뮤지컬:1
00000006353,5,7,268200,20210325: ,20251129: ,2021|클래식:1;2022|어린이·가족:1;2023|뮤지컬:1;2024|발레/연극:1;2025|발레/연극:1
00000001234,6,16,733000,20210325: ,20250215: ,2021|클래식:2;2024|클래식:3;2025|뮤지컬:1
00000014267,1,1,9000,20210325: ,20210325: ,2021|클래식:1
00000015241,8,9,320000,20200619: ,20250904: ,2021|클래식:2;2022|클래식:2;2023|클래식:2;2025|클래식:1;2020|클래식:1
00000012324,7,13,813500,20210325: ,20250705: ,2021|클래식:2;2022|클래식:1;2025|클래식:3;2025|뮤지컬:1
00000016436,1,1,9000,20210325: ,20210325: ,2021|클래식:1
00000012308,6,6,599500,20210325: ,20251123: ,2021|클래식:1;2022|클래식:1;2022|뮤지컬:1;2024|뮤지컬:1;2025|뮤지컬:2
00000004007,2,2,18000,20201202: ,20210325: ,2021|클래식:1;2020|클래식:1
00000010118,15,30,993500,20210325: ,20251024: ,2021|클래식:4;2021|어린이·가족:1;2023|뮤지컬:1;2023|어린이·가족:1;2024|클래식:2;2024|발레/연극:1;2025|클래식:4;2025|뮤지컬:1
00000002713,5,11,484500,20201024: ,20231223: ,2021|클래식:1;2021|어린이·가족:1;2023|클래식:2;2020|뮤지컬:1
00000013028,2,3,153000,20210325: ,20220415: ,2021|클래식:1;2022|뮤지컬:1
00000001271,3,6,63000,20210325: ,20220324: ,2021|클래식:2;2022|클래식:1
00000020632,4,9,211900,20210325: ,20250802: ,2021|클래식:2;2022|클래식:1;2025|어린이·가족:1
00000003674,5,15,517000,20210325: ,20240515: ,2021|클래식:2;2021|발레/연극:2;2024|발레/연극:1
00000018417,30,86,1617000,20201017: ,20250911: ,2021|클래식:4;2022|클래식:8;2023|클래식:4;2024|클래식:6;2025|클래식:6;2020|클래식:2
00000014144,1,4,38000,20210325: ,20210325: ,2021|클래식:1
00000018600,3,5,199000,20210325: ,20250529: ,2021|클래식:1;2025|뮤지컬:1;2025|발레/연극:1
00000007850,2,3,27000,20210325: ,20210617: ,2021|클래식:2
00000013831,2,3,180000,20210325: ,20240712: ,2021|클래식:1;2024|뮤지컬:1
00000003610,12,38,1433000,20210325: ,20250517: ,2021|클래식:3;2021|어린이·가족:1;2022|클래식:3;2022|어린이·가족:1;2023|뮤지컬:2;2023|어린이·가족:1;2025|어린이·가족:1
00000018514,6,11,109000,20210325: ,20221208: ,2021|클래식:5;2022|클래식:1
00000016761,4,24,234000,20210325: ,20210909: ,2021|클래식:4
00000012457,2,3,23000,20210325: ,20210325: ,2021|클래식:2
00000001710,4,8,914000,20210325: ,20251122: ,2021|클래식:1;2021|뮤지컬:1;2024|뮤지컬:1;2025|뮤지컬:1
00000004877,35,40,1319000,20200619: ,20251204: ,2021|클래식:4;2021|뮤지컬:2;2021|발레/연극:2;2022|클래식:5;2022|뮤지컬:1;2022|발레/연극:1;2023|클래식:6;2023|뮤지컬:1;2024|클래식:4;2024|뮤지컬:1;2025|클래식:6;2020|클래식:2
00000022004,13,30,816300,20200619: ,20251128: ,2021|클래식:2;2021|어린이·가족:1;2023|클래식:1;2024|클래식:2;2024|발레/연극:2;2024|뮤지컬:1;2025|발레/연극:2;2025|어린이·가족:1;2020|클래식:1
00000010155,1,2,18000,20210325: ,20210325: ,2021|클래식:1
00000022053,1,2,18000,20210325: ,20210325: ,2021|클래식:1
00000007489,3,6,288000,20210325: ,20230409: ,2021|클래식:2;2023|뮤지컬:1
00000018404,5,9,99000,20210325: ,20231214: ,2021|클래식:3;2022|클래식:1;2023|클래식:1
00000013436,2,2,99000,20210325: ,20220417: ,2021|클래식:1;2022|뮤지컬:1
00000018090,7,8,450000,20210325: ,20231020: ,2021|클래식:1;2022|클래식:1;2023|클래식:2;2023|뮤지컬:1;2023|발레/연극:2
00000021298,1,2,18000,20210325: ,20210325: ,2021|클래식:1
00000002774,15,31,924500,20200619: ,20250720: ,2021|클래식:2;2021|발레/연극:1;2022|클래식:2;2023|클래식:3;2023|발레/연극:2;2024|클래식:2;2025|발레/연극:1;2020|클래식:2
00000008236,4,8,409000,20210325: ,20210617: ,2021|클래식:2;2021|뮤지컬:1;2021|발레/연극:1
00000007515,6,11,639000,20200619: ,20250705: ,2021|클래식:3;2021|뮤지컬:1;2025|뮤지컬:1;2020|클래식:1
00000022159,27,52,2069200,20200619: ,20251115: ,2021|클래식:6;2021|발레/연극:1;2022|클래식:3;2022|뮤지컬:2;2022|어린이·가족:1;2022|미상:2;2023|발레/연극:2;2023|클래식:1;2024|뮤지컬:2;2024|발레/연극:1;2025|발레/연극:1;2025|뮤지컬:1;2025|클래식:1;2020|클래식:3
00000003086,2,4,306000,20210325: ,20210425: ,2021|클래식:1;2021|뮤지컬:1
00000001347,2,3,297000,20210325: ,20210425: ,2021|클래식:1;2021|뮤지컬:1
00000008999,8,12,189000,20210325: ,20241204: ,2021|클래식:4;2021|어린이·가족:1;2022|클래식:1;2023|클래식:1;2024|클래식:1
00000018216,9,15,555000,20210325: ,20250911: ,2021|클래식:2;2021|뮤지컬:1;2022|클래식:1;2023|클래식:1;2025|클래식:4
00000020711,11,21,1607500,20210325: ,20250719: ,2021|클래식:1;2021|뮤지컬:1;2021|발레/연극:1;2022|뮤지컬:1;2023|발레/연극:3;2024|발레/연극:1;2024|뮤지컬:2;2025|발레/연극:1
00000009887,10,21,910200,20210325: ,20251129: ,2021|클래식:1;2021|뮤지컬:1;2021|발레/연극:1;2022|어린이·가족:2;2023|뮤지컬:1;2024|어린이·가족:1;2024|발레/연극:1;2025|발레/연극:2
00000017244,6,8,201000,20201205: ,20210909: ,2021|클래식:4;2021|발레/연극:1;2020|클래식:1
00000002510,8,16,189000,20210325: ,20240904: ,2021|클래식:3;2022|클래식:1;2023|클래식:2;2024|클래식:2
00000021106,3,4,109000,20210325: ,20220120: ,2021|클래식:2;2022|클래식:1
00000011588,3,6,279000,20210325: ,20231214: ,2021|클래식:1;2021|뮤지컬:1;2023|클래식:1
00000013960,15,34,874400,20210325: ,20250911: ,2021|클래식:4;2022|클래식:4;2022|뮤지컬:1;2023|클래식:4;2024|발레/연극:1;2025|클래식:1
00000016460,10,13,213500,20200619: ,20250529: ,2021|클래식:4;2021|발레/연극:1;2022|클래식:1;2023|클래식:1;2025|발레/연극:1;2020|클래식:2
00000009279,10,18,1205700,20201202: ,20250920: ,2021|클래식:1;2021|뮤지컬:1;2021|어린이·가족:1;2022|뮤지컬:1;2023|클래식:1;2023|발레/연극:1;2023|어린이·가족:1;2024|뮤지컬:1;2025|어린이·가족:1;2020|클래식:1
00000006903,4,6,172500,20210325: ,20220616: ,2021|클래식:2;2021|어린이·가족:1;2022|클래식:1
00000004261,4,11,627000,20210325: ,20211225: ,2021|클래식:1;2021|뮤지컬:2;2021|발레/연극:1
00000017552,2,3,81000,20210325: ,20230119: ,2021|클래식:1;2023|클래식:1
00000020237,4,9,82000,20210325: ,20211202: ,2021|클래식:4
00000011163,5,6,243000,20201016: ,20220924: ,2021|클래식:1;2022|발레/연극:2;2020|클래식:2
00000009276,5,13,634000,20210325: ,20230916: ,2021|클래식:1;2021|어린이·가족:1;2022|뮤지컬:1;2023|뮤지컬:1;2023|어린이·가족:1
00000018344,21,38,1351000,20210325: ,20251204: ,2021|클래식:8;2021|뮤지컬:1;2021|발레/연극:1;2022|클래식:3;2023|뮤지컬:1;2024|클래식:3;2025|클래식:4
00000021245,34,41,1354000,20201017: ,20250911: ,2021|클래식:5;2022|클래식:4;2022|뮤지컬:1;2022|발레/연극:4;2023|발레/연극:1;2023|클래식:3;2024|클래식:2;2025|클래식:9;2025|발레/연극:2;2020|클래식:3
00000002845,4,7,67500,20210325: ,20250517: ,2021|클래식:1;2024|클래식:1;2025|발레/연극:1;2025|기타:1
00000020773,4,7,364000,20210325: ,20251123: ,2021|클래식:2;2022|클래식:1;2025|뮤지컬:1
00000022631,1,2,18000,20210325: ,20210325: ,2021|클래식:1
00000012251,4,4,37000,20210325: ,20211202: ,2021|클래식:4
00000005332,10,20,279000,20210325: ,20251204: ,2021|클래식:3;2022|클래식:1;2023|클래식:2;2025|클래식:4
00000021363,4,12,372800,20210325: ,20250920: ,2021|클래식:1;2021|어린이·가족:1;2025|클래식:1;2025|어린이·가족:1
00000020600,4,6,315000,20210325: ,20230407: ,2021|클래식:1;2021|뮤지컬:1;2022|클래식:1;2023|뮤지컬:1
00000022522,6,14,169000,20201202: ,20230921: ,2021|클래식:2;2023|클래식:3;2020|클래식:1
00000014087,18,23,407000,20201202: ,20250911: ,2021|클래식:4;2022|클래식:4;2023|클래식:4;2024|클래식:1;2025|클래식:4;2020|클래식:1
00000008180,7,10,398500,20201126: ,20251115: ,2021|클래식:2;2022|뮤지컬:1;2022|클래식:1;2023|어린이·가족:1;2025|클래식:1;2020|클래식:1
00000007762,4,7,648200,20210325: ,20250803: ,2021|클래식:1;2021|뮤지컬:1;2022|뮤지컬:1;2025|어린이·가족:1
00000007201,8,14,138500,20210325: ,20250308: ,2021|클래식:2;2022|미상:2;2023|클래식:2;2024|클래식:1;2025|클래식:1
00000006921,45,58,1751100,20200619: ,20251204: ,2021|클래식:5;2021|발레/연극:2;2021|뮤지컬:2;2022|뮤지컬:3;2022|클래식:4;2022|발레/연극:2;2022|어린이·가족:2;2022|미상:4;2023|클래식:3;2023|발레/연극:1;2023|뮤지컬:1;2023|어린이·가족:1;2024|클래식:4;2024|뮤지컬:1;2024|발레/연극:1;2025|클래식:5;2025|기타:1;2025|발레/연극:1;2020|클래식:2
00000016292,4,7,337500,20210325: ,20240713: ,2021|클래식:2;2023|클래식:1;2024|뮤지컬:1
00000006332,34,60,2657000,20201017: ,20250719: ,2021|클래식:4;2022|클래식:6;2022|발레/연극:3;2023|클래식:9;2023|발레/연극:2;2024|클래식:2;2025|클래식:2;2025|발레/연극:2;2025|뮤지컬:2;2020|클래식:2
00000004988,5,7,145000,20210325: ,20240904: ,2021|클래식:3;2023|클래식:1;2024|클래식:1
00000014505,7,14,432000,20210325: ,20220917: ,2021|클래식:6;2022|미상:1
00000012708,4,6,77000,20210325: ,20240320: ,2021|클래식:1;2022|미상:2;2024|클래식:1
00000000093,8,12,144000,20201202: ,20241204: ,2021|클래식:1;2022|클래식:3;2023|클래식:1;2024|클래식:1;2020|클래식:2
00000021736,1,2,288000,20210423: ,20210423: ,2021|뮤지컬:1
00000002453,1,2,234000,20210423: ,20210423: ,2021|뮤지컬:1
00000017569,9,18,1925600,20210423: ,20241225: ,2021|뮤지컬:2;2021|발레/연극:1;2022|뮤지컬:1;2023|뮤지컬:2;2023|발레/연극:1;2024|뮤지컬:1;2024|발레/연극:1
00000013174,4,4,584000,20210423: ,20251123: ,2021|뮤지컬:1;2023|뮤지컬:1;2025|뮤지컬:2
00000002025,2,3,338000,20210423: ,20231110: ,2021|뮤지컬:1;2023|클래식:1
00000012390,3,3,108000,20210423: ,20211202: ,2021|뮤지컬:1;2021|클래식:2
00000013911,5,10,286000,20210423: ,20250719: ,2021|뮤지컬:1;2022|미상:1;2023|어린이·가족:1;2025|기타:1;2025|발레/연극:1
00000014205,1,2,288000,20210423: ,20210423: ,2021|뮤지컬:1
00000017523,5,5,356000,20210423: ,20231013: ,2021|뮤지컬:1;2021|클래식:1;2022|클래식:1;2023|발레/연극:1;2023|클래식:1
00000012066,2,4,576000,20210423: ,20250704: ,2021|뮤지컬:1;2025|뮤지컬:1
00000008342,12,31,3184200,20210423: ,20251123: ,2021|뮤지컬:4;2024|발레/연극:1;2024|뮤지컬:1;2025|뮤지컬:3;2025|발레/연극:2;2025|어린이·가족:1
00000021271,1,2,288000,20210423: ,20210423: ,2021|뮤지컬:1
00000009558,4,11,591000,20210423: ,20230916: ,2021|뮤지컬:1;2023|뮤지컬:1;2023|클래식:1;2023|어린이·가족:1
00000019243,1,2,234000,20210423: ,20210423: ,2021|뮤지컬:1
00000012438,6,7,819000,20210423: ,20241123: ,2021|뮤지컬:1;2022|뮤지컬:1;2022|미상:1;2023|뮤지컬:1;2024|뮤지컬:2
00000007603,1,3,252000,20210423: ,20210423: ,2021|뮤지컬:1
00000000428,5,6,677000,20210423: ,20241124: ,2021|뮤지컬:1;2023|클래식:2;2024|뮤지컬:2
00000014530,2,4,407000,20210423: ,20220923: ,2021|뮤지컬:1;2022|발레/연극:1
00000022632,2,4,540000,20210423: ,20211211: ,2021|뮤지컬:2
00000011837,8,18,1938400,20210423: ,20250705: ,2021|뮤지컬:1;2021|발레/연극:1;2022|뮤지컬:2;2023|뮤지컬:1;2024|뮤지컬:1;2024|발레/연극:1;2025|뮤지컬:1
00000021183,9,18,1711000,20210423: ,20250720: ,2021|뮤지컬:1;2022|뮤지컬:1;2022|발레/연극:1;2023|발레/연극:1;2024|뮤지컬:1;2024|발레/연극:1;2025|뮤지컬:2;2025|발레/연극:1
00000015050,4,7,666000,20210423: ,20250706: ,2021|뮤지컬:1;2022|미상:1;2024|클래식:1;2025|뮤지컬:1
00000005409,5,9,1143000,20210423: ,20250704: ,2021|뮤지컬:1;2022|뮤지컬:1;2022|발레/연극:1;2024|뮤지컬:1;2025|뮤지컬:1
00000011940,4,13,1070000,20201024: ,20230407: ,2021|뮤지컬:1;2021|어린이·가족:1;2023|뮤지컬:1;2020|뮤지컬:1
00000007158,1,2,320000,20210423: ,20210423: ,2021|뮤지컬:1
00000007387,5,6,590500,20210423: ,20240713: ,2021|뮤지컬:1;2022|뮤지컬:2;2023|클래식:1;2024|뮤지컬:1
00000021196,5,9,864000,20210423: ,20231222: ,2021|뮤지컬:1;2022|뮤지컬:2;2022|미상:1;2023|발레/연극:1
00000016579,2,4,386000,20210423: ,20250802: ,2021|뮤지컬:1;2025|어린이·가족:1
00000014737,1,3,416000,20210423: ,20210423: ,2021|뮤지컬:1
00000015726,1,1,144000,20210423: ,20210423: ,2021|뮤지컬:1
00000009496,5,12,1490000,20210423: ,20241101: ,2021|뮤지컬:3;2023|뮤지컬:1;2024|클래식:1
00000016129,1,2,288000,20210423: ,20210423: ,2021|뮤지컬:1
00000017998,7,13,1189000,20210423: ,20240712: ,2021|뮤지컬:1;2021|클래식:1;2022|발레/연극:1;2023|클래식:2;2023|뮤지컬:1;2024|뮤지컬:1
00000008102,7,11,977000,20210423: ,20250720: ,2021|뮤지컬:1;2023|발레/연극:1;2024|뮤지컬:3;2025|뮤지컬:1;2025|발레/연극:1
00000000674,2,4,468000,20210423: ,20230609: ,2021|뮤지컬:1;2023|발레/연극:1
00000006238,28,33,3945000,20210423: ,20251122: ,2021|뮤지컬:1;2021|클래식:3;2022|뮤지컬:9;2022|발레/연극:2;2023|클래식:2;2023|발레/연극:1;2024|뮤지컬:4;2025|뮤지컬:6
00000000177,1,2,288000,20210423: ,20210423: ,2021|뮤지컬:1
00000012272,8,14,503400,20210423: ,20250802: ,2021|뮤지컬:1;2021|클래식:3;2022|미상:2;2024|발레/연극:1;2025|어린이·가족:1
00000019497,3,3,279000,20210423: ,20230609: ,2021|뮤지컬:1;2022|클래식:1;2023|발레/연극:1
00000019507,7,12,1653500,20210423: ,20230408: ,2021|뮤지컬:4;2022|뮤지컬:1;2022|클래식:1;2023|뮤지컬:1
00000020877,12,28,968000,20200619: ,20231214: ,2021|뮤지컬:1;2021|클래식:3;2023|클래식:6;2023|발레/연극:1;2020|클래식:1
00000003569,1,2,162000,20210423: ,20210423: ,2021|뮤지컬:1
00000019891,7,14,1512000,20210423: ,20251123: ,2021|뮤지컬:1;2023|클래식:2;2024|뮤지컬:1;2025|뮤지컬:3
00000011847,1,2,320000,20210423: ,20210423: ,2021|뮤지컬:1
00000022201,4,6,432000,20210423: ,20231216: ,2021|뮤지컬:1;2023|발레/연극:3
00000019405,5,10,1400000,20210423: ,20250215: ,2021|뮤지컬:1;2022|뮤지컬:1;2024|뮤지컬:2;2025|뮤지컬:1
00000013497,7,26,1323900,20201017: ,20241224: ,2021|뮤지컬:1;2021|발레/연극:1;2021|클래식:1;2023|클래식:1;2024|발레/연극:1;2020|클래식:2
00000020798,1,2,288000,20210423: ,20210423: ,2021|뮤지컬:1
00000013941,1,1,160000,20210423: ,20210423: ,2021|뮤지컬:1
00000015161,1,1,144000,20210423: ,20210423: ,2021|뮤지컬:1
00000010346,1,2,162000,20210423: ,20210423: ,2021|뮤지컬:1
00000016841,1,2,288000,20210423: ,20210423: ,2021|뮤지컬:1
00000008610,7,16,987000,20201205: ,20250424: ,2021|뮤지컬:1;2022|발레/연극:1;2023|뮤지컬:1;2023|발레/연극:1;2024|클래식:1;2025|발레/연극:1;2020|클래식:1
00000007200,3,6,732000,20210423: ,20221203: ,2021|뮤지컬:1;2022|뮤지컬:2
00000004283,4,8,902600,20210423: ,20241225: ,2021|뮤지컬:1;2022|뮤지컬:1;2024|뮤지컬:1;2024|발레/연극:1
00000011222,12,19,1553500,20201205: ,20251204: ,2021|뮤지컬:1;2021|클래식:2;2022|뮤지컬:1;2023|뮤지컬:1;2023|클래식:1;2024|발레/연극:1;2024|뮤지컬:2;2025|뮤지컬:1;2025|클래식:1;2020|클래식:1
00000011679,3,9,579800,20210423: ,20250802: ,2021|뮤지컬:1;2021|어린이·가족:1;2025|어린이·가족:1
00000003947,1,5,768000,20210423: ,20210423: ,2021|뮤지컬:1
00000021068,3,7,666000,20210423: ,20250216: ,2021|뮤지컬:2;2025|뮤지컬:1
00000006628,1,2,288000,20210423: ,20210423: ,2021|뮤지컬:1
00000022319,3,3,342000,20210423: ,20220415: ,2021|뮤지컬:1;2021|클래식:1;2022|뮤지컬:1
00000005749,2,4,369200,20210423: ,20250802: ,2021|뮤지컬:1;2025|어린이·가족:1
00000002334,22,50,2501500,20210423: ,20251129: ,2021|뮤지컬:1;2021|클래식:3;2022|클래식:2;2022|미상:2;2022|뮤지컬:1;2023|클래식:3;2024|클래식:1;2024|발레/연극:1;2024|뮤지컬:2;2025|발레/연극:4;2025|뮤지컬:1;2025|클래식:1
00000008963,5,7,455000,20200619: ,20240714: ,2021|뮤지컬:1;2021|클래식:1;2024|뮤지컬:1;2020|클래식:2
00000003034,7,8,784000,20210423: ,20251128: ,2021|뮤지컬:2;2024|뮤지컬:2;2025|발레/연극:2;2025|뮤지컬:1
00000007178,1,2,260000,20210423: ,20210423: ,2021|뮤지컬:1
00000018896,2,4,576000,20210423: ,20240714: ,2021|뮤지컬:1;2024|뮤지컬:1
00000017827,10,33,1644000,20210423: ,20241206: ,2021|뮤지컬:1;2021|발레/연극:1;2022|클래식:3;2023|클래식:4;2024|클래식:1
00000020821,1,2,288000,20210423: ,20210423: ,2021|뮤지컬:1
00000019609,3,8,912000,20210423: ,20241214: ,2021|뮤지컬:1;2023|뮤지컬:1;2024|발레/연극:1
00000002333,5,10,1170000,20210423: ,20240712: ,2021|뮤지컬:2;2022|뮤지컬:1;2024|클래식:1;2024|뮤지컬:1
00000007738,1,2,288000,20210423: ,20210423: ,2021|뮤지컬:1
00000009911,7,25,1823000,20201018: ,20241124: ,2021|뮤지컬:1;2024|발레/연극:1;2024|뮤지컬:2;2024|클래식:1;2020|클래식:1;2020|뮤지컬:1
00000018754,2,5,456000,20210423: ,20240906: ,2021|뮤지컬:1;2024|클래식:1
00000010757,25,28,1504500,20201016: ,20220923: ,2021|뮤지컬:3;2021|클래식:6;2021|발레/연극:1;2022|클래식:7;2022|뮤지컬:1;2022|발레/연극:2;2020|클래식:5
00000014710,2,6,920000,20210424: ,20230408: ,2021|뮤지컬:1;2023|뮤지컬:1
00000019805,24,32,2542500,20210424: ,20251129: ,2021|뮤지컬:1;2022|뮤지컬:2;2022|클래식:2;2022|발레/연극:1;2023|뮤지컬:1;2023|발레/연극:2;2023|클래식:2;2023|어린이·가족:1;2024|클래식:2;2024|뮤지컬:2;2024|기타:1;2025|클래식:2;2025|발레/연극:3;2025|뮤지컬:2
00000014698,2,4,600000,20210424: ,20211211: ,2021|뮤지컬:2
00000012277,21,61,3652000,20210424: ,20251204: ,2021|뮤지컬:1;2022|뮤지컬:1;2024|클래식:4;2024|뮤지컬:3;2025|클래식:7;2025|기타:1;2025|뮤지컬:4
00000013425,4,12,726000,20210424: ,20240511: ,2021|뮤지컬:1;2021|클래식:1;2023|어린이·가족:1;2024|어린이·가족:1
00000013533,3,4,567000,20210424: ,20250705: ,2021|뮤지컬:1;2024|뮤지컬:1;2025|뮤지컬:1
00000007150,2,4,324000,20210424: ,20220120: ,2021|뮤지컬:1;2022|클래식:1
00000018609,4,7,803000,20210424: ,20230408: ,2021|뮤지컬:2;2023|클래식:1;2023|뮤지컬:1
00000003715,5,10,1394000,20210424: ,20251123: ,2021|뮤지컬:1;2022|클래식:1;2025|뮤지컬:3
00000000381,1,2,288000,20210424: ,20210424: ,2021|뮤지컬:1
00000021287,2,4,378000,20210424: ,20220820: ,2021|뮤지컬:1;2022|클래식:1
00000001498,11,29,1785500,20210424: ,20251129: ,2021|뮤지컬:2;2021|어린이·가족:1;2022|어린이·가족:2;2023|뮤지컬:3;2024|발레/연극:2;2025|발레/연극:1
00000007196,1,2,288000,20210424: ,20210424: ,2021|뮤지컬:1
00000014035,4,13,928000,20210424: ,20250517: ,2021|뮤지컬:1;2021|클래식:1;2022|클래식:1;2025|기타:1
00000000302,6,15,1251500,20210424: ,20251122: ,2021|뮤지컬:1;2023|클래식:1;2023|어린이·가족:1;2025|뮤지컬:2;2025|발레/연극:1
00000021882,3,3,351000,20210424: ,20230408: ,2021|뮤지컬:1;2022|뮤지컬:1;2023|뮤지컬:1
00000003510,4,8,1090000,20210424: ,20230409: ,2021|뮤지컬:2;2022|뮤지컬:1;2023|뮤지컬:1
00000010196,5,9,1334000,20210424: ,20250705: ,2021|뮤지컬:1;2025|뮤지컬:4
00000004848,2,5,652000,20210424: ,20250705: ,2021|뮤지컬:1;2025|뮤지컬:1
00000018362,4,8,512000,20210424: ,20230826: ,2021|뮤지컬:1;2021|발레/연극:1;2021|클래식:1;2023|클래식:1
00000021130,3,6,810000,20210424: ,20220416: ,2021|뮤지컬:2;2022|뮤지컬:1
00000007924,13,28,3533500,20210424: ,20251123: ,2021|뮤지컬:3;2022|뮤지컬:1;2022|어린이·가족:1;2023|뮤지컬:1;2023|발레/연극:1;2023|클래식:1;2024|뮤지컬:1;2025|뮤지컬:4
00000009102,6,7,765000,20210424: ,20250216: ,2021|뮤지컬:2;2021|발레/연극:1;2023|뮤지컬:2;2025|뮤지컬:1
00000020592,7,7,282000,20210424: ,20250904: ,2021|뮤지컬:1;2022|클래식:1;2023|클래식:3;2025|클래식:2
00000016133,5,11,1370000,20210424: ,20250704: ,2021|뮤지컬:1;2022|뮤지컬:1;2022|어린이·가족:1;2023|뮤지컬:1;2025|뮤지컬:1
00000007292,1,2,234000,20210424: ,20210424: ,2021|뮤지컬:1
00000017905,9,17,2336000,20210424: ,20251123: ,2021|뮤지컬:2;2022|뮤지컬:3;2024|뮤지컬:2;2025|뮤지컬:2
00000014347,1,2,288000,20210424: ,20210424: ,2021|뮤지컬:1
00000011083,1,3,480000,20210424: ,20210424: ,2021|뮤지컬:1
00000019332,1,2,288000,20210424: ,20210424: ,2021|뮤지컬:1
00000011725,5,12,947500,20210424: ,20220924: ,2021|뮤지컬:1;2021|발레/연극:1;2022|클래식:1;2022|발레/연극:2
00000004630,2,3,216000,20210424: ,20210529: ,2021|뮤지컬:1;2021|발레/연극:1
00000000819,7,17,1295500,20210424: ,20250529: ,2021|뮤지컬:3;2024|뮤지컬:3;2025|발레/연극:1
00000017994,5,5,236000,20210424: ,20250720: ,2021|뮤지컬:2;2022|클래식:1;2024|발레/연극:1;2025|발레/연극:1
00000009080,3,6,459000,20210424: ,20251129: ,2021|뮤지컬:1;2021|발레/연극:1;2025|발레/연극:1
00000003509,4,7,996000,20210424: ,20230408: ,2021|뮤지컬:1;2022|뮤지컬:1;2023|뮤지컬:2
00000010676,2,4,576000,20210424: ,20250706: ,2021|뮤지컬:1;2025|뮤지컬:1
00000012906,9,22,911000,20210424: ,20250911: ,2021|뮤지컬:1;2021|발레/연극:1;2021|클래식:2;2023|클래식:1;2024|뮤지컬:1;2024|클래식:1;2025|뮤지컬:1;2025|클래식:1
00000000872,3,4,315000,20210424: ,20250720: ,2021|뮤지컬:1;2025|뮤지컬:1;2025|발레/연극:1
00000002729,12,20,2251000,20201017: ,20251122: ,2021|뮤지컬:5;2021|클래식:1;2023|뮤지컬:1;2024|뮤지컬:2;2025|뮤지컬:1;2020|클래식:2
00000009121,3,4,606000,20210424: ,20230408: ,2021|뮤지컬:2;2023|뮤지컬:1
00000021597,5,15,2228000,20210424: ,20220417: ,2021|뮤지컬:2;2022|뮤지컬:3
00000017769,3,7,567000,20210424: ,20231020: ,2021|뮤지컬:1;2022|발레/연극:1;2023|클래식:1
00000021838,8,32,3041000,20210424: ,20241206: ,2021|뮤지컬:3;2022|발레/연극:2;2023|클래식:1;2024|클래식:2
00000010910,5,10,1258000,20210424: ,20251123: ,2021|뮤지컬:1;2023|발레/연극:1;2024|뮤지컬:1;2025|뮤지컬:2
00000018751,2,3,248000,20210424: ,20240518: ,2021|뮤지컬:1;2024|발레/연극:1
00000022633,1,1,160000,20210424: ,20210424: ,2021|뮤지컬:1
00000000614,2,4,540000,20210424: ,20230408: ,2021|뮤지컬:1;2023|뮤지컬:1
00000018747,2,3,276500,20201024: ,20210424: ,2021|뮤지컬:1;2020|뮤지컬:1
00000012236,3,8,510000,20210424: ,20221208: ,2021|뮤지컬:2;2022|클래식:1
00000015414,1,2,288000,20210424: ,20210424: ,2021|뮤지컬:1
00000003918,2,4,285000,20201205: ,20210424: ,2021|뮤지컬:1;2020|클래식:1
00000005046,3,8,1040000,20210424: ,20220416: ,2021|뮤지컬:2;2022|뮤지컬:1
00000016403,19,27,1702000,20210424: ,20251123: ,2021|뮤지컬:1;2021|클래식:2;2022|클래식:3;2023|클래식:4;2024|클래식:2;2024|뮤지컬:1;2025|클래식:2;2025|발레/연극:2;2025|뮤지컬:2
00000017278,2,4,558000,20210424: ,20241123: ,2021|뮤지컬:1;2024|뮤지컬:1
00000009056,3,4,464000,20210424: ,20251123: ,2021|뮤지컬:2;2025|뮤지컬:1
00000000561,9,16,937500,20201205: ,20250710: ,2021|뮤지컬:1;2022|뮤지컬:1;2022|클래식:1;2022|미상:3;2023|뮤지컬:1;2025|클래식:1;2020|클래식:1
00000007336,4,10,784000,20210424: ,20240518: ,2021|뮤지컬:1;2022|뮤지컬:1;2023|발레/연극:1;2024|발레/연극:1
00000007721,1,1,144000,20210424: ,20210424: ,2021|뮤지컬:1
00000012008,3,4,540000,20210424: ,20211211: ,2021|뮤지컬:3
00000001693,10,18,1614000,20210424: ,20250720: ,2021|뮤지컬:1;2022|뮤지컬:1;2023|발레/연극:1;2023|클래식:2;2024|뮤지컬:1;2024|클래식:1;2025|뮤지컬:2;2025|발레/연극:1
00000009592,2,4,558000,20210424: ,20241123: ,2021|뮤지컬:1;2024|뮤지컬:1
00000007587,2,2,304000,20210424: ,20210425: ,2021|뮤지컬:2
00000016290,2,5,596000,20210424: ,20230408: ,2021|뮤지컬:1;2023|뮤지컬:1
00000004907,1,2,234000,20210424: ,20210424: ,2021|뮤지컬:1
00000003165,6,6,867000,20210424: ,20241123: ,2021|뮤지컬:2;2022|뮤지컬:2;2024|뮤지컬:2
00000009811,1,2,288000,20210424: ,20210424: ,2021|뮤지컬:1
00000001995,3,5,374000,20210424: ,20220915: ,2021|뮤지컬:1;2022|어린이·가족:1;2022|미상:1
00000018023,5,7,990000,20210424: ,20240713: ,2021|뮤지컬:2;2023|뮤지컬:1;2024|뮤지컬:2
00000015152,1,2,288000,20210424: ,20210424: ,2021|뮤지컬:1
00000020930,1,2,320000,20210424: ,20210424: ,2021|뮤지컬:1
00000000327,2,3,480000,20210424: ,20210424: ,2021|뮤지컬:2
00000001940,1,2,288000,20210424: ,20210424: ,2021|뮤지컬:1
00000006739,1,2,288000,20210424: ,20210424: ,2021|뮤지컬:1
00000018520,20,47,4745500,20210424: ,20251123: ,2021|뮤지컬:3;2021|어린이·가족:1;2022|뮤지컬:6;2022|미상:1;2023|뮤지컬:1;2023|어린이·가족:1;2024|발레/연극:1;2024|뮤지컬:4;2025|어린이·가족:1;2025|뮤지컬:1
00000021209,5,9,483500,20201205: ,20231021: ,2021|뮤지컬:1;2023|클래식:1;2020|클래식:3
00000017784,1,2,288000,20210424: ,20210424: ,2021|뮤지컬:1
00000002217,4,9,1380000,20210424: ,20230408: ,2021|뮤지컬:3;2023|뮤지컬:1
00000011000,3,4,162000,20210424: ,20220917: ,2021|뮤지컬:1;2022|미상:2
00000010706,3,5,712000,20210424: ,20251123: ,2021|뮤지컬:1;2022|뮤지컬:1;2025|뮤지컬:1
00000000503,1,2,288000,20210424: ,20210424: ,2021|뮤지컬:1
00000003806,1,1,144000,20210424: ,20210424: ,2021|뮤지컬:1
00000016128,5,10,818000,20210424: ,20240712: ,2021|뮤지컬:1;2021|발레/연극:1;2023|클래식:1;2023|발레/연극:1;2024|뮤지컬:1
00000010006,7,13,647000,20210424: ,20250904: ,2021|뮤지컬:1;2021|클래식:1;2023|클래식:3;2025|클래식:2
00000013038,1,2,320000,20210424: ,20210424: ,2021|뮤지컬:1
00000013067,3,3,304000,20201126: ,20250425: ,2021|뮤지컬:1;2025|발레/연극:1;2020|클래식:1
00000008198,2,4,628000,20210424: ,20251123: ,2021|뮤지컬:1;2025|뮤지컬:1
00000020250,1,2,288000,20210424: ,20210424: ,2021|뮤지컬:1
00000012392,1,4,520000,20210424: ,20210424: ,2021|뮤지컬:1
00000012487,2,4,558000,20210424: ,20220416: ,2021|뮤지컬:1;2022|뮤지컬:1
00000004964,5,9,1154000,20210424: ,20251122: ,2021|뮤지컬:1;2023|클래식:1;2024|뮤지컬:2;2025|뮤지컬:1
00000014108,2,5,463000,20210424: ,20231224: ,2021|뮤지컬:1;2023|클래식:1
00000001639,1,2,288000,20210424: ,20210424: ,2021|뮤지컬:1
00000013741,14,36,2767000,20210424: ,20251122: ,2021|뮤지컬:1;2022|클래식:4;2022|뮤지컬:1;2023|클래식:4;2024|뮤지컬:1;2025|뮤지컬:3
00000016264,2,4,554000,20210424: ,20240712: ,2021|뮤지컬:1;2024|뮤지컬:1
00000021547,3,5,711000,20210424: ,20251123: ,2021|뮤지컬:1;2022|뮤지컬:1;2025|뮤지컬:1
00000017069,20,34,1699000,20210424: ,20250911: ,2021|뮤지컬:1;2022|뮤지컬:1;2023|클래식:3;2024|클래식:5;2024|뮤지컬:3;2025|클래식:7
00000011466,6,11,1088000,20210424: ,20251122: ,2021|뮤지컬:1;2022|뮤지컬:1;2022|미상:1;2024|기타:1;2025|발레/연극:1;2025|뮤지컬:1
00000015786,2,5,678000,20210424: ,20220417: ,2021|뮤지컬:1;2022|뮤지컬:1
00000022634,2,4,410000,20210424: ,20211002: ,2021|뮤지컬:1;2021|어린이·가족:1
00000009055,3,4,572000,20210424: ,20250706: ,2021|뮤지컬:1;2025|뮤지컬:2
00000019417,12,33,2258000,20210424: ,20251128: ,2021|뮤지컬:2;2022|뮤지컬:2;2022|어린이·가족:1;2022|미상:1;2022|발레/연극:1;2023|발레/연극:2;2024|뮤지컬:1;2024|발레/연극:1;2025|발레/연극:1
00000019943,6,12,591000,20210424: ,20230119: ,2021|뮤지컬:1;2022|발레/연극:1;2023|클래식:1;2022|클래식:3
00000000758,2,4,336000,20210424: ,20220820: ,2021|뮤지컬:1;2022|어린이·가족:1
00000018547,3,5,764000,20210424: ,20250706: ,2021|뮤지컬:1;2022|뮤지컬:1;2025|뮤지컬:1
00000022434,11,30,1615000,20201225: ,20240904: ,2021|뮤지컬:1;2022|뮤지컬:1;2023|클래식:5;2024|클래식:2;2020|클래식:2
00000000465,3,5,740000,20210424: ,20250214: ,2021|뮤지컬:1;2024|뮤지컬:1;2025|뮤지컬:1
00000004399,1,4,608000,20210424: ,20210424: ,2021|뮤지컬:1
00000005211,2,4,560000,20210424: ,20230408: ,2021|뮤지컬:1;2023|뮤지컬:1
00000002934,4,11,1016000,20210424: ,20250720: ,2021|뮤지컬:1;2022|뮤지컬:1;2022|발레/연극:1;2025|발레/연극:1
00000017516,1,3,448000,20210424: ,20210424: ,2021|뮤지컬:1
00000012663,1,1,144000,20210424: ,20210424: ,2021|뮤지컬:1
00000008676,6,14,1078000,20210424: ,20230610: ,2021|뮤지컬:1;2021|발레/연극:1;2022|발레/연극:2;2022|뮤지컬:1;2023|발레/연극:1
00000022144,1,2,288000,20210424: ,20210424: ,2021|뮤지컬:1
00000010417,2,4,234000,20210424: ,20231224: ,2021|뮤지컬:1;2023|발레/연극:1
00000003383,2,3,396000,20210424: ,20211211: ,2021|뮤지컬:2
00000004739,2,4,540000,20210424: ,20211211: ,2021|뮤지컬:2
00000009700,1,2,180000,20210424: ,20210424: ,2021|뮤지컬:1
00000010672,6,18,1884000,20210424: ,20250720: ,2021|뮤지컬:1;2022|뮤지컬:1;2023|뮤지컬:1;2025|뮤지컬:1;2025|발레/연극:2
00000015825,3,6,828000,20210424: ,20250705: ,2021|뮤지컬:2;2025|뮤지컬:1
00000002548,2,4,339000,20210424: ,20210522: ,2021|뮤지컬:1;2021|클래식:1
00000003317,4,8,872000,20210424: ,20220923: ,2021|뮤지컬:1;2021|발레/연극:1;2022|뮤지컬:1;2022|발레/연극:1
00000012954,1,1,160000,20210424: ,20210424: ,2021|뮤지컬:1
00000001459,11,19,1905000,20210424: ,20251129: ,2021|뮤지컬:2;2024|발레/연극:2;2024|뮤지컬:2;2025|뮤지컬:3;2025|발레/연극:2
00000002663,3,6,792000,20210424: ,20230408: ,2021|뮤지컬:2;2023|뮤지컬:1
00000021612,2,4,640000,20210424: ,20210425: ,2021|뮤지컬:2
00000014940,8,16,1403000,20210424: ,20251128: ,2021|뮤지컬:1;2022|뮤지컬:1;2023|발레/연극:2;2024|뮤지컬:1;2025|뮤지컬:1;2025|발레/연극:2
00000003259,4,7,732000,20210424: ,20250920: ,2021|뮤지컬:1;2022|뮤지컬:1;2023|뮤지컬:1;2025|어린이·가족:1
00000009810,3,10,948000,20210424: ,20250720: ,2021|뮤지컬:1;2025|뮤지컬:1;2025|발레/연극:1
00000002494,3,3,450000,20210424: ,20230408: ,2021|뮤지컬:1;2022|뮤지컬:1;2023|뮤지컬:1
00000003246,6,9,1247000,20210424: ,20240712: ,2021|뮤지컬:2;2022|뮤지컬:2;2023|뮤지컬:1;2024|뮤지컬:1
00000017339,5,9,710000,20201018: ,20231013: ,2021|뮤지컬:2;2023|클래식:2;2020|클래식:1
00000006773,2,3,378000,20210424: ,20221203: ,2021|뮤지컬:1;2022|뮤지컬:1
00000016230,5,9,872500,20210424: ,20250425: ,2021|뮤지컬:1;2022|클래식:1;2022|발레/연극:1;2025|발레/연극:2
00000006244,5,14,1523000,20210424: ,20241123: ,2021|뮤지컬:1;2021|발레/연극:1;2022|뮤지컬:1;2023|뮤지컬:1;2024|뮤지컬:1
00000005037,5,16,1073000,20210424: ,20241124: ,2021|뮤지컬:1;2021|클래식:1;2022|어린이·가족:1;2024|뮤지컬:2
00000014587,3,6,492000,20210424: ,20220924: ,2021|뮤지컬:1;2021|클래식:1;2022|발레/연극:1
00000015663,14,22,2881000,20201225: ,20250706: ,2021|뮤지컬:2;2022|뮤지컬:7;2023|뮤지컬:1;2024|뮤지컬:1;2025|뮤지컬:1;2020|클래식:2
00000006149,1,4,342000,20210424: ,20210424: ,2021|뮤지컬:1
00000016672,10,18,1857000,20210424: ,20240713: ,2021|뮤지컬:5;2021|발레/연극:1;2022|발레/연극:2;2023|뮤지컬:1;2024|뮤지컬:1
00000022166,8,12,1460000,20210424: ,20250706: ,2021|뮤지컬:2;2022|클래식:1;2022|뮤지컬:1;2022|미상:2;2024|뮤지컬:1;2025|뮤지컬:1
00000019386,2,6,474000,20210424: ,20240515: ,2021|뮤지컬:1;2024|발레/연극:1
00000009510,2,6,662000,20201018: ,20210424: ,2021|뮤지컬:1;2020|클래식:1
00000019749,3,6,390000,20201225: ,20210424: ,2021|뮤지컬:1;2020|클래식:2
00000008290,2,4,216000,20210424: ,20250327: ,2021|뮤지컬:1;2025|클래식:1
00000006510,3,8,756000,20210424: ,20250704: ,2021|뮤지컬:1;2022|뮤지컬:1;2025|뮤지컬:1
00000011264,1,4,640000,20210424: ,20210424: ,2021|뮤지컬:1
00000006022,2,3,432000,20210424: ,20240712: ,2021|뮤지컬:1;2024|뮤지컬:1
00000019528,11,11,1418000,20210424: ,20251122: ,2021|뮤지컬:2;2022|뮤지컬:2;2022|미상:1;2023|뮤지컬:1;2024|뮤지컬:2;2025|뮤지컬:3
00000007086,2,3,347000,20210424: ,20220819: ,2021|뮤지컬:1;2022|어린이·가족:1
00000020524,1,2,288000,20210424: ,20210424: ,2021|뮤지컬:1
00000014250,3,3,171000,20210424: ,20240904: ,2021|뮤지컬:1;2023|클래식:1;2024|클래식:1
00000007582,16,33,1561000,20210424: ,20251204: ,2021|뮤지컬:1;2021|발레/연극:1;2021|클래식:2;2022|뮤지컬:1;2022|발레/연극:1;2023|클래식:3;2024|클래식:2;2024|뮤지컬:2;2025|클래식:3
00000014294,3,5,576000,20210425: ,20250705: ,2021|뮤지컬:1;2022|미상:1;2025|뮤지컬:1
00000012217,7,16,1962500,20210425: ,20250308: ,2021|뮤지컬:1;2022|뮤지컬:2;2023|뮤지컬:1;2024|뮤지컬:2;2025|클래식:1
00000000134,5,5,472500,20210425: ,20241204: ,2021|뮤지컬:1;2022|뮤지컬:1;2024|뮤지컬:1;2024|클래식:2
00000015381,3,6,461000,20210425: ,20220923: ,2021|뮤지컬:1;2022|발레/연극:2
00000004654,2,5,710000,20210425: ,20231020: ,2021|뮤지컬:1;2023|클래식:1
00000021633,2,5,357000,20210425: ,20240719: ,2021|뮤지컬:1;2024|어린이·가족:1
00000014788,1,2,288000,20210425: ,20210425: ,2021|뮤지컬:1
00000021955,2,5,533000,20210425: ,20210529: ,2021|뮤지컬:1;2021|발레/연극:1
00000018144,2,3,252000,20210425: ,20230610: ,2021|뮤지컬:1;2023|발레/연극:1
00000014933,3,7,558000,20210425: ,20240119: ,2021|뮤지컬:1;2021|클래식:1;2024|클래식:1
00000006016,6,12,1556200,20210425: ,20250802: ,2021|뮤지컬:3;2022|뮤지컬:1;2024|뮤지컬:1;2025|어린이·가족:1
00000005223,2,2,153000,20200619: ,20210425: ,2021|뮤지컬:1;2020|클래식:1
00000000323,1,2,162000,20210425: ,20210425: ,2021|뮤지컬:1
00000018623,1,2,320000,20210425: ,20210425: ,2021|뮤지컬:1
00000008885,10,11,875000,20210425: ,20230901: ,2021|뮤지컬:2;2022|클래식:2;2022|발레/연극:1;2023|뮤지컬:2;2023|발레/연극:2;2023|클래식:1
00000021433,3,4,351000,20210425: ,20231216: ,2021|뮤지컬:1;2022|뮤지컬:1;2023|발레/연극:1
00000008422,1,2,288000,20210425: ,20210425: ,2021|뮤지컬:1
00000008701,2,3,490000,20210425: ,20251123: ,2021|뮤지컬:1;2025|뮤지컬:1
00000005218,2,4,401200,20210425: ,20250802: ,2021|뮤지컬:1;2025|어린이·가족:1
00000007967,5,12,780000,20210425: ,20251123: ,2021|뮤지컬:1;2021|어린이·가족:1;2023|발레/연극:1;2024|어린이·가족:1;2025|뮤지컬:1
00000014264,4,8,695000,20210425: ,20251129: ,2021|뮤지컬:1;2024|뮤지컬:1;2025|발레/연극:2
00000008831,1,2,320000,20210425: ,20210425: ,2021|뮤지컬:1
00000009028,3,5,728000,20210425: ,20240712: ,2021|뮤지컬:1;2023|뮤지컬:1;2024|뮤지컬:1
00000013196,1,2,288000,20210425: ,20210425: ,2021|뮤지컬:1
00000020934,3,6,423000,20210425: ,20240712: ,2021|뮤지컬:1;2023|클래식:1;2024|뮤지컬:1
00000008887,8,16,1991000,20210425: ,20250719: ,2021|뮤지컬:2;2023|뮤지컬:1;2024|뮤지컬:2;2024|발레/연극:1;2025|뮤지컬:1;2025|발레/연극:1
00000018641,3,10,489000,20210425: ,20230901: ,2021|뮤지컬:1;2021|클래식:1;2023|발레/연극:1
00000000239,1,1,144000,20210425: ,20210425: ,2021|뮤지컬:1
00000015838,3,7,372000,20210425: ,20230429: ,2021|뮤지컬:1;2022|어린이·가족:1;2023|뮤지컬:1
00000005100,2,4,540000,20210425: ,20250216: ,2021|뮤지컬:1;2025|뮤지컬:1
00000013599,1,2,288000,20210425: ,20210425: ,2021|뮤지컬:1
00000008577,1,2,234000,20210425: ,20210425: ,2021|뮤지컬:1
00000021567,5,10,1312000,20210425: ,20250706: ,2021|뮤지컬:1;2022|미상:1;2024|뮤지컬:2;2025|뮤지컬:1
00000005922,2,6,662000,20201018: ,20210425: ,2021|뮤지컬:1;2020|클래식:1
00000014064,4,8,676000,20210425: ,20220819: ,2021|뮤지컬:3;2022|클래식:1
00000019570,2,4,396000,20210425: ,20240712: ,2021|뮤지컬:1;2024|뮤지컬:1
00000020017,2,6,928000,20210425: ,20240713: ,2021|뮤지컬:1;2024|뮤지컬:1
00000001082,4,8,1098000,20210425: ,20250705: ,2021|뮤지컬:2;2022|뮤지컬:1;2025|뮤지컬:1
00000013672,1,2,234000,20210425: ,20210425: ,2021|뮤지컬:1
00000002276,3,8,1168000,20210425: ,20220417: ,2021|뮤지컬:1;2022|뮤지컬:2
00000001402,8,9,636500,20210425: ,20251122: ,2021|뮤지컬:1;2022|클래식:1;2023|클래식:1;2024|발레/연극:1;2024|뮤지컬:1;2025|클래식:1;2025|뮤지컬:2
00000002599,2,4,544000,20210425: ,20210425: ,2021|뮤지컬:2
00000016062,3,7,594000,20210425: ,20231028: ,2021|뮤지컬:1;2022|뮤지컬:1;2023|뮤지컬:1
00000009334,2,3,396000,20210425: ,20211211: ,2021|뮤지컬:2
00000019735,2,4,558000,20210425: ,20220415: ,2021|뮤지컬:1;2022|뮤지컬:1
00000011184,2,6,450400,20210425: ,20250802: ,2021|뮤지컬:1;2025|어린이·가족:1
00000014295,6,10,746000,20201205: ,20250705: ,2021|뮤지컬:1;2021|클래식:2;2023|뮤지컬:1;2025|뮤지컬:1;2020|클래식:1
00000009743,2,4,414000,20210425: ,20230408: ,2021|뮤지컬:1;2023|뮤지컬:1
00000014512,15,27,2600500,20210425: ,20251122: ,2021|뮤지컬:1;2021|클래식:2;2022|뮤지컬:1;2023|클래식:1;2023|뮤지컬:2;2023|발레/연극:2;2024|뮤지컬:1;2024|발레/연극:1;2025|클래식:1;2025|뮤지컬:2;2025|발레/연극:1
00000006323,1,2,288000,20210425: ,20210425: ,2021|뮤지컬:1
00000003094,1,2,320000,20210425: ,20210425: ,2021|뮤지컬:1
00000011310,5,12,985000,20210425: ,20250802: ,2021|뮤지컬:1;2023|어린이·가족:1;2024|발레/연극:1;2025|뮤지컬:1;2025|어린이·가족:1
00000016517,2,4,306000,20210425: ,20210617: ,2021|뮤지컬:1;2021|클래식:1
00000000594,6,12,1070000,20210425: ,20241123: ,2021|뮤지컬:1;2022|뮤지컬:1;2023|뮤지컬:2;2023|클래식:1;2024|뮤지컬:1
00000016280,2,4,375600,20210425: ,20241225: ,2021|뮤지컬:1;2024|발레/연극:1
00000007385,8,16,2090500,20210425: ,20250216: ,2021|뮤지컬:2;2022|발레/연극:2;2024|뮤지컬:2;2025|뮤지컬:2
00000003849,1,2,288000,20210425: ,20210425: ,2021|뮤지컬:1
00000011862,6,13,1001000,20210425: ,20230610: ,2021|뮤지컬:1;2021|발레/연극:2;2022|클래식:1;2023|클래식:1;2023|발레/연극:1
00000008908,2,4,540000,20210425: ,20211211: ,2021|뮤지컬:2
00000001511,1,3,448000,20210425: ,20210425: ,2021|뮤지컬:1
00000013329,2,4,576000,20210425: ,20250706: ,2021|뮤지컬:1;2025|뮤지컬:1
00000009942,4,6,630000,20210425: ,20240714: ,2021|뮤지컬:1;2022|뮤지컬:1;2023|뮤지컬:1;2024|뮤지컬:1
00000008881,1,2,288000,20210425: ,20210425: ,2021|뮤지컬:1
00000018453,10,18,1043000,20210425: ,20250308: ,2021|뮤지컬:1;2021|발레/연극:1;2021|클래식:1;2022|클래식:3;2024|클래식:1;2025|클래식:3
00000003128,1,2,288000,20210425: ,20210425: ,2021|뮤지컬:1
00000020132,6,13,781000,20201126: ,20231214: ,2021|뮤지컬:1;2022|클래식:1;2023|뮤지컬:1;2023|클래식:1;2020|클래식:2
00000019409,2,3,306000,20210425: ,20250327: ,2021|뮤지컬:1;2025|클래식:1
00000017066,2,5,652000,20210425: ,20240714: ,2021|뮤지컬:1;2024|뮤지컬:1
00000017070,1,2,320000,20210425: ,20210425: ,2021|뮤지컬:1
00000008557,14,28,1266500,20201024: ,20251204: ,2021|뮤지컬:1;2021|어린이·가족:1;2023|클래식:2;2023|어린이·가족:1;2024|발레/연극:2;2024|뮤지컬:2;2024|클래식:1;2025|발레/연극:2;2025|클래식:1;2020|뮤지컬:1
00000015388,1,2,288000,20210425: ,20210425: ,2021|뮤지컬:1
00000003755,2,4,468000,20210425: ,20240713: ,2021|뮤지컬:1;2024|뮤지컬:1
00000009652,5,8,497000,20210425: ,20250706: ,2021|뮤지컬:1;2021|발레/연극:1;2021|기타:2;2025|뮤지컬:1
00000019317,1,2,288000,20210425: ,20210425: ,2021|뮤지컬:1
00000013250,4,6,648000,20210425: ,20220415: ,2021|뮤지컬:2;2021|클래식:1;2022|뮤지컬:1
00000003835,1,2,288000,20210425: ,20210425: ,2021|뮤지컬:1
00000015448,1,2,288000,20210425: ,20210425: ,2021|뮤지컬:1
00000009726,16,18,1002000,20210425: ,20251026: ,2021|뮤지컬:1;2021|발레/연극:1;2021|클래식:3;2022|클래식:1;2023|발레/연극:1;2024|클래식:1;2025|클래식:7;2025|발레/연극:1
00000006190,24,39,1379500,20210425: ,20250704: ,2021|뮤지컬:1;2021|클래식:3;2021|어린이·가족:1;2022|클래식:1;2022|미상:2;2022|뮤지컬:1;2023|클래식:3;2023|뮤지컬:1;2024|클래식:5;2024|어린이·가족:1;2024|발레/연극:1;2024|뮤지컬:2;2025|클래식:1;2025|뮤지컬:1
00000003603,3,5,588000,20210425: ,20220915: ,2021|뮤지컬:1;2022|뮤지컬:1;2022|미상:1
00000017695,8,24,1741600,20210425: ,20241224: ,2021|뮤지컬:1;2023|발레/연극:1;2024|뮤지컬:2;2024|클래식:2;2024|발레/연극:2
00000000682,2,3,414000,20210425: ,20250215: ,2021|뮤지컬:1;2025|뮤지컬:1
00000001596,1,2,288000,20210425: ,20210425: ,2021|뮤지컬:1
00000015394,3,3,376000,20210425: ,20240713: ,2021|뮤지컬:1;2022|뮤지컬:1;2024|뮤지컬:1
00000020213,3,13,504000,20210425: ,20241122: ,2021|뮤지컬:1;2022|뮤지컬:1;2024|뮤지컬:1
00000021492,2,2,207000,20210425: ,20220417: ,2021|뮤지컬:1;2022|뮤지컬:1
00000009466,1,2,288000,20210425: ,20210425: ,2021|뮤지컬:1
00000002369,6,12,1219000,20210425: ,20251123: ,2021|뮤지컬:1;2022|뮤지컬:1;2023|뮤지컬:1;2023|클래식:1;2024|뮤지컬:1;2025|뮤지컬:1
00000002002,3,5,436000,20210425: ,20251123: ,2021|뮤지컬:1;2025|발레/연극:1;2025|뮤지컬:1
00000014163,20,50,2545000,20201016: ,20250719: ,2021|뮤지컬:1;2021|클래식:2;2022|클래식:4;2022|뮤지컬:2;2022|발레/연극:2;2024|클래식:3;2024|발레/연극:1;2025|클래식:1;2025|발레/연극:2;2020|클래식:2
00000016603,5,11,323500,20210425: ,20251204: ,2021|뮤지컬:1;2023|클래식:1;2025|클래식:3
00000002299,3,3,362000,20210425: ,20250517: ,2021|뮤지컬:1;2024|뮤지컬:1;2025|어린이·가족:1
00000018578,2,4,360000,20210425: ,20250719: ,2021|뮤지컬:1;2025|발레/연극:1
00000002214,7,14,1431000,20210425: ,20250720: ,2021|뮤지컬:1;2022|뮤지컬:1;2023|뮤지컬:1;2023|발레/연극:1;2024|뮤지컬:1;2025|뮤지컬:1;2025|발레/연극:1
00000012642,2,3,396000,20210425: ,20251122: ,2021|뮤지컬:1;2025|뮤지컬:1
00000022336,10,31,1192000,20210425: ,20250720: ,2021|뮤지컬:1;2021|발레/연극:1;2022|어린이·가족:1;2023|발레/연극:1;2023|클래식:2;2024|클래식:1;2025|발레/연극:3
00000016231,4,4,260000,20210425: ,20240519: ,2021|뮤지컬:1;2023|발레/연극:1;2023|클래식:1;2024|발레/연극:1
00000005731,2,3,320000,20210425: ,20220917: ,2021|뮤지컬:1;2022|미상:1
00000013946,3,4,378000,20210425: ,20240119: ,2021|뮤지컬:1;2023|클래식:1;2024|클래식:1
00000014753,2,4,380000,20210425: ,20220324: ,2021|뮤지컬:1;2022|클래식:1
00000001592,6,12,1347000,20201205: ,20250705: ,2021|뮤지컬:1;2023|뮤지컬:1;2023|발레/연극:1;2025|뮤지컬:2;2020|클래식:1
00000006058,3,4,430000,20210425: ,20240515: ,2021|뮤지컬:2;2024|발레/연극:1
00000003387,2,4,336000,20210425: ,20230902: ,2021|뮤지컬:1;2023|발레/연극:1
00000001307,1,2,162000,20210425: ,20210425: ,2021|뮤지컬:1
00000011772,8,17,1424000,20201024: ,20230609: ,2021|뮤지컬:2;2021|발레/연극:1;2022|뮤지컬:1;2022|미상:1;2023|뮤지컬:1;2023|발레/연극:1;2020|뮤지컬:1
00000000238,1,2,288000,20210425: ,20210425: ,2021|뮤지컬:1
00000011425,32,63,3410000,20200619: ,20251204: ,2021|뮤지컬:2;2021|발레/연극:1;2021|클래식:1;2022|뮤지컬:1;2022|클래식:2;2022|어린이·가족:1;2022|발레/연극:1;2023|클래식:6;2023|뮤지컬:2;2023|발레/연극:1;2024|뮤지컬:1;2024|클래식:2;2025|뮤지컬:2;2025|클래식:5;2025|발레/연극:2;2020|클래식:2
00000019732,1,1,160000,20210425: ,20210425: ,2021|뮤지컬:1
00000007460,3,6,612000,20210425: ,20230408: ,2021|뮤지컬:2;2023|뮤지컬:1
00000016560,7,14,1298000,20210425: ,20250719: ,2021|뮤지컬:1;2022|발레/연극:1;2023|클래식:1;2023|발레/연극:1;2024|뮤지컬:1;2025|뮤지컬:1;2025|발레/연극:1
00000007920,4,8,378500,20210425: ,20230826: ,2021|뮤지컬:1;2023|클래식:3
00000010891,1,2,162000,20210425: ,20210425: ,2021|뮤지컬:1
00000013182,9,12,1751000,20210425: ,20251123: ,2021|뮤지컬:2;2022|뮤지컬:1;2023|뮤지컬:1;2024|뮤지컬:3;2025|뮤지컬:2
00000005461,4,7,822000,20210425: ,20240713: ,2021|뮤지컬:1;2022|미상:1;2022|뮤지컬:1;2024|뮤지컬:1
00000022006,8,18,1464000,20210425: ,20251115: ,2021|뮤지컬:1;2022|어린이·가족:2;2023|뮤지컬:1;2024|뮤지컬:1;2025|뮤지컬:2;2025|클래식:1
00000020779,2,4,600000,20210425: ,20211210: ,2021|뮤지컬:2
00000011593,2,2,279000,20210425: ,20220417: ,2021|뮤지컬:1;2022|뮤지컬:1
00000014529,3,3,342000,20210425: ,20220415: ,2021|뮤지컬:2;2022|뮤지컬:1
00000002691,3,6,440000,20210425: ,20220819: ,2021|뮤지컬:1;2022|발레/연극:1;2022|클래식:1
00000015063,7,13,1208000,20201024: ,20251123: ,2021|뮤지컬:2;2021|클래식:1;2022|뮤지컬:1;2023|뮤지컬:1;2025|뮤지컬:1;2020|뮤지컬:1
00000022412,1,2,288000,20210425: ,20210425: ,2021|뮤지컬:1
00000013411,4,9,763000,20210425: ,20230610: ,2021|뮤지컬:1;2021|발레/연극:1;2023|발레/연극:2
00000021268,1,2,288000,20210425: ,20210425: ,2021|뮤지컬:1
00000016556,11,14,771000,20201205: ,20250308: ,2021|뮤지컬:1;2021|발레/연극:1;2022|뮤지컬:2;2022|클래식:1;2022|발레/연극:1;2023|클래식:1;2023|발레/연극:1;2025|클래식:2;2020|클래식:1
00000006191,2,4,468000,20210425: ,20240713: ,2021|뮤지컬:1;2024|뮤지컬:1
00000010652,1,2,320000,20210425: ,20210425: ,2021|뮤지컬:1
00000004906,12,12,841000,20210425: ,20250308: ,2021|뮤지컬:1;2021|클래식:5;2021|발레/연극:1;2022|뮤지컬:1;2022|클래식:1;2024|뮤지컬:1;2025|뮤지컬:1;2025|클래식:1
00000001494,2,8,890000,20210425: ,20251123: ,2021|뮤지컬:1;2025|뮤지컬:1
00000019001,6,12,1494000,20210425: ,20250705: ,2021|뮤지컬:1;2022|뮤지컬:2;2024|뮤지컬:1;2024|클래식:1;2025|뮤지컬:1
00000009596,10,14,783500,20201225: ,20220701: ,2021|뮤지컬:3;2021|클래식:2;2021|발레/연극:1;2022|클래식:1;2022|발레/연극:1;2020|클래식:2
00000009476,14,25,2188000,20210425: ,20250706: ,2021|뮤지컬:1;2021|클래식:1;2022|뮤지컬:2;2022|발레/연극:1;2023|뮤지컬:1;2023|발레/연극:3;2024|발레/연극:1;2024|뮤지컬:3;2025|뮤지컬:1
00000017825,2,3,216000,20210425: ,20230610: ,2021|뮤지컬:1;2023|발레/연극:1
00000018348,4,12,507000,20210425: ,20250720: ,2021|뮤지컬:1;2021|클래식:1;2025|발레/연극:2
00000017792,2,4,342000,20210425: ,20250529: ,2021|뮤지컬:1;2025|발레/연극:1
00000020004,1,3,448000,20210425: ,20210425: ,2021|뮤지컬:1
00000019649,1,2,288000,20210425: ,20210425: ,2021|뮤지컬:1
00000010272,3,6,870000,20210425: ,20220417: ,2021|뮤지컬:2;2022|뮤지컬:1
00000015301,4,4,241000,20201018: ,20251115: ,2021|뮤지컬:1;2025|클래식:1;2020|클래식:2
00000008537,1,1,144000,20210425: ,20210425: ,2021|뮤지컬:1
00000012905,2,4,400000,20210425: ,20241116: ,2021|뮤지컬:1;2024|뮤지컬:1
00000009834,4,8,930000,20210425: ,20250705: ,2021|뮤지컬:1;2022|뮤지컬:1;2025|어린이·가족:1;2025|뮤지컬:1
00000006368,1,2,288000,20210425: ,20210425: ,2021|뮤지컬:1
00000003826,3,8,932000,20210425: ,20250719: ,2021|뮤지컬:1;2022|뮤지컬:1;2025|발레/연극:1
00000010591,1,2,288000,20210425: ,20210425: ,2021|뮤지컬:1
00000021896,1,2,288000,20210425: ,20210425: ,2021|뮤지컬:1
00000001052,10,16,1081000,20201018: ,20240119: ,2021|뮤지컬:1;2021|클래식:1;2022|클래식:1;2023|클래식:3;2024|클래식:1;2020|클래식:3
00000020192,12,25,2329000,20210425: ,20251122: ,2021|뮤지컬:2;2022|뮤지컬:1;2023|클래식:3;2024|클래식:1;2024|발레/연극:1;2024|뮤지컬:2;2025|뮤지컬:2
00000007508,6,14,679000,20210522: ,20240119: ,2021|클래식:1;2022|클래식:1;2023|클래식:3;2024|클래식:1
00000003116,5,6,431000,20210522: ,20220917: ,2021|클래식:2;2022|뮤지컬:2;2022|미상:1
00000015651,8,34,1387000,20210522: ,20241221: ,2021|클래식:3;2021|뮤지컬:1;2022|클래식:1;2023|클래식:1;2024|발레/연극:1;2024|클래식:1
00000021190,4,8,207000,20210522: ,20220819: ,2021|클래식:2;2022|발레/연극:1;2022|클래식:1
00000009993,1,2,51000,20210522: ,20210522: ,2021|클래식:1
00000012203,26,27,1289000,20210522: ,20250720: ,2021|클래식:4;2021|발레/연극:2;2021|뮤지컬:2;2021|기타:2;2022|클래식:1;2022|발레/연극:1;2023|클래식:5;2023|발레/연극:3;2024|뮤지컬:1;2024|클래식:1;2025|발레/연극:2;2025|뮤지컬:1;2025|클래식:1
00000014336,4,13,1226000,20210522: ,20250705: ,2021|클래식:1;2021|발레/연극:1;2022|뮤지컬:1;2025|뮤지컬:1
00000006748,6,12,364700,20210522: ,20250920: ,2021|클래식:2;2021|발레/연극:1;2022|미상:1;2025|발레/연극:1;2025|어린이·가족:1
00000017666,4,8,160500,20200605: ,20230921: ,2021|클래식:1;2023|클래식:2;2020|클래식:1
00000016534,8,21,736000,20201205: ,20250517: ,2021|클래식:2;2021|발레/연극:3;2023|발레/연극:1;2025|어린이·가족:1;2020|클래식:1
00000017014,2,3,115000,20210522: ,20240514: ,2021|클래식:1;2024|발레/연극:1
00000012581,6,12,349000,20201205: ,20230826: ,2021|클래식:2;2021|기타:1;2021|발레/연극:1;2023|클래식:1;2020|클래식:1
00000019435,4,11,211000,20210522: ,20251024: ,2021|클래식:2;2023|클래식:1;2025|클래식:1
00000022056,31,92,3489000,20201024: ,20251115: ,2021|클래식:3;2021|발레/연극:2;2021|뮤지컬:1;2022|클래식:3;2022|발레/연극:2;2023|클래식:10;2023|발레/연극:3;2024|클래식:1;2025|클래식:5;2020|뮤지컬:1
00000003804,19,22,1185500,20200619: ,20250720: ,2021|클래식:4;2021|발레/연극:1;2021|뮤지컬:1;2022|뮤지컬:2;2023|뮤지컬:1;2023|발레/연극:1;2024|뮤지컬:1;2024|클래식:2;2025|발레/연극:3;2025|클래식:1;2020|클래식:2
00000021507,8,16,1068500,20210522: ,20251123: ,2021|클래식:1;2022|뮤지컬:1;2022|발레/연극:1;2023|발레/연극:2;2024|발레/연극:2;2025|뮤지컬:1
00000013866,2,8,246000,20210522: ,20210529: ,2021|클래식:1;2021|발레/연극:1
00000004160,1,2,54000,20210522: ,20210522: ,2021|클래식:1
00000018171,6,17,553500,20210522: ,20251024: ,2021|클래식:2;2021|어린이·가족:1;2024|어린이·가족:1;2025|클래식:2
00000011451,2,8,192000,20210522: ,20210821: ,2021|클래식:2
00000003368,2,2,72000,20210522: ,20220603: ,2021|클래식:1;2022|클래식:1
00000002704,1,10,300000,20210522: ,20210522: ,2021|클래식:1
00000011123,2,3,81000,20210522: ,20221001: ,2021|클래식:1;2022|클래식:1
00000010431,3,9,162000,20210522: ,20221208: ,2021|클래식:1;2022|클래식:2
00000004904,1,2,54000,20210522: ,20210522: ,2021|클래식:1
00000004481,4,10,247000,20210522: ,20230323: ,2021|클래식:2;2021|발레/연극:1;2023|클래식:1
00000013985,10,28,918500,20201018: ,20250719: ,2021|클래식:1;2022|클래식:1;2022|미상:1;2023|뮤지컬:1;2023|클래식:1;2024|클래식:1;2024|어린이·가족:1;2025|어린이·가족:1;2025|발레/연극:1;2020|클래식:1
00000006001,4,11,328500,20210522: ,20230429: ,2021|클래식:1;2022|클래식:1;2023|클래식:1;2023|뮤지컬:1
00000006607,8,25,730000,20210522: ,20251115: ,2021|클래식:1;2021|발레/연극:1;2021|어린이·가족:1;2022|어린이·가족:1;2023|뮤지컬:1;2023|클래식:1;2023|어린이·가족:1;2025|클래식:1
00000008125,1,2,51000,20210522: ,20210522: ,2021|클래식:1
00000003114,7,17,541000,20210529: ,20250517: ,2021|발레/연극:1;2022|미상:1;2023|뮤지컬:1;2023|어린이·가족:1;2024|어린이·가족:2;2025|기타:1
00000002762,1,1,45000,20210529: ,20210529: ,2021|발레/연극:1
00000000023,9,15,972000,20210529: ,20250720: ,2021|발레/연극:1;2022|뮤지컬:2;2023|발레/연극:1;2023|뮤지컬:1;2024|뮤지컬:2;2025|발레/연극:2
00000003982,11,26,1141000,20210529: ,20231014: ,2021|발레/연극:1;2022|발레/연극:2;2022|클래식:2;2023|클래식:5;2023|발레/연극:1
00000005796,5,12,448000,20210529: ,20220901: ,2021|발레/연극:1;2021|클래식:2;2022|뮤지컬:1;2022|클래식:1
00000020444,2,4,163000,20210529: ,20250308: ,2021|발레/연극:1;2025|클래식:1
00000011002,1,2,100000,20210529: ,20210529: ,2021|발레/연극:1
00000012191,4,8,318700,20201024: ,20250308: ,2021|발레/연극:1;2024|발레/연극:1;2025|클래식:1;2020|뮤지컬:1
00000003459,1,2,90000,20210529: ,20210529: ,2021|발레/연극:1
00000019108,3,6,285000,20210529: ,20230916: ,2021|발레/연극:1;2023|뮤지컬:1;2023|어린이·가족:1
00000016636,3,6,297000,20210529: ,20220923: ,2021|발레/연극:1;2022|발레/연극:2
00000009492,7,11,835500,20210529: ,20250424: ,2021|발레/연극:1;2021|뮤지컬:1;2022|발레/연극:2;2023|발레/연극:1;2024|클래식:1;2025|발레/연극:1
00000005876,7,18,1200000,20201126: ,20230610: ,2021|발레/연극:1;2021|어린이·가족:1;2022|뮤지컬:2;2022|어린이·가족:1;2023|발레/연극:1;2020|클래식:1
00000002286,2,8,266000,20210529: ,20251129: ,2021|발레/연극:1;2025|발레/연극:1
00000008396,20,35,3796000,20210529: ,20230609: ,2021|발레/연극:1;2021|뮤지컬:2;2022|뮤지컬:12;2022|발레/연극:4;2023|발레/연극:1
00000003718,6,11,646000,20201225: ,20241221: ,2021|발레/연극:1;2022|뮤지컬:1;2023|클래식:1;2024|클래식:1;2020|클래식:2
00000016984,4,5,373000,20210529: ,20230609: ,2021|발레/연극:1;2022|클래식:1;2022|뮤지컬:1;2023|발레/연극:1
00000014015,1,2,90000,20210529: ,20210529: ,2021|발레/연극:1
00000014872,1,2,90000,20210529: ,20210529: ,2021|발레/연극:1
00000005945,4,5,385000,20201018: ,20220417: ,2021|발레/연극:1;2021|클래식:1;2022|뮤지컬:1;2020|클래식:1
00000006451,5,12,437300,20200605: ,20250920: ,2021|발레/연극:1;2021|클래식:1;2021|어린이·가족:1;2025|어린이·가족:1;2020|클래식:1
00000014674,1,4,150000,20210529: ,20210529: ,2021|발레/연극:1
00000003974,3,6,607000,20210529: ,20241123: ,2021|발레/연극:1;2023|뮤지컬:1;2024|뮤지컬:1
00000000461,5,11,360000,20210529: ,20250904: ,2021|발레/연극:1;2021|클래식:1;2022|클래식:1;2023|클래식:1;2025|클래식:1
00000010287,4,7,555000,20210529: ,20250216: ,2021|발레/연극:1;2022|발레/연극:1;2024|클래식:1;2025|뮤지컬:1
00000012953,7,15,549000,20201205: ,20250308: ,2021|발레/연극:1;2021|클래식:2;2021|뮤지컬:1;2022|미상:1;2025|클래식:1;2020|클래식:1
00000011655,12,39,2523800,20210529: ,20251123: ,2021|발레/연극:1;2021|어린이·가족:2;2022|발레/연극:2;2023|뮤지컬:1;2024|발레/연극:1;2025|발레/연극:1;2025|기타:1;2025|뮤지컬:2;2025|어린이·가족:1
00000009764,5,7,710000,20210529: ,20251122: ,2021|발레/연극:1;2022|뮤지컬:1;2025|발레/연극:1;2025|뮤지컬:2
00000007452,6,19,1311000,20210529: ,20230610: ,2021|발레/연극:1;2021|클래식:1;2022|미상:1;2023|클래식:1;2023|뮤지컬:1;2023|발레/연극:1
00000019941,3,4,240000,20201126: ,20221015: ,2021|발레/연극:1;2020|클래식:1;2022|클래식:1
00000022119,10,32,1676000,20210529: ,20250719: ,2021|발레/연극:1;2021|어린이·가족:1;2022|뮤지컬:1;2022|어린이·가족:2;2023|뮤지컬:2;2024|뮤지컬:1;2025|발레/연극:2
00000003029,15,32,1821400,20201018: ,20250529: ,2021|발레/연극:1;2021|클래식:1;2022|클래식:2;2023|클래식:3;2024|클래식:1;2024|뮤지컬:1;2024|발레/연극:1;2025|발레/연극:1;2020|클래식:4
00000020757,6,14,956000,20201225: ,20211211: ,2021|발레/연극:1;2021|클래식:1;2021|뮤지컬:2;2020|클래식:2
00000015173,9,22,698000,20210529: ,20250308: ,2021|발레/연극:2;2022|미상:1;2023|클래식:2;2023|어린이·가족:2;2025|클래식:2
00000008267,4,8,484000,20201018: ,20241011: ,2021|발레/연극:1;2024|뮤지컬:1;2024|클래식:1;2020|클래식:1
00000001157,1,2,90000,20210529: ,20210529: ,2021|발레/연극:1
00000000752,4,10,567800,20201126: ,20241225: ,2021|발레/연극:1;2023|뮤지컬:1;2024|발레/연극:1;2020|클래식:1
00000002300,22,41,1020000,20210529: ,20251026: ,2021|발레/연극:1;2021|클래식:3;2021|어린이·가족:1;2022|클래식:3;2022|발레/연극:1;2023|클래식:5;2023|뮤지컬:1;2024|클래식:2;2025|클래식:5
00000008200,5,8,214000,20210529: ,20250719: ,2021|발레/연극:2;2021|클래식:1;2024|클래식:1;2025|발레/연극:1
00000002653,14,17,609000,20210529: ,20251026: ,2021|발레/연극:1;2021|클래식:1;2022|클래식:2;2022|발레/연극:1;2023|클래식:2;2024|클래식:3;2025|클래식:4
00000000115,1,2,85000,20210529: ,20210529: ,2021|발레/연극:1
00000016478,5,17,1020000,20210529: ,20250706: ,2021|발레/연극:1;2022|클래식:1;2023|뮤지컬:1;2024|클래식:1;2025|뮤지컬:1
00000013812,2,2,77000,20210529: ,20220702: ,2021|발레/연극:1;2022|발레/연극:1
00000001042,12,30,1139000,20210529: ,20241204: ,2021|발레/연극:1;2021|어린이·가족:1;2022|클래식:1;2022|발레/연극:1;2023|클래식:5;2024|클래식:3
00000014620,3,10,456000,20201018: ,20211211: ,2021|발레/연극:1;2021|뮤지컬:1;2020|클래식:1
00000001250,3,5,220000,20210529: ,20210529: ,2021|발레/연극:3
00000002069,9,27,1161000,20210529: ,20240714: ,2021|발레/연극:1;2021|어린이·가족:1;2022|클래식:2;2023|뮤지컬:1;2023|클래식:3;2024|뮤지컬:1
00000006677,20,31,818000,20210529: ,20251115: ,2021|발레/연극:1;2021|어린이·가족:1;2022|클래식:6;2022|어린이·가족:1;2022|미상:2;2023|클래식:4;2024|클래식:2;2025|클래식:3
00000022518,1,3,130000,20210529: ,20210529: ,2021|발레/연극:1
00000002284,1,2,90000,20210529: ,20210529: ,2021|발레/연극:1
00000015636,5,8,386000,20201016: ,20231223: ,2021|발레/연극:1;2021|클래식:1;2022|클래식:1;2023|클래식:1;2020|클래식:1
00000021941,2,4,342000,20210529: ,20230407: ,2021|발레/연극:1;2023|뮤지컬:1
00000007602,8,12,756000,20210529: ,20251122: ,2021|발레/연극:1;2021|클래식:3;2021|뮤지컬:1;2022|클래식:1;2023|클래식:1;2025|뮤지컬:1
00000016028,6,6,479000,20210529: ,20250705: ,2021|발레/연극:1;2022|발레/연극:1;2023|발레/연극:1;2025|발레/연극:2;2025|뮤지컬:1
00000004664,2,5,169000,20210529: ,20211002: ,2021|발레/연극:1;2021|어린이·가족:1
00000003303,8,25,2429000,20201024: ,20251123: ,2021|발레/연극:1;2022|뮤지컬:1;2023|뮤지컬:1;2025|뮤지컬:2;2025|클래식:1;2020|뮤지컬:1;2020|클래식:1
00000013191,2,4,187000,20210529: ,20210917: ,2021|발레/연극:1;2021|클래식:1
00000012764,5,10,805000,20210529: ,20230407: ,2021|발레/연극:1;2021|클래식:1;2022|클래식:1;2022|발레/연극:1;2023|뮤지컬:1
00000003211,3,7,541000,20210529: ,20250705: ,2021|발레/연극:1;2023|클래식:1;2025|뮤지컬:1
00000007755,1,2,85000,20210529: ,20210529: ,2021|발레/연극:1
00000021615,1,4,150000,20210529: ,20210529: ,2021|발레/연극:1
00000008262,1,1,45000,20210529: ,20210529: ,2021|발레/연극:1
00000021012,6,7,105000,20210529: ,20250529: ,2021|발레/연극:1;2022|미상:4;2025|발레/연극:1
00000006702,2,5,206800,20210529: ,20250802: ,2021|발레/연극:1;2025|어린이·가족:1
00000002387,1,3,110000,20210529: ,20210529: ,2021|발레/연극:1
00000009663,5,12,748000,20210529: ,20220820: ,2021|발레/연극:1;2021|클래식:1;2022|뮤지컬:1;2022|클래식:2
00000015250,2,4,301000,20210529: ,20230408: ,2021|발레/연극:1;2023|뮤지컬:1
00000008397,2,6,216400,20210529: ,20250802: ,2021|발레/연극:1;2025|어린이·가족:1
00000002120,1,2,70000,20210529: ,20210529: ,2021|발레/연극:1
00000019894,10,13,929500,20210529: ,20231225: ,2021|발레/연극:1;2021|뮤지컬:2;2022|뮤지컬:3;2022|발레/연극:1;2023|발레/연극:3
00000006723,2,4,355000,20210529: ,20221203: ,2021|발레/연극:1;2022|뮤지컬:1
00000000237,1,4,150000,20210529: ,20210529: ,2021|발레/연극:1
00000003396,5,19,513000,20210529: ,20250517: ,2021|발레/연극:1;2022|클래식:2;2023|발레/연극:1;2025|기타:1
00000019665,20,53,3362000,20201024: ,20251123: ,2021|발레/연극:2;2022|발레/연극:2;2022|어린이·가족:4;2022|미상:1;2023|뮤지컬:1;2023|클래식:1;2023|발레/연극:1;2023|어린이·가족:1;2024|뮤지컬:1;2024|발레/연극:1;2025|뮤지컬:3;2025|발레/연극:1;2020|뮤지컬:1
00000017492,2,4,337000,20210529: ,20211211: ,2021|발레/연극:1;2021|뮤지컬:1
00000010538,6,22,1252000,20210529: ,20250308: ,2021|발레/연극:1;2022|뮤지컬:2;2022|발레/연극:1;2024|발레/연극:1;2025|클래식:1
00000018502,2,8,302000,20210529: ,20231223: ,2021|발레/연극:1;2023|발레/연극:1
00000001010,4,8,396000,20210529: ,20230609: ,2021|발레/연극:1;2022|발레/연극:2;2023|발레/연극:1
00000021513,3,12,462500,20210529: ,20230409: ,2021|발레/연극:1;2022|어린이·가족:1;2023|뮤지컬:1
00000013354,1,10,385000,20210529: ,20210529: ,2021|발레/연극:1
00000020087,3,8,298000,20210529: ,20230519: ,2021|발레/연극:1;2021|어린이·가족:1;2023|클래식:1
00000007787,1,2,85000,20210529: ,20210529: ,2021|발레/연극:1
00000012069,18,18,947000,20210529: ,20250529: ,2021|발레/연극:1;2021|클래식:1;2022|클래식:3;2023|발레/연극:1;2023|클래식:6;2024|클래식:3;2025|클래식:1;2025|발레/연극:2
00000007908,5,16,818000,20201018: ,20231020: ,2021|발레/연극:1;2022|뮤지컬:1;2023|클래식:2;2020|클래식:1
00000022635,1,2,90000,20210529: ,20210529: ,2021|발레/연극:1
00000018528,2,5,150000,20210529: ,20220914: ,2021|발레/연극:1;2022|미상:1
00000001008,3,8,348000,20210529: ,20230610: ,2021|발레/연극:1;2022|발레/연극:1;2023|발레/연극:1
00000017296,1,2,90000,20210529: ,20210529: ,2021|발레/연극:1
00000002401,2,2,176000,20210529: ,20211211: ,2021|발레/연극:1;2021|뮤지컬:1
00000008305,2,2,69500,20210529: ,20230902: ,2021|발레/연극:1;2023|발레/연극:1
00000021848,3,6,440000,20210529: ,20241123: ,2021|발레/연극:1;2021|뮤지컬:1;2024|뮤지컬:1
00000005110,5,11,424000,20210529: ,20250529: ,2021|발레/연극:1;2022|발레/연극:1;2023|어린이·가족:1;2024|어린이·가족:1;2025|발레/연극:1
00000022484,6,12,493000,20210529: ,20231130: ,2021|발레/연극:1;2021|뮤지컬:1;2022|어린이·가족:2;2022|미상:1;2023|클래식:1
00000012443,1,3,130000,20210529: ,20210529: ,2021|발레/연극:1
00000012155,2,4,144000,20210529: ,20220819: ,2021|발레/연극:1;2022|클래식:1
00000011027,3,3,153000,20201225: ,20210617: ,2021|클래식:1;2020|클래식:2
00000016666,2,2,22500,20210617: ,20220324: ,2021|클래식:1;2022|클래식:1
00000009007,1,1,9000,20210617: ,20210617: ,2021|클래식:1
00000012685,10,14,1091000,20201225: ,20250704: ,2021|클래식:1;2023|클래식:3;2023|발레/연극:1;2024|뮤지컬:1;2024|발레/연극:1;2025|뮤지컬:1;2020|클래식:2
00000020604,30,60,1977000,20201018: ,20251025: ,2021|클래식:7;2022|클래식:3;2023|클래식:7;2024|클래식:7;2025|클래식:5;2020|클래식:1
00000022636,1,1,9000,20210617: ,20210617: ,2021|클래식:1
00000008942,10,17,373500,20210617: ,20251204: ,2021|클래식:2;2022|클래식:2;2023|클래식:2;2024|클래식:3;2025|클래식:1
00000010890,7,12,273500,20210617: ,20231214: ,2021|클래식:3;2022|클래식:1;2023|클래식:3
00000011680,18,42,1892400,20210617: ,20250802: ,2021|클래식:3;2021|발레/연극:1;2022|클래식:1;2022|미상:2;2023|클래식:2;2024|클래식:3;2024|뮤지컬:3;2024|어린이·가족:1;2025|어린이·가족:2
00000000794,15,38,551000,20210617: ,20241204: ,2021|클래식:3;2022|클래식:4;2022|발레/연극:1;2023|클래식:3;2024|클래식:3;2024|기타:1
00000020306,7,15,301800,20210617: ,20250803: ,2021|클래식:1;2023|클래식:3;2024|클래식:2;2025|어린이·가족:1
00000000772,3,3,143000,20210617: ,20231223: ,2021|클래식:1;2023|클래식:2
00000000277,1,2,18000,20210617: ,20210617: ,2021|클래식:1
00000022324,9,17,554500,20210617: ,20250705: ,2021|클래식:3;2022|클래식:3;2023|클래식:1;2023|발레/연극:1;2025|뮤지컬:1
00000019040,10,19,743000,20201016: ,20241012: ,2021|클래식:4;2023|클래식:1;2024|클래식:1;2020|클래식:3;2022|클래식:1
00000022364,3,4,103700,20210617: ,20250802: ,2021|클래식:1;2023|클래식:1;2025|어린이·가족:1
00000006109,3,7,67000,20210617: ,20231130: ,2021|클래식:2;2023|클래식:1
00000001230,10,12,208800,20201202: ,20241225: ,2021|클래식:1;2022|클래식:3;2023|클래식:2;2024|클래식:2;2024|발레/연극:1;2020|클래식:1
00000016505,1,3,28000,20210617: ,20210617: ,2021|클래식:1
00000012456,6,9,108000,20210617: ,20230921: ,2021|클래식:3;2022|클래식:2;2023|클래식:1
00000015441,7,17,747000,20201225: ,20241116: ,2021|클래식:2;2021|어린이·가족:1;2022|어린이·가족:1;2024|뮤지컬:1;2020|클래식:2
00000012551,13,17,1106300,20210617: ,20251122: ,2021|클래식:2;2021|뮤지컬:1;2022|클래식:1;2023|클래식:3;2024|발레/연극:2;2025|클래식:2;2025|뮤지컬:2
00000002368,14,29,703400,20210617: ,20250803: ,2021|클래식:2;2021|어린이·가족:2;2023|클래식:2;2023|발레/연극:2;2024|클래식:4;2025|클래식:1;2025|어린이·가족:1
00000002721,3,3,45000,20210617: ,20231223: ,2021|클래식:2;2023|클래식:1
00000006610,3,10,94000,20210617: ,20211202: ,2021|클래식:3
00000011650,1,1,9000,20210617: ,20210617: ,2021|클래식:1
00000018419,5,5,175500,20210617: ,20251123: ,2021|클래식:2;2023|클래식:1;2024|클래식:1;2025|뮤지컬:1
00000007011,8,13,130500,20210617: ,20231202: ,2021|클래식:3;2022|클래식:3;2022|미상:1;2023|클래식:1
00000020891,21,21,879000,20201225: ,20250308: ,2021|클래식:5;2022|클래식:2;2022|미상:1;2023|클래식:5;2024|클래식:4;2025|클래식:2;2020|클래식:2
00000002905,3,7,217500,20210617: ,20250308: ,2021|클래식:1;2025|클래식:2
00000019032,4,7,84000,20210617: ,20230921: ,2021|클래식:2;2022|클래식:1;2023|클래식:1
00000012673,3,7,94000,20210617: ,20250327: ,2021|클래식:2;2025|클래식:1
00000012387,1,4,38000,20210617: ,20210617: ,2021|클래식:1
00000015202,3,6,169000,20210617: ,20231020: ,2021|클래식:1;2022|클래식:1;2023|클래식:1
00000017064,2,4,36000,20200619: ,20210617: ,2021|클래식:1;2020|클래식:1
00000016790,12,22,354500,20210617: ,20250522: ,2021|클래식:2;2022|클래식:1;2023|클래식:4;2024|클래식:3;2025|클래식:2
00000015303,3,5,63000,20210617: ,20230323: ,2021|클래식:1;2022|클래식:1;2023|클래식:1
00000009328,3,6,55000,20210617: ,20211202: ,2021|클래식:3
00000003627,2,4,45000,20210617: ,20221208: ,2021|클래식:1;2022|클래식:1
00000004827,19,41,888000,20201017: ,20250911: ,2021|클래식:4;2022|클래식:3;2023|클래식:3;2024|클래식:6;2025|클래식:2;2020|클래식:1
00000005579,6,11,177500,20210617: ,20250710: ,2021|클래식:3;2022|클래식:1;2023|클래식:1;2025|클래식:1
00000003420,3,6,68500,20210617: ,20220616: ,2021|클래식:1;2022|클래식:2
00000010478,9,20,519000,20200619: ,20251026: ,2021|클래식:1;2021|발레/연극:2;2022|클래식:1;2023|클래식:1;2025|발레/연극:1;2025|클래식:1;2020|클래식:2
00000005124,11,19,556300,20210617: ,20251128: ,2021|클래식:2;2022|클래식:1;2023|클래식:2;2023|발레/연극:1;2024|클래식:1;2024|뮤지컬:1;2025|어린이·가족:1;2025|클래식:1;2025|발레/연극:1
00000006602,3,7,165000,20201205: ,20210617: ,2021|클래식:2;2020|클래식:1
00000016648,1,1,9000,20210617: ,20210617: ,2021|클래식:1
00000017915,4,11,180000,20210617: ,20240320: ,2021|클래식:3;2024|클래식:1
00000020475,1,2,18000,20210617: ,20210617: ,2021|클래식:1
00000006582,1,1,9000,20210617: ,20210617: ,2021|클래식:1
00000013683,1,1,10000,20210617: ,20210617: ,2021|클래식:1
00000011740,12,14,446500,20201126: ,20251024: ,2021|클래식:1;2022|클래식:2;2022|미상:1;2023|클래식:2;2024|클래식:1;2025|클래식:3;2025|발레/연극:1;2020|클래식:1
00000010380,2,2,54000,20210617: ,20221014: ,2021|클래식:1;2022|클래식:1
00000002343,2,2,12500,20210617: ,20220324: ,2021|클래식:1;2022|클래식:1
00000004761,2,4,50000,20210617: ,20230323: ,2021|클래식:1;2023|클래식:1
00000016905,12,23,916000,20210617: ,20240119: ,2021|클래식:2;2021|어린이·가족:1;2022|클래식:2;2022|어린이·가족:1;2022|발레/연극:1;2023|클래식:3;2023|발레/연극:1;2024|클래식:1
00000021726,7,15,394000,20200619: ,20250308: ,2021|클래식:2;2022|미상:1;2023|클래식:1;2025|클래식:2;2020|클래식:1
00000013803,2,6,56000,20210617: ,20210909: ,2021|클래식:2
00000006960,4,8,129000,20200619: ,20250522: ,2021|클래식:1;2023|클래식:1;2025|클래식:1;2020|클래식:1
00000010028,2,4,131000,20210821: ,20211002: ,2021|클래식:1;2021|어린이·가족:1
00000022612,4,12,429000,20210821: ,20230916: ,2021|클래식:1;2021|어린이·가족:1;2023|뮤지컬:1;2023|어린이·가족:1
00000012537,4,7,546000,20210821: ,20251123: ,2021|클래식:1;2025|뮤지컬:3
00000020290,2,4,71000,20210821: ,20250308: ,2021|클래식:1;2025|클래식:1
00000002877,5,12,924500,20201225: ,20230407: ,2021|클래식:2;2023|뮤지컬:1;2020|클래식:2
00000002437,1,2,51000,20210821: ,20210821: ,2021|클래식:1
00000011577,5,12,658000,20210821: ,20250911: ,2021|클래식:1;2022|뮤지컬:1;2023|클래식:1;2024|뮤지컬:1;2025|클래식:1
00000013363,4,12,768000,20201024: ,20230408: ,2021|클래식:1;2022|뮤지컬:1;2023|뮤지컬:1;2020|뮤지컬:1
00000017606,3,9,180000,20210821: ,20240904: ,2021|클래식:1;2024|클래식:2
00000018166,1,3,78000,20210821: ,20210821: ,2021|클래식:1
00000016420,7,14,802000,20210821: ,20250706: ,2021|클래식:1;2022|어린이·가족:1;2022|클래식:1;2022|발레/연극:1;2023|어린이·가족:1;2024|뮤지컬:1;2025|뮤지컬:1
00000008554,1,2,60000,20210821: ,20210821: ,2021|클래식:1
00000001389,4,11,469500,20210821: ,20230826: ,2021|클래식:1;2022|클래식:1;2022|발레/연극:1;2023|클래식:1
00000006054,4,6,136500,20210821: ,20240605: ,2021|클래식:1;2022|어린이·가족:1;2023|클래식:1;2024|클래식:1
00000003566,4,12,362000,20210821: ,20250904: ,2021|클래식:1;2022|어린이·가족:1;2023|클래식:1;2025|클래식:1
00000016092,5,23,1737500,20210821: ,20240713: ,2021|클래식:1;2024|발레/연극:1;2024|뮤지컬:3
00000006466,1,2,54000,20210821: ,20210821: ,2021|클래식:1
00000007786,3,5,466000,20210821: ,20240713: ,2021|클래식:1;2021|뮤지컬:1;2024|뮤지컬:1
00000021346,1,2,54000,20210821: ,20210821: ,2021|클래식:1
00000014743,2,10,341500,20210821: ,20211002: ,2021|클래식:1;2021|어린이·가족:1
00000000983,6,11,196500,20210821: ,20241204: ,2021|클래식:1;2022|클래식:2;2022|어린이·가족:1;2024|클래식:2
00000007191,1,3,84000,20210821: ,20210821: ,2021|클래식:1
00000015193,1,3,78000,20210821: ,20210821: ,2021|클래식:1
00000017803,2,4,303000,20210821: ,20211210: ,2021|클래식:1;2021|뮤지컬:1
00000013019,3,8,280200,20210821: ,20250920: ,2021|클래식:1;2021|발레/연극:1;2025|어린이·가족:1
00000009865,2,4,324000,20210821: ,20220416: ,2021|클래식:1;2022|뮤지컬:1
00000005370,1,3,84000,20210821: ,20210821: ,2021|클래식:1
00000007301,3,11,311500,20210821: ,20251129: ,2021|클래식:1;2025|발레/연극:2
00000016998,1,2,54000,20210821: ,20210821: ,2021|클래식:1
00000008825,3,5,191000,20210821: ,20211224: ,2021|클래식:1;2021|어린이·가족:1;2021|발레/연극:1
00000010519,3,6,267000,20210821: ,20220120: ,2021|클래식:1;2021|어린이·가족:1;2022|클래식:1
00000019870,8,11,330000,20210827: ,20231202: ,2021|클래식:7;2023|클래식:1
00000015144,11,21,1984000,20210827: ,20240713: ,2021|클래식:2;2022|클래식:1;2022|뮤지컬:2;2022|발레/연극:1;2023|클래식:1;2023|뮤지컬:2;2023|발레/연극:1;2024|뮤지컬:1
00000006029,6,6,393500,20210827: ,20230826: ,2021|클래식:1;2021|뮤지컬:1;2022|뮤지컬:1;2022|클래식:1;2023|클래식:2
00000006798,2,2,153000,20210827: ,20220924: ,2021|클래식:1;2022|발레/연극:1
00000022444,4,6,305200,20210827: ,20250803: ,2021|클래식:1;2021|어린이·가족:1;2024|클래식:1;2025|어린이·가족:1
00000004291,7,8,572500,20201016: ,20250116: ,2021|클래식:1;2022|클래식:1;2022|뮤지컬:1;2023|클래식:2;2025|클래식:1;2020|클래식:1
00000014616,7,14,1081000,20210827: ,20231110: ,2021|클래식:1;2021|뮤지컬:1;2021|발레/연극:1;2022|뮤지컬:1;2022|클래식:2;2023|클래식:1
00000003145,2,3,171000,20210827: ,20250424: ,2021|클래식:1;2025|발레/연극:1
00000004623,8,14,867000,20210827: ,20231216: ,2021|클래식:1;2022|클래식:4;2022|발레/연극:1;2023|뮤지컬:1;2023|발레/연극:1
00000001984,11,25,631000,20210827: ,20250522: ,2021|클래식:1;2022|클래식:3;2023|클래식:3;2024|클래식:3;2025|클래식:1
00000010390,27,46,1554500,20201016: ,20251026: ,2021|클래식:3;2022|발레/연극:1;2023|클래식:6;2023|발레/연극:1;2024|클래식:7;2025|클래식:3;2020|클래식:3;2022|클래식:3
00000022106,1,1,9000,20210909: ,20210909: ,2021|클래식:1
00000007833,10,30,1159000,20210909: ,20250710: ,2021|클래식:1;2022|클래식:2;2023|클래식:1;2024|클래식:3;2025|발레/연극:1;2025|뮤지컬:1;2025|클래식:1
00000018769,27,144,2291000,20200619: ,20250710: ,2021|클래식:2;2022|클래식:5;2023|클래식:10;2024|클래식:7;2025|클래식:2;2020|클래식:1
00000014054,15,30,416000,20210909: ,20251204: ,2021|클래식:2;2022|클래식:3;2023|클래식:3;2024|클래식:4;2025|클래식:3
00000021488,2,2,36000,20210909: ,20231012: ,2021|클래식:1;2023|클래식:1
00000014446,3,4,37000,20200619: ,20210909: ,2021|클래식:1;2020|클래식:2
00000009575,4,6,336000,20201225: ,20250215: ,2021|클래식:1;2025|뮤지컬:1;2020|클래식:2
00000002054,2,4,110000,20210909: ,20220324: ,2021|클래식:1;2022|클래식:1
00000012766,4,9,409800,20210909: ,20250803: ,2021|클래식:2;2021|뮤지컬:1;2025|어린이·가족:1
00000011812,16,38,625000,20210909: ,20251204: ,2021|클래식:1;2022|클래식:4;2023|클래식:4;2024|클래식:2;2025|클래식:4;2025|어린이·가족:1
00000002731,6,10,127500,20210909: ,20240320: ,2021|클래식:1;2022|클래식:1;2023|클래식:3;2024|클래식:1
00000002028,12,15,431200,20210909: ,20250920: ,2021|클래식:2;2021|어린이·가족:1;2022|클래식:4;2022|어린이·가족:1;2023|클래식:2;2025|클래식:1;2025|어린이·가족:1
00000015653,8,16,198000,20210909: ,20230622: ,2021|클래식:2;2022|클래식:4;2023|클래식:2
00000013390,28,46,1171500,20200619: ,20250911: ,2021|클래식:2;2022|클래식:5;2022|발레/연극:1;2023|클래식:8;2023|발레/연극:1;2024|클래식:6;2025|클래식:4;2020|클래식:1
00000010868,21,22,991500,20201126: ,20251026: ,2021|클래식:2;2022|클래식:7;2023|클래식:8;2023|뮤지컬:1;2025|클래식:2;2020|클래식:1
00000006779,9,17,208000,20200619: ,20231214: ,2021|클래식:2;2022|클래식:4;2023|클래식:2;2020|클래식:1
00000021714,5,10,184000,20210909: ,20230323: ,2021|클래식:1;2022|클래식:3;2023|클래식:1
00000001519,18,35,817500,20210909: ,20251204: ,2021|클래식:4;2022|클래식:3;2023|클래식:2;2024|클래식:5;2025|클래식:4
00000005327,14,24,1064500,20201126: ,20250904: ,2021|클래식:2;2022|클래식:1;2023|클래식:6;2025|뮤지컬:1;2025|클래식:1;2020|클래식:3
00000007639,8,23,513000,20210909: ,20231214: ,2021|클래식:2;2022|클래식:2;2023|뮤지컬:1;2023|클래식:3
00000010497,8,17,216000,20210909: ,20241204: ,2021|클래식:2;2022|클래식:3;2023|클래식:2;2024|클래식:1
00000014075,1,3,28000,20210909: ,20210909: ,2021|클래식:1
00000007202,2,3,262000,20210909: ,20251123: ,2021|클래식:1;2025|뮤지컬:1
00000009444,4,5,400000,20201126: ,20241126: ,2021|클래식:2;2024|클래식:1;2020|클래식:1
00000020856,3,3,190000,20201126: ,20210911: ,2021|클래식:2;2020|클래식:1
00000014790,6,11,1022000,20201126: ,20240713: ,2021|클래식:1;2023|발레/연극:1;2023|클래식:1;2024|뮤지컬:1;2020|클래식:2
00000017326,6,8,775000,20201126: ,20211210: ,2021|클래식:2;2021|뮤지컬:2;2020|클래식:2
00000021150,2,3,234000,20210911: ,20220708: ,2021|클래식:1;2022|클래식:1
00000001635,4,8,792000,20210911: ,20250904: ,2021|클래식:1;2025|뮤지컬:2;2025|클래식:1
00000011377,3,3,330000,20201126: ,20210911: ,2021|클래식:2;2020|클래식:1
00000021178,5,7,403200,20210911: ,20250803: ,2021|클래식:2;2025|클래식:1;2025|어린이·가족:2
00000008567,5,6,257000,20201018: ,20251024: ,2021|클래식:1;2025|클래식:3;2020|클래식:1
00000015478,1,1,110000,20210911: ,20210911: ,2021|클래식:1
00000001695,2,2,180000,20210911: ,20210911: ,2021|클래식:2
00000017499,2,2,220000,20210911: ,20210911: ,2021|클래식:2
00000020353,23,23,1813500,20201126: ,20251122: ,2021|클래식:2;2021|뮤지컬:1;2022|뮤지컬:2;2022|미상:1;2023|뮤지컬:1;2023|발레/연극:1;2023|클래식:4;2024|뮤지컬:2;2024|클래식:1;2025|뮤지컬:3;2025|발레/연극:3;2020|클래식:2
00000000447,1,1,110000,20210911: ,20210911: ,2021|클래식:1
00000020246,2,2,220000,20210911: ,20210911: ,2021|클래식:2
00000007062,3,6,240500,20210911: ,20250904: ,2021|클래식:1;2025|클래식:2
00000014538,3,3,290000,20201126: ,20210911: ,2021|클래식:1;2020|클래식:2
00000009138,3,5,178000,20201018: ,20220120: ,2021|클래식:1;2022|클래식:1;2020|클래식:1
00000005751,4,5,490000,20201126: ,20220120: ,2021|클래식:1;2022|클래식:1;2020|클래식:2
00000017683,3,5,670000,20201126: ,20251123: ,2021|클래식:1;2025|뮤지컬:1;2020|클래식:1
00000017633,8,10,508500,20201016: ,20251025: ,2021|클래식:1;2023|클래식:2;2025|클래식:2;2020|클래식:1;2022|클래식:2
00000011219,1,1,110000,20210911: ,20210911: ,2021|클래식:1
00000008802,2,2,220000,20210911: ,20210911: ,2021|클래식:2
00000011164,2,2,220000,20210911: ,20210911: ,2021|클래식:2
00000013074,1,1,110000,20210911: ,20210911: ,2021|클래식:1
00000001419,5,7,395000,20201016: ,20231020: ,2021|클래식:2;2023|클래식:1;2020|클래식:2
00000008376,3,3,162500,20201126: ,20220924: ,2021|클래식:1;2022|발레/연극:1;2020|클래식:1
00000008496,1,1,110000,20210911: ,20210911: ,2021|클래식:1
00000018772,1,1,110000,20210911: ,20210911: ,2021|클래식:1
00000000601,3,3,270000,20201126: ,20220603: ,2021|클래식:1;2022|클래식:1;2020|클래식:1
00000000600,3,4,330000,20201126: ,20220917: ,2021|클래식:1;2022|미상:1;2020|클래식:1
00000006148,13,21,1510500,20210911: ,20250720: ,2021|클래식:2;2021|뮤지컬:1;2022|뮤지컬:1;2022|발레/연극:1;2023|클래식:1;2024|발레/연극:1;2024|뮤지컬:1;2024|클래식:1;2025|클래식:1;2025|뮤지컬:2;2025|발레/연극:1
00000009842,3,3,220000,20210911: ,20220913: ,2021|클래식:1;2022|뮤지컬:1;2022|미상:1
00000016733,11,19,1085000,20201017: ,20231110: ,2021|클래식:3;2022|클래식:3;2023|클래식:2;2020|클래식:3
00000018020,6,11,1451000,20210911: ,20251123: ,2021|클래식:1;2023|뮤지컬:1;2024|뮤지컬:1;2025|뮤지컬:3
00000011438,3,6,322000,20210911: ,20230519: ,2021|클래식:2;2023|클래식:1
00000005997,4,6,218000,20210911: ,20231223: ,2021|클래식:1;2022|미상:1;2023|클래식:2
00000017832,2,4,288000,20210917: ,20220924: ,2021|클래식:1;2022|발레/연극:1
00000002231,1,2,126000,20210917: ,20210917: ,2021|클래식:1
00000019215,11,15,769500,20210917: ,20240906: ,2021|클래식:3;2022|클래식:1;2023|클래식:6;2024|클래식:1
00000001602,6,12,630500,20201018: ,20220708: ,2021|클래식:1;2022|클래식:2;2020|클래식:3
00000016461,9,15,1119000,20201018: ,20250308: ,2021|클래식:2;2022|클래식:1;2022|어린이·가족:1;2023|뮤지컬:2;2025|뮤지컬:1;2025|클래식:1;2020|클래식:1
00000017122,2,3,329500,20210917: ,20220416: ,2021|클래식:1;2022|뮤지컬:1
00000013728,1,2,100000,20210917: ,20210917: ,2021|클래식:1
00000005252,2,4,212500,20210917: ,20231110: ,2021|클래식:1;2023|클래식:1
00000000859,7,14,1104000,20210917: ,20250308: ,2021|클래식:1;2022|뮤지컬:1;2023|뮤지컬:1;2023|발레/연극:1;2023|클래식:2;2025|클래식:1
00000004701,12,21,989500,20210917: ,20250529: ,2021|클래식:1;2022|클래식:2;2022|미상:1;2022|뮤지컬:1;2023|클래식:2;2023|발레/연극:2;2024|클래식:1;2024|발레/연극:1;2025|발레/연극:1
00000010292,6,8,405500,20201016: ,20231223: ,2021|클래식:1;2023|클래식:2;2020|클래식:3
00000012873,1,2,119000,20210917: ,20210917: ,2021|클래식:1
00000012947,2,4,211000,20210917: ,20231110: ,2021|클래식:1;2023|클래식:1
00000014567,1,2,126000,20210917: ,20210917: ,2021|클래식:1
00000007138,10,17,1039500,20201225: ,20250904: ,2021|클래식:1;2022|발레/연극:2;2022|클래식:1;2023|발레/연극:1;2023|클래식:2;2025|클래식:1;2020|클래식:2
00000001418,3,3,238000,20210917: ,20251023: ,2021|클래식:1;2021|뮤지컬:1;2025|클래식:1
00000010982,6,14,824000,20200619: ,20240119: ,2021|클래식:1;2022|뮤지컬:1;2023|발레/연극:1;2023|클래식:1;2024|클래식:1;2020|클래식:1
00000022272,3,9,663000,20210917: ,20230610: ,2021|클래식:1;2023|발레/연극:2
00000000710,1,2,126000,20210917: ,20210917: ,2021|클래식:1
00000021345,1,2,126000,20210917: ,20210917: ,2021|클래식:1
00000013232,8,16,924500,20210917: ,20250308: ,2021|클래식:2;2022|클래식:2;2023|클래식:2;2024|클래식:1;2025|클래식:1
00000014883,2,2,102000,20210917: ,20211016: ,2021|클래식:2
00000004313,6,6,340500,20210917: ,20250529: ,2021|클래식:1;2022|클래식:1;2022|발레/연극:1;2023|발레/연극:2;2025|발레/연극:1
00000011473,9,17,927000,20210917: ,20250522: ,2021|클래식:1;2023|클래식:4;2024|뮤지컬:2;2024|클래식:1;2025|클래식:1
00000012652,7,24,1274500,20210917: ,20250904: ,2021|클래식:1;2021|뮤지컬:1;2023|클래식:2;2023|발레/연극:1;2024|클래식:1;2025|클래식:1
00000006509,7,13,542000,20210917: ,20231013: ,2021|클래식:1;2022|클래식:2;2022|발레/연극:1;2023|클래식:2;2023|뮤지컬:1
00000005315,6,16,577000,20210917: ,20250802: ,2021|클래식:1;2021|어린이·가족:1;2022|뮤지컬:1;2025|어린이·가족:3
00000018587,2,2,86500,20210917: ,20230119: ,2021|클래식:1;2023|클래식:1
00000010746,13,23,901000,20210917: ,20250904: ,2021|클래식:4;2021|뮤지컬:1;2022|클래식:4;2022|발레/연극:1;2023|클래식:1;2024|클래식:1;2025|클래식:1
00000011937,5,12,844000,20210917: ,20250706: ,2021|클래식:1;2022|발레/연극:1;2023|발레/연극:1;2025|클래식:1;2025|뮤지컬:1
00000020971,3,5,159500,20210917: ,20230323: ,2021|클래식:1;2022|클래식:1;2023|클래식:1
00000013846,3,4,355000,20210917: ,20220415: ,2021|클래식:1;2021|뮤지컬:1;2022|뮤지컬:1
00000001150,1,1,70000,20210917: ,20210917: ,2021|클래식:1
00000020767,1,1,63000,20210917: ,20210917: ,2021|클래식:1
00000022530,3,4,288000,20210917: ,20230409: ,2021|클래식:2;2023|뮤지컬:1
00000015099,2,2,135000,20210917: ,20220708: ,2021|클래식:1;2022|클래식:1
00000010141,5,15,1293000,20210917: ,20250425: ,2021|클래식:1;2021|뮤지컬:1;2022|뮤지컬:1;2022|발레/연극:1;2025|발레/연극:1
00000009179,12,21,1561000,20201126: ,20250424: ,2021|클래식:1;2022|클래식:1;2022|뮤지컬:2;2023|클래식:3;2023|뮤지컬:1;2023|어린이·가족:1;2025|발레/연극:1;2020|클래식:2
00000010288,13,40,2514600,20210917: ,20250116: ,2021|클래식:1;2021|발레/연극:2;2022|클래식:1;2022|어린이·가족:1;2022|발레/연극:1;2023|클래식:1;2023|발레/연극:1;2024|클래식:1;2024|뮤지컬:1;2024|발레/연극:2;2025|클래식:1
00000013114,1,1,70000,20210917: ,20210917: ,2021|클래식:1
00000017083,2,4,167000,20210917: ,20231214: ,2021|클래식:1;2023|클래식:1
00000005698,1,1,70000,20210917: ,20210917: ,2021|클래식:1
00000010682,7,12,1086500,20201016: ,20241123: ,2021|클래식:2;2021|뮤지컬:1;2022|뮤지컬:1;2022|발레/연극:1;2024|뮤지컬:1;2020|클래식:1
00000013875,1,1,59500,20210917: ,20210917: ,2021|클래식:1
00000002654,1,1,59500,20210917: ,20210917: ,2021|클래식:1
00000021477,26,36,1517000,20201225: ,20250719: ,2021|클래식:6;2022|클래식:2;2022|뮤지컬:1;2023|발레/연극:3;2023|클래식:5;2024|클래식:1;2024|뮤지컬:3;2025|뮤지컬:1;2025|발레/연극:1;2020|클래식:3
00000021652,5,107,760000,20210917: ,20231202: ,2021|클래식:2;2023|발레/연극:1;2023|클래식:2
00000006705,1,1,50000,20210917: ,20210917: ,2021|클래식:1
00000008428,2,2,126000,20210917: ,20210917: ,2021|클래식:2
00000002460,5,11,677000,20210917: ,20240906: ,2021|클래식:1;2022|발레/연극:2;2023|클래식:1;2024|클래식:1
00000000706,1,1,35000,20210917: ,20210917: ,2021|클래식:1
00000022033,3,3,97500,20210917: ,20251115: ,2021|클래식:1;2023|클래식:1;2025|클래식:1
00000020580,11,21,1284000,20201018: ,20250706: ,2021|클래식:1;2022|뮤지컬:2;2022|미상:1;2023|뮤지컬:1;2024|뮤지컬:1;2024|클래식:2;2025|뮤지컬:1;2020|클래식:1;2022|클래식:1
00000008649,3,4,421000,20210917: ,20250215: ,2021|클래식:2;2025|뮤지컬:1
00000005476,2,2,129500,20210917: ,20210917: ,2021|클래식:2
00000004859,5,6,505500,20210917: ,20231021: ,2021|클래식:1;2022|뮤지컬:1;2023|클래식:3
00000021314,4,5,383500,20201126: ,20220924: ,2021|클래식:1;2021|뮤지컬:1;2022|발레/연극:1;2020|클래식:1
00000005651,2,2,75500,20210917: ,20240904: ,2021|클래식:1;2024|클래식:1
00000001658,2,2,133000,20210917: ,20231020: ,2021|클래식:1;2023|클래식:1
00000018553,3,3,141000,20210917: ,20251115: ,2021|클래식:1;2023|클래식:1;2025|클래식:1
00000016797,1,2,119000,20210917: ,20210917: ,2021|클래식:1
00000004365,4,7,356000,20201016: ,20240119: ,2021|클래식:1;2023|발레/연극:1;2024|클래식:1;2020|클래식:1
00000004014,2,3,50000,20210930: ,20220917: ,2021|어린이·가족:1;2022|미상:1
00000001004,2,4,250000,20210930: ,20220415: ,2021|어린이·가족:1;2022|뮤지컬:1
00000017718,1,1,27000,20211001: ,20211001: ,2021|어린이·가족:1
00000002681,1,2,90000,20211002: ,20211002: ,2021|어린이·가족:1
00000003440,1,2,90000,20211002: ,20211002: ,2021|어린이·가족:1
00000004758,2,5,152000,20211002: ,20241204: ,2021|어린이·가족:1;2024|클래식:1
00000015542,4,9,400000,20211002: ,20230916: ,2021|어린이·가족:2;2023|뮤지컬:1;2023|어린이·가족:1
00000006503,13,19,879000,20211002: ,20250517: ,2021|어린이·가족:2;2022|어린이·가족:1;2022|미상:1;2022|뮤지컬:1;2023|뮤지컬:1;2023|클래식:1;2023|발레/연극:1;2024|어린이·가족:1;2024|발레/연극:1;2024|기타:1;2025|뮤지컬:1;2025|어린이·가족:1
00000004213,9,33,1141000,20211002: ,20251204: ,2021|어린이·가족:1;2021|발레/연극:1;2022|클래식:1;2023|클래식:2;2024|클래식:2;2025|뮤지컬:1;2025|클래식:1
00000019715,2,5,224000,20211002: ,20230429: ,2021|어린이·가족:1;2023|뮤지컬:1
00000019123,6,20,1044000,20201024: ,20250705: ,2021|어린이·가족:1;2021|발레/연극:1;2023|발레/연극:1;2024|발레/연극:1;2025|뮤지컬:1;2020|뮤지컬:1
00000005153,4,8,179000,20211002: ,20250522: ,2021|어린이·가족:1;2023|클래식:1;2025|클래식:2
00000009057,7,17,427100,20211002: ,20250920: ,2021|어린이·가족:1;2021|클래식:1;2022|클래식:1;2022|어린이·가족:1;2023|클래식:1;2024|클래식:1;2025|어린이·가족:1
00000014010,3,6,300000,20211002: ,20250719: ,2021|어린이·가족:1;2025|뮤지컬:1;2025|발레/연극:1
00000012357,5,12,666000,20211002: ,20240512: ,2021|어린이·가족:1;2021|뮤지컬:1;2023|클래식:1;2023|어린이·가족:1;2024|어린이·가족:1
00000014323,4,8,375600,20201024: ,20241225: ,2021|어린이·가족:1;2024|발레/연극:2;2020|뮤지컬:1
00000003450,1,2,90000,20211002: ,20211002: ,2021|어린이·가족:1
00000003671,6,19,926800,20211002: ,20251123: ,2021|어린이·가족:2;2025|어린이·가족:3;2025|뮤지컬:1
00000005782,5,11,507200,20211002: ,20250920: ,2021|어린이·가족:1;2023|뮤지컬:2;2023|어린이·가족:1;2025|어린이·가족:1
00000000965,9,18,956900,20201126: ,20250920: ,2021|어린이·가족:1;2022|클래식:1;2023|뮤지컬:1;2023|어린이·가족:1;2023|클래식:1;2024|어린이·가족:1;2024|발레/연극:1;2025|어린이·가족:1;2020|클래식:1
00000016049,3,6,230000,20211002: ,20230916: ,2021|어린이·가족:1;2022|어린이·가족:1;2023|어린이·가족:1
00000004342,1,2,80000,20211002: ,20211002: ,2021|어린이·가족:1
00000010139,5,11,657800,20211002: ,20250920: ,2021|어린이·가족:2;2023|뮤지컬:1;2024|뮤지컬:1;2025|어린이·가족:1
00000005113,3,6,287000,20211002: ,20230916: ,2021|어린이·가족:1;2023|어린이·가족:2
00000022407,2,4,198000,20211002: ,20230429: ,2021|어린이·가족:1;2023|뮤지컬:1
00000004595,2,3,250000,20211002: ,20250216: ,2021|어린이·가족:1;2025|뮤지컬:1
00000022207,4,10,452000,20211002: ,20230429: ,2021|어린이·가족:1;2021|발레/연극:1;2022|어린이·가족:1;2023|뮤지컬:1
00000010290,3,6,193200,20211002: ,20250920: ,2021|어린이·가족:1;2022|어린이·가족:1;2025|어린이·가족:1
00000006630,3,8,368600,20201024: ,20241224: ,2021|어린이·가족:1;2024|발레/연극:1;2020|뮤지컬:1
00000009742,6,10,362000,20211002: ,20250216: ,2021|어린이·가족:1;2022|어린이·가족:2;2022|미상:2;2025|뮤지컬:1
00000014851,2,5,279500,20211002: ,20220923: ,2021|어린이·가족:1;2022|발레/연극:1
00000004540,9,16,518000,20211002: ,20250710: ,2021|어린이·가족:1;2021|뮤지컬:1;2022|클래식:2;2023|클래식:2;2024|클래식:2;2025|클래식:1
00000008698,1,2,80000,20211002: ,20211002: ,2021|어린이·가족:1
00000008118,5,11,533200,20211002: ,20250920: ,2021|어린이·가족:1;2023|뮤지컬:1;2023|어린이·가족:1;2025|어린이·가족:2
00000020523,1,2,48000,20211002: ,20211002: ,2021|어린이·가족:1
00000002311,4,9,609200,20211002: ,20250802: ,2021|어린이·가족:1;2022|뮤지컬:1;2025|어린이·가족:2
00000001593,1,2,90000,20211002: ,20211002: ,2021|어린이·가족:1
00000004565,1,2,80000,20211002: ,20211002: ,2021|어린이·가족:1
00000005019,3,9,368000,20211002: ,20230429: ,2021|어린이·가족:1;2022|어린이·가족:1;2023|뮤지컬:1
00000017307,3,9,337800,20211002: ,20250920: ,2021|어린이·가족:1;2023|뮤지컬:1;2025|어린이·가족:1
00000011220,8,20,779000,20211002: ,20241124: ,2021|어린이·가족:1;2022|어린이·가족:1;2023|클래식:1;2023|뮤지컬:1;2023|어린이·가족:1;2023|발레/연극:1;2024|어린이·가족:1;2024|뮤지컬:1
00000011716,6,17,898000,20211002: ,20250719: ,2021|어린이·가족:1;2022|뮤지컬:1;2023|뮤지컬:1;2025|뮤지컬:2;2025|발레/연극:1
00000017292,1,3,130000,20211002: ,20211002: ,2021|어린이·가족:1
00000005203,2,3,134000,20211002: ,20230429: ,2021|어린이·가족:1;2023|뮤지컬:1
00000021877,2,4,120000,20211002: ,20250920: ,2021|어린이·가족:1;2025|어린이·가족:1
00000021086,3,6,240000,20211002: ,20230916: ,2021|어린이·가족:1;2023|뮤지컬:1;2023|어린이·가족:1
00000021188,5,13,1223000,20211002: ,20250706: ,2021|어린이·가족:1;2022|뮤지컬:1;2023|어린이·가족:1;2025|뮤지컬:2
00000008037,3,10,561000,20211002: ,20211224: ,2021|어린이·가족:1;2021|뮤지컬:1;2021|발레/연극:1
00000019730,2,4,127200,20211002: ,20241225: ,2021|어린이·가족:1;2024|발레/연극:1
00000021081,1,2,90000,20211002: ,20211002: ,2021|어린이·가족:1
00000008884,1,2,90000,20211002: ,20211002: ,2021|어린이·가족:1
00000010357,3,8,339800,20211002: ,20250918: ,2021|어린이·가족:1;2024|어린이·가족:1;2025|어린이·가족:1
00000002249,1,2,80000,20211002: ,20211002: ,2021|어린이·가족:1
00000009299,1,4,190000,20211002: ,20211002: ,2021|어린이·가족:1
00000004197,3,6,264000,20211002: ,20230429: ,2021|어린이·가족:2;2023|뮤지컬:1
00000007122,1,3,150000,20211002: ,20211002: ,2021|어린이·가족:1
00000007922,3,6,176000,20211002: ,20230916: ,2021|어린이·가족:1;2023|뮤지컬:1;2023|어린이·가족:1
00000004729,2,4,318000,20211002: ,20220416: ,2021|어린이·가족:1;2022|뮤지컬:1
00000009921,2,6,159000,20211002: ,20220819: ,2021|어린이·가족:1;2022|클래식:1
00000022132,2,4,176000,20211002: ,20230916: ,2021|어린이·가족:1;2023|어린이·가족:1
00000014106,5,13,484600,20211002: ,20250920: ,2021|어린이·가족:1;2023|어린이·가족:1;2025|어린이·가족:3
00000016216,2,4,150000,20211002: ,20230916: ,2021|어린이·가족:1;2023|어린이·가족:1
00000017460,4,8,438800,20211002: ,20250802: ,2021|어린이·가족:1;2021|뮤지컬:1;2023|뮤지컬:1;2025|어린이·가족:1
00000000864,2,10,508000,20211002: ,20230429: ,2021|어린이·가족:1;2023|뮤지컬:1
00000013352,7,13,663200,20211002: ,20250918: ,2021|어린이·가족:1;2021|뮤지컬:1;2021|발레/연극:1;2023|뮤지컬:1;2023|어린이·가족:2;2025|어린이·가족:1
00000012448,1,2,100000,20211002: ,20211002: ,2021|어린이·가족:1
00000009248,1,2,90000,20211002: ,20211002: ,2021|어린이·가족:1
00000015658,2,5,214600,20211002: ,20250802: ,2021|어린이·가족:1;2025|어린이·가족:1
00000022043,4,4,280000,20211002: ,20240712: ,2021|어린이·가족:3;2024|뮤지컬:1
00000004635,1,2,48000,20211002: ,20211002: ,2021|어린이·가족:1
00000005385,8,17,682500,20211002: ,20251024: ,2021|어린이·가족:1;2022|어린이·가족:1;2023|뮤지컬:1;2023|클래식:1;2023|어린이·가족:1;2024|뮤지컬:1;2024|발레/연극:1;2025|클래식:1
00000010034,1,3,140000,20211002: ,20211002: ,2021|어린이·가족:1
00000009643,4,11,408400,20211002: ,20250920: ,2021|어린이·가족:2;2024|어린이·가족:1;2025|어린이·가족:1
00000017579,1,2,90000,20211002: ,20211002: ,2021|어린이·가족:1
00000019706,5,10,447200,20211002: ,20250920: ,2021|어린이·가족:1;2023|뮤지컬:1;2023|어린이·가족:1;2025|어린이·가족:2
00000008573,1,2,48000,20211002: ,20211002: ,2021|어린이·가족:1
00000020377,2,5,95000,20211002: ,20251115: ,2021|어린이·가족:1;2025|클래식:1
00000022637,2,6,458000,20211002: ,20240714: ,2021|어린이·가족:1;2024|뮤지컬:1
00000014408,3,6,180000,20211002: ,20231220: ,2021|어린이·가족:1;2023|클래식:1;2023|발레/연극:1
00000003652,2,4,97000,20211002: ,20250904: ,2021|어린이·가족:1;2025|클래식:1
00000022246,1,3,90000,20211002: ,20211002: ,2021|어린이·가족:1
00000022005,4,6,372500,20211002: ,20240320: ,2021|어린이·가족:1;2021|클래식:1;2022|뮤지컬:1;2024|클래식:1
00000020222,2,3,125000,20201024: ,20211002: ,2021|어린이·가족:1;2020|뮤지컬:1
00000007675,3,6,306000,20211002: ,20230916: ,2021|어린이·가족:1;2023|어린이·가족:2
00000014869,14,33,1170000,20211002: ,20250911: ,2021|어린이·가족:1;2022|클래식:1;2023|클래식:8;2023|뮤지컬:1;2023|발레/연극:1;2024|클래식:1;2025|클래식:1
00000010948,10,23,847300,20211002: ,20251115: ,2021|어린이·가족:1;2022|어린이·가족:1;2023|뮤지컬:1;2023|어린이·가족:1;2024|뮤지컬:1;2024|클래식:2;2025|클래식:2;2025|어린이·가족:1
00000003822,6,12,590000,20211002: ,20241206: ,2021|어린이·가족:1;2022|미상:2;2023|뮤지컬:1;2024|뮤지컬:1;2024|클래식:1
00000021322,14,22,552400,20211002: ,20250920: ,2021|어린이·가족:1;2021|발레/연극:1;2022|어린이·가족:1;2022|미상:2;2022|클래식:1;2023|클래식:4;2024|어린이·가족:1;2024|클래식:1;2025|어린이·가족:2
00000004200,3,9,314000,20211002: ,20230429: ,2021|어린이·가족:1;2022|클래식:1;2023|뮤지컬:1
00000004227,8,24,1558900,20211002: ,20251129: ,2021|어린이·가족:1;2023|뮤지컬:1;2023|발레/연극:1;2024|뮤지컬:1;2024|발레/연극:1;2025|뮤지컬:1;2025|발레/연극:2
00000019156,5,10,405200,20211002: ,20250920: ,2021|어린이·가족:1;2022|어린이·가족:1;2023|뮤지컬:1;2023|어린이·가족:1;2025|어린이·가족:1
00000007624,3,5,238000,20211002: ,20230429: ,2021|어린이·가족:2;2023|뮤지컬:1
00000019511,3,13,468000,20211002: ,20231118: ,2021|어린이·가족:1;2022|어린이·가족:1;2023|어린이·가족:1
00000018898,4,8,265000,20201024: ,20240912: ,2021|어린이·가족:1;2022|미상:1;2024|어린이·가족:1;2020|뮤지컬:1
00000014134,2,5,224000,20211002: ,20230429: ,2021|어린이·가족:1;2023|뮤지컬:1
00000011304,7,16,846300,20211002: ,20251129: ,2021|어린이·가족:1;2022|어린이·가족:1;2024|어린이·가족:1;2025|어린이·가족:2;2025|뮤지컬:1;2025|발레/연극:1
00000019240,1,2,80000,20211002: ,20211002: ,2021|어린이·가족:1
00000008253,2,4,188000,20211002: ,20230429: ,2021|어린이·가족:1;2023|뮤지컬:1
00000009732,4,5,100000,20211002: ,20220917: ,2021|어린이·가족:1;2022|미상:3
00000016659,2,5,311000,20211002: ,20241225: ,2021|어린이·가족:1;2024|발레/연극:1
00000018447,3,7,314000,20201024: ,20230429: ,2021|어린이·가족:1;2023|뮤지컬:1;2020|뮤지컬:1
00000002512,2,6,272000,20211002: ,20230429: ,2021|어린이·가족:1;2023|뮤지컬:1
00000006252,6,14,317000,20211002: ,20240320: ,2021|어린이·가족:1;2021|클래식:1;2022|미상:3;2024|클래식:1
00000004911,9,19,827400,20211002: ,20250920: ,2021|어린이·가족:1;2023|뮤지컬:1;2023|어린이·가족:1;2023|클래식:1;2024|어린이·가족:1;2024|클래식:1;2025|어린이·가족:3
00000013081,1,3,130000,20211002: ,20211002: ,2021|어린이·가족:1
00000006866,2,3,103500,20211002: ,20221208: ,2021|어린이·가족:1;2022|클래식:1
00000021069,2,4,117000,20211002: ,20231214: ,2021|어린이·가족:1;2023|클래식:1
00000018036,7,13,656000,20211002: ,20230916: ,2021|어린이·가족:2;2021|뮤지컬:1;2022|어린이·가족:1;2022|미상:1;2023|뮤지컬:1;2023|어린이·가족:1
00000005032,2,5,220000,20211002: ,20211224: ,2021|어린이·가족:1;2021|발레/연극:1
00000022145,10,27,2338000,20211002: ,20250706: ,2021|어린이·가족:1;2023|뮤지컬:2;2023|어린이·가족:2;2024|어린이·가족:1;2024|뮤지컬:1;2025|뮤지컬:2;2025|클래식:1
00000009622,1,2,90000,20211002: ,20211002: ,2021|어린이·가족:1
00000013075,2,5,224000,20211002: ,20230916: ,2021|어린이·가족:1;2023|어린이·가족:1
00000011154,4,8,336000,20201024: ,20231118: ,2021|어린이·가족:1;2023|어린이·가족:2;2020|뮤지컬:1
00000018123,2,3,135000,20211002: ,20211002: ,2021|어린이·가족:2
00000018631,4,10,212000,20211002: ,20230622: ,2021|어린이·가족:1;2021|클래식:1;2022|클래식:1;2023|클래식:1
00000012190,2,4,265000,20211002: ,20241124: ,2021|어린이·가족:1;2024|뮤지컬:1
00000004503,2,4,198000,20211002: ,20230429: ,2021|어린이·가족:1;2023|뮤지컬:1
00000009456,1,2,100000,20211002: ,20211002: ,2021|어린이·가족:1
00000019407,1,5,144000,20211002: ,20211002: ,2021|어린이·가족:1
00000007805,1,7,350000,20211002: ,20211002: ,2021|어린이·가족:1
00000010734,8,18,1091000,20211002: ,20250704: ,2021|어린이·가족:1;2022|어린이·가족:4;2023|뮤지컬:1;2023|어린이·가족:1;2025|뮤지컬:1
00000004506,7,16,738000,20211002: ,20251122: ,2021|어린이·가족:1;2022|어린이·가족:1;2024|어린이·가족:1;2025|어린이·가족:1;2025|발레/연극:1;2025|클래식:1;2025|뮤지컬:1
00000009691,4,14,618300,20211002: ,20250920: ,2021|어린이·가족:1;2022|클래식:1;2024|발레/연극:1;2025|어린이·가족:1
00000001590,3,6,464000,20211002: ,20240713: ,2021|어린이·가족:1;2023|뮤지컬:1;2024|뮤지컬:1
00000017897,2,4,190000,20211002: ,20241224: ,2021|어린이·가족:1;2024|발레/연극:1
00000009096,3,17,954000,20211002: ,20250704: ,2021|어린이·가족:1;2022|어린이·가족:1;2025|뮤지컬:1
00000006462,3,5,234000,20211002: ,20230429: ,2021|어린이·가족:1;2023|뮤지컬:2
00000009772,1,2,90000,20211002: ,20211002: ,2021|어린이·가족:1
00000020922,2,9,274000,20211002: ,20240824: ,2021|어린이·가족:1;2024|클래식:1
00000010035,1,2,80000,20211002: ,20211002: ,2021|어린이·가족:1
00000004181,11,25,987000,20211002: ,20240817: ,2021|어린이·가족:1;2022|어린이·가족:3;2022|발레/연극:1;2023|뮤지컬:1;2023|어린이·가족:2;2024|어린이·가족:2;2024|기타:1
00000007826,2,5,209200,20211002: ,20250920: ,2021|어린이·가족:1;2025|어린이·가족:1
00000011517,11,19,685400,20211002: ,20250904: ,2021|어린이·가족:1;2022|어린이·가족:1;2022|미상:4;2022|발레/연극:1;2023|발레/연극:1;2023|클래식:1;2024|발레/연극:1;2025|클래식:1
00000006464,3,6,237500,20211002: ,20231214: ,2021|어린이·가족:1;2023|어린이·가족:1;2023|클래식:1
00000011081,11,25,1809800,20201024: ,20251123: ,2021|어린이·가족:1;2022|어린이·가족:1;2023|뮤지컬:1;2023|어린이·가족:1;2024|어린이·가족:1;2024|발레/연극:1;2025|어린이·가족:2;2025|뮤지컬:2;2020|뮤지컬:1
00000009905,3,5,121500,20211002: ,20231020: ,2021|어린이·가족:1;2023|클래식:2
00000004557,12,28,944500,20211002: ,20251129: ,2021|어린이·가족:1;2021|발레/연극:1;2022|어린이·가족:1;2023|어린이·가족:2;2024|어린이·가족:2;2024|발레/연극:2;2024|클래식:1;2025|발레/연극:2
00000017480,1,2,80000,20211002: ,20211002: ,2021|어린이·가족:1
00000001633,3,7,272000,20211002: ,20240512: ,2021|어린이·가족:1;2022|어린이·가족:1;2024|어린이·가족:1
00000019019,2,4,144000,20211002: ,20230429: ,2021|어린이·가족:1;2023|뮤지컬:1
00000008969,1,3,140000,20211002: ,20211002: ,2021|어린이·가족:1
00000005361,1,2,54000,20211002: ,20211002: ,2021|어린이·가족:1
00000003473,2,4,134000,20211002: ,20231118: ,2021|어린이·가족:1;2023|어린이·가족:1
00000021475,1,2,80000,20211002: ,20211002: ,2021|어린이·가족:1
00000014632,2,4,127200,20211002: ,20250920: ,2021|어린이·가족:1;2025|어린이·가족:1
00000005936,2,3,80000,20211002: ,20220917: ,2021|어린이·가족:1;2022|미상:1
00000015643,1,2,80000,20211002: ,20211002: ,2021|어린이·가족:1
00000017807,3,12,564000,20211002: ,20230916: ,2021|어린이·가족:1;2023|뮤지컬:1;2023|어린이·가족:1
00000011959,11,23,896500,20201024: ,20250308: ,2021|어린이·가족:1;2022|어린이·가족:1;2022|발레/연극:1;2023|뮤지컬:1;2023|클래식:2;2023|어린이·가족:1;2024|클래식:2;2025|클래식:1;2020|뮤지컬:1
00000001610,1,3,125000,20211002: ,20211002: ,2021|어린이·가족:1
00000003437,5,11,896000,20211002: ,20250705: ,2021|어린이·가족:1;2022|미상:2;2023|뮤지컬:1;2025|뮤지컬:1
00000016104,2,4,176000,20211002: ,20230916: ,2021|어린이·가족:1;2023|어린이·가족:1
00000010693,9,16,632000,20211002: ,20230916: ,2021|어린이·가족:1;2021|발레/연극:1;2022|뮤지컬:1;2022|어린이·가족:2;2022|미상:1;2023|뮤지컬:1;2023|클래식:1;2023|어린이·가족:1
00000009380,8,18,838100,20211002: ,20251115: ,2021|어린이·가족:1;2022|어린이·가족:1;2022|발레/연극:1;2023|뮤지컬:1;2023|어린이·가족:1;2024|발레/연극:1;2025|클래식:2
00000020225,4,10,508600,20211002: ,20250920: ,2021|어린이·가족:1;2022|어린이·가족:1;2022|뮤지컬:1;2025|어린이·가족:1
00000012722,7,30,1532000,20211002: ,20240519: ,2021|어린이·가족:1;2022|발레/연극:2;2023|뮤지컬:1;2023|발레/연극:2;2024|발레/연극:1
00000019293,1,2,54000,20211002: ,20211002: ,2021|어린이·가족:1
00000010563,4,10,425000,20211002: ,20250920: ,2021|어린이·가족:1;2023|어린이·가족:1;2025|어린이·가족:2
00000002190,9,24,999500,20211002: ,20251115: ,2021|어린이·가족:1;2023|뮤지컬:1;2023|어린이·가족:1;2024|클래식:1;2024|어린이·가족:1;2024|뮤지컬:1;2025|클래식:2;2025|어린이·가족:1
00000016736,2,4,176000,20211002: ,20230916: ,2021|어린이·가족:1;2023|어린이·가족:1
00000007079,2,4,200000,20211002: ,20230916: ,2021|어린이·가족:1;2023|어린이·가족:1
00000019157,9,19,1663000,20201024: ,20250720: ,2021|어린이·가족:1;2022|뮤지컬:2;2023|뮤지컬:1;2024|뮤지컬:1;2025|뮤지컬:1;2025|발레/연극:2;2020|뮤지컬:1
00000008879,1,4,180000,20211002: ,20211002: ,2021|어린이·가족:1
00000006181,3,6,264000,20211002: ,20230916: ,2021|어린이·가족:2;2023|어린이·가족:1
00000009335,2,4,324000,20211002: ,20220415: ,2021|어린이·가족:1;2022|뮤지컬:1
00000015194,6,15,615200,20211002: ,20250920: ,2021|어린이·가족:1;2022|어린이·가족:1;2023|뮤지컬:1;2023|어린이·가족:1;2025|발레/연극:1;2025|어린이·가족:1
00000009964,5,10,343000,20211002: ,20230921: ,2021|어린이·가족:1;2022|발레/연극:1;2023|뮤지컬:1;2023|어린이·가족:1;2023|클래식:1
00000004536,6,12,545200,20211002: ,20250918: ,2021|어린이·가족:1;2023|뮤지컬:1;2023|어린이·가족:1;2025|발레/연극:1;2025|어린이·가족:2
00000007328,1,2,90000,20211002: ,20211002: ,2021|어린이·가족:1
00000006751,13,25,463500,20211002: ,20251115: ,2021|어린이·가족:1;2021|클래식:1;2023|클래식:4;2024|클래식:2;2025|클래식:4;2025|발레/연극:1
00000014631,7,12,353000,20211002: ,20230916: ,2021|어린이·가족:1;2022|어린이·가족:2;2022|미상:3;2023|어린이·가족:1
00000011675,8,23,1278000,20201024: ,20250529: ,2021|어린이·가족:1;2022|어린이·가족:1;2022|발레/연극:1;2023|어린이·가족:1;2024|어린이·가족:1;2024|뮤지컬:1;2025|발레/연극:1;2020|뮤지컬:1
00000000507,1,2,90000,20211002: ,20211002: ,2021|어린이·가족:1
00000013094,2,4,156000,20211002: ,20230916: ,2021|어린이·가족:1;2023|어린이·가족:1
00000007674,5,15,595000,20211002: ,20250308: ,2021|어린이·가족:1;2022|어린이·가족:1;2023|클래식:1;2023|어린이·가족:1;2025|클래식:1
00000017400,2,5,234000,20211002: ,20230429: ,2021|어린이·가족:1;2023|뮤지컬:1
00000000557,1,3,84000,20211002: ,20211002: ,2021|어린이·가족:1
00000004863,2,5,178800,20211002: ,20250920: ,2021|어린이·가족:1;2025|어린이·가족:1
00000017196,5,12,310000,20201024: ,20231130: ,2021|어린이·가족:1;2022|어린이·가족:1;2023|뮤지컬:1;2023|클래식:1;2020|뮤지컬:1
00000019708,4,9,398000,20211002: ,20230916: ,2021|어린이·가족:1;2022|발레/연극:1;2023|뮤지컬:1;2023|어린이·가족:1
00000009203,1,3,140000,20211002: ,20211002: ,2021|어린이·가족:1
00000017402,3,7,226200,20211002: ,20250920: ,2021|어린이·가족:1;2023|어린이·가족:1;2025|어린이·가족:1
00000016828,1,2,80000,20211002: ,20211002: ,2021|어린이·가족:1
00000006743,2,4,108000,20211002: ,20220723: ,2021|어린이·가족:1;2022|어린이·가족:1
00000006631,1,2,90000,20211002: ,20211002: ,2021|어린이·가족:1
00000013925,3,4,60000,20211002: ,20220917: ,2021|어린이·가족:1;2022|미상:2
00000004097,6,15,482600,20211002: ,20250920: ,2021|어린이·가족:1;2024|어린이·가족:3;2025|어린이·가족:2
00000003168,3,9,422000,20211002: ,20240511: ,2021|어린이·가족:1;2023|뮤지컬:1;2024|어린이·가족:1
00000020046,9,27,1426000,20211002: ,20250720: ,2021|어린이·가족:1;2023|뮤지컬:1;2023|어린이·가족:1;2024|어린이·가족:1;2024|클래식:1;2024|뮤지컬:1;2024|발레/연극:1;2025|뮤지컬:1;2025|발레/연극:1
00000014966,4,9,309800,20211002: ,20251115: ,2021|어린이·가족:1;2023|클래식:1;2025|어린이·가족:1;2025|클래식:1
00000009277,4,7,179500,20211002: ,20230429: ,2021|어린이·가족:1;2023|클래식:2;2023|뮤지컬:1
00000010079,5,17,1814000,20211002: ,20251123: ,2021|어린이·가족:1;2023|발레/연극:1;2024|뮤지컬:1;2025|뮤지컬:2
00000007371,8,14,614700,20211002: ,20251123: ,2021|어린이·가족:2;2022|어린이·가족:1;2022|클래식:1;2023|뮤지컬:1;2024|어린이·가족:1;2025|어린이·가족:1;2025|뮤지컬:1
00000018962,1,2,54000,20211002: ,20211002: ,2021|어린이·가족:1
00000020969,2,7,338000,20211002: ,20230916: ,2021|어린이·가족:1;2023|어린이·가족:1
00000014454,2,5,212000,20211002: ,20230429: ,2021|어린이·가족:1;2023|뮤지컬:1
00000021101,1,3,60000,20211002: ,20211002: ,2021|어린이·가족:1
00000014253,2,5,212000,20211002: ,20230429: ,2021|어린이·가족:1;2023|뮤지컬:1
00000008793,1,3,125000,20211002: ,20211002: ,2021|어린이·가족:1
00000018854,9,22,1728800,20211002: ,20251122: ,2021|어린이·가족:1;2022|발레/연극:1;2023|발레/연극:1;2024|뮤지컬:2;2025|뮤지컬:2;2025|발레/연극:1;2025|어린이·가족:1
00000013311,5,11,1354000,20211002: ,20251123: ,2021|어린이·가족:1;2022|뮤지컬:1;2024|뮤지컬:2;2025|뮤지컬:1
00000010739,1,3,125000,20211002: ,20211002: ,2021|어린이·가족:1
00000017857,1,2,80000,20211002: ,20211002: ,2021|어린이·가족:1
00000022137,6,14,783000,20201018: ,20231020: ,2021|어린이·가족:1;2021|클래식:1;2021|발레/연극:1;2023|클래식:1;2020|클래식:1;2022|클래식:1
00000018458,7,18,450000,20211002: ,20240824: ,2021|어린이·가족:1;2022|어린이·가족:1;2023|클래식:3;2023|어린이·가족:1;2024|클래식:1
00000007559,3,8,274000,20211002: ,20220723: ,2021|어린이·가족:2;2022|어린이·가족:1
00000008580,1,2,80000,20211002: ,20211002: ,2021|어린이·가족:1
00000009403,1,2,80000,20211002: ,20211002: ,2021|어린이·가족:1
00000005898,1,3,125000,20211002: ,20211002: ,2021|어린이·가족:1
00000014360,10,23,918000,20211002: ,20240511: ,2021|어린이·가족:1;2021|발레/연극:1;2022|어린이·가족:3;2022|미상:1;2023|뮤지컬:1;2023|어린이·가족:2;2024|어린이·가족:1
00000017766,1,3,72000,20211002: ,20211002: ,2021|어린이·가족:1
00000007447,1,3,140000,20211002: ,20211002: ,2021|어린이·가족:1
00000017901,11,26,754400,20211002: ,20250920: ,2021|어린이·가족:2;2022|클래식:1;2023|뮤지컬:1;2023|클래식:3;2023|어린이·가족:1;2024|클래식:1;2025|클래식:1;2025|어린이·가족:1
00000014412,1,2,54000,20211002: ,20211002: ,2021|어린이·가족:1
00000019768,2,4,99000,20211002: ,20211002: ,2021|어린이·가족:2
00000006986,2,4,186000,20211002: ,20230916: ,2021|어린이·가족:1;2023|어린이·가족:1
00000010768,1,2,54000,20211002: ,20211002: ,2021|어린이·가족:1
00000001386,1,5,150000,20211002: ,20211002: ,2021|어린이·가족:1
00000015404,9,15,376000,20211002: ,20240320: ,2021|어린이·가족:1;2022|미상:1;2023|클래식:6;2024|클래식:1
00000013080,2,9,278000,20211014: ,20231223: ,2021|클래식:1;2023|클래식:1
00000019760,1,3,28000,20211014: ,20211014: ,2021|클래식:1
00000019728,10,12,836500,20211014: ,20250706: ,2021|클래식:2;2021|뮤지컬:2;2022|클래식:1;2022|뮤지컬:1;2022|발레/연극:2;2025|발레/연극:1;2025|뮤지컬:1
00000014556,10,20,1154500,20201225: ,20251026: ,2021|클래식:1;2022|클래식:2;2023|클래식:1;2024|클래식:1;2025|클래식:3;2020|클래식:2
00000000619,2,3,99000,20211015: ,20250116: ,2021|클래식:1;2025|클래식:1
00000016468,1,1,50000,20211015: ,20211015: ,2021|클래식:1
00000006140,4,9,273500,20211015: ,20230119: ,2021|클래식:2;2022|클래식:1;2023|클래식:1
00000019224,12,27,1137000,20211015: ,20251023: ,2021|클래식:1;2022|클래식:3;2022|미상:1;2023|뮤지컬:1;2023|발레/연극:1;2024|클래식:1;2025|클래식:3;2025|발레/연극:1
00000018363,2,4,144000,20211015: ,20250424: ,2021|클래식:1;2025|발레/연극:1
00000001189,4,7,216000,20211015: ,20250116: ,2021|클래식:1;2023|클래식:1;2023|발레/연극:1;2025|클래식:1
00000020924,3,5,276000,20211016: ,20250308: ,2021|클래식:2;2025|클래식:1
00000010124,1,2,54000,20211016: ,20211016: ,2021|클래식:1
00000016926,1,2,54000,20211016: ,20211016: ,2021|클래식:1
00000020010,4,4,249300,20211016: ,20241224: ,2021|클래식:1;2022|발레/연극:1;2023|발레/연극:1;2024|발레/연극:1
00000016956,7,14,628000,20200605: ,20250116: ,2021|클래식:1;2022|발레/연극:1;2023|발레/연극:1;2025|클래식:1;2020|클래식:3
00000011936,8,19,813000,20201018: ,20251026: ,2021|클래식:2;2022|클래식:1;2024|클래식:3;2025|클래식:1;2020|클래식:1
00000002374,3,5,270000,20211016: ,20250710: ,2021|클래식:1;2022|뮤지컬:1;2025|클래식:1
00000000435,4,7,416000,20201225: ,20250904: ,2021|클래식:1;2025|클래식:1;2020|클래식:2
00000016874,4,5,192000,20211016: ,20241011: ,2021|클래식:1;2023|발레/연극:1;2024|클래식:2
00000005972,4,6,343500,20211016: ,20211210: ,2021|클래식:1;2021|뮤지컬:3
00000001988,2,7,318000,20211016: ,20240906: ,2021|클래식:1;2024|클래식:1
00000012665,2,4,117000,20211016: ,20231214: ,2021|클래식:1;2023|클래식:1
00000015877,1,2,90000,20211016: ,20211016: ,2021|클래식:1
00000003977,4,10,546500,20201018: ,20241122: ,2021|클래식:1;2023|클래식:1;2024|뮤지컬:1;2020|클래식:1
00000002644,7,11,546500,20211016: ,20250710: ,2021|클래식:1;2022|뮤지컬:1;2022|미상:1;2022|클래식:1;2024|클래식:1;2025|클래식:2
00000018253,5,6,655000,20211016: ,20251123: ,2021|클래식:1;2022|뮤지컬:1;2023|뮤지컬:1;2024|발레/연극:1;2025|뮤지컬:1
00000020028,4,7,225500,20211016: ,20231214: ,2021|클래식:1;2021|발레/연극:1;2023|클래식:2
00000002515,3,4,180000,20211017: ,20231225: ,2021|클래식:1;2022|뮤지컬:1;2023|발레/연극:1
00000014873,8,16,1074000,20211017: ,20241124: ,2021|클래식:1;2021|뮤지컬:1;2022|클래식:1;2022|발레/연극:1;2023|클래식:2;2024|클래식:1;2024|뮤지컬:1
00000005658,2,2,36000,20211017: ,20211202: ,2021|클래식:2
00000009602,3,5,195000,20201018: ,20230119: ,2021|클래식:1;2023|클래식:1;2020|클래식:1
00000000258,4,6,164000,20200619: ,20241012: ,2021|클래식:1;2024|클래식:1;2020|클래식:1;2022|클래식:1
00000010162,10,15,457500,20211017: ,20251129: ,2021|클래식:1;2021|발레/연극:1;2022|어린이·가족:1;2024|클래식:2;2024|어린이·가족:1;2025|클래식:1;2025|어린이·가족:1;2025|발레/연극:2
00000001965,2,8,300000,20211017: ,20211017: ,2021|클래식:2
00000004913,2,8,240000,20201018: ,20211017: ,2021|클래식:1;2020|클래식:1
00000011127,2,6,281200,20211017: ,20250802: ,2021|클래식:1;2025|어린이·가족:1
00000011049,9,69,2034500,20211029: ,20251128: ,2021|뮤지컬:1;2022|발레/연극:1;2022|뮤지컬:1;2023|발레/연극:1;2024|클래식:1;2025|발레/연극:4
00000012962,11,23,1888000,20211028: ,20250720: ,2021|뮤지컬:1;2023|뮤지컬:1;2023|발레/연극:2;2024|발레/연극:1;2024|뮤지컬:3;2025|뮤지컬:2;2025|발레/연극:1
00000004412,1,2,85000,20211028: ,20211028: ,2021|뮤지컬:1
00000014808,12,14,1265000,20211028: ,20250719: ,2021|뮤지컬:2;2022|뮤지컬:4;2023|뮤지컬:3;2024|뮤지컬:2;2025|발레/연극:1
00000011496,4,16,490000,20211028: ,20251129: ,2021|뮤지컬:1;2022|클래식:1;2025|발레/연극:2
00000012249,3,3,130000,20211028: ,20211029: ,2021|뮤지컬:3
00000014925,3,5,369000,20211028: ,20231223: ,2021|뮤지컬:2;2023|발레/연극:1
00000004409,3,3,306000,20211028: ,20221203: ,2021|뮤지컬:2;2022|뮤지컬:1
00000007215,1,2,50000,20211028: ,20211028: ,2021|뮤지컬:1
00000003286,6,11,737600,20211029: ,20241225: ,2021|뮤지컬:1;2022|클래식:1;2023|클래식:2;2023|발레/연극:1;2024|발레/연극:1
00000003734,3,3,332500,20211029: ,20220416: ,2021|뮤지컬:2;2022|뮤지컬:1
00000006213,1,2,54000,20211029: ,20211029: ,2021|뮤지컬:1
00000000178,6,10,806000,20211029: ,20250720: ,2021|뮤지컬:1;2022|뮤지컬:1;2023|뮤지컬:1;2023|발레/연극:1;2025|뮤지컬:1;2025|발레/연극:1
00000005069,2,4,360000,20211029: ,20220415: ,2021|뮤지컬:1;2022|뮤지컬:1
00000016212,5,10,735000,20211029: ,20250720: ,2021|뮤지컬:1;2022|뮤지컬:1;2024|뮤지컬:2;2025|발레/연극:1
00000017090,1,2,85000,20211029: ,20211029: ,2021|뮤지컬:1
00000000731,5,8,984000,20211029: ,20251123: ,2021|뮤지컬:1;2022|뮤지컬:1;2025|뮤지컬:3
00000002430,3,5,467500,20211029: ,20251123: ,2021|뮤지컬:2;2025|뮤지컬:1
00000015269,18,21,1589000,20211029: ,20251122: ,2021|뮤지컬:2;2022|뮤지컬:2;2023|뮤지컬:4;2023|클래식:1;2023|발레/연극:2;2024|발레/연극:1;2024|뮤지컬:1;2025|발레/연극:3;2025|뮤지컬:2
00000006041,5,9,747000,20211029: ,20251123: ,2021|뮤지컬:1;2023|발레/연극:1;2025|뮤지컬:2;2025|발레/연극:1
00000022114,1,1,42500,20211029: ,20211029: ,2021|뮤지컬:1
00000008907,1,1,42500,20211029: ,20211029: ,2021|뮤지컬:1
00000006345,4,9,529500,20211029: ,20230409: ,2021|뮤지컬:2;2021|발레/연극:1;2023|뮤지컬:1
00000006104,2,8,340000,20211029: ,20211225: ,2021|뮤지컬:1;2021|발레/연극:1
00000010614,3,6,450000,20211029: ,20220416: ,2021|뮤지컬:1;2021|발레/연극:1;2022|뮤지컬:1
00000013405,1,2,85000,20211029: ,20211029: ,2021|뮤지컬:1
00000015607,8,11,783000,20211029: ,20251129: ,2021|뮤지컬:1;2024|뮤지컬:1;2024|클래식:1;2025|뮤지컬:2;2025|발레/연극:3
00000018267,2,8,365000,20211029: ,20231223: ,2021|뮤지컬:1;2023|클래식:1
00000011282,6,14,676500,20211029: ,20251204: ,2021|뮤지컬:1;2023|클래식:1;2025|뮤지컬:1;2025|클래식:2;2025|발레/연극:1
00000009145,8,20,654000,20211029: ,20241116: ,2021|뮤지컬:1;2021|발레/연극:1;2023|클래식:1;2023|발레/연극:2;2024|기타:1;2024|클래식:1;2024|뮤지컬:1
00000015014,1,7,70000,20211111: ,20211111: ,2021|기타:1
00000015463,1,1,9000,20211111: ,20211111: ,2021|기타:1
00000002454,2,6,281000,20211112: ,20251122: ,2021|기타:1;2025|뮤지컬:1
00000017205,3,150,750000,20211112: ,20211112: ,2021|기타:3
00000018809,2,3,94000,20211202: ,20240119: ,2021|클래식:1;2024|클래식:1
00000006689,21,68,3269500,20211202: ,20251123: ,2021|클래식:1;2021|뮤지컬:1;2022|클래식:4;2022|뮤지컬:1;2022|미상:2;2022|발레/연극:1;2023|뮤지컬:1;2023|클래식:2;2023|발레/연극:1;2024|뮤지컬:1;2025|발레/연극:3;2025|뮤지컬:3
00000017749,19,40,2956500,20211202: ,20250308: ,2021|클래식:1;2021|뮤지컬:1;2022|클래식:5;2022|뮤지컬:4;2022|발레/연극:1;2023|뮤지컬:1;2023|발레/연극:1;2023|클래식:1;2024|뮤지컬:2;2025|뮤지컬:1;2025|클래식:1
00000005022,5,11,139000,20211202: ,20231214: ,2021|클래식:2;2022|클래식:2;2023|클래식:1
00000001208,8,16,645000,20211202: ,20250327: ,2021|클래식:1;2021|뮤지컬:1;2022|클래식:2;2022|뮤지컬:1;2023|클래식:2;2025|클래식:1
00000008172,1,2,20000,20211202: ,20211202: ,2021|클래식:1
00000000223,8,9,121500,20211202: ,20250522: ,2021|클래식:1;2022|미상:1;2023|클래식:2;2024|클래식:1;2025|클래식:3
00000015079,1,3,28000,20211202: ,20211202: ,2021|클래식:1
00000006919,1,2,18000,20211202: ,20211202: ,2021|클래식:1
00000001405,2,2,19000,20211202: ,20211202: ,2021|클래식:2
00000016853,12,26,995000,20211202: ,20251204: ,2021|클래식:1;2022|어린이·가족:2;2023|뮤지컬:1;2023|클래식:4;2024|뮤지컬:1;2025|뮤지컬:1;2025|클래식:2
00000010555,8,25,357500,20211202: ,20231214: ,2021|클래식:1;2022|클래식:4;2023|클래식:3
00000017143,6,8,82000,20211202: ,20230622: ,2021|클래식:1;2022|클래식:2;2022|미상:1;2023|클래식:2
00000007347,8,15,1087500,20211202: ,20250920: ,2021|클래식:1;2021|뮤지컬:1;2022|뮤지컬:2;2022|발레/연극:2;2023|뮤지컬:1;2025|어린이·가족:1
00000005358,1,2,18000,20211202: ,20211202: ,2021|클래식:1
00000001691,1,1,9000,20211202: ,20211202: ,2021|클래식:1
00000011977,1,3,28000,20211202: ,20211202: ,2021|클래식:1
00000006122,2,5,300000,20211202: ,20241123: ,2021|클래식:1;2024|뮤지컬:1
00000007584,5,10,174000,20211202: ,20250308: ,2021|클래식:1;2023|클래식:2;2024|클래식:1;2025|클래식:1
00000002419,4,8,258000,20201202: ,20211202: ,2021|클래식:1;2020|클래식:3
00000019980,13,18,587000,20211202: ,20250911: ,2021|클래식:1;2021|뮤지컬:1;2022|클래식:4;2023|클래식:5;2024|클래식:1;2025|클래식:1
00000004594,6,6,289500,20211202: ,20240713: ,2021|클래식:1;2022|클래식:2;2022|뮤지컬:1;2023|클래식:1;2024|뮤지컬:1
00000012287,4,6,79000,20211202: ,20231214: ,2021|클래식:1;2022|클래식:2;2023|클래식:1
00000003061,1,2,280000,20211210: ,20211210: ,2021|뮤지컬:1
00000008031,2,8,539000,20211210: ,20250803: ,2021|뮤지컬:1;2025|어린이·가족:1
00000008355,13,25,2867000,20211210: ,20251123: ,2021|뮤지컬:1;2022|뮤지컬:3;2022|클래식:1;2023|클래식:2;2024|뮤지컬:1;2025|클래식:3;2025|뮤지컬:2
00000008134,1,2,216000,20211210: ,20211210: ,2021|뮤지컬:1
00000012232,2,4,207000,20211210: ,20230622: ,2021|뮤지컬:1;2023|클래식:1
00000015461,1,2,216000,20211210: ,20211210: ,2021|뮤지컬:1
00000020332,1,1,140000,20211210: ,20211210: ,2021|뮤지컬:1
00000007776,3,5,734000,20211210: ,20251123: ,2021|뮤지컬:1;2025|뮤지컬:2
00000009851,4,10,794000,20211210: ,20241116: ,2021|뮤지컬:1;2023|뮤지컬:1;2023|발레/연극:1;2024|뮤지컬:1
00000014894,1,3,252000,20211210: ,20211210: ,2021|뮤지컬:1
00000020178,2,4,222000,20211210: ,20240119: ,2021|뮤지컬:1;2024|클래식:1
00000008049,2,7,525000,20211210: ,20220120: ,2021|뮤지컬:1;2022|클래식:1
00000003991,2,4,558000,20211210: ,20251123: ,2021|뮤지컬:1;2025|뮤지컬:1
00000016265,7,16,1838000,20211210: ,20250705: ,2021|뮤지컬:1;2022|클래식:1;2022|미상:1;2023|뮤지컬:1;2024|뮤지컬:2;2025|뮤지컬:1
00000003467,1,2,280000,20211210: ,20211210: ,2021|뮤지컬:1
00000003952,2,4,560000,20211210: ,20250705: ,2021|뮤지컬:1;2025|뮤지컬:1
00000011642,1,2,162000,20211210: ,20211210: ,2021|뮤지컬:1
00000016402,5,10,1017000,20211210: ,20250214: ,2021|뮤지컬:1;2022|발레/연극:2;2023|발레/연극:1;2025|뮤지컬:1
00000014089,1,2,216000,20211210: ,20211210: ,2021|뮤지컬:1
00000015737,2,2,252000,20211210: ,20211210: ,2021|뮤지컬:2
00000019590,2,3,280000,20211210: ,20220917: ,2021|뮤지컬:1;2022|미상:1
00000021849,3,6,666000,20211210: ,20250705: ,2021|뮤지컬:1;2022|뮤지컬:1;2025|뮤지컬:1
00000018290,9,12,1603500,20211210: ,20251123: ,2021|뮤지컬:2;2022|뮤지컬:5;2024|뮤지컬:1;2025|뮤지컬:1
00000003638,2,3,430000,20211210: ,20221203: ,2021|뮤지컬:1;2022|뮤지컬:1
00000000976,2,3,252000,20211210: ,20220917: ,2021|뮤지컬:1;2022|미상:1
00000006391,6,6,840000,20201126: ,20251122: ,2021|뮤지컬:4;2025|뮤지컬:1;2020|클래식:1
00000020611,3,5,359000,20211210: ,20241224: ,2021|뮤지컬:1;2024|발레/연극:2
00000003402,1,2,252000,20211210: ,20211210: ,2021|뮤지컬:1
00000009430,2,2,286000,20211210: ,20240713: ,2021|뮤지컬:1;2024|뮤지컬:1
00000000643,1,1,108000,20211210: ,20211210: ,2021|뮤지컬:1
00000021987,1,1,126000,20211210: ,20211210: ,2021|뮤지컬:1
00000021570,4,4,540000,20211210: ,20240713: ,2021|뮤지컬:1;2022|뮤지컬:2;2024|뮤지컬:1
00000017655,2,6,397500,20211210: ,20240518: ,2021|뮤지컬:1;2024|발레/연극:1
00000022279,2,3,420000,20211210: ,20211211: ,2021|뮤지컬:2
00000005224,6,12,1732000,20211210: ,20251122: ,2021|뮤지컬:1;2022|뮤지컬:2;2024|뮤지컬:1;2025|뮤지컬:2
00000021082,5,8,881500,20211210: ,20251123: ,2021|뮤지컬:1;2022|발레/연극:1;2024|뮤지컬:1;2025|발레/연극:1;2025|뮤지컬:1
00000011524,1,2,280000,20211210: ,20211210: ,2021|뮤지컬:1
00000015725,2,4,552000,20211210: ,20220416: ,2021|뮤지컬:1;2022|뮤지컬:1
00000014074,6,12,1044000,20211210: ,20250706: ,2021|뮤지컬:1;2022|뮤지컬:1;2023|뮤지컬:1;2023|어린이·가족:1;2024|뮤지컬:1;2025|뮤지컬:1
00000016992,1,1,140000,20211210: ,20211210: ,2021|뮤지컬:1
00000009856,1,2,162000,20211210: ,20211210: ,2021|뮤지컬:1
00000017266,7,11,697500,20211210: ,20251129: ,2021|뮤지컬:1;2022|뮤지컬:2;2023|발레/연극:2;2024|발레/연극:1;2025|발레/연극:1
00000020869,2,4,620000,20211210: ,20251123: ,2021|뮤지컬:1;2025|뮤지컬:1
00000003276,3,4,600000,20211210: ,20250706: ,2021|뮤지컬:2;2025|뮤지컬:1
00000020066,1,2,280000,20211211: ,20211211: ,2021|뮤지컬:1
00000006807,5,11,1452000,20211211: ,20251122: ,2021|뮤지컬:1;2023|뮤지컬:2;2025|뮤지컬:2
00000002407,3,6,622000,20211211: ,20250719: ,2021|뮤지컬:1;2025|뮤지컬:1;2025|발레/연극:1
00000011947,2,2,279000,20211211: ,20251122: ,2021|뮤지컬:1;2025|뮤지컬:1
00000012328,2,4,540000,20211211: ,20250215: ,2021|뮤지컬:1;2025|뮤지컬:1
00000000815,5,10,1324000,20211211: ,20250706: ,2021|뮤지컬:1;2022|뮤지컬:1;2023|뮤지컬:1;2024|뮤지컬:1;2025|뮤지컬:1
00000011405,2,10,1031000,20211211: ,20251122: ,2021|뮤지컬:1;2025|뮤지컬:1
00000000730,1,1,140000,20211211: ,20211211: ,2021|뮤지컬:1
00000000207,4,7,757000,20211211: ,20251122: ,2021|뮤지컬:1;2023|뮤지컬:1;2025|발레/연극:1;2025|뮤지컬:1
00000006910,4,7,918000,20211211: ,20250705: ,2021|뮤지컬:1;2023|뮤지컬:1;2024|뮤지컬:1;2025|뮤지컬:1
00000020123,3,7,640000,20211211: ,20241224: ,2021|뮤지컬:1;2022|뮤지컬:1;2024|발레/연극:1
00000022593,2,4,406000,20211211: ,20250424: ,2021|뮤지컬:1;2025|발레/연극:1
00000019717,4,8,612000,20211211: ,20250529: ,2021|뮤지컬:1;2022|뮤지컬:1;2023|발레/연극:1;2025|발레/연극:1
00000014223,2,3,240000,20211211: ,20220915: ,2021|뮤지컬:1;2022|미상:1
00000000300,6,13,1647800,20211211: ,20251123: ,2021|뮤지컬:1;2022|뮤지컬:1;2024|뮤지컬:1;2025|뮤지컬:2;2025|어린이·가족:1
00000017762,1,2,216000,20211211: ,20211211: ,2021|뮤지컬:1
00000013738,1,2,280000,20211211: ,20211211: ,2021|뮤지컬:1
00000015005,1,2,216000,20211211: ,20211211: ,2021|뮤지컬:1
00000001381,2,4,324000,20211211: ,20230408: ,2021|뮤지컬:1;2023|뮤지컬:1
00000004015,12,28,1290000,20211211: ,20251129: ,2021|뮤지컬:1;2022|클래식:1;2023|발레/연극:1;2023|클래식:1;2024|클래식:2;2024|발레/연극:1;2025|클래식:2;2025|발레/연극:3
00000010918,1,1,126000,20211211: ,20211211: ,2021|뮤지컬:1
00000022638,1,2,280000,20211211: ,20211211: ,2021|뮤지컬:1
00000002509,1,2,252000,20211211: ,20211211: ,2021|뮤지컬:1
00000017240,1,2,162000,20211211: ,20211211: ,2021|뮤지컬:1
00000022015,1,2,252000,20211211: ,20211211: ,2021|뮤지컬:1
00000019637,1,2,280000,20211211: ,20211211: ,2021|뮤지컬:1
00000020187,6,8,942000,20211211: ,20230408: ,2021|뮤지컬:2;2022|뮤지컬:1;2022|미상:1;2023|뮤지컬:2
00000014528,3,7,727000,20211211: ,20221015: ,2021|뮤지컬:1;2022|뮤지컬:1;2022|클래식:1
00000016616,4,6,291000,20211211: ,20251128: ,2021|뮤지컬:1;2023|발레/연극:1;2025|클래식:1;2025|발레/연극:1
00000021960,3,4,297000,20211211: ,20230902: ,2021|뮤지컬:1;2022|뮤지컬:1;2023|발레/연극:1
00000018293,7,11,1206000,20211211: ,20250720: ,2021|뮤지컬:2;2023|뮤지컬:1;2024|뮤지컬:2;2025|뮤지컬:1;2025|발레/연극:1
00000012382,1,2,252000,20211211: ,20211211: ,2021|뮤지컬:1
00000002972,6,11,639500,20211211: ,20240714: ,2021|뮤지컬:1;2021|발레/연극:1;2022|뮤지컬:1;2022|어린이·가족:1;2024|발레/연극:1;2024|뮤지컬:1
00000003146,2,4,414000,20211211: ,20251123: ,2021|뮤지컬:1;2025|뮤지컬:1
00000001780,2,4,560000,20211211: ,20230409: ,2021|뮤지컬:1;2023|뮤지컬:1
00000005146,2,2,225000,20211211: ,20221203: ,2021|뮤지컬:1;2022|뮤지컬:1
00000008332,2,2,280000,20211211: ,20211211: ,2021|뮤지컬:2
00000007174,3,7,238000,20211211: ,20231223: ,2021|뮤지컬:1;2022|뮤지컬:1;2023|발레/연극:1
00000008549,4,8,974000,20211211: ,20251123: ,2021|뮤지컬:1;2023|클래식:1;2024|뮤지컬:1;2025|뮤지컬:1
00000008464,2,6,402000,20211211: ,20211225: ,2021|뮤지컬:1;2021|발레/연극:1
00000010575,1,2,252000,20211211: ,20211211: ,2021|뮤지컬:1
00000021682,2,4,279000,20211211: ,20241204: ,2021|뮤지컬:1;2024|클래식:1
00000021978,4,6,884000,20211211: ,20251123: ,2021|뮤지컬:1;2022|뮤지컬:1;2024|뮤지컬:1;2025|뮤지컬:1
00000019869,12,14,1817000,20211211: ,20250704: ,2021|뮤지컬:1;2022|뮤지컬:6;2023|발레/연극:1;2024|뮤지컬:2;2025|발레/연극:1;2025|뮤지컬:1
00000022356,5,10,785000,20201225: ,20230610: ,2021|뮤지컬:1;2022|발레/연극:1;2023|발레/연극:1;2020|클래식:2
00000021670,1,2,252000,20211211: ,20211211: ,2021|뮤지컬:1
00000021505,5,6,473000,20211211: ,20231224: ,2021|뮤지컬:2;2022|뮤지컬:1;2022|미상:1;2023|발레/연극:1
00000018877,2,3,420000,20211211: ,20230408: ,2021|뮤지컬:1;2023|뮤지컬:1
00000004113,1,1,140000,20211211: ,20211211: ,2021|뮤지컬:1
00000018386,1,2,252000,20211211: ,20211211: ,2021|뮤지컬:1
00000013695,1,1,126000,20211211: ,20211211: ,2021|뮤지컬:1
00000001577,2,4,334000,20211211: ,20220723: ,2021|뮤지컬:1;2022|어린이·가족:1
00000000570,4,7,832000,20201126: ,20220415: ,2021|뮤지컬:1;2022|뮤지컬:1;2020|클래식:2
00000006644,9,18,2473000,20211211: ,20250706: ,2021|뮤지컬:3;2022|뮤지컬:1;2023|뮤지컬:1;2024|뮤지컬:3;2025|뮤지컬:1
00000009127,4,12,1730000,20211211: ,20251123: ,2021|뮤지컬:1;2024|뮤지컬:1;2025|뮤지컬:2
00000008083,1,2,252000,20211211: ,20211211: ,2021|뮤지컬:1
00000012872,1,2,252000,20211211: ,20211211: ,2021|뮤지컬:1
00000005157,2,2,252000,20211211: ,20211211: ,2021|뮤지컬:2
00000007553,6,12,1488000,20211211: ,20250704: ,2021|뮤지컬:1;2021|발레/연극:1;2022|뮤지컬:2;2023|뮤지컬:1;2025|뮤지컬:1
00000017589,2,4,283500,20211211: ,20251129: ,2021|뮤지컬:1;2025|발레/연극:1
00000017811,1,2,252000,20211211: ,20211211: ,2021|뮤지컬:1
00000015137,1,1,126000,20211211: ,20211211: ,2021|뮤지컬:1
00000008022,3,6,649200,20211211: ,20250803: ,2021|뮤지컬:1;2025|뮤지컬:1;2025|어린이·가족:1
00000003394,2,4,288000,20211211: ,20220120: ,2021|뮤지컬:1;2022|클래식:1
00000011489,1,2,252000,20211211: ,20211211: ,2021|뮤지컬:1
00000005202,5,10,842000,20211211: ,20250517: ,2021|뮤지컬:1;2024|뮤지컬:1;2025|뮤지컬:2;2025|어린이·가족:1
00000000443,1,2,280000,20211211: ,20211211: ,2021|뮤지컬:1
00000009974,1,3,392000,20211211: ,20211211: ,2021|뮤지컬:1
00000015814,1,3,392000,20211211: ,20211211: ,2021|뮤지컬:1
00000013356,19,37,2082000,20211211: ,20251204: ,2021|뮤지컬:1;2023|뮤지컬:1;2023|발레/연극:1;2024|뮤지컬:1;2024|클래식:2;2025|클래식:9;2025|뮤지컬:2;2025|발레/연극:2
00000004292,3,6,855000,20211211: ,20241124: ,2021|뮤지컬:1;2022|뮤지컬:1;2024|뮤지컬:1
00000022381,3,4,193500,20201205: ,20231214: ,2021|뮤지컬:1;2023|클래식:1;2020|클래식:1
00000013210,2,6,792000,20211211: ,20241123: ,2021|뮤지컬:1;2024|뮤지컬:1
00000003534,5,14,1902000,20211211: ,20251123: ,2021|뮤지컬:1;2022|뮤지컬:1;2023|뮤지컬:1;2025|뮤지컬:2
00000003523,5,7,944000,20211211: ,20241123: ,2021|뮤지컬:1;2022|뮤지컬:3;2024|뮤지컬:1
00000017917,1,2,162000,20211211: ,20211211: ,2021|뮤지컬:1
00000006162,4,10,1390000,20211211: ,20251123: ,2021|뮤지컬:1;2022|뮤지컬:2;2025|뮤지컬:1
00000004702,3,6,500000,20211211: ,20221203: ,2021|뮤지컬:1;2021|발레/연극:1;2022|뮤지컬:1
00000014996,1,2,216000,20211211: ,20211211: ,2021|뮤지컬:1
00000020385,4,12,1188000,20211211: ,20250705: ,2021|뮤지컬:1;2025|뮤지컬:2;2025|기타:1
00000001741,1,2,252000,20211211: ,20211211: ,2021|뮤지컬:1
00000000703,1,2,180000,20211211: ,20211211: ,2021|뮤지컬:1
00000014522,3,7,342000,20211211: ,20250517: ,2021|뮤지컬:1;2024|어린이·가족:1;2025|어린이·가족:1
00000010175,2,2,126000,20211211: ,20220917: ,2021|뮤지컬:1;2022|미상:1
00000015016,2,2,258000,20211211: ,20220415: ,2021|뮤지컬:1;2022|뮤지컬:1
00000017603,2,4,552000,20211211: ,20220416: ,2021|뮤지컬:1;2022|뮤지컬:1
00000001817,4,8,954000,20211211: ,20250704: ,2021|뮤지컬:1;2022|뮤지컬:1;2025|발레/연극:1;2025|뮤지컬:1
00000022289,2,4,486000,20211211: ,20220417: ,2021|뮤지컬:1;2022|뮤지컬:1
00000019827,4,6,351000,20211211: ,20240714: ,2021|뮤지컬:1;2022|미상:1;2023|발레/연극:1;2024|뮤지컬:1
00000018490,3,6,456000,20211211: ,20250720: ,2021|뮤지컬:1;2022|뮤지컬:1;2025|발레/연극:1
00000014400,8,11,867000,20211211: ,20241123: ,2021|뮤지컬:1;2022|미상:1;2022|발레/연극:1;2023|뮤지컬:1;2023|발레/연극:1;2023|클래식:1;2024|뮤지컬:2
00000003629,2,2,261000,20211211: ,20241123: ,2021|뮤지컬:1;2024|뮤지컬:1
00000008795,3,4,356000,20211211: ,20241116: ,2021|뮤지컬:2;2024|뮤지컬:1
00000017315,1,2,252000,20211211: ,20211211: ,2021|뮤지컬:1
00000015027,1,2,162000,20211211: ,20211211: ,2021|뮤지컬:1
00000005820,2,4,550000,20211211: ,20220416: ,2021|뮤지컬:1;2022|뮤지컬:1
00000001583,1,5,576000,20211211: ,20211211: ,2021|뮤지컬:1
00000000154,9,26,1962000,20211211: ,20251123: ,2021|뮤지컬:2;2021|발레/연극:1;2022|뮤지컬:1;2022|어린이·가족:2;2024|뮤지컬:2;2025|뮤지컬:1
00000007146,8,21,2577500,20211211: ,20251129: ,2021|뮤지컬:2;2022|뮤지컬:2;2025|뮤지컬:3;2025|발레/연극:1
00000020670,2,4,252000,20211211: ,20250719: ,2021|뮤지컬:1;2025|발레/연극:1
00000017408,1,2,252000,20211211: ,20211211: ,2021|뮤지컬:1
00000015167,10,14,958200,20211211: ,20250918: ,2021|뮤지컬:1;2022|미상:4;2022|뮤지컬:1;2023|뮤지컬:2;2024|뮤지컬:1;2025|어린이·가족:1
00000007391,22,37,2762300,20211211: ,20251128: ,2021|뮤지컬:1;2022|뮤지컬:2;2022|클래식:1;2022|발레/연극:1;2023|뮤지컬:3;2023|발레/연극:4;2024|클래식:1;2024|뮤지컬:1;2024|발레/연극:2;2025|뮤지컬:2;2025|클래식:3;2025|발레/연극:1
00000008185,23,41,3319000,20201016: ,20251122: ,2021|뮤지컬:2;2022|뮤지컬:2;2022|클래식:1;2022|발레/연극:1;2023|클래식:2;2023|발레/연극:1;2024|클래식:6;2024|뮤지컬:2;2025|클래식:2;2025|발레/연극:1;2025|뮤지컬:2;2020|클래식:1
00000010321,13,26,1290400,20211211: ,20250920: ,2021|뮤지컬:2;2022|미상:2;2023|어린이·가족:1;2023|클래식:1;2024|뮤지컬:1;2024|어린이·가족:1;2024|클래식:1;2024|발레/연극:1;2025|클래식:1;2025|어린이·가족:2
00000004575,3,4,265500,20211211: ,20230921: ,2021|뮤지컬:1;2022|미상:1;2023|클래식:1
00000011271,4,8,1098000,20211211: ,20251123: ,2021|뮤지컬:1;2022|뮤지컬:2;2025|뮤지컬:1
00000013003,2,3,279000,20211211: ,20250719: ,2021|뮤지컬:1;2025|발레/연극:1
00000011709,1,2,252000,20211211: ,20211211: ,2021|뮤지컬:1
00000007422,1,2,260000,20211211: ,20211211: ,2021|뮤지컬:1
00000022002,1,2,252000,20211211: ,20211211: ,2021|뮤지컬:1
00000011639,2,5,522000,20211211: ,20230408: ,2021|뮤지컬:1;2023|뮤지컬:1
00000019399,1,2,162000,20211211: ,20211211: ,2021|뮤지컬:1
00000015159,1,2,280000,20211211: ,20211211: ,2021|뮤지컬:1
00000007125,9,18,1675000,20211211: ,20251129: ,2021|뮤지컬:1;2022|뮤지컬:1;2023|뮤지컬:1;2023|발레/연극:1;2024|발레/연극:1;2025|뮤지컬:2;2025|발레/연극:2
00000010294,6,9,919000,20211211: ,20230826: ,2021|뮤지컬:2;2022|발레/연극:1;2022|뮤지컬:1;2023|발레/연극:1;2023|클래식:1
00000018329,1,2,216000,20211211: ,20211211: ,2021|뮤지컬:1
00000017161,5,7,802000,20211211: ,20230901: ,2021|뮤지컬:1;2022|뮤지컬:2;2023|뮤지컬:1;2023|발레/연극:1
00000001240,1,4,150000,20211224: ,20211224: ,2021|발레/연극:1
00000014645,11,30,1234500,20211224: ,20250904: ,2021|발레/연극:1;2023|클래식:4;2023|발레/연극:1;2024|클래식:1;2025|클래식:3;2022|클래식:1
00000020308,2,4,342000,20211224: ,20250214: ,2021|발레/연극:1;2025|뮤지컬:1
00000019847,2,5,408000,20211224: ,20250215: ,2021|발레/연극:1;2025|뮤지컬:1
00000020863,1,3,140000,20211224: ,20211224: ,2021|발레/연극:1
00000015492,3,10,432400,20211224: ,20250710: ,2021|발레/연극:1;2024|발레/연극:1;2025|클래식:1
00000004717,2,6,438000,20211224: ,20250216: ,2021|발레/연극:1;2025|뮤지컬:1
00000020262,1,4,150000,20211224: ,20211224: ,2021|발레/연극:1
00000022233,4,11,300000,20211224: ,20240911: ,2021|발레/연극:1;2024|기타:1;2024|어린이·가족:2
00000010677,22,51,3608100,20211224: ,20250802: ,2021|발레/연극:1;2022|뮤지컬:2;2023|클래식:4;2023|발레/연극:1;2024|클래식:5;2024|뮤지컬:3;2024|발레/연극:1;2025|발레/연극:1;2025|클래식:1;2025|뮤지컬:1;2025|어린이·가족:2
00000006241,8,9,562000,20211224: ,20240515: ,2021|발레/연극:1;2022|뮤지컬:1;2022|클래식:3;2023|뮤지컬:1;2023|발레/연극:1;2024|발레/연극:1
00000020133,2,5,118000,20201202: ,20211224: ,2021|발레/연극:1;2020|클래식:1
00000002988,4,17,1091000,20211224: ,20251123: ,2021|발레/연극:1;2025|뮤지컬:3
00000004652,9,22,773000,20211224: ,20251204: ,2021|발레/연극:1;2022|어린이·가족:1;2023|클래식:1;2024|어린이·가족:1;2025|클래식:2;2025|어린이·가족:3
00000005237,3,6,409000,20211225: ,20231110: ,2021|발레/연극:1;2023|뮤지컬:1;2023|클래식:1
00000002063,1,4,150000,20211225: ,20211225: ,2021|발레/연극:1
00000021447,3,4,291000,20211225: ,20251123: ,2021|발레/연극:1;2025|뮤지컬:2
00000011329,3,6,174000,20211225: ,20220917: ,2021|발레/연극:1;2022|발레/연극:1;2022|미상:1
00000000685,1,2,90000,20211225: ,20211225: ,2021|발레/연극:1
00000007120,2,6,240000,20211225: ,20211225: ,2021|발레/연극:2
00000006246,3,7,204000,20211225: ,20220917: ,2021|발레/연극:1;2022|어린이·가족:1;2022|미상:1
00000019744,11,27,1802000,20211225: ,20251123: ,2021|발레/연극:1;2022|뮤지컬:2;2023|뮤지컬:1;2023|발레/연극:1;2024|발레/연극:2;2024|뮤지컬:2;2025|뮤지컬:2
00000013748,1,3,84000,20211225: ,20211225: ,2021|발레/연극:1
00000008543,1,4,150000,20211225: ,20211225: ,2021|발레/연극:1
00000004983,4,4,149000,20211225: ,20250719: ,2021|발레/연극:1;2024|기타:1;2024|발레/연극:1;2025|발레/연극:1
00000013565,6,18,771000,20211225: ,20231118: ,2021|발레/연극:1;2022|어린이·가족:1;2023|클래식:1;2023|뮤지컬:1;2023|어린이·가족:2
00000003584,4,9,352000,20211225: ,20250308: ,2021|발레/연극:1;2023|뮤지컬:1;2024|어린이·가족:1;2025|클래식:1
00000000073,3,10,499000,20211225: ,20250705: ,2021|발레/연극:1;2022|클래식:1;2025|뮤지컬:1
00000011983,5,10,346000,20211225: ,20250214: ,2021|발레/연극:1;2022|클래식:1;2023|발레/연극:1;2024|클래식:1;2025|뮤지컬:1
00000015218,1,4,150000,20211225: ,20211225: ,2021|발레/연극:1
00000013963,1,4,150000,20211225: ,20211225: ,2021|발레/연극:1
00000016174,1,4,150000,20211225: ,20211225: ,2021|발레/연극:1
00000013851,1,3,140000,20211225: ,20211225: ,2021|발레/연극:1
00000012348,2,4,138000,20211225: ,20231028: ,2021|발레/연극:1;2023|뮤지컬:1
00000016854,1,4,150000,20211225: ,20211225: ,2021|발레/연극:1
00000012303,1,4,150000,20211225: ,20211225: ,2021|발레/연극:1
00000012404,7,17,646000,20211225: ,20241214: ,2021|발레/연극:1;2023|뮤지컬:1;2023|클래식:2;2023|어린이·가족:1;2024|클래식:1;2024|발레/연극:1
00000008697,1,2,90000,20211225: ,20211225: ,2021|발레/연극:1
00000013016,7,26,1254400,20211225: ,20241225: ,2021|발레/연극:1;2022|어린이·가족:1;2022|발레/연극:1;2024|뮤지컬:1;2024|클래식:2;2024|발레/연극:1
00000009952,2,4,240000,20211225: ,20250803: ,2021|발레/연극:1;2025|어린이·가족:1
00000004009,1,4,150000,20211225: ,20211225: ,2021|발레/연극:1
00000005895,2,6,258800,20211225: ,20250920: ,2021|발레/연극:1;2025|어린이·가족:1
00000011861,1,1,45000,20211225: ,20211225: ,2021|발레/연극:1
00000011146,7,18,1023000,20211225: ,20250719: ,2021|발레/연극:1;2022|미상:1;2022|뮤지컬:2;2023|뮤지컬:1;2023|발레/연극:1;2025|발레/연극:1
00000010698,1,4,150000,20211225: ,20211225: ,2021|발레/연극:1
00000012225,3,6,402000,20211225: ,20230407: ,2021|발레/연극:1;2023|뮤지컬:2
00000008250,1,2,90000,20211225: ,20211225: ,2021|발레/연극:1
00000002577,2,8,246000,20211225: ,20240720: ,2021|발레/연극:1;2024|어린이·가족:1
00000004943,4,8,780000,20211225: ,20251122: ,2021|발레/연극:1;2024|뮤지컬:1;2025|뮤지컬:2
00000017089,8,17,1232000,20211225: ,20250705: ,2021|발레/연극:1;2023|발레/연극:2;2023|클래식:2;2024|발레/연극:1;2025|발레/연극:1;2025|뮤지컬:1
00000019995,4,13,285000,20211225: ,20251204: ,2021|발레/연극:1;2023|클래식:1;2024|클래식:1;2025|클래식:1
00000000338,4,12,335000,20211225: ,20250517: ,2021|발레/연극:1;2022|어린이·가족:1;2025|클래식:1;2025|어린이·가족:1
00000006572,4,13,934000,20211225: ,20250720: ,2021|발레/연극:1;2023|어린이·가족:1;2025|뮤지컬:1;2025|발레/연극:1
00000009078,2,6,276000,20201126: ,20211225: ,2021|발레/연극:1;2020|클래식:1
00000005453,2,7,514000,20211225: ,20230408: ,2021|발레/연극:1;2023|뮤지컬:1
00000007231,3,8,428000,20211225: ,20250215: ,2021|발레/연극:1;2023|발레/연극:1;2025|뮤지컬:1
00000017401,1,3,140000,20211225: ,20211225: ,2021|발레/연극:1
00000013708,2,8,360000,20211225: ,20220924: ,2021|발레/연극:1;2022|발레/연극:1
00000015094,1,2,90000,20211225: ,20211225: ,2021|발레/연극:1
00000009320,1,3,140000,20211225: ,20211225: ,2021|발레/연극:1
00000015937,1,3,140000,20211225: ,20211225: ,2021|발레/연극:1
00000016019,4,6,330000,20220120: ,20250116: ,2022|클래식:2;2023|클래식:1;2025|클래식:1
00000005120,14,35,1653000,20220120: ,20250904: ,2022|클래식:5;2022|뮤지컬:1;2022|어린이·가족:1;2022|발레/연극:1;2023|뮤지컬:1;2023|클래식:2;2025|클래식:3
00000009737,3,5,222500,20201017: ,20230826: ,2022|클래식:1;2023|클래식:1;2020|클래식:1
00000011015,1,3,196000,20220120: ,20220120: ,2022|클래식:1
00000018823,1,2,126000,20220120: ,20220120: ,2022|클래식:1
00000013837,2,2,108000,20220120: ,20231110: ,2022|클래식:1;2023|클래식:1
00000021370,2,8,494000,20220120: ,20220708: ,2022|클래식:2
00000019654,1,3,196000,20220120: ,20220120: ,2022|클래식:1
00000000590,9,13,629000,20220120: ,20250904: ,2022|클래식:3;2023|클래식:2;2024|클래식:3;2025|클래식:1
00000012483,2,2,105500,20220120: ,20230119: ,2022|클래식:1;2023|클래식:1
00000021853,1,1,63000,20220120: ,20220120: ,2022|클래식:1
00000003879,1,2,54000,20220120: ,20220120: ,2022|클래식:1
00000018932,1,2,126000,20220120: ,20220120: ,2022|클래식:1
00000012136,7,8,278500,20220120: ,20240320: ,2022|클래식:4;2022|미상:1;2024|클래식:2
00000015770,3,3,90000,20220120: ,20251023: ,2022|클래식:1;2023|클래식:1;2025|클래식:1
00000016472,1,1,70000,20220120: ,20220120: ,2022|클래식:1
00000006956,2,9,300000,20220120: ,20220917: ,2022|클래식:1;2022|미상:1
00000020598,3,7,304500,20220120: ,20231020: ,2022|클래식:1;2023|클래식:2
00000020049,10,39,2745000,20220120: ,20220924: ,2022|클래식:1;2022|발레/연극:9
00000006048,1,4,210000,20220120: ,20220120: ,2022|클래식:1
00000009593,1,2,126000,20220120: ,20220120: ,2022|클래식:1
00000012344,3,4,167000,20220120: ,20220616: ,2022|클래식:3
00000006417,1,4,210000,20220120: ,20220120: ,2022|클래식:1
00000000210,2,8,420000,20220120: ,20240119: ,2022|클래식:1;2024|클래식:1
00000016330,2,2,90000,20220120: ,20240119: ,2022|클래식:1;2024|클래식:1
00000008486,3,11,433500,20220120: ,20251115: ,2022|클래식:1;2025|클래식:2
00000002143,1,1,27000,20220120: ,20220120: ,2022|클래식:1
00000005953,3,12,534000,20220120: ,20250116: ,2022|클래식:1;2022|어린이·가족:1;2025|클래식:1
00000006034,10,14,786000,20220120: ,20251017: ,2022|클래식:1;2023|발레/연극:1;2023|클래식:2;2024|클래식:3;2025|클래식:2;2025|발레/연극:1
00000017469,8,21,1150400,20220120: ,20250904: ,2022|클래식:2;2023|뮤지컬:1;2023|클래식:1;2024|발레/연극:1;2025|클래식:3
00000012677,1,1,13500,20220324: ,20220324: ,2022|클래식:1
00000000432,14,39,1423500,20220324: ,20251204: ,2022|클래식:3;2023|클래식:3;2023|어린이·가족:1;2024|클래식:2;2025|뮤지컬:2;2025|클래식:3
00000019026,3,4,87000,20220324: ,20220616: ,2022|클래식:3
00000021213,4,5,121500,20200619: ,20251115: ,2022|클래식:1;2023|발레/연극:1;2025|클래식:1;2020|클래식:1
00000020977,3,6,81000,20220324: ,20230622: ,2022|클래식:2;2023|클래식:1
00000016520,13,27,527500,20220324: ,20250719: ,2022|클래식:4;2023|클래식:7;2025|뮤지컬:1;2025|발레/연극:1
00000010878,3,4,54000,20220324: ,20231214: ,2022|클래식:1;2023|클래식:2
00000001318,9,10,207000,20220324: ,20250710: ,2022|클래식:2;2022|발레/연극:1;2023|클래식:2;2024|클래식:2;2025|클래식:2
00000004317,2,3,162000,20220324: ,20220416: ,2022|클래식:1;2022|뮤지컬:1
00000017355,2,3,265500,20220324: ,20230408: ,2022|클래식:1;2023|뮤지컬:1
00000021619,12,26,660000,20220324: ,20251204: ,2022|클래식:1;2022|뮤지컬:1;2023|클래식:1;2024|클래식:4;2025|클래식:5
00000003045,4,7,393500,20220324: ,20240119: ,2022|클래식:1;2022|뮤지컬:1;2023|클래식:1;2024|클래식:1
00000019229,17,21,1249500,20220324: ,20250529: ,2022|클래식:5;2022|뮤지컬:1;2022|미상:1;2022|발레/연극:1;2023|클래식:3;2023|뮤지컬:1;2024|클래식:1;2025|클래식:1;2025|발레/연극:3
00000010471,1,2,27000,20220324: ,20220324: ,2022|클래식:1
00000014781,3,3,40500,20220324: ,20221208: ,2022|클래식:3
00000010603,7,9,121500,20220324: ,20230622: ,2022|클래식:5;2023|클래식:2
00000007925,3,8,120000,20220324: ,20230921: ,2022|클래식:2;2023|클래식:1
00000001715,20,26,1557000,20220324: ,20250720: ,2022|클래식:5;2022|발레/연극:1;2023|클래식:3;2024|뮤지컬:2;2024|기타:1;2024|클래식:1;2025|클래식:1;2025|발레/연극:4;2025|뮤지컬:2
00000014369,1,1,15000,20220324: ,20220324: ,2022|클래식:1
00000001452,1,2,27000,20220324: ,20220324: ,2022|클래식:1
00000013309,24,34,732500,20200619: ,20251204: ,2022|클래식:4;2022|미상:1;2023|클래식:3;2024|클래식:5;2025|클래식:7;2020|클래식:4
00000008715,17,33,2370000,20220324: ,20250705: ,2022|클래식:6;2022|뮤지컬:2;2022|어린이·가족:2;2022|미상:1;2022|발레/연극:1;2023|뮤지컬:1;2024|발레/연극:1;2024|뮤지컬:2;2025|뮤지컬:1
00000012067,2,4,620000,20220415: ,20250705: ,2022|뮤지컬:1;2025|뮤지컬:1
00000016898,3,4,585000,20220415: ,20251123: ,2022|뮤지컬:1;2024|뮤지컬:1;2025|뮤지컬:1
00000002947,7,14,1862000,20220415: ,20251122: ,2022|뮤지컬:1;2023|뮤지컬:1;2024|뮤지컬:2;2025|뮤지컬:2;2025|발레/연극:1
00000005640,4,4,311000,20220415: ,20241204: ,2022|뮤지컬:2;2024|클래식:2
00000018710,1,2,234000,20220415: ,20220415: ,2022|뮤지컬:1
00000003983,2,3,390000,20220415: ,20220415: ,2022|뮤지컬:2
00000001235,1,2,162000,20220415: ,20220415: ,2022|뮤지컬:1
00000004078,3,3,315000,20220415: ,20221203: ,2022|뮤지컬:2;2022|발레/연극:1
00000006102,2,4,558000,20220415: ,20240712: ,2022|뮤지컬:1;2024|뮤지컬:1
00000002917,3,9,627000,20220415: ,20251129: ,2022|뮤지컬:1;2024|발레/연극:1;2025|발레/연극:1
00000022438,2,4,261000,20220415: ,20230622: ,2022|뮤지컬:1;2023|클래식:1
00000016691,1,2,270000,20220415: ,20220415: ,2022|뮤지컬:1
00000020955,2,4,324000,20220415: ,20230407: ,2022|뮤지컬:1;2023|뮤지컬:1
00000010150,1,2,270000,20220415: ,20220415: ,2022|뮤지컬:1
00000020404,2,4,552000,20220415: ,20230407: ,2022|뮤지컬:1;2023|뮤지컬:1
00000019559,4,9,783500,20220415: ,20230610: ,2022|뮤지컬:1;2023|클래식:1;2023|발레/연극:2
00000013023,4,10,718500,20220415: ,20250308: ,2022|뮤지컬:2;2024|클래식:1;2025|클래식:1
00000007974,12,17,1682100,20201024: ,20250705: ,2022|뮤지컬:2;2022|클래식:1;2022|발레/연극:1;2023|뮤지컬:2;2024|뮤지컬:2;2024|발레/연극:2;2025|뮤지컬:1;2020|뮤지컬:1
00000004277,1,1,135000,20220415: ,20220415: ,2022|뮤지컬:1
00000016389,2,4,514000,20220415: ,20250215: ,2022|뮤지컬:1;2025|뮤지컬:1
00000012503,3,5,687000,20220415: ,20241123: ,2022|뮤지컬:1;2023|뮤지컬:1;2024|뮤지컬:1
00000019432,1,2,270000,20220415: ,20220415: ,2022|뮤지컬:1
00000012465,2,5,680000,20220415: ,20221203: ,2022|뮤지컬:2
00000016140,2,3,197000,20220415: ,20231216: ,2022|뮤지컬:1;2023|발레/연극:1
00000021348,8,11,1163500,20220415: ,20251122: ,2022|뮤지컬:3;2023|클래식:1;2024|뮤지컬:1;2025|클래식:1;2025|뮤지컬:2
00000008021,1,1,135000,20220415: ,20220415: ,2022|뮤지컬:1
00000016239,3,4,325500,20220415: ,20240519: ,2022|뮤지컬:1;2023|클래식:1;2024|발레/연극:1
00000006524,3,4,321000,20220415: ,20230902: ,2022|뮤지컬:1;2023|발레/연극:2
00000013855,1,1,135000,20220415: ,20220415: ,2022|뮤지컬:1
00000010110,1,2,234000,20220415: ,20220415: ,2022|뮤지컬:1
00000007727,2,4,306000,20220415: ,20240817: ,2022|뮤지컬:1;2024|기타:1
00000000873,5,13,621000,20201018: ,20220415: ,2022|뮤지컬:1;2020|클래식:4
00000018119,2,3,231000,20220415: ,20230429: ,2022|뮤지컬:1;2023|뮤지컬:1
00000004268,13,13,1272000,20220415: ,20251129: ,2022|뮤지컬:2;2023|뮤지컬:2;2023|발레/연극:1;2024|뮤지컬:1;2025|뮤지컬:4;2025|기타:1;2025|발레/연극:2
00000007911,1,2,162000,20220415: ,20220415: ,2022|뮤지컬:1
00000003325,4,9,1050000,20220415: ,20240714: ,2022|뮤지컬:2;2023|발레/연극:1;2024|뮤지컬:1
00000011956,5,17,302000,20200619: ,20241204: ,2022|뮤지컬:1;2023|클래식:1;2024|클래식:1;2020|클래식:2
00000005800,1,2,234000,20220415: ,20220415: ,2022|뮤지컬:1
00000019846,1,2,300000,20220415: ,20220415: ,2022|뮤지컬:1
00000008586,1,2,234000,20220415: ,20220415: ,2022|뮤지컬:1
00000005684,1,1,150000,20220415: ,20220415: ,2022|뮤지컬:1
00000004004,6,7,580500,20220415: ,20250904: ,2022|뮤지컬:2;2022|발레/연극:1;2025|뮤지컬:1;2025|발레/연극:1;2025|클래식:1
00000021696,2,3,430000,20220415: ,20250706: ,2022|뮤지컬:1;2025|뮤지컬:1
00000008017,1,2,270000,20220415: ,20220415: ,2022|뮤지컬:1
00000011207,1,1,130000,20220415: ,20220415: ,2022|뮤지컬:1
00000011503,2,2,252000,20220415: ,20220415: ,2022|뮤지컬:2
00000015195,4,6,601500,20220415: ,20240714: ,2022|뮤지컬:1;2022|미상:1;2023|클래식:1;2024|뮤지컬:1
00000013399,6,11,875800,20220415: ,20250918: ,2022|뮤지컬:2;2024|뮤지컬:1;2024|어린이·가족:1;2024|발레/연극:1;2025|어린이·가족:1
00000021863,1,2,234000,20220415: ,20220415: ,2022|뮤지컬:1
00000016804,2,2,285000,20220415: ,20241122: ,2022|뮤지컬:1;2024|뮤지컬:1
00000006396,2,4,350000,20220415: ,20241116: ,2022|뮤지컬:1;2024|뮤지컬:1
00000016750,2,2,310000,20220415: ,20240712: ,2022|뮤지컬:1;2024|뮤지컬:1
00000015052,2,2,220000,20220415: ,20250425: ,2022|뮤지컬:1;2025|발레/연극:1
00000013983,1,2,300000,20220415: ,20220415: ,2022|뮤지컬:1
00000010116,1,2,300000,20220415: ,20220415: ,2022|뮤지컬:1
00000014460,2,6,822000,20220415: ,20230408: ,2022|뮤지컬:1;2023|뮤지컬:1
00000010732,3,3,324000,20220415: ,20231028: ,2022|뮤지컬:2;2023|뮤지컬:1
00000010317,1,2,270000,20220415: ,20220415: ,2022|뮤지컬:1
00000009859,1,1,150000,20220415: ,20220415: ,2022|뮤지컬:1
00000003187,2,2,300000,20220415: ,20220415: ,2022|뮤지컬:2
00000020189,5,10,856000,20220415: ,20250214: ,2022|뮤지컬:1;2023|뮤지컬:2;2024|발레/연극:1;2025|뮤지컬:1
00000001463,2,2,300000,20220415: ,20220415: ,2022|뮤지컬:2
00000003461,1,2,270000,20220415: ,20220415: ,2022|뮤지컬:1
00000002655,6,15,1416500,20220415: ,20251128: ,2022|뮤지컬:1;2024|발레/연극:1;2024|뮤지컬:1;2025|뮤지컬:2;2025|발레/연극:1
00000016184,4,8,1044000,20220415: ,20250706: ,2022|뮤지컬:1;2024|뮤지컬:2;2025|뮤지컬:1
00000010379,1,2,270000,20220415: ,20220415: ,2022|뮤지컬:1
00000002154,2,4,324000,20220415: ,20230902: ,2022|뮤지컬:1;2023|발레/연극:1
00000012221,3,6,539800,20220415: ,20241225: ,2022|뮤지컬:1;2023|뮤지컬:1;2024|발레/연극:1
00000016892,3,6,519000,20201205: ,20250705: ,2022|뮤지컬:1;2025|뮤지컬:1;2020|클래식:1
00000006730,2,4,314000,20220415: ,20230901: ,2022|뮤지컬:1;2023|발레/연극:1
00000008406,2,2,279000,20220415: ,20240714: ,2022|뮤지컬:1;2024|뮤지컬:1
00000017264,1,2,162000,20220415: ,20220415: ,2022|뮤지컬:1
00000022241,2,4,351200,20220415: ,20250802: ,2022|뮤지컬:1;2025|어린이·가족:1
00000022639,5,5,705000,20220415: ,20241123: ,2022|뮤지컬:4;2024|뮤지컬:1
00000014785,4,12,1120000,20220415: ,20250704: ,2022|뮤지컬:1;2022|발레/연극:1;2023|뮤지컬:1;2025|뮤지컬:1
00000010549,2,2,285000,20220415: ,20221203: ,2022|뮤지컬:2
00000014858,2,4,558000,20220415: ,20250216: ,2022|뮤지컬:1;2025|뮤지컬:1
00000012415,3,6,738000,20220415: ,20250706: ,2022|뮤지컬:1;2023|뮤지컬:1;2025|뮤지컬:1
00000022445,2,6,418400,20220415: ,20250920: ,2022|뮤지컬:1;2025|어린이·가족:1
00000013175,5,6,618000,20220415: ,20250704: ,2022|뮤지컬:2;2023|뮤지컬:1;2024|뮤지컬:1;2025|뮤지컬:1
00000011907,6,8,527000,20220415: ,20250720: ,2022|뮤지컬:1;2022|미상:2;2023|뮤지컬:1;2025|발레/연극:2
00000000734,1,2,162000,20220415: ,20220415: ,2022|뮤지컬:1
00000006167,4,7,894000,20220415: ,20241123: ,2022|뮤지컬:2;2024|뮤지컬:2
00000004516,1,2,300000,20220415: ,20220415: ,2022|뮤지컬:1
00000015664,5,8,714000,20220415: ,20240714: ,2022|뮤지컬:2;2022|미상:1;2022|발레/연극:1;2024|뮤지컬:1
00000000384,2,4,476000,20220415: ,20230408: ,2022|뮤지컬:1;2023|뮤지컬:1
00000008489,2,4,522000,20220415: ,20251123: ,2022|뮤지컬:1;2025|뮤지컬:1
00000020888,1,2,270000,20220415: ,20220415: ,2022|뮤지컬:1
00000001556,6,6,819000,20220415: ,20251123: ,2022|뮤지컬:2;2024|뮤지컬:2;2025|뮤지컬:2
00000014810,2,4,486000,20220415: ,20240712: ,2022|뮤지컬:1;2024|뮤지컬:1
00000021837,1,2,234000,20220415: ,20220415: ,2022|뮤지컬:1
00000009557,1,1,117000,20220415: ,20220415: ,2022|뮤지컬:1
00000004691,2,3,270000,20220415: ,20251123: ,2022|뮤지컬:1;2025|뮤지컬:1
00000014009,1,2,162000,20220415: ,20220415: ,2022|뮤지컬:1
00000018500,3,8,1178000,20220416: ,20250705: ,2022|뮤지컬:2;2025|뮤지컬:1
00000013066,2,4,600000,20220416: ,20221203: ,2022|뮤지컬:2
00000021459,3,3,470000,20220416: ,20240712: ,2022|뮤지컬:1;2024|뮤지컬:2
00000001486,3,6,513000,20220416: ,20220924: ,2022|뮤지컬:1;2022|클래식:1;2022|발레/연극:1
00000003675,6,7,1014000,20220416: ,20250705: ,2022|뮤지컬:2;2024|뮤지컬:3;2025|뮤지컬:1
00000019000,1,1,150000,20220416: ,20220416: ,2022|뮤지컬:1
00000003430,2,4,270000,20220416: ,20250327: ,2022|뮤지컬:1;2025|클래식:1
00000009119,6,11,868700,20220416: ,20250802: ,2022|뮤지컬:1;2022|클래식:2;2023|뮤지컬:1;2024|뮤지컬:1;2025|어린이·가족:1
00000022570,6,16,2076000,20220416: ,20250215: ,2022|뮤지컬:2;2024|뮤지컬:2;2025|뮤지컬:2
00000017788,4,5,717000,20220416: ,20251122: ,2022|뮤지컬:1;2024|뮤지컬:2;2025|뮤지컬:1
00000019037,3,3,440000,20220416: ,20230408: ,2022|뮤지컬:2;2023|뮤지컬:1
00000006872,4,5,600000,20220416: ,20250720: ,2022|뮤지컬:2;2025|뮤지컬:1;2025|발레/연극:1
00000021108,3,3,450000,20220416: ,20240713: ,2022|뮤지컬:1;2023|뮤지컬:1;2024|뮤지컬:1
00000015943,2,3,400000,20220416: ,20221203: ,2022|뮤지컬:2
00000015699,2,4,408000,20220416: ,20230429: ,2022|뮤지컬:1;2023|뮤지컬:1
00000005771,3,4,214500,20220416: ,20230902: ,2022|뮤지컬:1;2022|클래식:1;2023|발레/연극:1
00000022513,1,2,234000,20220416: ,20220416: ,2022|뮤지컬:1
00000012678,2,4,550000,20220416: ,20230408: ,2022|뮤지컬:1;2023|뮤지컬:1
00000020918,8,21,2210000,20220416: ,20250705: ,2022|뮤지컬:1;2023|뮤지컬:3;2023|발레/연극:2;2024|클래식:1;2025|뮤지컬:1
00000006522,2,5,391800,20220416: ,20250803: ,2022|뮤지컬:1;2025|어린이·가족:1
00000018126,4,8,539000,20220416: ,20240824: ,2022|뮤지컬:1;2022|클래식:1;2023|클래식:1;2024|클래식:1
00000002408,1,2,162000,20220416: ,20220416: ,2022|뮤지컬:1
00000014361,2,4,588000,20220416: ,20250214: ,2022|뮤지컬:1;2025|뮤지컬:1
00000012020,1,2,270000,20220416: ,20220416: ,2022|뮤지컬:1
00000010095,1,2,234000,20220416: ,20220416: ,2022|뮤지컬:1
00000014617,14,30,1847000,20220416: ,20250710: ,2022|뮤지컬:3;2023|클래식:4;2024|클래식:1;2024|뮤지컬:1;2024|기타:1;2025|클래식:3;2025|발레/연극:1
00000015390,1,3,420000,20220416: ,20220416: ,2022|뮤지컬:1
00000012985,1,2,162000,20220416: ,20220416: ,2022|뮤지컬:1
00000020952,1,2,270000,20220416: ,20220416: ,2022|뮤지컬:1
00000010911,7,14,995500,20220416: ,20250517: ,2022|뮤지컬:1;2023|발레/연극:1;2023|클래식:1;2025|뮤지컬:1;2025|클래식:1;2025|어린이·가족:2
00000017453,2,2,300000,20220416: ,20220416: ,2022|뮤지컬:2
00000007166,7,7,915000,20201126: ,20250705: ,2022|뮤지컬:2;2023|뮤지컬:2;2025|뮤지컬:2;2020|클래식:1
00000007915,4,6,559000,20220416: ,20241224: ,2022|뮤지컬:1;2023|뮤지컬:1;2023|클래식:1;2024|발레/연극:1
00000020097,1,1,150000,20220416: ,20220416: ,2022|뮤지컬:1
00000010111,1,2,300000,20220416: ,20220416: ,2022|뮤지컬:1
00000012762,6,17,642000,20200619: ,20230119: ,2022|뮤지컬:1;2022|발레/연극:1;2023|클래식:1;2020|클래식:3
00000012507,1,2,260000,20220416: ,20220416: ,2022|뮤지컬:1
00000017852,2,3,387000,20220416: ,20230409: ,2022|뮤지컬:1;2023|뮤지컬:1
00000007536,3,5,576000,20220416: ,20241221: ,2022|뮤지컬:1;2024|뮤지컬:1;2024|클래식:1
00000021713,3,5,306000,20220416: ,20220702: ,2022|뮤지컬:2;2022|발레/연극:1
00000014584,6,12,858000,20220416: ,20251129: ,2022|뮤지컬:1;2023|발레/연극:1;2025|뮤지컬:1;2025|발레/연극:3
00000006539,2,4,440000,20220416: ,20221203: ,2022|뮤지컬:2
00000019535,4,4,380000,20220416: ,20240712: ,2022|뮤지컬:1;2022|클래식:1;2022|발레/연극:1;2024|뮤지컬:1
00000020068,2,4,358000,20220416: ,20240517: ,2022|뮤지컬:1;2024|발레/연극:1
00000011720,2,2,240000,20220416: ,20240712: ,2022|뮤지컬:1;2024|뮤지컬:1
00000010440,1,2,300000,20220416: ,20220416: ,2022|뮤지컬:1
00000010572,3,6,680000,20220416: ,20250719: ,2022|뮤지컬:2;2025|발레/연극:1
00000022209,4,9,1176000,20220416: ,20251122: ,2022|뮤지컬:2;2024|뮤지컬:1;2025|뮤지컬:1
00000020520,1,2,260000,20220416: ,20220416: ,2022|뮤지컬:1
00000006143,4,5,745000,20220416: ,20251122: ,2022|뮤지컬:3;2025|뮤지컬:1
00000006038,4,8,1116000,20220416: ,20251122: ,2022|뮤지컬:1;2023|뮤지컬:1;2025|뮤지컬:2
00000004101,2,3,276000,20220416: ,20241101: ,2022|뮤지컬:1;2024|클래식:1
00000015764,3,6,810000,20220416: ,20240714: ,2022|뮤지컬:1;2023|뮤지컬:1;2024|뮤지컬:1
00000005595,1,2,270000,20220416: ,20220416: ,2022|뮤지컬:1
00000021656,2,2,285000,20220416: ,20220417: ,2022|뮤지컬:2
00000012981,1,2,300000,20220416: ,20220416: ,2022|뮤지컬:1
00000014972,7,21,2138000,20220416: ,20250705: ,2022|뮤지컬:1;2023|발레/연극:1;2024|발레/연극:1;2024|뮤지컬:2;2024|기타:1;2025|뮤지컬:1
00000009372,2,4,389000,20220416: ,20230119: ,2022|뮤지컬:1;2023|클래식:1
00000009070,2,3,279000,20220416: ,20250215: ,2022|뮤지컬:1;2025|뮤지컬:1
00000012121,1,1,150000,20220416: ,20220416: ,2022|뮤지컬:1
00000009025,2,4,522000,20220416: ,20240714: ,2022|뮤지컬:1;2024|뮤지컬:1
00000007186,1,2,270000,20220416: ,20220416: ,2022|뮤지컬:1
00000018943,1,1,135000,20220416: ,20220416: ,2022|뮤지컬:1
00000007595,6,6,485000,20201126: ,20241224: ,2022|뮤지컬:1;2022|발레/연극:1;2023|발레/연극:1;2023|클래식:1;2024|발레/연극:1;2020|클래식:1
00000011391,5,9,532000,20220416: ,20250720: ,2022|뮤지컬:1;2022|미상:1;2023|발레/연극:1;2024|발레/연극:1;2025|발레/연극:1
00000010278,1,2,234000,20220416: ,20220416: ,2022|뮤지컬:1
00000002885,5,10,1376000,20220416: ,20251123: ,2022|뮤지컬:2;2023|뮤지컬:1;2025|뮤지컬:2
00000021648,1,1,117000,20220416: ,20220416: ,2022|뮤지컬:1
00000021699,2,4,540000,20220416: ,20241123: ,2022|뮤지컬:1;2024|뮤지컬:1
00000005780,13,28,1953600,20220416: ,20251115: ,2022|뮤지컬:1;2022|어린이·가족:1;2022|발레/연극:1;2023|뮤지컬:1;2023|클래식:1;2024|클래식:1;2024|발레/연극:2;2025|클래식:3;2025|뮤지컬:1;2025|발레/연극:1
00000022461,3,6,620000,20220416: ,20241206: ,2022|뮤지컬:1;2024|뮤지컬:1;2024|클래식:1
00000021677,4,8,990000,20220416: ,20250705: ,2022|뮤지컬:1;2023|뮤지컬:1;2024|뮤지컬:1;2025|뮤지컬:1
00000012922,3,6,656000,20220416: ,20241123: ,2022|뮤지컬:1;2024|뮤지컬:2
00000017704,2,3,423000,20220416: ,20240714: ,2022|뮤지컬:1;2024|뮤지컬:1
00000016307,6,8,881500,20220416: ,20240713: ,2022|뮤지컬:2;2023|뮤지컬:2;2024|발레/연극:1;2024|뮤지컬:1
00000008059,2,4,522000,20220416: ,20230407: ,2022|뮤지컬:1;2023|뮤지컬:1
00000004850,1,2,260000,20220416: ,20220416: ,2022|뮤지컬:1
00000008152,1,2,234000,20220416: ,20220416: ,2022|뮤지컬:1
00000017369,4,16,1386000,20220416: ,20251123: ,2022|뮤지컬:1;2022|발레/연극:2;2025|뮤지컬:1
00000015183,5,8,703000,20220416: ,20250706: ,2022|뮤지컬:1;2024|뮤지컬:3;2025|뮤지컬:1
00000018550,1,2,260000,20220416: ,20220416: ,2022|뮤지컬:1
00000005706,3,5,564000,20220416: ,20230408: ,2022|뮤지컬:2;2023|뮤지컬:1
00000003825,4,9,1285000,20220416: ,20250705: ,2022|뮤지컬:1;2025|뮤지컬:3
00000021490,2,2,300000,20220416: ,20251122: ,2022|뮤지컬:1;2025|뮤지컬:1
00000001964,1,2,300000,20220416: ,20220416: ,2022|뮤지컬:1
00000004221,8,12,964000,20220416: ,20251128: ,2022|뮤지컬:2;2024|뮤지컬:2;2025|클래식:1;2025|발레/연극:3
00000017005,1,2,234000,20220416: ,20220416: ,2022|뮤지컬:1
00000017834,2,5,652000,20220416: ,20240713: ,2022|뮤지컬:1;2024|뮤지컬:1
00000008970,2,4,342000,20220416: ,20250719: ,2022|뮤지컬:1;2025|발레/연극:1
00000021769,1,2,300000,20220416: ,20220416: ,2022|뮤지컬:1
00000021473,5,8,1008000,20220416: ,20250704: ,2022|뮤지컬:3;2024|뮤지컬:1;2025|뮤지컬:1
00000000636,3,6,630000,20220416: ,20250705: ,2022|뮤지컬:1;2023|뮤지컬:1;2025|뮤지컬:1
00000003739,2,6,354000,20220416: ,20250720: ,2022|뮤지컬:1;2025|발레/연극:1
00000019557,2,4,552000,20220416: ,20250214: ,2022|뮤지컬:1;2025|뮤지컬:1
00000014598,1,1,135000,20220416: ,20220416: ,2022|뮤지컬:1
00000000187,1,2,300000,20220416: ,20220416: ,2022|뮤지컬:1
00000016310,1,2,270000,20220416: ,20220416: ,2022|뮤지컬:1
00000014343,4,7,706000,20220416: ,20250529: ,2022|뮤지컬:1;2023|뮤지컬:1;2024|발레/연극:1;2025|발레/연극:1
00000003789,1,4,600000,20220416: ,20220416: ,2022|뮤지컬:1
00000015409,1,2,270000,20220416: ,20220416: ,2022|뮤지컬:1
00000010367,1,1,135000,20220416: ,20220416: ,2022|뮤지컬:1
00000015011,2,3,438000,20220416: ,20240714: ,2022|뮤지컬:1;2024|뮤지컬:1
00000019099,6,10,661000,20201018: ,20250706: ,2022|뮤지컬:1;2022|클래식:1;2023|클래식:1;2025|클래식:1;2025|뮤지컬:1;2020|클래식:1
00000010579,2,4,468000,20220416: ,20250424: ,2022|뮤지컬:1;2025|발레/연극:1
00000002056,8,15,1419000,20220416: ,20251123: ,2022|뮤지컬:2;2022|발레/연극:1;2024|뮤지컬:2;2024|클래식:1;2025|클래식:1;2025|뮤지컬:1
00000017438,1,2,300000,20220416: ,20220416: ,2022|뮤지컬:1
00000018767,1,2,270000,20220416: ,20220416: ,2022|뮤지컬:1
00000018321,1,3,252000,20220416: ,20220416: ,2022|뮤지컬:1
00000010366,2,4,588000,20220416: ,20250215: ,2022|뮤지컬:1;2025|뮤지컬:1
00000015701,1,1,135000,20220416: ,20220416: ,2022|뮤지컬:1
00000002752,1,3,420000,20220416: ,20220416: ,2022|뮤지컬:1
00000018776,1,2,270000,20220416: ,20220416: ,2022|뮤지컬:1
00000006344,1,1,135000,20220416: ,20220416: ,2022|뮤지컬:1
00000003149,4,9,931800,20220416: ,20250802: ,2022|뮤지컬:1;2024|뮤지컬:1;2025|뮤지컬:1;2025|어린이·가족:1
00000004649,2,4,522000,20220416: ,20230408: ,2022|뮤지컬:1;2023|뮤지컬:1
00000003084,7,18,1822600,20220416: ,20250704: ,2022|뮤지컬:1;2022|발레/연극:1;2023|발레/연극:1;2024|뮤지컬:1;2024|발레/연극:2;2025|뮤지컬:1
00000010527,6,11,684400,20220416: ,20251123: ,2022|뮤지컬:1;2022|어린이·가족:1;2025|어린이·가족:3;2025|뮤지컬:1
00000021372,3,6,726600,20220416: ,20250214: ,2022|뮤지컬:1;2024|발레/연극:1;2025|뮤지컬:1
00000011514,1,1,135000,20220416: ,20220416: ,2022|뮤지컬:1
00000019271,1,1,150000,20220416: ,20220416: ,2022|뮤지컬:1
00000014699,1,2,180000,20220416: ,20220416: ,2022|뮤지컬:1
00000019260,1,2,260000,20220416: ,20220416: ,2022|뮤지컬:1
00000021050,1,1,135000,20220416: ,20220416: ,2022|뮤지컬:1
00000003319,2,4,366000,20220416: ,20240512: ,2022|뮤지컬:1;2024|어린이·가족:1
00000017873,1,2,300000,20220416: ,20220416: ,2022|뮤지컬:1
00000005508,3,6,547000,20220416: ,20250425: ,2022|뮤지컬:1;2023|클래식:1;2025|발레/연극:1
00000014103,7,14,1940000,20220416: ,20251122: ,2022|뮤지컬:3;2023|발레/연극:1;2024|뮤지컬:1;2025|뮤지컬:2
00000011688,13,33,1994500,20201024: ,20251123: ,2022|뮤지컬:1;2023|클래식:3;2023|발레/연극:1;2024|발레/연극:1;2024|뮤지컬:2;2025|뮤지컬:2;2025|발레/연극:2;2020|뮤지컬:1
00000004566,1,1,135000,20220416: ,20220416: ,2022|뮤지컬:1
00000001911,1,2,260000,20220416: ,20220416: ,2022|뮤지컬:1
00000013169,1,2,300000,20220416: ,20220416: ,2022|뮤지컬:1
00000011240,1,2,234000,20220416: ,20220416: ,2022|뮤지컬:1
00000009081,6,7,943000,20220416: ,20250704: ,2022|뮤지컬:3;2023|뮤지컬:1;2025|뮤지컬:2
00000013053,1,2,300000,20220416: ,20220416: ,2022|뮤지컬:1
00000002521,2,4,423000,20220416: ,20220924: ,2022|뮤지컬:1;2022|발레/연극:1
00000020565,3,6,411000,20220416: ,20251023: ,2022|뮤지컬:1;2023|발레/연극:1;2025|클래식:1
00000009627,2,5,760000,20220416: ,20251123: ,2022|뮤지컬:1;2025|뮤지컬:1
00000011305,1,2,162000,20220416: ,20220416: ,2022|뮤지컬:1
00000010503,3,6,910000,20220416: ,20250216: ,2022|뮤지컬:1;2024|뮤지컬:1;2025|뮤지컬:1
00000015966,11,22,2130000,20220416: ,20251123: ,2022|뮤지컬:2;2023|뮤지컬:2;2023|발레/연극:2;2024|뮤지컬:2;2025|뮤지컬:3
00000016979,2,4,567000,20220416: ,20221203: ,2022|뮤지컬:2
00000013000,1,2,180000,20220416: ,20220416: ,2022|뮤지컬:1
00000003428,2,4,468000,20220416: ,20240713: ,2022|뮤지컬:1;2024|뮤지컬:1
00000022640,3,5,674000,20220417: ,20250215: ,2022|뮤지컬:1;2023|뮤지컬:1;2025|뮤지컬:1
00000005765,1,3,420000,20220417: ,20220417: ,2022|뮤지컬:1
00000019133,2,4,558000,20220417: ,20240713: ,2022|뮤지컬:1;2024|뮤지컬:1
00000016912,3,9,594000,20220417: ,20230429: ,2022|뮤지컬:1;2023|뮤지컬:2
00000015528,4,6,414000,20220417: ,20230409: ,2022|뮤지컬:1;2022|어린이·가족:1;2022|미상:1;2023|뮤지컬:1
00000018372,3,6,368000,20220417: ,20250720: ,2022|뮤지컬:1;2023|발레/연극:1;2025|발레/연극:1
00000014573,2,4,423000,20220417: ,20220924: ,2022|뮤지컬:1;2022|발레/연극:1
00000009756,3,5,685000,20220417: ,20240712: ,2022|뮤지컬:1;2024|발레/연극:1;2024|뮤지컬:1
00000018174,1,2,234000,20220417: ,20220417: ,2022|뮤지컬:1
00000010821,2,3,405000,20220417: ,20240713: ,2022|뮤지컬:1;2024|뮤지컬:1
00000008051,1,1,150000,20220417: ,20220417: ,2022|뮤지컬:1
00000001016,2,5,174000,20220417: ,20250720: ,2022|뮤지컬:1;2025|발레/연극:1
00000001735,2,5,660000,20220417: ,20250215: ,2022|뮤지컬:1;2025|뮤지컬:1
00000001772,2,4,450000,20220417: ,20230408: ,2022|뮤지컬:1;2023|뮤지컬:1
00000004161,1,2,234000,20220417: ,20220417: ,2022|뮤지컬:1
00000019964,3,7,629600,20220417: ,20241224: ,2022|뮤지컬:1;2022|클래식:1;2024|발레/연극:1
00000015437,5,7,914000,20220417: ,20240713: ,2022|뮤지컬:1;2023|뮤지컬:2;2024|뮤지컬:2
00000001908,2,3,382000,20220417: ,20230408: ,2022|뮤지컬:1;2023|뮤지컬:1
00000003838,1,2,300000,20220417: ,20220417: ,2022|뮤지컬:1
00000000913,1,2,270000,20220417: ,20220417: ,2022|뮤지컬:1
00000021047,1,2,300000,20220417: ,20220417: ,2022|뮤지컬:1
00000002795,3,7,582000,20220417: ,20240512: ,2022|뮤지컬:1;2023|뮤지컬:1;2024|어린이·가족:1
00000001731,3,5,334000,20201018: ,20250904: ,2022|뮤지컬:1;2025|클래식:1;2020|클래식:1
00000020106,4,6,720000,20220417: ,20250720: ,2022|뮤지컬:1;2024|뮤지컬:2;2025|발레/연극:1
00000016549,3,5,495000,20220417: ,20240714: ,2022|뮤지컬:1;2023|뮤지컬:1;2024|뮤지컬:1
00000004919,1,2,234000,20220417: ,20220417: ,2022|뮤지컬:1
00000020321,3,7,492000,20220417: ,20240511: ,2022|뮤지컬:1;2022|미상:1;2024|어린이·가족:1
00000001947,7,13,1641200,20220417: ,20250803: ,2022|뮤지컬:5;2024|뮤지컬:1;2025|어린이·가족:1
00000021088,9,17,1513600,20220417: ,20251129: ,2022|뮤지컬:1;2023|뮤지컬:1;2023|발레/연극:1;2023|클래식:1;2024|뮤지컬:1;2024|발레/연극:1;2025|뮤지컬:1;2025|발레/연극:2
00000018286,5,9,672600,20220417: ,20241225: ,2022|뮤지컬:1;2023|발레/연극:1;2023|클래식:2;2024|발레/연극:1
00000003612,4,7,744000,20220417: ,20251123: ,2022|뮤지컬:1;2025|어린이·가족:1;2025|뮤지컬:2
00000008506,4,11,1582000,20220417: ,20250705: ,2022|뮤지컬:1;2025|뮤지컬:3
00000013205,1,1,135000,20220417: ,20220417: ,2022|뮤지컬:1
00000001827,5,10,1482000,20220417: ,20251122: ,2022|뮤지컬:1;2024|뮤지컬:1;2025|뮤지컬:3
00000020345,1,2,270000,20220417: ,20220417: ,2022|뮤지컬:1
00000019510,1,1,117000,20220417: ,20220417: ,2022|뮤지컬:1
00000016240,2,2,276000,20220417: ,20230408: ,2022|뮤지컬:1;2023|뮤지컬:1
00000004609,1,2,234000,20220417: ,20220417: ,2022|뮤지컬:1
00000006387,4,8,1112000,20220417: ,20250706: ,2022|뮤지컬:2;2023|뮤지컬:1;2025|뮤지컬:1
00000010085,3,5,540000,20220417: ,20221203: ,2022|뮤지컬:2;2022|미상:1
00000018149,4,9,984000,20220417: ,20250706: ,2022|뮤지컬:1;2023|뮤지컬:1;2023|어린이·가족:1;2025|뮤지컬:1
00000013410,4,4,563000,20220417: ,20250705: ,2022|뮤지컬:1;2023|뮤지컬:1;2025|뮤지컬:2
00000017419,1,3,364000,20220417: ,20220417: ,2022|뮤지컬:1
00000003582,4,8,1092000,20220417: ,20241123: ,2022|뮤지컬:2;2023|뮤지컬:1;2024|뮤지컬:1
00000018925,7,14,1524600,20220417: ,20250215: ,2022|뮤지컬:1;2022|클래식:1;2023|발레/연극:1;2024|뮤지컬:2;2024|발레/연극:1;2025|뮤지컬:1
00000022493,2,4,580000,20220417: ,20230407: ,2022|뮤지컬:1;2023|뮤지컬:1
00000013275,2,4,213000,20220417: ,20240119: ,2022|뮤지컬:1;2024|클래식:1
00000002834,1,2,270000,20220417: ,20220417: ,2022|뮤지컬:1
00000020890,2,8,620000,20220417: ,20231130: ,2022|뮤지컬:1;2023|클래식:1
00000005885,2,2,135000,20220417: ,20220917: ,2022|뮤지컬:1;2022|미상:1
00000012128,6,10,1129800,20220417: ,20251123: ,2022|뮤지컬:2;2024|뮤지컬:1;2025|뮤지컬:2;2025|어린이·가족:1
00000012548,1,1,135000,20220417: ,20220417: ,2022|뮤지컬:1
00000019990,2,10,1402000,20220417: ,20230408: ,2022|뮤지컬:1;2023|뮤지컬:1
00000012109,12,24,1269000,20220417: ,20250720: ,2022|뮤지컬:2;2022|클래식:2;2023|뮤지컬:2;2023|클래식:1;2024|뮤지컬:1;2024|클래식:1;2025|클래식:2;2025|발레/연극:1
00000002388,1,2,300000,20220417: ,20220417: ,2022|뮤지컬:1
00000005645,18,32,1116500,20220417: ,20250720: ,2022|뮤지컬:2;2022|발레/연극:1;2022|클래식:1;2023|발레/연극:2;2023|클래식:2;2024|클래식:4;2024|발레/연극:1;2025|클래식:2;2025|발레/연극:3
00000019630,2,4,580000,20220417: ,20230408: ,2022|뮤지컬:1;2023|뮤지컬:1
00000010678,4,5,531000,20220417: ,20241124: ,2022|뮤지컬:1;2022|미상:1;2023|뮤지컬:1;2024|뮤지컬:1
00000004778,1,2,270000,20220417: ,20220417: ,2022|뮤지컬:1
00000000708,1,4,570000,20220417: ,20220417: ,2022|뮤지컬:1
00000021303,1,2,234000,20220417: ,20220417: ,2022|뮤지컬:1
00000016405,2,4,558000,20220417: ,20250215: ,2022|뮤지컬:1;2025|뮤지컬:1
00000017697,2,3,247500,20220417: ,20241204: ,2022|뮤지컬:1;2024|클래식:1
00000009606,2,4,588000,20220417: ,20250216: ,2022|뮤지컬:1;2025|뮤지컬:1
00000021920,1,2,270000,20220417: ,20220417: ,2022|뮤지컬:1
00000008916,1,1,150000,20220417: ,20220417: ,2022|뮤지컬:1
00000008815,1,2,260000,20220417: ,20220417: ,2022|뮤지컬:1
00000007092,4,5,270000,20220417: ,20220917: ,2022|뮤지컬:1;2022|미상:3
00000004813,4,9,680000,20220417: ,20251204: ,2022|뮤지컬:1;2024|뮤지컬:1;2025|클래식:2
00000003917,6,11,1638000,20220417: ,20251122: ,2022|뮤지컬:2;2023|뮤지컬:2;2025|뮤지컬:2
00000001131,2,4,432000,20220417: ,20251123: ,2022|뮤지컬:1;2025|뮤지컬:1
00000015106,7,15,2108000,20220417: ,20250706: ,2022|뮤지컬:2;2023|뮤지컬:2;2024|뮤지컬:1;2025|뮤지컬:2
00000018258,3,6,558000,20220417: ,20231224: ,2022|뮤지컬:1;2023|뮤지컬:1;2023|발레/연극:1
00000007116,2,4,530000,20220417: ,20240713: ,2022|뮤지컬:1;2024|뮤지컬:1
00000021266,5,14,1224400,20201024: ,20251122: ,2022|뮤지컬:1;2023|뮤지컬:1;2024|발레/연극:1;2025|뮤지컬:1;2020|뮤지컬:1
00000011773,4,7,1078000,20220417: ,20251123: ,2022|뮤지컬:1;2024|뮤지컬:1;2025|뮤지컬:2
00000006434,1,2,270000,20220417: ,20220417: ,2022|뮤지컬:1
00000004206,2,4,378000,20220417: ,20230429: ,2022|뮤지컬:1;2023|뮤지컬:1
00000021709,1,2,234000,20220417: ,20220417: ,2022|뮤지컬:1
00000004028,1,2,300000,20220417: ,20220417: ,2022|뮤지컬:1
00000002627,1,2,162000,20220417: ,20220417: ,2022|뮤지컬:1
00000011873,8,15,900000,20220417: ,20251123: ,2022|뮤지컬:1;2022|어린이·가족:1;2022|미상:2;2023|클래식:2;2025|어린이·가족:1;2025|뮤지컬:1
00000010109,4,4,349500,20220417: ,20250705: ,2022|뮤지컬:1;2025|클래식:1;2025|발레/연극:1;2025|뮤지컬:1
00000000036,1,2,234000,20220417: ,20220417: ,2022|뮤지컬:1
00000017547,2,6,480000,20220417: ,20230609: ,2022|뮤지컬:1;2023|발레/연극:1
00000021319,6,12,1014000,20220417: ,20251123: ,2022|뮤지컬:1;2023|뮤지컬:1;2024|뮤지컬:1;2025|발레/연극:2;2025|뮤지컬:1
00000014515,16,21,1806000,20220417: ,20251123: ,2022|뮤지컬:1;2022|어린이·가족:2;2022|클래식:1;2023|뮤지컬:5;2024|뮤지컬:2;2025|뮤지컬:3;2025|발레/연극:2
00000000771,1,2,270000,20220417: ,20220417: ,2022|뮤지컬:1
00000004768,2,3,423000,20220417: ,20240713: ,2022|뮤지컬:1;2024|뮤지컬:1
00000021367,5,10,1254000,20220417: ,20250215: ,2022|뮤지컬:1;2023|뮤지컬:1;2023|발레/연극:1;2024|뮤지컬:1;2025|뮤지컬:1
00000010561,4,10,997000,20220417: ,20251128: ,2022|뮤지컬:1;2023|클래식:1;2024|뮤지컬:1;2025|발레/연극:1
00000001393,4,7,1070000,20220417: ,20241123: ,2022|뮤지컬:1;2024|뮤지컬:3
00000022135,1,2,240000,20220417: ,20220417: ,2022|뮤지컬:1
00000002237,3,6,630000,20220417: ,20250214: ,2022|뮤지컬:1;2023|발레/연극:1;2025|뮤지컬:1
00000019889,1,2,270000,20220417: ,20220417: ,2022|뮤지컬:1
00000002066,3,3,298000,20220417: ,20221203: ,2022|뮤지컬:3
00000019231,4,8,715000,20220417: ,20230826: ,2022|뮤지컬:3;2023|클래식:1
00000003514,5,6,324000,20220417: ,20231214: ,2022|뮤지컬:1;2022|클래식:1;2023|클래식:3
00000002738,2,4,558000,20220417: ,20250704: ,2022|뮤지컬:1;2025|뮤지컬:1
00000006312,2,8,1182000,20220417: ,20251122: ,2022|뮤지컬:1;2025|뮤지컬:1
00000010581,1,2,270000,20220417: ,20220417: ,2022|뮤지컬:1
00000002798,2,4,512000,20220417: ,20250214: ,2022|뮤지컬:1;2025|뮤지컬:1
00000021546,1,2,270000,20220417: ,20220417: ,2022|뮤지컬:1
00000010344,2,4,468000,20220417: ,20240713: ,2022|뮤지컬:1;2024|뮤지컬:1
00000009984,1,2,270000,20220417: ,20220417: ,2022|뮤지컬:1
00000010172,1,2,270000,20220417: ,20220417: ,2022|뮤지컬:1
00000011152,2,3,349500,20220417: ,20240518: ,2022|뮤지컬:1;2024|발레/연극:1
00000008199,1,2,162000,20220417: ,20220417: ,2022|뮤지컬:1
00000008136,1,1,150000,20220417: ,20220417: ,2022|뮤지컬:1
00000015085,1,2,270000,20220417: ,20220417: ,2022|뮤지컬:1
00000005162,1,2,270000,20220417: ,20220417: ,2022|뮤지컬:1
00000005507,2,4,550000,20220417: ,20250214: ,2022|뮤지컬:1;2025|뮤지컬:1
00000015271,1,2,270000,20220417: ,20220417: ,2022|뮤지컬:1
00000017916,1,1,81000,20220417: ,20220417: ,2022|뮤지컬:1
00000016124,1,2,270000,20220417: ,20220417: ,2022|뮤지컬:1
00000006441,1,2,270000,20220417: ,20220417: ,2022|뮤지컬:1
00000000564,6,12,1539000,20220417: ,20250215: ,2022|뮤지컬:1;2023|뮤지컬:1;2023|발레/연극:1;2024|클래식:1;2024|뮤지컬:1;2025|뮤지컬:1
00000019521,3,4,583000,20220417: ,20251123: ,2022|뮤지컬:1;2024|뮤지컬:1;2025|뮤지컬:1
00000013612,1,2,270000,20220417: ,20220417: ,2022|뮤지컬:1
00000012558,2,3,444000,20220417: ,20250705: ,2022|뮤지컬:1;2025|뮤지컬:1
00000017026,2,4,620000,20220417: ,20250215: ,2022|뮤지컬:1;2025|뮤지컬:1
00000016284,1,2,270000,20220417: ,20220417: ,2022|뮤지컬:1
00000009301,5,5,709000,20220417: ,20250705: ,2022|뮤지컬:1;2023|뮤지컬:1;2025|뮤지컬:3
00000000967,5,10,1154000,20220417: ,20250720: ,2022|뮤지컬:2;2024|뮤지컬:1;2025|뮤지컬:1;2025|발레/연극:1
00000018682,6,9,485000,20220417: ,20231224: ,2022|뮤지컬:1;2022|미상:2;2023|클래식:3
00000011075,6,14,796000,20220417: ,20250911: ,2022|뮤지컬:1;2024|클래식:3;2025|클래식:1;2022|클래식:1
00000008057,1,1,81000,20220417: ,20220417: ,2022|뮤지컬:1
00000012524,3,6,684000,20220417: ,20230408: ,2022|뮤지컬:1;2022|발레/연극:1;2023|뮤지컬:1
00000009233,2,3,81000,20220603: ,20231110: ,2022|클래식:1;2023|클래식:1
00000007137,2,4,260000,20220603: ,20220708: ,2022|클래식:2
00000022133,3,7,114000,20220603: ,20250529: ,2022|클래식:1;2023|클래식:1;2025|발레/연극:1
00000018506,1,2,90000,20220603: ,20220603: ,2022|클래식:1
00000016619,2,3,80000,20220603: ,20220917: ,2022|클래식:1;2022|미상:1
00000010782,6,11,602000,20220603: ,20250904: ,2022|클래식:2;2023|발레/연극:1;2023|클래식:2;2025|클래식:1
00000011208,1,2,90000,20220603: ,20220603: ,2022|클래식:1
00000007758,2,3,230000,20220603: ,20250215: ,2022|클래식:1;2025|뮤지컬:1
00000008027,5,5,246000,20220603: ,20231020: ,2022|클래식:1;2022|발레/연극:2;2023|발레/연극:1;2023|클래식:1
00000003365,1,2,90000,20220603: ,20220603: ,2022|클래식:1
00000010069,5,7,378000,20220603: ,20250911: ,2022|클래식:1;2022|미상:1;2025|뮤지컬:1;2025|클래식:2
00000018838,3,6,428000,20220603: ,20230609: ,2022|클래식:1;2022|발레/연극:1;2023|발레/연극:1
00000019865,5,12,438000,20220603: ,20220930: ,2022|클래식:2;2022|어린이·가족:2;2022|발레/연극:1
00000000909,1,2,54000,20220603: ,20220603: ,2022|클래식:1
00000007232,1,1,45000,20220603: ,20220603: ,2022|클래식:1
00000021480,2,4,112000,20220603: ,20220708: ,2022|클래식:2
00000015089,1,2,90000,20220603: ,20220603: ,2022|클래식:1
00000001267,3,11,450000,20220603: ,20241011: ,2022|클래식:1;2024|클래식:2
00000011362,12,22,912000,20220603: ,20251023: ,2022|클래식:1;2023|클래식:4;2024|클래식:3;2025|클래식:2;2025|뮤지컬:1;2025|발레/연극:1
00000017088,4,8,583200,20220603: ,20250308: ,2022|클래식:1;2024|뮤지컬:1;2024|발레/연극:1;2025|클래식:1
00000001492,3,5,365500,20220603: ,20231214: ,2022|클래식:1;2023|뮤지컬:1;2023|클래식:1
00000017918,6,8,168000,20220603: ,20231223: ,2022|클래식:1;2022|미상:1;2023|클래식:4
00000006930,5,11,501000,20220603: ,20241101: ,2022|클래식:1;2023|클래식:2;2024|클래식:2
00000015498,11,19,627000,20220616: ,20240904: ,2022|클래식:1;2023|클래식:6;2023|발레/연극:1;2024|클래식:3
00000018847,2,5,105000,20220616: ,20220702: ,2022|클래식:1;2022|발레/연극:1
00000008702,13,19,575000,20220616: ,20250720: ,2022|클래식:2;2022|뮤지컬:1;2023|클래식:2;2024|클래식:5;2024|발레/연극:1;2025|클래식:1;2025|발레/연극:1
00000013047,2,4,81000,20220616: ,20231118: ,2022|클래식:1;2023|어린이·가족:1
00000010103,3,6,384000,20220616: ,20240713: ,2022|클래식:1;2023|클래식:1;2024|뮤지컬:1
00000000135,2,4,109500,20220616: ,20230429: ,2022|클래식:1;2023|뮤지컬:1
00000019922,1,2,27000,20220616: ,20220616: ,2022|클래식:1
00000013088,15,31,1275200,20220616: ,20251204: ,2022|클래식:3;2023|클래식:4;2024|클래식:3;2024|뮤지컬:2;2024|발레/연극:1;2025|뮤지컬:1;2025|클래식:1
00000014820,2,2,30000,20220616: ,20230323: ,2022|클래식:1;2023|클래식:1
00000015704,3,7,303300,20220616: ,20250802: ,2022|클래식:1;2024|어린이·가족:1;2025|어린이·가족:1
00000018059,6,11,226000,20220616: ,20240320: ,2022|클래식:1;2023|클래식:2;2023|뮤지컬:1;2024|클래식:2
00000015540,2,2,27000,20220616: ,20220616: ,2022|클래식:2
00000011061,1,2,27000,20220616: ,20220616: ,2022|클래식:1
00000005151,11,24,839000,20220616: ,20250706: ,2022|클래식:2;2023|뮤지컬:1;2023|클래식:3;2024|클래식:3;2025|클래식:1;2025|뮤지컬:1
00000004121,7,14,858600,20220616: ,20241225: ,2022|클래식:3;2022|발레/연극:1;2023|클래식:1;2024|뮤지컬:1;2024|발레/연극:1
00000011781,6,13,436500,20220616: ,20251204: ,2022|클래식:1;2023|클래식:2;2025|클래식:3
00000015185,2,5,171000,20220616: ,20240511: ,2022|클래식:1;2024|어린이·가족:1
00000001146,2,2,28500,20220616: ,20230323: ,2022|클래식:1;2023|클래식:1
00000018062,13,31,1146900,20201018: ,20250803: ,2022|클래식:3;2022|뮤지컬:2;2023|클래식:2;2024|어린이·가족:1;2024|뮤지컬:1;2024|클래식:1;2025|발레/연극:1;2025|어린이·가족:1;2020|클래식:1
00000001870,2,4,54000,20220616: ,20241204: ,2022|클래식:1;2024|클래식:1
00000013454,3,10,643000,20220616: ,20230408: ,2022|클래식:1;2022|어린이·가족:1;2023|뮤지컬:1
00000006094,6,12,180000,20220616: ,20250710: ,2022|클래식:2;2023|클래식:1;2024|클래식:1;2025|클래식:2
00000016536,1,2,27000,20220616: ,20220616: ,2022|클래식:1
00000013272,1,2,27000,20220616: ,20220616: ,2022|클래식:1
00000022641,3,66,1314000,20200619: ,20240713: ,2022|클래식:1;2024|뮤지컬:1;2020|클래식:1
00000009040,5,10,335700,20220616: ,20250920: ,2022|클래식:1;2022|미상:1;2023|어린이·가족:1;2025|어린이·가족:2
00000021810,3,5,70500,20220616: ,20230921: ,2022|클래식:1;2023|클래식:2
00000011137,23,40,781200,20220616: ,20251204: ,2022|클래식:2;2022|어린이·가족:2;2023|클래식:6;2023|발레/연극:1;2024|클래식:4;2025|클래식:6;2025|발레/연극:1;2025|어린이·가족:1
00000008259,12,26,1317000,20220616: ,20250720: ,2022|클래식:4;2022|발레/연극:1;2022|뮤지컬:1;2023|클래식:1;2024|발레/연극:1;2024|뮤지컬:1;2025|발레/연극:3
00000002724,6,16,724000,20201225: ,20231214: ,2022|클래식:1;2023|클래식:3;2020|클래식:2
00000014886,3,4,58500,20220616: ,20230921: ,2022|클래식:1;2023|클래식:2
00000009219,19,40,1033000,20220616: ,20251204: ,2022|클래식:3;2023|뮤지컬:1;2023|클래식:4;2024|클래식:4;2025|클래식:5;2025|뮤지컬:1;2025|발레/연극:1
00000007356,4,7,312000,20220616: ,20230622: ,2022|클래식:1;2022|발레/연극:1;2023|클래식:2
00000000303,2,4,146000,20220701: ,20231224: ,2022|발레/연극:1;2023|클래식:1
00000004321,2,3,103000,20220701: ,20250425: ,2022|발레/연극:1;2025|발레/연극:1
00000009796,12,20,1508000,20220701: ,20250424: ,2022|발레/연극:2;2022|미상:4;2023|뮤지컬:1;2023|발레/연극:1;2023|클래식:1;2024|뮤지컬:2;2025|발레/연극:1
00000007679,2,6,364000,20220701: ,20230609: ,2022|발레/연극:1;2023|발레/연극:1
00000020553,2,2,107000,20220701: ,20220708: ,2022|발레/연극:1;2022|클래식:1
00000020455,9,19,1691500,20220701: ,20251123: ,2022|발레/연극:1;2023|뮤지컬:1;2023|발레/연극:1;2024|어린이·가족:1;2024|뮤지컬:2;2025|클래식:1;2025|뮤지컬:2
00000008371,3,3,100000,20220701: ,20230119: ,2022|발레/연극:1;2022|클래식:1;2023|클래식:1
00000006690,1,2,54000,20220701: ,20220701: ,2022|발레/연극:1
00000002678,2,4,207000,20220701: ,20220923: ,2022|발레/연극:2
00000008602,4,8,525600,20220701: ,20241224: ,2022|발레/연극:2;2023|발레/연극:1;2024|발레/연극:1
00000010156,8,8,457500,20201126: ,20250308: ,2022|발레/연극:2;2023|발레/연극:1;2023|클래식:1;2024|클래식:1;2024|발레/연극:1;2025|클래식:1;2020|클래식:1
00000022380,2,6,324000,20220701: ,20220924: ,2022|발레/연극:2
00000015978,2,6,476000,20220702: ,20230408: ,2022|발레/연극:1;2023|뮤지컬:1
00000021862,4,6,317000,20201126: ,20230609: ,2022|발레/연극:2;2023|발레/연극:1;2020|클래식:1
00000022227,1,2,54000,20220702: ,20220702: ,2022|발레/연극:1
00000001906,3,4,188500,20220702: ,20231110: ,2022|발레/연극:1;2023|클래식:2
00000004020,1,2,54000,20220702: ,20220702: ,2022|발레/연극:1
00000014828,1,2,54000,20220702: ,20220702: ,2022|발레/연극:1
00000016294,3,4,202000,20220702: ,20250720: ,2022|발레/연극:1;2025|뮤지컬:1;2025|발레/연극:1
00000013173,1,2,54000,20220702: ,20220702: ,2022|발레/연극:1
00000014660,3,3,119500,20220702: ,20250529: ,2022|발레/연극:1;2023|클래식:1;2025|발레/연극:1
00000008158,1,2,54000,20220702: ,20220702: ,2022|발레/연극:1
00000016923,7,17,619500,20220702: ,20250529: ,2022|발레/연극:2;2022|클래식:1;2023|발레/연극:1;2025|발레/연극:3
00000004123,3,6,258000,20220702: ,20220924: ,2022|발레/연극:2;2022|클래식:1
00000004149,3,4,120000,20220702: ,20220702: ,2022|발레/연극:3
00000000180,11,39,4098000,20220702: ,20251123: ,2022|발레/연극:1;2022|어린이·가족:2;2022|미상:3;2023|뮤지컬:2;2025|발레/연극:1;2025|뮤지컬:2
00000010993,1,2,60000,20220702: ,20220702: ,2022|발레/연극:1
00000018014,1,1,30000,20220702: ,20220702: ,2022|발레/연극:1
00000014981,1,1,27000,20220702: ,20220702: ,2022|발레/연극:1
00000022081,1,2,54000,20220702: ,20220702: ,2022|발레/연극:1
00000018634,3,8,446000,20220702: ,20230609: ,2022|발레/연극:2;2023|발레/연극:1
00000021104,10,21,1105600,20220702: ,20251026: ,2022|발레/연극:2;2022|어린이·가족:1;2024|뮤지컬:1;2024|발레/연극:1;2025|클래식:3;2022|클래식:2
00000015752,9,20,1178000,20220702: ,20250719: ,2022|발레/연극:2;2023|발레/연극:1;2023|클래식:1;2024|클래식:2;2025|뮤지컬:2;2025|발레/연극:1
00000021970,2,3,172000,20220708: ,20221016: ,2022|클래식:2
00000005079,1,2,108000,20220708: ,20220708: ,2022|클래식:1
00000018125,1,1,36000,20220708: ,20220708: ,2022|클래식:1
00000012712,8,19,947000,20220708: ,20250720: ,2022|클래식:1;2022|미상:1;2022|뮤지컬:1;2024|클래식:3;2024|뮤지컬:1;2025|발레/연극:1
00000021645,5,10,372000,20220708: ,20251204: ,2022|클래식:1;2024|클래식:1;2025|어린이·가족:1;2025|클래식:2
00000009762,3,4,248500,20220708: ,20230119: ,2022|클래식:2;2023|클래식:1
00000002462,16,35,1785500,20201016: ,20251204: ,2022|클래식:4;2024|클래식:2;2025|발레/연극:1;2025|클래식:7;2025|뮤지컬:1;2020|클래식:1
00000018475,1,1,36000,20220708: ,20220708: ,2022|클래식:1
00000011604,9,18,775000,20220708: ,20250710: ,2022|클래식:3;2023|클래식:1;2024|클래식:2;2025|클래식:3
00000004279,3,6,291000,20201017: ,20221015: ,2022|클래식:2;2020|클래식:1
00000001823,1,2,72000,20220708: ,20220708: ,2022|클래식:1
00000014499,2,4,205000,20220708: ,20240119: ,2022|클래식:1;2024|클래식:1
00000016022,6,11,545000,20220708: ,20250327: ,2022|클래식:1;2023|클래식:3;2024|클래식:1;2025|클래식:1
00000018444,1,2,72000,20220708: ,20220708: ,2022|클래식:1
00000016078,1,1,36000,20220708: ,20220708: ,2022|클래식:1
00000019615,2,2,131500,20220708: ,20240119: ,2022|클래식:1;2024|클래식:1
00000013699,2,4,263000,20220708: ,20230119: ,2022|클래식:1;2023|클래식:1
00000011756,10,10,407500,20220708: ,20250904: ,2022|클래식:4;2022|발레/연극:1;2023|클래식:2;2024|클래식:2;2025|클래식:1
00000010596,2,5,156000,20220708: ,20240119: ,2022|클래식:1;2024|클래식:1
00000003066,7,17,1670000,20220708: ,20251123: ,2022|클래식:1;2025|뮤지컬:4;2025|발레/연극:2
00000000092,1,1,36000,20220708: ,20220708: ,2022|클래식:1
00000004554,5,10,564000,20220708: ,20250116: ,2022|클래식:1;2022|발레/연극:1;2023|클래식:2;2025|클래식:1
00000021326,2,5,198000,20220722: ,20230429: ,2022|어린이·가족:1;2023|뮤지컬:1
00000020651,4,8,270000,20220722: ,20250720: ,2022|어린이·가족:1;2022|미상:1;2023|뮤지컬:1;2025|발레/연극:1
00000011178,7,15,1332000,20220722: ,20250215: ,2022|어린이·가족:1;2023|뮤지컬:1;2023|어린이·가족:1;2024|어린이·가족:1;2024|뮤지컬:2;2025|뮤지컬:1
00000020001,10,33,1423800,20220722: ,20251129: ,2022|어린이·가족:1;2024|어린이·가족:1;2024|클래식:1;2024|발레/연극:1;2025|뮤지컬:1;2025|클래식:2;2025|어린이·가족:2;2025|발레/연극:1
00000010082,3,7,405000,20220722: ,20250719: ,2022|어린이·가족:1;2025|뮤지컬:1;2025|발레/연극:1
00000009581,1,2,54000,20220722: ,20220722: ,2022|어린이·가족:1
00000007068,3,8,278400,20220722: ,20250920: ,2022|어린이·가족:2;2025|어린이·가족:1
00000009992,2,4,342000,20220722: ,20250704: ,2022|어린이·가족:1;2025|뮤지컬:1
00000022467,1,2,54000,20220722: ,20220722: ,2022|어린이·가족:1
00000002680,1,2,54000,20220722: ,20220722: ,2022|어린이·가족:1
00000000977,2,3,54000,20220722: ,20220915: ,2022|어린이·가족:1;2022|미상:1
00000000910,4,9,232800,20220722: ,20250920: ,2022|어린이·가족:1;2022|미상:2;2025|어린이·가족:1
00000005904,3,7,207000,20220722: ,20251129: ,2022|어린이·가족:2;2025|발레/연극:1
00000019543,2,5,138000,20220722: ,20251115: ,2022|어린이·가족:1;2025|클래식:1
00000019047,3,4,54000,20220722: ,20220915: ,2022|어린이·가족:1;2022|미상:2
00000020771,2,3,171000,20220722: ,20221203: ,2022|어린이·가족:1;2022|뮤지컬:1
00000018941,4,8,186000,20220722: ,20251204: ,2022|어린이·가족:1;2025|어린이·가족:1;2025|클래식:2
00000017735,3,8,282000,20220722: ,20250920: ,2022|어린이·가족:1;2024|발레/연극:1;2025|어린이·가족:1
00000007374,3,5,383000,20220722: ,20241225: ,2022|어린이·가족:1;2023|뮤지컬:1;2024|발레/연극:1
00000001021,2,4,86000,20220722: ,20230519: ,2022|어린이·가족:1;2023|클래식:1
00000019340,3,6,246000,20220722: ,20230916: ,2022|어린이·가족:1;2023|뮤지컬:1;2023|어린이·가족:1
00000021161,2,8,234000,20220722: ,20220722: ,2022|어린이·가족:2
00000014760,1,2,54000,20220722: ,20220722: ,2022|어린이·가족:1
00000004770,2,7,264000,20220722: ,20231223: ,2022|어린이·가족:1;2023|클래식:1
00000007135,2,17,302000,20201202: ,20220722: ,2022|어린이·가족:1;2020|클래식:1
00000008298,2,3,84000,20220722: ,20220722: ,2022|어린이·가족:2
00000017687,8,15,529200,20220722: ,20250920: ,2022|어린이·가족:1;2023|어린이·가족:1;2024|어린이·가족:4;2025|어린이·가족:2
00000006416,2,6,168000,20220722: ,20220819: ,2022|어린이·가족:2
00000015807,1,2,54000,20220722: ,20220722: ,2022|어린이·가족:1
00000022642,1,2,54000,20220722: ,20220722: ,2022|어린이·가족:1
00000019602,1,2,54000,20220723: ,20220723: ,2022|어린이·가족:1
00000007636,1,3,84000,20220723: ,20220723: ,2022|어린이·가족:1
00000001252,11,22,644800,20220723: ,20251129: ,2022|어린이·가족:1;2022|클래식:2;2022|발레/연극:1;2024|클래식:3;2024|발레/연극:1;2025|클래식:1;2025|어린이·가족:1;2025|발레/연극:1
00000015650,1,3,84000,20220723: ,20220723: ,2022|어린이·가족:1
00000003005,1,2,54000,20220723: ,20220723: ,2022|어린이·가족:1
00000003706,25,50,1926000,20220723: ,20251024: ,2022|어린이·가족:1;2022|클래식:1;2022|미상:1;2022|발레/연극:1;2023|클래식:7;2023|발레/연극:1;2023|어린이·가족:1;2024|클래식:5;2025|발레/연극:1;2025|클래식:3;2025|뮤지컬:2;2025|어린이·가족:1
00000000449,3,4,279000,20220723: ,20230408: ,2022|어린이·가족:1;2022|미상:1;2023|뮤지컬:1
00000012812,1,2,60000,20220723: ,20220723: ,2022|어린이·가족:1
00000018916,3,5,403000,20220723: ,20250803: ,2022|어린이·가족:1;2022|뮤지컬:1;2025|어린이·가족:1
00000002855,1,2,54000,20220723: ,20220723: ,2022|어린이·가족:1
00000005793,2,4,81000,20220723: ,20231214: ,2022|어린이·가족:1;2023|클래식:1
00000006076,1,2,54000,20220723: ,20220723: ,2022|어린이·가족:1
00000001555,1,4,114000,20220723: ,20220723: ,2022|어린이·가족:1
00000012936,3,5,81000,20220723: ,20230622: ,2022|어린이·가족:1;2022|미상:1;2023|클래식:1
00000003710,7,14,279000,20220723: ,20250720: ,2022|어린이·가족:1;2022|미상:1;2023|뮤지컬:1;2024|클래식:2;2025|기타:1;2025|발레/연극:1
00000005235,2,4,118000,20220723: ,20230429: ,2022|어린이·가족:1;2023|뮤지컬:1
00000014219,1,2,54000,20220723: ,20220723: ,2022|어린이·가족:1
00000011724,3,9,336000,20220723: ,20250719: ,2022|어린이·가족:1;2023|어린이·가족:1;2025|발레/연극:1
00000000834,36,71,2928500,20220723: ,20251204: ,2022|어린이·가족:1;2023|뮤지컬:2;2023|클래식:8;2023|발레/연극:1;2023|어린이·가족:2;2024|클래식:6;2024|어린이·가족:2;2024|뮤지컬:1;2024|기타:1;2024|발레/연극:1;2025|어린이·가족:3;2025|뮤지컬:1;2025|발레/연극:2;2025|클래식:5
00000008482,4,10,1170000,20220723: ,20250215: ,2022|어린이·가족:1;2023|뮤지컬:1;2024|뮤지컬:1;2025|뮤지컬:1
00000010670,2,4,91000,20220723: ,20251115: ,2022|어린이·가족:1;2025|클래식:1
00000014316,1,4,120000,20220723: ,20220723: ,2022|어린이·가족:1
00000007661,3,7,282200,20220723: ,20250920: ,2022|어린이·가족:1;2023|클래식:1;2025|어린이·가족:1
00000010232,9,24,849100,20220723: ,20250904: ,2022|어린이·가족:2;2023|뮤지컬:1;2023|어린이·가족:1;2024|발레/연극:3;2024|어린이·가족:1;2025|클래식:1
00000011357,2,7,126000,20220723: ,20231214: ,2022|어린이·가족:1;2023|클래식:1
00000000496,1,2,54000,20220819: ,20220819: ,2022|어린이·가족:1
00000009789,2,6,132000,20220819: ,20230519: ,2022|어린이·가족:1;2023|클래식:1
00000022416,4,11,368000,20220819: ,20230826: ,2022|어린이·가족:1;2023|클래식:3
00000012672,1,3,90000,20220819: ,20220819: ,2022|어린이·가족:1
00000021562,22,40,1347600,20220819: ,20251115: ,2022|어린이·가족:1;2022|클래식:2;2023|뮤지컬:2;2023|클래식:3;2023|발레/연극:1;2023|어린이·가족:1;2024|클래식:5;2024|발레/연극:1;2025|어린이·가족:1;2025|클래식:4;2025|뮤지컬:1
00000001364,1,2,54000,20220819: ,20220819: ,2022|어린이·가족:1
00000018389,1,2,54000,20220819: ,20220819: ,2022|어린이·가족:1
00000006458,1,3,84000,20220819: ,20220819: ,2022|어린이·가족:1
00000001153,2,7,354000,20220819: ,20220924: ,2022|어린이·가족:1;2022|발레/연극:1
00000014220,1,2,54000,20220819: ,20220819: ,2022|어린이·가족:1
00000018211,4,10,514500,20220819: ,20240515: ,2022|어린이·가족:1;2022|뮤지컬:1;2023|클래식:1;2024|발레/연극:1
00000022131,3,6,315000,20220819: ,20240713: ,2022|어린이·가족:1;2023|클래식:1;2024|뮤지컬:1
00000016385,9,16,557100,20220819: ,20250802: ,2022|어린이·가족:1;2022|클래식:2;2023|클래식:1;2024|클래식:3;2025|뮤지컬:1;2025|어린이·가족:1
00000007394,2,4,96000,20220819: ,20240719: ,2022|어린이·가족:1;2024|어린이·가족:1
00000000033,2,6,202800,20220819: ,20250920: ,2022|어린이·가족:1;2025|어린이·가족:1
00000002557,2,6,522000,20220819: ,20241124: ,2022|어린이·가족:1;2024|뮤지컬:1
00000009889,3,6,155000,20220819: ,20240824: ,2022|어린이·가족:1;2024|어린이·가족:1;2024|클래식:1
00000002325,4,11,732000,20220819: ,20240713: ,2022|어린이·가족:1;2022|발레/연극:2;2024|뮤지컬:1
00000005050,2,3,84000,20220819: ,20220819: ,2022|어린이·가족:2
00000003432,1,3,84000,20220819: ,20220819: ,2022|어린이·가족:1
00000020400,13,24,816000,20220819: ,20240824: ,2022|어린이·가족:1;2022|클래식:2;2023|뮤지컬:1;2023|클래식:6;2023|발레/연극:1;2023|어린이·가족:1;2024|클래식:1
00000006010,1,1,24000,20220819: ,20220819: ,2022|어린이·가족:1
00000002118,9,21,681400,20220819: ,20251204: ,2022|어린이·가족:1;2022|뮤지컬:1;2023|뮤지컬:1;2024|클래식:1;2025|클래식:4;2025|어린이·가족:1
00000014045,2,4,133200,20220819: ,20241225: ,2022|어린이·가족:1;2024|발레/연극:1
00000013788,2,4,132000,20220819: ,20250517: ,2022|어린이·가족:1;2025|어린이·가족:1
00000000299,5,12,888000,20220819: ,20250517: ,2022|어린이·가족:1;2022|뮤지컬:1;2023|뮤지컬:1;2025|뮤지컬:1;2025|어린이·가족:1
00000020665,1,2,54000,20220820: ,20220820: ,2022|어린이·가족:1
00000017509,3,10,204000,20220820: ,20251115: ,2022|어린이·가족:2;2025|클래식:1
00000015129,5,9,250500,20220820: ,20241214: ,2022|어린이·가족:1;2022|미상:1;2022|뮤지컬:1;2024|발레/연극:2
00000005562,3,7,180000,20220820: ,20230519: ,2022|어린이·가족:1;2023|클래식:2
00000005691,2,4,142000,20220820: ,20240519: ,2022|어린이·가족:1;2024|발레/연극:1
00000020200,1,4,114000,20220820: ,20220820: ,2022|어린이·가족:1
00000011554,1,2,54000,20220820: ,20220820: ,2022|어린이·가족:1
00000014908,1,2,54000,20220820: ,20220820: ,2022|어린이·가족:1
00000006835,2,4,81000,20220820: ,20230622: ,2022|어린이·가족:1;2023|클래식:1
00000010921,3,8,514000,20220820: ,20241116: ,2022|어린이·가족:1;2024|뮤지컬:2
00000011824,2,5,168000,20220820: ,20240512: ,2022|어린이·가족:1;2024|어린이·가족:1
00000003369,3,6,360000,20220820: ,20230408: ,2022|어린이·가족:2;2023|뮤지컬:1
00000019983,5,12,1300000,20220820: ,20251123: ,2022|어린이·가족:1;2024|뮤지컬:2;2025|뮤지컬:2
00000002319,3,6,525000,20220820: ,20251122: ,2022|어린이·가족:1;2025|뮤지컬:2
00000010892,2,6,330000,20220820: ,20230407: ,2022|어린이·가족:1;2023|뮤지컬:1
00000017187,2,3,67500,20220820: ,20220901: ,2022|어린이·가족:1;2022|클래식:1
00000013127,1,3,72000,20220820: ,20220820: ,2022|어린이·가족:1
00000017280,2,2,45000,20220820: ,20250911: ,2022|어린이·가족:1;2025|클래식:1
00000011601,3,6,279000,20220820: ,20240824: ,2022|어린이·가족:1;2022|발레/연극:1;2024|클래식:1
00000004357,6,12,355200,20220820: ,20250920: ,2022|어린이·가족:1;2023|뮤지컬:2;2025|클래식:2;2025|어린이·가족:1
00000013510,1,1,30000,20220820: ,20220820: ,2022|어린이·가족:1
00000002098,1,3,84000,20220820: ,20220820: ,2022|어린이·가족:1
00000010797,1,3,84000,20220820: ,20220820: ,2022|어린이·가족:1
00000012943,3,6,384000,20220820: ,20250704: ,2022|어린이·가족:2;2025|뮤지컬:1
00000020289,5,9,267000,20220820: ,20240824: ,2022|어린이·가족:1;2023|클래식:3;2024|클래식:1
00000021063,3,8,418000,20220820: ,20250719: ,2022|어린이·가족:1;2025|뮤지컬:1;2025|발레/연극:1
00000017872,2,5,150000,20220820: ,20230429: ,2022|어린이·가족:1;2023|뮤지컬:1
00000018712,2,6,216000,20220820: ,20240512: ,2022|어린이·가족:1;2024|어린이·가족:1
00000014262,8,16,1000500,20220820: ,20251129: ,2022|어린이·가족:1;2023|뮤지컬:1;2023|클래식:2;2023|어린이·가족:1;2024|뮤지컬:1;2025|뮤지컬:1;2025|발레/연극:1
00000011860,7,14,660400,20220820: ,20250920: ,2022|어린이·가족:1;2023|뮤지컬:2;2024|어린이·가족:2;2025|어린이·가족:2
00000019249,1,3,84000,20220820: ,20220820: ,2022|어린이·가족:1
00000013157,2,5,166000,20220820: ,20230429: ,2022|어린이·가족:1;2023|뮤지컬:1
00000004690,2,6,666000,20220820: ,20251122: ,2022|어린이·가족:1;2025|뮤지컬:1
00000012086,6,12,478000,20220820: ,20250529: ,2022|어린이·가족:1;2023|뮤지컬:1;2023|발레/연극:1;2024|발레/연극:1;2024|클래식:1;2025|발레/연극:1
00000019561,1,3,84000,20220820: ,20220820: ,2022|어린이·가족:1
00000004764,8,9,490500,20220820: ,20251129: ,2022|어린이·가족:1;2023|발레/연극:1;2024|뮤지컬:1;2025|뮤지컬:1;2025|발레/연극:3;2025|클래식:1
00000020928,1,5,144000,20220820: ,20220820: ,2022|어린이·가족:1
00000021732,1,3,84000,20220820: ,20220820: ,2022|어린이·가족:1
00000000611,1,2,54000,20220820: ,20220820: ,2022|어린이·가족:1
00000019117,2,3,117000,20220820: ,20220923: ,2022|어린이·가족:1;2022|발레/연극:1
00000000944,5,20,592500,20220820: ,20251129: ,2022|어린이·가족:1;2023|발레/연극:2;2025|발레/연극:2
00000008837,3,4,54000,20220820: ,20220915: ,2022|어린이·가족:1;2022|미상:2
00000001075,14,53,1664000,20220819: ,20251115: ,2022|어린이·가족:1;2022|클래식:1;2022|발레/연극:1;2023|발레/연극:1;2023|뮤지컬:1;2023|어린이·가족:1;2023|클래식:2;2024|클래식:3;2024|발레/연극:1;2024|기타:1;2025|클래식:1
00000020466,2,4,139000,20201024: ,20220820: ,2022|어린이·가족:1;2020|뮤지컬:1
00000004496,2,3,54000,20220820: ,20220917: ,2022|어린이·가족:1;2022|미상:1
00000014441,2,5,192000,20220820: ,20230916: ,2022|어린이·가족:1;2023|어린이·가족:1
00000019634,3,6,650000,20220820: ,20241123: ,2022|어린이·가족:1;2024|뮤지컬:2
00000006281,1,4,114000,20220820: ,20220820: ,2022|어린이·가족:1
00000005576,6,20,1926000,20220820: ,20250719: ,2022|어린이·가족:1;2023|뮤지컬:2;2024|뮤지컬:1;2024|발레/연극:1;2025|발레/연극:1
00000002125,1,9,264000,20220820: ,20220820: ,2022|어린이·가족:1
00000015226,4,8,872000,20220820: ,20230409: ,2022|어린이·가족:1;2023|뮤지컬:3
00000018084,3,6,202000,20220820: ,20231028: ,2022|어린이·가족:1;2023|클래식:1;2023|뮤지컬:1
00000020410,1,3,90000,20220820: ,20220820: ,2022|어린이·가족:1
00000011373,5,17,487500,20220819: ,20250719: ,2022|클래식:1;2023|발레/연극:1;2024|클래식:1;2024|발레/연극:1;2025|발레/연극:1
00000018274,2,3,54000,20220819: ,20220917: ,2022|클래식:1;2022|미상:1
00000007966,1,4,96000,20220819: ,20220819: ,2022|클래식:1
00000011676,7,8,285000,20220819: ,20251129: ,2022|클래식:1;2023|발레/연극:2;2024|클래식:1;2025|클래식:2;2025|발레/연극:1
00000022643,6,27,884000,20220819: ,20240824: ,2022|클래식:2;2023|클래식:1;2024|클래식:3
00000005083,1,2,54000,20220819: ,20220819: ,2022|클래식:1
00000002684,2,4,99000,20220819: ,20231028: ,2022|클래식:1;2023|뮤지컬:1
00000001871,2,3,127000,20220819: ,20231224: ,2022|클래식:1;2023|클래식:1
00000000226,3,6,205000,20220819: ,20240514: ,2022|클래식:2;2024|발레/연극:1
00000022367,3,6,159000,20220819: ,20241213: ,2022|클래식:1;2024|클래식:1;2024|발레/연극:1
00000004891,2,3,199000,20220820: ,20241225: ,2022|클래식:1;2024|발레/연극:1
00000022644,2,3,110000,20220820: ,20231110: ,2022|클래식:1;2023|클래식:1
00000011170,3,6,477000,20220820: ,20250706: ,2022|클래식:1;2024|발레/연극:1;2025|뮤지컬:1
00000007019,7,31,1632500,20220820: ,20250706: ,2022|클래식:1;2022|발레/연극:1;2023|발레/연극:1;2023|클래식:3;2025|뮤지컬:1
00000006624,1,2,90000,20220820: ,20220820: ,2022|클래식:1
00000005440,1,2,85000,20220820: ,20220820: ,2022|클래식:1
00000015667,3,10,415000,20201024: ,20241206: ,2022|클래식:1;2024|클래식:1;2020|뮤지컬:1
00000005283,2,6,347000,20220820: ,20250705: ,2022|클래식:1;2025|뮤지컬:1
00000015590,3,6,318000,20201225: ,20220820: ,2022|클래식:1;2020|클래식:2
00000002993,4,7,335000,20220820: ,20251115: ,2022|클래식:1;2023|클래식:1;2025|클래식:2
00000004074,2,2,78000,20220901: ,20220923: ,2022|클래식:1;2022|발레/연극:1
00000003901,1,1,13500,20220901: ,20220901: ,2022|클래식:1
00000015715,2,4,81000,20220901: ,20230519: ,2022|클래식:1;2023|클래식:1
00000020011,6,10,356500,20220901: ,20251115: ,2022|클래식:2;2022|발레/연극:1;2025|클래식:3
00000003091,1,2,30000,20220901: ,20220901: ,2022|클래식:1
00000008026,10,20,282000,20220901: ,20250327: ,2022|클래식:1;2023|클래식:4;2024|클래식:4;2025|클래식:1
00000004247,3,6,81000,20220901: ,20230921: ,2022|클래식:1;2023|클래식:2
00000009629,2,4,295000,20220901: ,20230609: ,2022|클래식:1;2023|발레/연극:1
00000021940,1,2,27000,20220901: ,20220901: ,2022|클래식:1
00000020515,4,12,354000,20220901: ,20240119: ,2022|클래식:2;2023|클래식:1;2024|클래식:1
00000007450,2,4,57000,20220901: ,20240904: ,2022|클래식:1;2024|클래식:1
00000019073,1,2,27000,20220901: ,20220901: ,2022|클래식:1
00000007702,3,6,81000,20220901: ,20230921: ,2022|클래식:1;2023|클래식:2
00000005256,2,4,168600,20220901: ,20241224: ,2022|클래식:1;2024|발레/연극:1
00000007067,7,7,135500,20220901: ,20230921: ,2022|클래식:3;2023|클래식:4
00000014667,1,1,13500,20220901: ,20220901: ,2022|클래식:1
00000009278,3,6,81000,20220901: ,20240320: ,2022|클래식:1;2023|클래식:1;2024|클래식:1
00000017534,5,5,180000,20220901: ,20221208: ,2022|클래식:2;2022|발레/연극:1;2022|뮤지컬:2
00000017338,2,3,265500,20220901: ,20250705: ,2022|클래식:1;2025|뮤지컬:1
00000006597,4,4,292500,20220901: ,20250424: ,2022|클래식:1;2022|발레/연극:1;2025|발레/연극:2
00000007644,2,4,60000,20220901: ,20230323: ,2022|클래식:1;2023|클래식:1
00000010917,7,11,157500,20220901: ,20250522: ,2022|클래식:2;2023|클래식:2;2024|클래식:1;2025|클래식:2
00000008629,7,7,108000,20220901: ,20251204: ,2022|클래식:1;2023|클래식:2;2024|클래식:1;2025|클래식:3
00000019909,7,7,169500,20220901: ,20250720: ,2022|클래식:1;2022|발레/연극:1;2023|클래식:2;2024|클래식:2;2025|발레/연극:1
00000017548,5,12,312000,20220901: ,20251204: ,2022|클래식:1;2022|발레/연극:1;2023|클래식:1;2024|클래식:1;2025|클래식:1
00000001543,7,7,300000,20220901: ,20241013: ,2022|클래식:1;2022|미상:1;2023|클래식:1;2024|뮤지컬:1;2024|기타:1;2024|클래식:2
00000006546,3,5,132000,20220901: ,20250904: ,2022|클래식:1;2025|발레/연극:1;2025|클래식:1
00000011177,2,4,57000,20220901: ,20221208: ,2022|클래식:2
00000014427,1,2,27000,20220901: ,20220901: ,2022|클래식:1
00000004069,1,2,27000,20220901: ,20220901: ,2022|클래식:1
00000015661,5,12,270000,20220901: ,20240904: ,2022|클래식:1;2023|클래식:1;2024|클래식:3
00000013194,3,4,78000,20220901: ,20231020: ,2022|클래식:2;2023|클래식:1
00000009409,2,3,40500,20220901: ,20230323: ,2022|클래식:1;2023|클래식:1
00000018789,6,6,82500,20220901: ,20240320: ,2022|클래식:1;2023|클래식:4;2024|클래식:1
00000011596,6,10,576000,20220901: ,20250720: ,2022|클래식:1;2022|미상:1;2022|발레/연극:1;2024|발레/연극:1;2025|뮤지컬:1;2025|발레/연극:1
00000020342,4,8,211500,20220901: ,20240320: ,2022|클래식:2;2023|뮤지컬:1;2024|클래식:1
00000006895,2,5,181000,20220901: ,20241225: ,2022|클래식:1;2024|발레/연극:1
00000011714,3,13,1118500,20220901: ,20251123: ,2022|클래식:1;2022|발레/연극:1;2025|뮤지컬:1
00000014934,1,1,13500,20220901: ,20220901: ,2022|클래식:1
00000006632,3,5,108000,20220901: ,20241214: ,2022|클래식:1;2022|미상:1;2024|발레/연극:1
00000005180,7,10,403500,20220901: ,20230622: ,2022|클래식:2;2022|발레/연극:1;2023|클래식:2;2023|뮤지컬:1;2023|발레/연극:1
00000020387,2,3,73500,20220901: ,20220901: ,2022|클래식:2
00000017047,5,8,60000,20220901: ,20240605: ,2022|클래식:2;2023|클래식:2;2024|클래식:1
00000012224,3,5,201000,20220901: ,20241206: ,2022|클래식:1;2023|어린이·가족:1;2024|클래식:1
00000010914,2,4,81000,20220901: ,20251115: ,2022|클래식:1;2025|클래식:1
00000009800,4,6,214000,20220913: ,20250710: ,2022|미상:1;2023|뮤지컬:2;2025|클래식:1
00000022423,2,2,0,20220913: ,20220917: ,2022|미상:2
00000013547,2,2,0,20220913: ,20220917: ,2022|미상:2
00000011275,1,1,0,20220913: ,20220913: ,2022|미상:1
00000013536,2,2,0,20220913: ,20220915: ,2022|미상:2
00000010027,1,1,0,20220913: ,20220913: ,2022|미상:1
00000010211,2,2,0,20220913: ,20220917: ,2022|미상:2
00000017170,2,5,192000,20220913: ,20230429: ,2022|미상:1;2023|뮤지컬:1
00000015949,1,1,0,20220913: ,20220913: ,2022|미상:1
00000003082,1,1,0,20220913: ,20220913: ,2022|미상:1
00000009395,1,1,0,20220913: ,20220913: ,2022|미상:1
00000021817,1,1,0,20220913: ,20220913: ,2022|미상:1
00000007012,3,6,237000,20220913: ,20251115: ,2022|미상:1;2022|발레/연극:1;2025|클래식:1
00000002495,3,3,0,20220913: ,20220915: ,2022|미상:3
00000018019,1,1,0,20220913: ,20220913: ,2022|미상:1
00000000568,1,1,0,20220913: ,20220913: ,2022|미상:1
00000009383,2,2,0,20220913: ,20220914: ,2022|미상:2
00000003297,4,4,0,20220913: ,20220917: ,2022|미상:4
00000002894,3,5,195000,20220913: ,20240518: ,2022|미상:1;2023|클래식:1;2024|발레/연극:1
00000008005,3,3,0,20220913: ,20220915: ,2022|미상:3
00000015615,2,2,0,20220913: ,20220914: ,2022|미상:2
00000005116,2,3,80000,20220913: ,20231225: ,2022|미상:1;2023|발레/연극:1
00000004665,4,5,140000,20220913: ,20250308: ,2022|미상:3;2025|클래식:1
00000018465,3,3,0,20220913: ,20220915: ,2022|미상:3
00000017855,3,3,0,20220913: ,20220915: ,2022|미상:3
00000022339,3,3,0,20220913: ,20220915: ,2022|미상:3
00000006553,4,7,439000,20220913: ,20250214: ,2022|미상:1;2023|클래식:1;2024|클래식:1;2025|뮤지컬:1
00000008187,3,3,0,20220913: ,20220915: ,2022|미상:3
00000014066,2,2,0,20220913: ,20220914: ,2022|미상:2
00000017104,3,4,162000,20201126: ,20231221: ,2022|미상:1;2023|발레/연극:1;2020|클래식:1
00000004765,1,1,0,20220913: ,20220913: ,2022|미상:1
00000020529,3,3,0,20220913: ,20220915: ,2022|미상:3
00000008915,4,8,288000,20220913: ,20240512: ,2022|미상:1;2023|클래식:1;2023|어린이·가족:1;2024|어린이·가족:1
00000012986,5,11,352200,20220913: ,20251129: ,2022|미상:1;2024|어린이·가족:2;2025|어린이·가족:1;2025|발레/연극:1
00000004821,6,8,192000,20220913: ,20230916: ,2022|미상:4;2023|뮤지컬:1;2023|어린이·가족:1
00000012578,1,1,0,20220913: ,20220913: ,2022|미상:1
00000009436,4,4,77000,20220913: ,20250705: ,2022|미상:3;2025|뮤지컬:1
00000013413,1,1,0,20220913: ,20220913: ,2022|미상:1
00000008717,2,5,300000,20220913: ,20230609: ,2022|미상:1;2023|발레/연극:1
00000005767,2,2,0,20220913: ,20220917: ,2022|미상:2
00000006716,2,2,0,20220913: ,20220914: ,2022|미상:2
00000018260,1,1,0,20220913: ,20220913: ,2022|미상:1
00000004487,4,4,0,20220913: ,20220917: ,2022|미상:4
00000001722,4,6,245500,20220913: ,20240519: ,2022|미상:2;2022|뮤지컬:1;2024|발레/연극:1
00000021617,1,1,0,20220913: ,20220913: ,2022|미상:1
00000011454,4,4,0,20220913: ,20220917: ,2022|미상:4
00000008952,1,1,0,20220913: ,20220913: ,2022|미상:1
00000014711,1,1,0,20220914: ,20220914: ,2022|미상:1
00000003224,1,1,0,20220914: ,20220914: ,2022|미상:1
00000009350,2,2,0,20220914: ,20220917: ,2022|미상:2
00000016116,6,6,74000,20220914: ,20250911: ,2022|미상:1;2023|클래식:4;2025|클래식:1
00000008426,2,2,0,20220914: ,20220917: ,2022|미상:2
00000004465,2,3,96000,20220914: ,20230429: ,2022|미상:1;2023|뮤지컬:1
00000007629,1,1,0,20220914: ,20220914: ,2022|미상:1
00000012426,2,3,42000,20220914: ,20250529: ,2022|미상:1;2025|발레/연극:1
00000016002,3,3,0,20220914: ,20220917: ,2022|미상:3
00000005574,9,19,1167000,20201018: ,20241225: ,2022|미상:2;2024|발레/연극:2;2020|클래식:5
00000020350,1,1,0,20220914: ,20220914: ,2022|미상:1
00000019808,2,2,0,20220914: ,20220917: ,2022|미상:2
00000010990,1,1,0,20220914: ,20220914: ,2022|미상:1
00000002326,2,2,140000,20220914: ,20250705: ,2022|미상:1;2025|뮤지컬:1
00000008761,4,6,110000,20220914: ,20251115: ,2022|미상:2;2025|발레/연극:1;2025|클래식:1
00000015569,3,6,180000,20220914: ,20231224: ,2022|미상:2;2023|클래식:1
00000000063,3,5,376000,20220914: ,20250216: ,2022|미상:1;2024|발레/연극:1;2025|뮤지컬:1
00000016531,4,7,177000,20220914: ,20240320: ,2022|미상:1;2023|클래식:1;2024|클래식:2
00000017672,2,2,0,20220914: ,20220915: ,2022|미상:2
00000010058,3,4,81200,20220914: ,20250802: ,2022|미상:2;2025|어린이·가족:1
00000013931,1,1,0,20220914: ,20220914: ,2022|미상:1
00000003548,3,3,93500,20220915: ,20240517: ,2022|미상:1;2024|발레/연극:2
00000011605,2,4,448000,20220915: ,20240714: ,2022|미상:1;2024|뮤지컬:1
00000003275,2,3,81200,20220915: ,20250802: ,2022|미상:1;2025|어린이·가족:1
00000004032,2,5,0,20220915: ,20250517: ,2022|미상:1;2025|기타:1
00000018917,1,1,0,20220915: ,20220915: ,2022|미상:1
00000013482,8,16,720400,20220915: ,20250920: ,2022|미상:1;2024|어린이·가족:2;2025|어린이·가족:3;2025|뮤지컬:1;2025|클래식:1
00000010983,3,6,426000,20220915: ,20250529: ,2022|미상:1;2024|뮤지컬:1;2025|발레/연극:1
00000011899,3,6,192000,20220915: ,20230916: ,2022|미상:2;2023|어린이·가족:1
00000012948,2,2,70000,20220915: ,20231223: ,2022|미상:1;2023|클래식:1
00000008321,1,1,0,20220915: ,20220915: ,2022|미상:1
00000011204,2,3,81200,20220915: ,20250802: ,2022|미상:1;2025|어린이·가족:1
00000022425,1,1,0,20220915: ,20220915: ,2022|미상:1
00000017716,3,5,81000,20220915: ,20250719: ,2022|미상:1;2024|클래식:1;2025|발레/연극:1
00000015030,2,2,27000,20220915: ,20231118: ,2022|미상:1;2023|어린이·가족:1
00000008532,1,1,0,20220915: ,20220915: ,2022|미상:1
00000004722,1,1,0,20220915: ,20220915: ,2022|미상:1
00000019394,4,6,362000,20220917: ,20230408: ,2022|미상:1;2022|뮤지컬:1;2023|뮤지컬:2
00000003722,3,4,36000,20201202: ,20230323: ,2022|미상:1;2023|클래식:1;2020|클래식:1
00000006936,1,1,0,20220917: ,20220917: ,2022|미상:1
00000017247,2,3,81200,20220917: ,20250803: ,2022|미상:1;2025|어린이·가족:1
00000007380,1,1,0,20220917: ,20220917: ,2022|미상:1
00000021688,2,2,153000,20220917: ,20251122: ,2022|미상:1;2025|뮤지컬:1
00000006356,2,4,90000,20220917: ,20230902: ,2022|미상:1;2023|발레/연극:1
00000004886,4,4,207500,20220917: ,20250425: ,2022|미상:1;2023|뮤지컬:1;2024|발레/연극:1;2025|발레/연극:1
00000019088,1,1,0,20220917: ,20220917: ,2022|미상:1
00000011881,6,12,715500,20220917: ,20250720: ,2022|미상:1;2023|클래식:1;2024|어린이·가족:1;2024|뮤지컬:1;2025|발레/연극:2
00000007240,1,1,0,20220917: ,20220917: ,2022|미상:1
00000016251,1,1,0,20220917: ,20220917: ,2022|미상:1
00000002723,1,1,0,20220917: ,20220917: ,2022|미상:1
00000016986,2,2,30000,20220917: ,20250529: ,2022|미상:1;2025|발레/연극:1
00000012629,4,5,378000,20220917: ,20250704: ,2022|미상:1;2022|발레/연극:1;2025|뮤지컬:2
00000021993,2,5,112000,20220917: ,20250720: ,2022|미상:1;2025|발레/연극:1
00000017780,1,1,0,20220917: ,20220917: ,2022|미상:1
00000008222,1,1,0,20220917: ,20220917: ,2022|미상:1
00000018971,1,1,0,20220917: ,20220917: ,2022|미상:1
00000009107,3,3,0,20220917: ,20250517: ,2022|미상:1;2025|기타:2
00000021660,2,3,252000,20220917: ,20230408: ,2022|미상:1;2023|뮤지컬:1
00000016792,1,1,0,20220917: ,20220917: ,2022|미상:1
00000005058,3,4,0,20220917: ,20250517: ,2022|미상:1;2025|기타:2
00000013825,2,3,81200,20220917: ,20250802: ,2022|미상:1;2025|어린이·가족:1
00000009333,4,7,701200,20220917: ,20250803: ,2022|미상:1;2024|뮤지컬:2;2025|어린이·가족:1
00000021634,5,6,290000,20201126: ,20240824: ,2022|미상:1;2023|뮤지컬:1;2024|클래식:2;2020|클래식:1
00000008778,2,8,123000,20220917: ,20230519: ,2022|미상:1;2023|클래식:1
00000003750,2,2,144000,20220917: ,20250214: ,2022|미상:1;2025|뮤지컬:1
00000015922,8,8,128000,20220917: ,20251024: ,2022|미상:1;2023|클래식:3;2024|클래식:2;2025|클래식:2
00000013513,1,1,0,20220917: ,20220917: ,2022|미상:1
00000006342,1,1,0,20220917: ,20220917: ,2022|미상:1
00000018008,1,1,0,20220917: ,20220917: ,2022|미상:1
00000009291,1,1,0,20220917: ,20220917: ,2022|미상:1
00000015291,2,3,72000,20220917: ,20231224: ,2022|미상:1;2023|발레/연극:1
00000004385,2,3,81200,20220917: ,20250803: ,2022|미상:1;2025|어린이·가족:1
00000001775,1,1,0,20220917: ,20220917: ,2022|미상:1
00000019821,2,3,288000,20220917: ,20250704: ,2022|미상:1;2025|뮤지컬:1
00000014676,2,5,494000,20220917: ,20240712: ,2022|미상:1;2024|뮤지컬:1
00000008456,2,3,252000,20220917: ,20230409: ,2022|미상:1;2023|뮤지컬:1
00000017154,3,5,81000,20220917: ,20230622: ,2022|미상:1;2023|클래식:2
00000000456,2,3,27000,20220917: ,20230622: ,2022|미상:1;2023|클래식:1
00000019131,4,9,750000,20220917: ,20250308: ,2022|미상:1;2023|뮤지컬:1;2024|뮤지컬:1;2025|클래식:1
00000016171,13,21,868000,20220917: ,20250710: ,2022|미상:1;2022|클래식:1;2023|뮤지컬:1;2023|클래식:4;2024|클래식:3;2024|뮤지컬:2;2025|클래식:1
00000005961,3,3,160000,20220917: ,20221203: ,2022|미상:1;2022|뮤지컬:2
00000010927,1,1,0,20220917: ,20220917: ,2022|미상:1
00000012350,1,1,0,20220917: ,20220917: ,2022|미상:1
00000014027,2,2,13500,20220917: ,20240904: ,2022|미상:1;2024|클래식:1
00000010602,1,1,0,20220917: ,20220917: ,2022|미상:1
00000009152,1,1,0,20220917: ,20220917: ,2022|미상:1
00000000146,1,1,0,20220917: ,20220917: ,2022|미상:1
00000018312,1,1,0,20220917: ,20220917: ,2022|미상:1
00000021045,1,1,0,20220917: ,20220917: ,2022|미상:1
00000020577,1,1,0,20220917: ,20220917: ,2022|미상:1
00000002228,1,1,0,20220917: ,20220917: ,2022|미상:1
00000015762,1,1,0,20220917: ,20220917: ,2022|미상:1
00000019470,1,1,0,20220917: ,20220917: ,2022|미상:1
00000010840,2,3,36000,20220917: ,20250911: ,2022|미상:1;2025|클래식:1
00000008304,1,1,0,20220917: ,20220917: ,2022|미상:1
00000009535,1,1,0,20220917: ,20220917: ,2022|미상:1
00000012866,2,2,153000,20220917: ,20251122: ,2022|미상:1;2025|뮤지컬:1
00000015994,1,1,0,20220917: ,20220917: ,2022|미상:1
00000007682,1,1,0,20220917: ,20220917: ,2022|미상:1
00000015308,7,10,361500,20220917: ,20250720: ,2022|미상:1;2022|뮤지컬:1;2023|클래식:2;2024|클래식:2;2025|발레/연극:1
00000010476,1,1,0,20220917: ,20220917: ,2022|미상:1
00000011153,3,4,175500,20220917: ,20240713: ,2022|미상:1;2023|클래식:1;2024|뮤지컬:1
00000006084,1,1,0,20220917: ,20220917: ,2022|미상:1
00000006756,1,1,0,20220917: ,20220917: ,2022|미상:1
00000020032,4,9,468000,20201126: ,20251123: ,2022|미상:1;2025|기타:1;2025|뮤지컬:1;2020|클래식:1
00000010542,1,1,0,20220917: ,20220917: ,2022|미상:1
00000016221,3,6,126000,20220917: ,20250705: ,2022|미상:1;2025|기타:1;2025|뮤지컬:1
00000007478,2,3,252000,20220917: ,20230408: ,2022|미상:1;2023|뮤지컬:1
00000003526,1,1,0,20220917: ,20220917: ,2022|미상:1
00000006972,1,1,0,20220917: ,20220917: ,2022|미상:1
00000006400,2,2,27000,20220917: ,20251025: ,2022|미상:1;2025|클래식:1
00000016093,1,1,0,20220917: ,20220917: ,2022|미상:1
00000021558,1,1,0,20220917: ,20220917: ,2022|미상:1
00000000742,1,1,0,20220917: ,20220917: ,2022|미상:1
00000007613,1,1,0,20220917: ,20220917: ,2022|미상:1
00000020780,2,3,36000,20220917: ,20240818: ,2022|미상:1;2024|기타:1
00000017804,3,4,40500,20220917: ,20231214: ,2022|미상:1;2022|클래식:1;2023|클래식:1
00000019254,2,3,0,20220917: ,20250517: ,2022|미상:1;2025|기타:1
00000017432,1,1,0,20220917: ,20220917: ,2022|미상:1
00000021951,1,1,0,20220917: ,20220917: ,2022|미상:1
00000013583,2,3,0,20220917: ,20250517: ,2022|미상:1;2025|기타:1
00000003628,1,1,0,20220917: ,20220917: ,2022|미상:1
00000009183,1,1,0,20220917: ,20220917: ,2022|미상:1
00000004767,3,5,372000,20220917: ,20250517: ,2022|미상:1;2024|뮤지컬:1;2025|어린이·가족:1
00000018852,6,11,651000,20220917: ,20241123: ,2022|미상:1;2022|발레/연극:1;2023|클래식:1;2024|클래식:2;2024|뮤지컬:1
00000001866,1,1,0,20220917: ,20220917: ,2022|미상:1
00000006794,2,3,288000,20220917: ,20250705: ,2022|미상:1;2025|뮤지컬:1
00000017325,1,1,0,20220917: ,20220917: ,2022|미상:1
00000015827,1,1,0,20220917: ,20220917: ,2022|미상:1
00000000121,6,6,402000,20220917: ,20231220: ,2022|미상:1;2022|발레/연극:1;2022|뮤지컬:1;2023|뮤지컬:1;2023|클래식:1;2023|발레/연극:1
00000008665,1,1,0,20220917: ,20220917: ,2022|미상:1
00000012120,1,1,0,20220917: ,20220917: ,2022|미상:1
00000006497,2,5,315000,20220917: ,20240714: ,2022|미상:1;2024|뮤지컬:1
00000009805,1,1,0,20220917: ,20220917: ,2022|미상:1
00000013923,4,8,624000,20220917: ,20240712: ,2022|미상:1;2023|뮤지컬:1;2024|클래식:1;2024|뮤지컬:1
00000015017,1,1,0,20220917: ,20220917: ,2022|미상:1
00000013821,4,6,298000,20220917: ,20251017: ,2022|미상:1;2025|뮤지컬:1;2025|클래식:2
00000010314,1,1,0,20220917: ,20220917: ,2022|미상:1
00000016600,1,1,0,20220917: ,20220917: ,2022|미상:1
00000011737,2,5,532000,20220917: ,20230408: ,2022|미상:1;2023|뮤지컬:1
00000020852,1,1,0,20220917: ,20220917: ,2022|미상:1
00000020552,3,6,554000,20220917: ,20230408: ,2022|미상:1;2022|발레/연극:1;2023|뮤지컬:1
00000014221,1,1,0,20220917: ,20220917: ,2022|미상:1
00000006565,4,9,484400,20220917: ,20241225: ,2022|미상:1;2022|발레/연극:1;2023|클래식:1;2024|발레/연극:1
00000003553,3,5,378000,20220917: ,20251123: ,2022|미상:1;2025|발레/연극:1;2025|뮤지컬:1
00000006621,1,1,0,20220917: ,20220917: ,2022|미상:1
00000019752,4,9,940000,20220917: ,20250719: ,2022|미상:1;2023|뮤지컬:1;2025|뮤지컬:1;2025|발레/연극:1
00000007397,1,1,0,20220917: ,20220917: ,2022|미상:1
00000004056,1,1,0,20220917: ,20220917: ,2022|미상:1
00000019011,2,3,72000,20220917: ,20230429: ,2022|미상:1;2023|뮤지컬:1
00000020142,2,2,18000,20220917: ,20250710: ,2022|미상:1;2025|클래식:1
00000008375,1,1,0,20220917: ,20220917: ,2022|미상:1
00000007083,5,10,1098000,20201126: ,20251123: ,2022|미상:1;2024|뮤지컬:2;2025|뮤지컬:1;2020|클래식:1
00000021905,3,7,532000,20220917: ,20250529: ,2022|미상:1;2024|뮤지컬:1;2025|발레/연극:1
00000009018,2,3,135000,20220923: ,20221014: ,2022|발레/연극:1;2022|클래식:1
00000005477,4,5,418500,20220923: ,20230407: ,2022|발레/연극:1;2023|클래식:1;2023|뮤지컬:2
00000005993,1,2,100000,20220923: ,20220923: ,2022|발레/연극:1
00000016297,2,4,405000,20220923: ,20230408: ,2022|발레/연극:1;2023|뮤지컬:1
00000002926,2,3,315000,20220923: ,20251123: ,2022|발레/연극:1;2025|뮤지컬:1
00000016236,1,1,76500,20220923: ,20220923: ,2022|발레/연극:1
00000019067,3,3,235000,20220923: ,20231013: ,2022|발레/연극:1;2023|발레/연극:1;2023|클래식:1
00000020486,2,4,351000,20201126: ,20220923: ,2022|발레/연극:1;2020|클래식:1
00000015553,2,3,85500,20220923: ,20230323: ,2022|발레/연극:1;2023|클래식:1
00000019826,3,4,250500,20220923: ,20240911: ,2022|발레/연극:1;2023|발레/연극:1;2024|어린이·가족:1
00000003531,3,5,360000,20220923: ,20250529: ,2022|발레/연극:1;2023|발레/연극:1;2025|발레/연극:1
00000000290,4,13,750000,20220923: ,20250529: ,2022|발레/연극:1;2023|발레/연극:1;2023|클래식:1;2025|발레/연극:1
00000009791,1,2,162000,20220923: ,20220923: ,2022|발레/연극:1
00000010825,2,3,247500,20220923: ,20240712: ,2022|발레/연극:1;2024|뮤지컬:1
00000015670,1,1,81000,20220923: ,20220923: ,2022|발레/연극:1
00000004354,1,2,153000,20220923: ,20220923: ,2022|발레/연극:1
00000012964,4,8,773000,20220923: ,20230609: ,2022|발레/연극:1;2023|뮤지컬:2;2023|발레/연극:1
00000016032,3,4,221000,20220923: ,20241206: ,2022|발레/연극:1;2024|클래식:2
00000013647,3,17,1079500,20220923: ,20230609: ,2022|발레/연극:1;2023|발레/연극:2
00000004532,1,1,59500,20220923: ,20220923: ,2022|발레/연극:1
00000006519,6,13,1399000,20220923: ,20250704: ,2022|발레/연극:1;2022|뮤지컬:1;2023|뮤지컬:1;2024|발레/연극:1;2025|발레/연극:1;2025|뮤지컬:1
00000021674,5,15,1098000,20220923: ,20250215: ,2022|발레/연극:1;2023|클래식:1;2024|뮤지컬:1;2024|클래식:1;2025|뮤지컬:1
00000005527,1,2,162000,20220923: ,20220923: ,2022|발레/연극:1
00000004063,2,2,166500,20220923: ,20230610: ,2022|발레/연극:1;2023|발레/연극:1
00000004958,1,2,153000,20220923: ,20220923: ,2022|발레/연극:1
00000013376,1,1,90000,20220923: ,20220923: ,2022|발레/연극:1
00000018532,2,4,450000,20220923: ,20240714: ,2022|발레/연극:1;2024|뮤지컬:1
00000005535,2,2,66000,20220923: ,20250719: ,2022|발레/연극:1;2025|발레/연극:1
00000021247,1,2,153000,20220923: ,20220923: ,2022|발레/연극:1
00000018035,6,10,1237500,20220923: ,20251123: ,2022|발레/연극:1;2023|뮤지컬:1;2023|발레/연극:1;2025|뮤지컬:3
00000011458,1,1,81000,20220923: ,20220923: ,2022|발레/연극:1
00000019448,2,8,424000,20220923: ,20240519: ,2022|발레/연극:1;2024|발레/연극:1
00000002596,1,2,153000,20220923: ,20220923: ,2022|발레/연극:1
00000021035,2,4,192000,20220923: ,20221208: ,2022|발레/연극:1;2022|클래식:1
00000018686,1,2,153000,20220923: ,20220923: ,2022|발레/연극:1
00000007184,2,4,460000,20220923: ,20230408: ,2022|발레/연극:1;2023|뮤지컬:1
00000019818,3,7,499500,20220923: ,20220923: ,2022|발레/연극:3
00000005013,7,14,697600,20220923: ,20250116: ,2022|발레/연극:1;2023|발레/연극:1;2024|클래식:2;2024|기타:1;2024|발레/연극:1;2025|클래식:1
00000016423,1,1,45000,20220923: ,20220923: ,2022|발레/연극:1
00000010301,2,4,342000,20220923: ,20230609: ,2022|발레/연극:1;2023|발레/연극:1
00000005998,4,9,810000,20220923: ,20250529: ,2022|발레/연극:1;2023|발레/연극:1;2024|뮤지컬:1;2025|발레/연극:1
00000012338,2,4,207000,20220923: ,20230119: ,2022|발레/연극:1;2023|클래식:1
00000002195,5,6,531000,20220923: ,20230609: ,2022|발레/연극:4;2023|발레/연극:1
00000002591,1,2,100000,20220924: ,20220924: ,2022|발레/연극:1
00000009079,2,3,234000,20220924: ,20220924: ,2022|발레/연극:2
00000010966,1,2,119000,20220924: ,20220924: ,2022|발레/연극:1
00000005057,2,4,405000,20220924: ,20230409: ,2022|발레/연극:1;2023|뮤지컬:1
00000010884,3,7,499500,20220924: ,20220924: ,2022|발레/연극:3
00000011389,2,4,360000,20220924: ,20250705: ,2022|발레/연극:1;2025|뮤지컬:1
00000014680,2,3,315000,20220924: ,20240713: ,2022|발레/연극:1;2024|뮤지컬:1
00000009527,1,4,270000,20220924: ,20220924: ,2022|발레/연극:1
00000002910,6,13,1572000,20220924: ,20251123: ,2022|발레/연극:1;2023|발레/연극:1;2024|뮤지컬:1;2025|뮤지컬:2;2025|발레/연극:1
00000009897,1,2,119000,20220924: ,20220924: ,2022|발레/연극:1
00000011330,1,1,81000,20220924: ,20220924: ,2022|발레/연극:1
00000000490,2,4,360000,20220924: ,20230610: ,2022|발레/연극:1;2023|발레/연극:1
00000009610,3,6,645000,20220924: ,20230609: ,2022|발레/연극:1;2023|뮤지컬:1;2023|발레/연극:1
00000009827,12,22,462500,20220924: ,20241204: ,2022|발레/연극:1;2022|클래식:1;2023|클래식:4;2023|발레/연극:1;2024|클래식:5
00000013217,10,13,510500,20220924: ,20251026: ,2022|발레/연극:1;2022|클래식:3;2023|클래식:3;2024|클래식:2;2025|클래식:1
00000012106,1,1,76500,20220924: ,20220924: ,2022|발레/연극:1
00000000923,2,4,333000,20220924: ,20230610: ,2022|발레/연극:1;2023|발레/연극:1
00000003268,4,9,905000,20220924: ,20250706: ,2022|발레/연극:1;2023|뮤지컬:1;2023|발레/연극:1;2025|뮤지컬:1
00000000452,1,2,162000,20220924: ,20220924: ,2022|발레/연극:1
00000021840,1,2,153000,20220924: ,20220924: ,2022|발레/연극:1
00000008335,2,6,558000,20220924: ,20240713: ,2022|발레/연극:1;2024|뮤지컬:1
00000021388,1,1,63000,20220924: ,20220924: ,2022|발레/연극:1
00000020310,5,10,1035000,20220924: ,20250719: ,2022|발레/연극:1;2022|뮤지컬:1;2023|뮤지컬:1;2024|뮤지컬:1;2025|발레/연극:1
00000008615,1,1,81000,20220924: ,20220924: ,2022|발레/연극:1
00000019189,4,6,693000,20220924: ,20250706: ,2022|발레/연극:1;2023|뮤지컬:1;2025|뮤지컬:2
00000008980,2,8,570000,20220924: ,20230610: ,2022|발레/연극:1;2023|발레/연극:1
00000005414,1,3,234000,20220924: ,20220924: ,2022|발레/연극:1
00000020254,1,5,346500,20220924: ,20220924: ,2022|발레/연극:1
00000003564,2,4,180000,20220924: ,20230323: ,2022|발레/연극:1;2023|클래식:1
00000016530,3,9,1230000,20220924: ,20250704: ,2022|발레/연극:1;2024|뮤지컬:1;2025|뮤지컬:1
00000010364,2,5,414000,20220924: ,20230610: ,2022|발레/연극:1;2023|발레/연극:1
00000006421,3,4,220000,20220924: ,20250517: ,2022|발레/연극:1;2022|뮤지컬:1;2025|기타:1
00000003247,1,2,144000,20220924: ,20220924: ,2022|발레/연극:1
00000007112,1,2,162000,20220924: ,20220924: ,2022|발레/연극:1
00000022645,1,1,70000,20220924: ,20220924: ,2022|발레/연극:1
00000014048,1,2,108500,20220924: ,20220924: ,2022|발레/연극:1
00000007991,2,3,243000,20220924: ,20240713: ,2022|발레/연극:1;2024|뮤지컬:1
00000005832,1,4,270000,20220924: ,20220924: ,2022|발레/연극:1
00000005286,2,3,252000,20220924: ,20230610: ,2022|발레/연극:1;2023|발레/연극:1
00000010580,2,6,256000,20220924: ,20240518: ,2022|발레/연극:1;2024|발레/연극:1
00000013601,2,4,342000,20220924: ,20230610: ,2022|발레/연극:1;2023|발레/연극:1
00000010887,1,2,162000,20220924: ,20220924: ,2022|발레/연극:1
00000010976,1,2,153000,20220924: ,20220924: ,2022|발레/연극:1
00000015754,3,8,342000,20220924: ,20231118: ,2022|발레/연극:1;2023|발레/연극:1;2023|어린이·가족:1
00000001676,1,4,270000,20220924: ,20220924: ,2022|발레/연극:1
00000017777,4,7,361500,20220924: ,20231021: ,2022|발레/연극:2;2023|발레/연극:1;2023|클래식:1
00000011201,3,6,366000,20220924: ,20230916: ,2022|발레/연극:1;2023|뮤지컬:1;2023|어린이·가족:1
00000004429,12,19,1223600,20220924: ,20251129: ,2022|발레/연극:1;2023|뮤지컬:1;2023|발레/연극:2;2023|클래식:1;2024|발레/연극:2;2024|뮤지컬:1;2024|클래식:1;2025|발레/연극:2;2025|뮤지컬:1
00000011734,1,4,270000,20220924: ,20220924: ,2022|발레/연극:1
00000000388,3,6,298000,20220924: ,20251017: ,2022|발레/연극:1;2024|클래식:1;2025|클래식:1
00000001465,2,3,243000,20220924: ,20230609: ,2022|발레/연극:1;2023|발레/연극:1
00000006090,7,14,664900,20220924: ,20241224: ,2022|발레/연극:1;2022|뮤지컬:1;2022|클래식:1;2023|클래식:1;2023|발레/연극:1;2024|발레/연극:2
00000000583,4,7,517000,20220924: ,20230826: ,2022|발레/연극:1;2023|뮤지컬:1;2023|발레/연극:1;2023|클래식:1
00000019514,3,8,405000,20220924: ,20250517: ,2022|발레/연극:1;2023|뮤지컬:1;2025|기타:1
00000012785,3,8,594000,20220924: ,20231216: ,2022|발레/연극:1;2023|발레/연극:2
00000014815,3,6,705000,20220924: ,20230408: ,2022|발레/연극:1;2022|뮤지컬:1;2023|뮤지컬:1
00000000080,1,1,81000,20220924: ,20220924: ,2022|발레/연극:1
00000006641,2,4,360000,20220924: ,20230610: ,2022|발레/연극:1;2023|발레/연극:1
00000003468,1,2,153000,20220924: ,20220924: ,2022|발레/연극:1
00000015431,1,1,76500,20220924: ,20220924: ,2022|발레/연극:1
00000015892,3,6,585000,20220924: ,20230610: ,2022|발레/연극:1;2023|뮤지컬:1;2023|발레/연극:1
00000010836,3,3,147000,20220924: ,20220924: ,2022|발레/연극:3
00000007401,2,4,493000,20220924: ,20251123: ,2022|발레/연극:1;2025|뮤지컬:1
00000005880,5,12,781800,20220924: ,20250802: ,2022|발레/연극:1;2022|뮤지컬:1;2023|발레/연극:1;2025|어린이·가족:2
00000014905,1,1,76500,20220924: ,20220924: ,2022|발레/연극:1
00000004950,2,2,126500,20220924: ,20220924: ,2022|발레/연극:2
00000003422,5,17,1185000,20220924: ,20250308: ,2022|발레/연극:1;2024|클래식:1;2024|뮤지컬:1;2025|클래식:2
00000000433,2,4,245000,20220924: ,20230119: ,2022|발레/연극:1;2023|클래식:1
00000017890,14,23,1098500,20220929: ,20250424: ,2022|발레/연극:1;2023|클래식:4;2023|발레/연극:2;2024|클래식:4;2025|클래식:2;2025|발레/연극:1
00000006141,3,4,259000,20220929: ,20250214: ,2022|발레/연극:1;2023|발레/연극:1;2025|뮤지컬:1
00000012261,11,29,568000,20220929: ,20251204: ,2022|발레/연극:1;2023|발레/연극:2;2023|클래식:1;2024|클래식:3;2025|클래식:4
00000005779,1,5,240000,20220930: ,20220930: ,2022|발레/연극:1
00000016805,4,8,412000,20220930: ,20240712: ,2022|발레/연극:1;2023|발레/연극:2;2024|뮤지컬:1
00000015631,3,6,193000,20201018: ,20231021: ,2022|클래식:1;2023|클래식:1;2020|클래식:1
00000019112,1,2,85000,20221001: ,20221001: ,2022|클래식:1
00000011461,2,5,321000,20221001: ,20241224: ,2022|클래식:1;2024|발레/연극:1
00000011673,2,3,103500,20221001: ,20230323: ,2022|클래식:1;2023|클래식:1
00000001355,5,10,375000,20221001: ,20241126: ,2022|클래식:2;2023|클래식:1;2024|클래식:2
00000003011,2,2,87500,20221001: ,20230826: ,2022|클래식:1;2023|클래식:1
00000020502,8,21,1552700,20221001: ,20251122: ,2022|클래식:1;2023|클래식:1;2024|클래식:2;2024|뮤지컬:1;2025|뮤지컬:2;2025|어린이·가족:1
00000013262,1,1,42500,20221001: ,20221001: ,2022|클래식:1
00000002226,7,7,467000,20221001: ,20250308: ,2022|클래식:2;2024|클래식:3;2025|뮤지컬:1;2025|클래식:1
00000010958,1,3,140000,20221001: ,20221001: ,2022|클래식:1
00000018646,3,4,112000,20221001: ,20230323: ,2022|클래식:2;2023|클래식:1
00000016943,4,12,817000,20221001: ,20250215: ,2022|클래식:1;2023|클래식:1;2025|클래식:1;2025|뮤지컬:1
00000010052,6,6,344500,20221001: ,20250308: ,2022|클래식:3;2023|뮤지컬:1;2023|클래식:1;2025|클래식:1
00000003239,1,1,27000,20221001: ,20221001: ,2022|클래식:1
00000003167,3,3,79500,20221001: ,20250308: ,2022|클래식:1;2023|클래식:1;2025|클래식:1
00000003291,2,4,180000,20221001: ,20221015: ,2022|클래식:2
00000017750,1,3,127500,20221001: ,20221001: ,2022|클래식:1
00000009459,7,13,799000,20221001: ,20231224: ,2022|클래식:2;2023|클래식:5
00000018551,12,32,1548000,20201126: ,20250308: ,2022|클래식:2;2023|클래식:7;2023|발레/연극:1;2025|클래식:1;2020|클래식:1
00000019834,1,2,90000,20221001: ,20221001: ,2022|클래식:1
00000016983,1,1,50000,20221001: ,20221001: ,2022|클래식:1
00000012852,3,3,180000,20221111: ,20240714: ,2022|뮤지컬:2;2024|뮤지컬:1
00000016640,1,4,40000,20221111: ,20221111: ,2022|뮤지컬:1
00000006053,2,4,35000,20221111: ,20230622: ,2022|뮤지컬:1;2023|클래식:1
00000011872,3,6,191000,20221111: ,20240515: ,2022|뮤지컬:1;2023|발레/연극:1;2024|발레/연극:1
00000008327,1,2,20000,20221112: ,20221112: ,2022|뮤지컬:1
00000006352,3,6,195200,20221112: ,20250920: ,2022|뮤지컬:1;2023|뮤지컬:1;2025|어린이·가족:1
00000016628,2,4,120000,20221112: ,20231224: ,2022|뮤지컬:1;2023|발레/연극:1
00000002554,1,2,20000,20221112: ,20221112: ,2022|뮤지컬:1
00000014184,1,2,36000,20221112: ,20221112: ,2022|뮤지컬:1
00000020463,1,3,30000,20221112: ,20221112: ,2022|뮤지컬:1
00000000476,1,2,40000,20221112: ,20221112: ,2022|뮤지컬:1
00000021609,1,3,30000,20221112: ,20221112: ,2022|뮤지컬:1
00000007194,1,1,130000,20221203: ,20221203: ,2022|뮤지컬:1
00000021049,4,8,990000,20221203: ,20241123: ,2022|뮤지컬:1;2023|뮤지컬:1;2024|뮤지컬:2
00000021919,3,3,387000,20221203: ,20240713: ,2022|뮤지컬:1;2023|뮤지컬:1;2024|뮤지컬:1
00000021469,1,4,570000,20221203: ,20221203: ,2022|뮤지컬:1
00000003575,5,11,964000,20221203: ,20251129: ,2022|뮤지컬:1;2024|뮤지컬:1;2025|발레/연극:3
00000015630,1,2,300000,20221203: ,20221203: ,2022|뮤지컬:1
00000010197,3,4,522000,20221203: ,20240714: ,2022|뮤지컬:1;2024|뮤지컬:2
00000018142,2,4,522000,20221203: ,20230409: ,2022|뮤지컬:1;2023|뮤지컬:1
00000015363,1,2,260000,20221203: ,20221203: ,2022|뮤지컬:1
00000018024,1,1,117000,20221203: ,20221203: ,2022|뮤지컬:1
00000002634,2,2,270000,20221203: ,20221203: ,2022|뮤지컬:2
00000012332,6,8,1200000,20221203: ,20221203: ,2022|뮤지컬:6
00000003475,2,4,552000,20221203: ,20250705: ,2022|뮤지컬:1;2025|뮤지컬:1
00000020645,1,1,117000,20221203: ,20221203: ,2022|뮤지컬:1
00000012137,3,7,344700,20221203: ,20251128: ,2022|뮤지컬:1;2025|어린이·가족:1;2025|발레/연극:1
00000008656,4,8,586000,20221203: ,20241101: ,2022|뮤지컬:1;2024|발레/연극:1;2024|클래식:2
00000016873,5,9,903000,20221203: ,20251122: ,2022|뮤지컬:1;2024|뮤지컬:2;2025|발레/연극:1;2025|뮤지컬:1
00000002424,1,2,260000,20221203: ,20221203: ,2022|뮤지컬:1
00000001288,2,4,560000,20221203: ,20221203: ,2022|뮤지컬:2
00000020509,2,4,620000,20221203: ,20240714: ,2022|뮤지컬:1;2024|뮤지컬:1
00000015223,2,3,414000,20221203: ,20250706: ,2022|뮤지컬:1;2025|뮤지컬:1
00000019312,2,3,333000,20221203: ,20230408: ,2022|뮤지컬:1;2023|뮤지컬:1
00000005784,4,9,637000,20221203: ,20250308: ,2022|뮤지컬:1;2023|발레/연극:1;2024|클래식:1;2025|클래식:1
00000001758,6,11,934400,20221203: ,20250920: ,2022|뮤지컬:1;2024|뮤지컬:2;2025|어린이·가족:3
00000012044,1,2,270000,20221203: ,20221203: ,2022|뮤지컬:1
00000005847,2,2,170000,20221203: ,20231216: ,2022|뮤지컬:1;2023|발레/연극:1
00000019382,2,5,558000,20221203: ,20251122: ,2022|뮤지컬:1;2025|뮤지컬:1
00000016082,1,2,180000,20221203: ,20221203: ,2022|뮤지컬:1
00000005836,1,2,162000,20221203: ,20221203: ,2022|뮤지컬:1
00000002538,1,2,270000,20221203: ,20221203: ,2022|뮤지컬:1
00000000812,1,2,270000,20221203: ,20221203: ,2022|뮤지컬:1
00000005803,9,15,806500,20221203: ,20251204: ,2022|뮤지컬:2;2024|클래식:4;2025|클래식:2;2025|뮤지컬:1
00000019789,3,8,1024000,20221203: ,20250706: ,2022|뮤지컬:1;2024|뮤지컬:1;2025|뮤지컬:1
00000005620,4,5,518000,20221203: ,20250720: ,2022|뮤지컬:3;2025|발레/연극:1
00000016557,5,7,1026000,20221203: ,20251122: ,2022|뮤지컬:3;2024|뮤지컬:1;2025|뮤지컬:1
00000017597,1,4,570000,20221203: ,20221203: ,2022|뮤지컬:1
00000019050,2,2,300000,20221203: ,20221203: ,2022|뮤지컬:2
00000018517,1,1,150000,20221203: ,20221203: ,2022|뮤지컬:1
00000003590,5,13,675200,20221203: ,20250802: ,2022|뮤지컬:1;2023|뮤지컬:1;2023|어린이·가족:1;2024|어린이·가족:1;2025|어린이·가족:1
00000020453,4,7,522000,20221203: ,20250719: ,2022|뮤지컬:1;2024|뮤지컬:1;2025|클래식:1;2025|발레/연극:1
00000022105,2,3,238000,20221203: ,20240519: ,2022|뮤지컬:1;2024|발레/연극:1
00000015285,4,7,1120000,20221203: ,20251123: ,2022|뮤지컬:1;2025|뮤지컬:3
00000018811,1,2,300000,20221203: ,20221203: ,2022|뮤지컬:1
00000014297,1,3,450000,20221203: ,20221203: ,2022|뮤지컬:1
00000010494,1,2,300000,20221203: ,20221203: ,2022|뮤지컬:1
00000020748,3,4,451500,20221203: ,20250215: ,2022|뮤지컬:1;2024|클래식:1;2025|뮤지컬:1
00000018958,1,1,150000,20221203: ,20221203: ,2022|뮤지컬:1
00000019790,2,3,420000,20221203: ,20241124: ,2022|뮤지컬:1;2024|뮤지컬:1
00000019413,3,6,310000,20221203: ,20250517: ,2022|뮤지컬:1;2024|뮤지컬:1;2025|기타:1
00000008104,3,4,266000,20221203: ,20250720: ,2022|뮤지컬:1;2023|발레/연극:1;2025|발레/연극:1
00000004382,4,8,1220000,20221203: ,20250705: ,2022|뮤지컬:1;2023|뮤지컬:1;2025|뮤지컬:2
00000000067,5,16,818000,20221203: ,20250719: ,2022|뮤지컬:1;2023|뮤지컬:1;2024|클래식:1;2025|클래식:1;2025|발레/연극:1
00000012293,2,4,522000,20221203: ,20230408: ,2022|뮤지컬:1;2023|뮤지컬:1
00000018361,2,4,462000,20221203: ,20221203: ,2022|뮤지컬:2
00000008175,3,5,720000,20221203: ,20221203: ,2022|뮤지컬:3
00000020446,1,2,234000,20221203: ,20221203: ,2022|뮤지컬:1
00000018935,1,2,300000,20221203: ,20221203: ,2022|뮤지컬:1
00000005995,4,11,1148000,20221203: ,20230610: ,2022|뮤지컬:1;2023|클래식:1;2023|뮤지컬:1;2023|발레/연극:1
00000017988,2,2,170000,20221203: ,20250720: ,2022|뮤지컬:1;2025|발레/연극:1
00000004117,3,6,243000,20221203: ,20230902: ,2022|뮤지컬:1;2023|클래식:1;2023|발레/연극:1
00000003120,1,2,300000,20221203: ,20221203: ,2022|뮤지컬:1
00000007038,4,5,447000,20221203: ,20241214: ,2022|뮤지컬:1;2024|뮤지컬:1;2024|발레/연극:2
00000019080,5,8,983000,20221203: ,20250705: ,2022|뮤지컬:1;2023|뮤지컬:1;2024|발레/연극:1;2024|뮤지컬:1;2025|뮤지컬:1
00000009294,3,5,630500,20221203: ,20250215: ,2022|뮤지컬:1;2023|클래식:1;2025|뮤지컬:1
00000003144,3,4,261500,20221203: ,20231013: ,2022|뮤지컬:1;2023|클래식:2
00000018516,1,2,260000,20221203: ,20221203: ,2022|뮤지컬:1
00000008617,3,8,1148000,20221203: ,20240713: ,2022|뮤지컬:1;2024|뮤지컬:2
00000014520,4,8,816200,20221203: ,20241224: ,2022|뮤지컬:1;2023|뮤지컬:1;2024|뮤지컬:1;2024|발레/연극:1
00000017992,4,8,424000,20221203: ,20241116: ,2022|뮤지컬:1;2023|발레/연극:1;2024|클래식:1;2024|뮤지컬:1
00000000671,3,8,980000,20221203: ,20250215: ,2022|뮤지컬:1;2023|뮤지컬:1;2025|뮤지컬:1
00000001548,4,5,454000,20221203: ,20230609: ,2022|뮤지컬:1;2023|뮤지컬:1;2023|발레/연극:2
00000008912,2,2,303000,20221203: ,20251123: ,2022|뮤지컬:1;2025|뮤지컬:1
00000011030,3,5,702000,20221203: ,20240712: ,2022|뮤지컬:1;2024|뮤지컬:2
00000006752,4,6,247500,20221203: ,20240605: ,2022|뮤지컬:1;2023|클래식:1;2024|발레/연극:1;2024|클래식:1
00000022116,2,2,279000,20221203: ,20240713: ,2022|뮤지컬:1;2024|뮤지컬:1
00000022049,4,5,621000,20221203: ,20250705: ,2022|뮤지컬:2;2024|뮤지컬:1;2025|뮤지컬:1
00000019841,2,4,588000,20221203: ,20240712: ,2022|뮤지컬:1;2024|뮤지컬:1
00000018310,2,4,510000,20221203: ,20230408: ,2022|뮤지컬:1;2023|뮤지컬:1
00000011066,4,4,504000,20221203: ,20250216: ,2022|뮤지컬:1;2024|뮤지컬:2;2025|뮤지컬:1
00000006189,2,2,232000,20221203: ,20230408: ,2022|뮤지컬:1;2023|뮤지컬:1
00000019404,12,12,460500,20221203: ,20241126: ,2022|뮤지컬:1;2023|클래식:3;2023|발레/연극:1;2024|클래식:5;2024|뮤지컬:1;2024|기타:1
00000008153,5,11,472000,20221203: ,20231214: ,2022|뮤지컬:1;2022|클래식:1;2023|클래식:3
00000001218,1,2,260000,20221203: ,20221203: ,2022|뮤지컬:1
00000019198,2,3,202000,20221203: ,20231223: ,2022|뮤지컬:1;2023|발레/연극:1
00000000883,1,2,270000,20221203: ,20221203: ,2022|뮤지컬:1
00000018863,1,1,81000,20221203: ,20221203: ,2022|뮤지컬:1
00000012690,2,6,980000,20221203: ,20251123: ,2022|뮤지컬:1;2025|뮤지컬:1
00000019757,3,4,522000,20221203: ,20230408: ,2022|뮤지컬:2;2023|뮤지컬:1
00000009169,2,4,486000,20221203: ,20230408: ,2022|뮤지컬:1;2023|뮤지컬:1
00000020741,3,4,582000,20221203: ,20250705: ,2022|뮤지컬:1;2024|뮤지컬:1;2025|뮤지컬:1
00000010166,5,15,1241500,20221203: ,20251122: ,2022|뮤지컬:1;2023|클래식:1;2025|발레/연극:1;2025|기타:1;2025|뮤지컬:1
00000020846,1,1,117000,20221203: ,20221203: ,2022|뮤지컬:1
00000019618,9,21,1229300,20221203: ,20251129: ,2022|뮤지컬:1;2023|뮤지컬:1;2023|어린이·가족:1;2024|발레/연극:1;2024|뮤지컬:1;2025|뮤지컬:1;2025|어린이·가족:1;2025|클래식:1;2025|발레/연극:1
00000019207,1,1,150000,20221203: ,20221203: ,2022|뮤지컬:1
00000019062,1,2,162000,20221203: ,20221203: ,2022|뮤지컬:1
00000007693,1,2,270000,20221203: ,20221203: ,2022|뮤지컬:1
00000007555,1,2,270000,20221203: ,20221203: ,2022|뮤지컬:1
00000018194,2,5,703500,20221203: ,20251123: ,2022|뮤지컬:1;2025|뮤지컬:1
00000017891,1,2,162000,20221203: ,20221203: ,2022|뮤지컬:1
00000013347,2,4,600000,20221203: ,20241123: ,2022|뮤지컬:1;2024|뮤지컬:1
00000003411,1,2,234000,20221203: ,20221203: ,2022|뮤지컬:1
00000000632,3,3,416000,20221203: ,20250705: ,2022|뮤지컬:1;2023|뮤지컬:1;2025|뮤지컬:1
00000007471,2,4,590000,20221203: ,20250216: ,2022|뮤지컬:1;2025|뮤지컬:1
00000001015,3,9,349900,20221208: ,20241224: ,2022|클래식:1;2024|클래식:1;2024|발레/연극:1
00000002717,3,6,108000,20221208: ,20231214: ,2022|클래식:1;2023|클래식:2
00000018997,5,10,136500,20221208: ,20240904: ,2022|클래식:1;2023|클래식:2;2024|클래식:2
00000002842,5,12,195000,20221208: ,20251204: ,2022|클래식:2;2025|클래식:3
00000001586,1,2,27000,20221208: ,20221208: ,2022|클래식:1
00000006236,1,2,60000,20221208: ,20221208: ,2022|클래식:1
00000003282,2,4,146000,20221208: ,20230119: ,2022|클래식:1;2023|클래식:1
00000002616,4,4,55500,20221208: ,20240904: ,2022|클래식:1;2023|클래식:1;2024|클래식:2
00000013916,5,11,432000,20221208: ,20240320: ,2022|클래식:1;2023|뮤지컬:1;2023|발레/연극:1;2023|어린이·가족:1;2024|클래식:1
00000015168,3,6,180000,20221208: ,20231020: ,2022|클래식:1;2023|클래식:2
00000000459,2,4,81000,20221015: ,20221208: ,2022|클래식:2
00000007369,9,11,189000,20221208: ,20250911: ,2022|클래식:1;2023|발레/연극:1;2023|클래식:1;2024|클래식:4;2025|발레/연극:1;2025|클래식:1
00000002351,1,10,147000,20221208: ,20221208: ,2022|클래식:1
00000004245,1,2,27000,20221208: ,20221208: ,2022|클래식:1
00000021668,6,10,135000,20221208: ,20240320: ,2022|클래식:1;2023|클래식:4;2024|클래식:1
00000012286,5,12,503000,20221208: ,20250904: ,2022|클래식:1;2025|뮤지컬:1;2025|클래식:2;2025|발레/연극:1
00000022115,5,16,1068000,20221208: ,20230622: ,2022|클래식:1;2023|클래식:2;2023|뮤지컬:1;2023|발레/연극:1
00000007049,1,2,27000,20221208: ,20221208: ,2022|클래식:1
00000010418,2,4,59500,20221208: ,20250529: ,2022|클래식:1;2025|발레/연극:1
00000010813,2,2,32500,20221208: ,20231012: ,2022|클래식:1;2023|클래식:1
00000013025,9,17,255000,20221208: ,20251204: ,2022|클래식:1;2023|클래식:1;2024|클래식:4;2025|클래식:3
00000011185,2,4,54000,20221208: ,20230622: ,2022|클래식:1;2023|클래식:1
00000009192,3,7,286900,20221208: ,20241225: ,2022|클래식:1;2023|클래식:1;2024|발레/연극:1
00000012689,4,4,145000,20221208: ,20240904: ,2022|클래식:1;2023|발레/연극:1;2023|클래식:1;2024|클래식:1
00000004619,2,4,54000,20221208: ,20230323: ,2022|클래식:1;2023|클래식:1
00000000399,5,12,400000,20221208: ,20230119: ,2022|클래식:3;2023|클래식:2
00000012878,5,8,226000,20221208: ,20240320: ,2022|클래식:1;2023|클래식:2;2023|발레/연극:1;2024|클래식:1
00000003046,1,1,13500,20221208: ,20221208: ,2022|클래식:1
00000015037,7,16,715800,20221208: ,20251123: ,2022|클래식:1;2023|뮤지컬:1;2023|어린이·가족:1;2024|발레/연극:1;2024|뮤지컬:1;2025|어린이·가족:1;2025|뮤지컬:1
00000019401,6,11,405000,20221208: ,20250719: ,2022|클래식:1;2024|클래식:2;2024|기타:1;2025|발레/연극:2
00000004273,7,14,268000,20221208: ,20251204: ,2022|클래식:1;2023|클래식:1;2023|어린이·가족:1;2024|기타:1;2025|클래식:3
00000009044,4,6,306000,20221208: ,20231214: ,2022|클래식:1;2023|클래식:2;2023|뮤지컬:1
00000018856,2,4,108200,20221208: ,20250802: ,2022|클래식:1;2025|어린이·가족:1
00000019309,10,25,800000,20201225: ,20250517: ,2022|클래식:1;2023|뮤지컬:1;2023|클래식:2;2024|클래식:3;2025|어린이·가족:1;2020|클래식:2
00000019832,2,3,126000,20221208: ,20250705: ,2022|클래식:1;2025|뮤지컬:1
00000011561,7,12,859500,20230119: ,20241123: ,2023|클래식:3;2023|뮤지컬:1;2023|발레/연극:1;2024|발레/연극:1;2024|뮤지컬:1
00000000541,4,8,652000,20230119: ,20240714: ,2023|클래식:1;2023|뮤지컬:1;2024|클래식:1;2024|뮤지컬:1
00000019761,2,3,157000,20230119: ,20241013: ,2023|클래식:1;2024|클래식:1
00000016278,1,2,119000,20230119: ,20230119: ,2023|클래식:1
00000022301,1,3,178500,20230119: ,20230119: ,2023|클래식:1
00000016681,2,4,245000,20230119: ,20240119: ,2023|클래식:1;2024|클래식:1
00000017737,1,1,59500,20230119: ,20230119: ,2023|클래식:1
00000009428,4,12,402000,20230119: ,20250116: ,2023|클래식:1;2024|클래식:1;2025|클래식:2
00000019733,1,1,42500,20230119: ,20230119: ,2023|클래식:1
00000022044,1,2,119000,20230119: ,20230119: ,2023|클래식:1
00000012982,3,5,249000,20230119: ,20250904: ,2023|클래식:2;2025|클래식:1
00000010455,1,1,50000,20230119: ,20230119: ,2023|클래식:1
00000014871,1,1,70000,20230119: ,20230119: ,2023|클래식:1
00000000466,5,5,177000,20221015: ,20250308: ,2023|클래식:2;2024|클래식:1;2025|클래식:1;2022|클래식:1
00000020465,2,2,196000,20230119: ,20230407: ,2023|클래식:1;2023|뮤지컬:1
00000009504,1,1,63000,20230119: ,20230119: ,2023|클래식:1
00000013408,1,1,70000,20230119: ,20230119: ,2023|클래식:1
00000005711,3,6,96000,20230119: ,20230622: ,2023|클래식:3
00000010708,3,6,260000,20230119: ,20250116: ,2023|클래식:1;2024|클래식:1;2025|클래식:1
00000014509,1,1,59500,20230119: ,20230119: ,2023|클래식:1
00000007239,6,22,1700000,20230119: ,20250705: ,2023|클래식:1;2024|클래식:1;2024|발레/연극:2;2025|뮤지컬:2
00000015801,1,1,63000,20230119: ,20230119: ,2023|클래식:1
00000017639,4,8,509600,20230119: ,20250308: ,2023|클래식:2;2024|발레/연극:1;2025|클래식:1
00000014642,2,8,786000,20230119: ,20240713: ,2023|클래식:1;2024|뮤지컬:1
00000018614,3,6,389000,20230119: ,20230826: ,2023|클래식:2;2023|발레/연극:1
00000016724,3,7,274400,20230119: ,20250803: ,2023|클래식:1;2025|클래식:1;2025|어린이·가족:1
00000006605,2,4,407000,20230119: ,20250706: ,2023|클래식:1;2025|뮤지컬:1
00000019985,2,10,623500,20230119: ,20250705: ,2023|클래식:1;2025|뮤지컬:1
00000013098,12,23,635000,20230119: ,20250116: ,2023|클래식:6;2023|발레/연극:1;2024|클래식:4;2025|클래식:1
00000010710,1,2,119000,20230119: ,20230119: ,2023|클래식:1
00000005028,1,2,126000,20230119: ,20230119: ,2023|클래식:1
00000001919,3,3,147000,20230119: ,20231110: ,2023|클래식:3
00000005769,5,9,246000,20230119: ,20250308: ,2023|클래식:2;2023|발레/연극:1;2024|클래식:1;2025|클래식:1
00000019904,3,3,81500,20230119: ,20230826: ,2023|클래식:3
00000022266,1,2,119000,20230119: ,20230119: ,2023|클래식:1
00000022205,2,3,182000,20230119: ,20230119: ,2023|클래식:2
00000002694,3,6,269000,20230119: ,20240119: ,2023|클래식:2;2024|클래식:1
00000008137,1,3,127500,20230119: ,20230119: ,2023|클래식:1
00000021301,2,4,170000,20230119: ,20240119: ,2023|클래식:1;2024|클래식:1
00000012531,1,1,59500,20230119: ,20230119: ,2023|클래식:1
00000020721,1,2,126000,20230119: ,20230119: ,2023|클래식:1
00000019083,2,3,146000,20230119: ,20231223: ,2023|클래식:2
00000019410,2,7,658000,20230119: ,20250214: ,2023|클래식:1;2025|뮤지컬:1
00000002628,4,7,116000,20200605: ,20231202: ,2023|클래식:2;2020|클래식:2
00000016835,2,2,108000,20221014: ,20230119: ,2023|클래식:1;2022|클래식:1
00000019299,1,2,119000,20230119: ,20230119: ,2023|클래식:1
00000021665,3,5,220000,20230119: ,20240119: ,2023|클래식:2;2024|클래식:1
00000018535,5,6,190000,20230119: ,20250116: ,2023|클래식:4;2025|클래식:1
00000017596,2,4,245000,20230119: ,20240119: ,2023|클래식:1;2024|클래식:1
00000016893,4,6,485000,20230119: ,20250308: ,2023|클래식:2;2025|뮤지컬:1;2025|클래식:1
00000001254,2,4,306000,20230119: ,20230408: ,2023|클래식:1;2023|뮤지컬:1
00000018618,3,5,547000,20230119: ,20250215: ,2023|클래식:1;2025|뮤지컬:2
00000003123,1,2,119000,20230119: ,20230119: ,2023|클래식:1
00000002706,2,4,257600,20230119: ,20241225: ,2023|클래식:1;2024|발레/연극:1
00000001204,6,14,796000,20230119: ,20231021: ,2023|클래식:3;2023|뮤지컬:1;2023|발레/연극:2
00000006830,1,1,30000,20230119: ,20230119: ,2023|클래식:1
00000006097,2,3,234000,20230119: ,20240713: ,2023|클래식:1;2024|뮤지컬:1
00000010151,2,4,219000,20230119: ,20231223: ,2023|클래식:2
00000014922,1,2,119000,20230119: ,20230119: ,2023|클래식:1
00000016705,2,4,208500,20230119: ,20241101: ,2023|클래식:1;2024|클래식:1
00000008273,2,4,108000,20230119: ,20240119: ,2023|클래식:1;2024|클래식:1
00000014097,3,6,229000,20230119: ,20250308: ,2023|클래식:2;2025|클래식:1
00000003583,3,5,432500,20230119: ,20240714: ,2023|클래식:1;2024|클래식:1;2024|뮤지컬:1
00000016704,1,4,210000,20230119: ,20230119: ,2023|클래식:1
00000002865,1,3,178500,20230119: ,20230119: ,2023|클래식:1
00000014806,1,2,51000,20230119: ,20230119: ,2023|클래식:1
00000020406,1,4,210000,20230119: ,20230119: ,2023|클래식:1
00000013977,1,1,25500,20230119: ,20230119: ,2023|클래식:1
00000016263,5,10,1040500,20230119: ,20251122: ,2023|클래식:2;2024|뮤지컬:1;2024|클래식:1;2025|뮤지컬:1
00000013463,2,5,280000,20230119: ,20230119: ,2023|클래식:2
00000021468,2,2,89500,20230119: ,20231021: ,2023|클래식:2
00000008122,3,6,338000,20230119: ,20231216: ,2023|클래식:2;2023|발레/연극:1
00000021753,1,1,45000,20230119: ,20230119: ,2023|클래식:1
00000015066,2,3,117000,20201018: ,20230119: ,2023|클래식:1;2020|클래식:1
00000006042,1,1,59500,20230119: ,20230119: ,2023|클래식:1
00000006857,1,5,273000,20230119: ,20230119: ,2023|클래식:1
00000003288,2,4,180000,20201205: ,20230119: ,2023|클래식:1;2020|클래식:1
00000005727,1,1,59500,20230119: ,20230119: ,2023|클래식:1
00000020462,1,2,90000,20230119: ,20230119: ,2023|클래식:1
00000002578,1,1,63000,20230119: ,20230119: ,2023|클래식:1
00000021716,2,2,203500,20230119: ,20240714: ,2023|클래식:1;2024|뮤지컬:1
00000016518,6,17,934900,20230119: ,20250529: ,2023|클래식:2;2023|발레/연극:2;2024|발레/연극:1;2025|발레/연극:1
00000000513,9,25,1243000,20230119: ,20241124: ,2023|클래식:2;2023|발레/연극:1;2024|클래식:3;2024|발레/연극:1;2024|뮤지컬:2
00000010876,3,5,218000,20230119: ,20231012: ,2023|클래식:2;2023|발레/연극:1
00000022224,7,8,203500,20230119: ,20240605: ,2023|클래식:5;2024|클래식:2
00000017594,1,2,60000,20230323: ,20230323: ,2023|클래식:1
00000004422,1,2,27000,20230323: ,20230323: ,2023|클래식:1
00000000673,2,2,27000,20230323: ,20230622: ,2023|클래식:2
00000010030,2,3,42000,20230323: ,20230921: ,2023|클래식:2
00000017317,5,7,294000,20230323: ,20250214: ,2023|클래식:3;2023|어린이·가족:1;2025|뮤지컬:1
00000008315,1,2,27000,20230323: ,20230323: ,2023|클래식:1
00000016670,1,2,27000,20230323: ,20230323: ,2023|클래식:1
00000002344,3,6,81000,20230323: ,20240320: ,2023|클래식:2;2024|클래식:1
00000004997,1,2,27000,20230323: ,20230323: ,2023|클래식:1
00000010689,3,4,59000,20230323: ,20240904: ,2023|클래식:1;2024|클래식:2
00000014457,1,2,27000,20230323: ,20230323: ,2023|클래식:1
00000010793,1,2,27000,20230323: ,20230323: ,2023|클래식:1
00000004902,1,9,132000,20230323: ,20230323: ,2023|클래식:1
00000018531,5,12,418000,20230323: ,20241122: ,2023|클래식:2;2024|클래식:2;2024|뮤지컬:1
00000012749,4,8,131000,20230323: ,20250308: ,2023|클래식:2;2024|클래식:1;2025|클래식:1
00000016589,3,5,517500,20230323: ,20250216: ,2023|클래식:1;2023|뮤지컬:1;2025|뮤지컬:1
00000019279,4,6,99500,20230323: ,20250710: ,2023|클래식:1;2024|클래식:1;2025|클래식:2
00000002994,1,2,27000,20230323: ,20230323: ,2023|클래식:1
00000009803,1,1,13500,20230323: ,20230323: ,2023|클래식:1
00000012684,7,13,322000,20230323: ,20251123: ,2023|클래식:2;2024|클래식:1;2025|클래식:3;2025|뮤지컬:1
00000002335,3,5,615500,20230323: ,20250215: ,2023|클래식:1;2025|뮤지컬:2
00000003916,2,2,27000,20230323: ,20240605: ,2023|클래식:1;2024|클래식:1
00000022120,3,8,80500,20200605: ,20231130: ,2023|클래식:2;2020|클래식:1
00000017377,4,4,58500,20230323: ,20250529: ,2023|클래식:2;2024|클래식:1;2025|발레/연극:1
00000002797,3,3,45000,20230323: ,20230921: ,2023|클래식:3
00000018437,1,2,27000,20230323: ,20230323: ,2023|클래식:1
00000018249,3,3,40500,20230323: ,20240320: ,2023|클래식:2;2024|클래식:1
00000022485,2,3,94700,20230323: ,20250802: ,2023|클래식:1;2025|어린이·가족:1
00000007087,1,1,13500,20230323: ,20230323: ,2023|클래식:1
00000006516,13,25,1197000,20230323: ,20250705: ,2023|클래식:4;2023|뮤지컬:2;2023|발레/연극:1;2024|클래식:3;2025|클래식:2;2025|뮤지컬:1
00000016866,2,4,157500,20230323: ,20230429: ,2023|클래식:1;2023|뮤지컬:1
00000020814,5,8,229500,20230323: ,20241123: ,2023|클래식:2;2024|클래식:2;2024|뮤지컬:1
00000016479,1,1,15000,20230323: ,20230323: ,2023|클래식:1
00000008050,17,30,830000,20230323: ,20250911: ,2023|클래식:3;2024|클래식:8;2025|클래식:5;2025|발레/연극:1
00000012557,1,2,27000,20230323: ,20230323: ,2023|클래식:1
00000003424,6,13,246000,20230323: ,20240904: ,2023|클래식:3;2024|클래식:3
00000021730,4,7,94500,20230323: ,20231214: ,2023|클래식:4
00000018065,2,4,99000,20230323: ,20250719: ,2023|클래식:1;2025|발레/연극:1
00000007652,1,2,27000,20230323: ,20230323: ,2023|클래식:1
00000019967,2,3,45000,20230323: ,20230622: ,2023|클래식:2
00000018895,1,2,27000,20230323: ,20230323: ,2023|클래식:1
00000002166,5,9,155000,20230323: ,20251204: ,2023|클래식:1;2025|클래식:4
00000009961,7,7,108000,20230323: ,20240605: ,2023|클래식:6;2024|클래식:1
00000015439,2,5,313500,20230323: ,20230610: ,2023|클래식:1;2023|발레/연극:1
00000014243,1,2,27000,20230323: ,20230323: ,2023|클래식:1
00000014286,2,5,294000,20230323: ,20230408: ,2023|클래식:1;2023|뮤지컬:1
00000010621,1,2,27000,20230323: ,20230323: ,2023|클래식:1
00000009722,3,5,319500,20230323: ,20230901: ,2023|클래식:1;2023|뮤지컬:1;2023|발레/연극:1
00000016578,10,11,198200,20230323: ,20250802: ,2023|클래식:4;2024|클래식:5;2025|어린이·가족:1
00000020634,1,2,27000,20230323: ,20230323: ,2023|클래식:1
00000011634,1,1,13500,20230323: ,20230323: ,2023|클래식:1
00000017126,4,6,106500,20230323: ,20240119: ,2023|클래식:3;2024|클래식:1
00000022195,3,6,108000,20201016: ,20231214: ,2023|클래식:2;2020|클래식:1
00000018996,4,7,123000,20230323: ,20230921: ,2023|클래식:3;2023|발레/연극:1
00000013017,9,18,275000,20230323: ,20250911: ,2023|클래식:4;2024|클래식:2;2025|클래식:3
00000008767,4,5,132000,20230323: ,20231214: ,2023|클래식:4
00000012680,5,10,234000,20230323: ,20240817: ,2023|클래식:3;2023|발레/연극:1;2024|기타:1
00000003874,5,10,135000,20230323: ,20240605: ,2023|클래식:3;2024|클래식:2
00000003067,5,10,294000,20230323: ,20241101: ,2023|클래식:4;2024|클래식:1
00000004960,16,37,1728500,20230323: ,20250904: ,2023|클래식:8;2023|발레/연극:1;2024|클래식:2;2024|뮤지컬:1;2025|뮤지컬:1;2025|발레/연극:2;2025|클래식:1
00000017802,3,6,306000,20230323: ,20230622: ,2023|클래식:2;2023|뮤지컬:1
00000012429,1,2,27000,20230323: ,20230323: ,2023|클래식:1
00000012156,2,4,141200,20230323: ,20250803: ,2023|클래식:1;2025|어린이·가족:1
00000008244,1,2,27000,20230323: ,20230323: ,2023|클래식:1
00000019555,4,5,72000,20230323: ,20251204: ,2023|클래식:3;2025|클래식:1
00000015219,2,2,27000,20230323: ,20230622: ,2023|클래식:2
00000020932,8,12,244200,20230323: ,20250920: ,2023|클래식:5;2024|클래식:1;2025|클래식:1;2025|어린이·가족:1
00000015628,1,1,13500,20230323: ,20230323: ,2023|클래식:1
00000012787,2,4,54000,20230323: ,20230622: ,2023|클래식:2
00000019295,17,35,1142000,20230323: ,20251204: ,2023|클래식:5;2023|발레/연극:1;2024|클래식:4;2025|클래식:6;2025|뮤지컬:1
00000016682,4,10,309500,20201126: ,20250308: ,2023|클래식:2;2025|클래식:1;2020|클래식:1
00000015641,1,1,13500,20230323: ,20230323: ,2023|클래식:1
00000007761,1,1,13500,20230323: ,20230323: ,2023|클래식:1
00000004096,1,1,13500,20230323: ,20230323: ,2023|클래식:1
00000019079,7,14,198000,20230323: ,20250327: ,2023|클래식:3;2024|클래식:3;2025|클래식:1
00000020291,1,1,126000,20230407: ,20230407: ,2023|뮤지컬:1
00000012975,5,8,980000,20230407: ,20250719: ,2023|뮤지컬:1;2024|뮤지컬:2;2025|뮤지컬:1;2025|발레/연극:1
00000009216,5,5,455500,20230407: ,20241206: ,2023|뮤지컬:1;2023|발레/연극:1;2023|클래식:1;2024|뮤지컬:1;2024|클래식:1
00000012304,1,2,252000,20230407: ,20230407: ,2023|뮤지컬:1
00000013278,8,29,3622000,20230407: ,20250720: ,2023|뮤지컬:3;2024|뮤지컬:2;2025|뮤지컬:2;2025|발레/연극:1
00000016475,5,12,1006000,20230407: ,20250720: ,2023|뮤지컬:1;2023|발레/연극:1;2024|뮤지컬:1;2025|뮤지컬:1;2025|발레/연극:1
00000016130,1,1,126000,20230407: ,20230407: ,2023|뮤지컬:1
00000000532,1,2,252000,20230407: ,20230407: ,2023|뮤지컬:1
00000003955,1,2,252000,20230407: ,20230407: ,2023|뮤지컬:1
00000010525,2,2,252000,20230407: ,20230407: ,2023|뮤지컬:2
00000003318,2,4,279000,20230407: ,20230622: ,2023|뮤지컬:1;2023|클래식:1
00000019206,1,1,126000,20230407: ,20230407: ,2023|뮤지컬:1
00000001806,1,2,216000,20230407: ,20230407: ,2023|뮤지컬:1
00000008530,1,2,252000,20230407: ,20230407: ,2023|뮤지컬:1
00000012811,5,19,1620000,20230407: ,20251024: ,2023|뮤지컬:1;2024|어린이·가족:2;2024|뮤지컬:1;2025|클래식:1
00000006790,1,2,252000,20230407: ,20230407: ,2023|뮤지컬:1
00000021099,1,2,280000,20230407: ,20230407: ,2023|뮤지컬:1
00000022063,4,6,639200,20230407: ,20251123: ,2023|뮤지컬:2;2025|어린이·가족:1;2025|뮤지컬:1
00000008287,1,2,252000,20230407: ,20230407: ,2023|뮤지컬:1
00000014847,1,2,216000,20230407: ,20230407: ,2023|뮤지컬:1
00000014302,6,7,999000,20230407: ,20251123: ,2023|뮤지컬:1;2024|뮤지컬:2;2025|뮤지컬:3
00000002985,1,1,140000,20230407: ,20230407: ,2023|뮤지컬:1
00000020140,3,10,1460000,20230407: ,20251123: ,2023|뮤지컬:1;2025|뮤지컬:2
00000022311,1,2,252000,20230407: ,20230407: ,2023|뮤지컬:1
00000005471,1,2,280000,20230407: ,20230407: ,2023|뮤지컬:1
00000019937,7,7,898000,20230407: ,20251123: ,2023|뮤지컬:1;2024|뮤지컬:2;2025|뮤지컬:3;2025|발레/연극:1
00000014830,1,2,252000,20230407: ,20230407: ,2023|뮤지컬:1
00000013298,1,2,252000,20230407: ,20230407: ,2023|뮤지컬:1
00000013004,1,2,252000,20230407: ,20230407: ,2023|뮤지컬:1
00000003429,1,2,280000,20230407: ,20230407: ,2023|뮤지컬:1
00000007597,2,3,270000,20230407: ,20250529: ,2023|뮤지컬:1;2025|발레/연극:1
00000022428,4,8,707000,20230407: ,20240712: ,2023|뮤지컬:1;2023|발레/연극:1;2023|클래식:1;2024|뮤지컬:1
00000011242,1,2,252000,20230407: ,20230407: ,2023|뮤지컬:1
00000020837,1,2,252000,20230407: ,20230407: ,2023|뮤지컬:1
00000017203,1,2,252000,20230407: ,20230407: ,2023|뮤지컬:1
00000020383,1,2,252000,20230407: ,20230407: ,2023|뮤지컬:1
00000018533,1,2,216000,20230407: ,20230407: ,2023|뮤지컬:1
00000012367,2,6,328000,20230407: ,20240817: ,2023|뮤지컬:1;2024|기타:1
00000014918,3,7,1000000,20230407: ,20250705: ,2023|뮤지컬:2;2025|뮤지컬:1
00000004325,1,2,216000,20230407: ,20230407: ,2023|뮤지컬:1
00000008589,1,1,126000,20230407: ,20230407: ,2023|뮤지컬:1
00000004524,3,6,838000,20230407: ,20241123: ,2023|뮤지컬:1;2024|뮤지컬:2
00000011084,4,5,486000,20230407: ,20251123: ,2023|뮤지컬:1;2023|발레/연극:1;2024|뮤지컬:1;2025|뮤지컬:1
00000012288,2,2,234000,20230407: ,20251122: ,2023|뮤지컬:1;2025|뮤지컬:1
00000005763,1,2,234000,20230407: ,20230407: ,2023|뮤지컬:1
00000001291,2,4,540000,20230407: ,20240712: ,2023|뮤지컬:1;2024|뮤지컬:1
00000016262,2,4,572000,20230407: ,20240714: ,2023|뮤지컬:1;2024|뮤지컬:1
00000014168,2,3,392000,20230407: ,20230407: ,2023|뮤지컬:2
00000004380,1,2,252000,20230407: ,20230407: ,2023|뮤지컬:1
00000013158,1,1,81000,20230407: ,20230407: ,2023|뮤지컬:1
00000002320,1,5,576000,20230407: ,20230407: ,2023|뮤지컬:1
00000021630,1,2,162000,20230407: ,20230407: ,2023|뮤지컬:1
00000013420,2,4,540000,20230407: ,20250215: ,2023|뮤지컬:1;2025|뮤지컬:1
00000014991,3,5,760000,20230407: ,20251123: ,2023|뮤지컬:2;2025|뮤지컬:1
00000000615,4,4,567000,20230407: ,20251123: ,2023|뮤지컬:1;2024|뮤지컬:1;2025|뮤지컬:2
00000003072,2,4,337000,20230407: ,20230826: ,2023|뮤지컬:1;2023|클래식:1
00000022130,11,29,703000,20230407: ,20251204: ,2023|뮤지컬:1;2023|클래식:3;2024|클래식:2;2025|클래식:5
00000005754,1,2,252000,20230407: ,20230407: ,2023|뮤지컬:1
00000018770,13,13,744800,20230407: ,20250719: ,2023|뮤지컬:1;2023|클래식:1;2024|발레/연극:3;2024|기타:1;2024|클래식:1;2024|뮤지컬:1;2025|뮤지컬:2;2025|발레/연극:3
00000006442,2,4,522000,20230407: ,20241123: ,2023|뮤지컬:1;2024|뮤지컬:1
00000000071,3,6,465200,20230407: ,20241225: ,2023|뮤지컬:1;2023|발레/연극:1;2024|발레/연극:1
00000003543,2,4,432000,20230407: ,20230609: ,2023|뮤지컬:1;2023|발레/연극:1
00000010578,1,1,126000,20230407: ,20230407: ,2023|뮤지컬:1
00000004556,1,2,252000,20230407: ,20230407: ,2023|뮤지컬:1
00000013675,1,2,216000,20230407: ,20230407: ,2023|뮤지컬:1
00000021895,1,1,126000,20230407: ,20230407: ,2023|뮤지컬:1
00000004710,3,6,829000,20230407: ,20251123: ,2023|뮤지컬:1;2025|뮤지컬:2
00000003118,2,4,468000,20230407: ,20251122: ,2023|뮤지컬:1;2025|뮤지컬:1
00000020371,1,1,126000,20230407: ,20230407: ,2023|뮤지컬:1
00000003463,1,2,252000,20230407: ,20230407: ,2023|뮤지컬:1
00000010817,1,1,126000,20230407: ,20230407: ,2023|뮤지컬:1
00000001175,1,3,392000,20230407: ,20230407: ,2023|뮤지컬:1
00000010438,1,1,126000,20230407: ,20230407: ,2023|뮤지컬:1
00000012589,2,7,450000,20230407: ,20250920: ,2023|뮤지컬:1;2025|어린이·가족:1
00000001808,2,8,832000,20230407: ,20230609: ,2023|뮤지컬:1;2023|발레/연극:1
00000012490,1,2,252000,20230407: ,20230407: ,2023|뮤지컬:1
00000010203,3,4,620000,20230407: ,20251123: ,2023|뮤지컬:2;2025|뮤지컬:1
00000005907,2,2,260000,20230407: ,20230408: ,2023|뮤지컬:2
00000016651,2,10,1290000,20230407: ,20250705: ,2023|뮤지컬:1;2025|뮤지컬:1
00000018180,1,1,126000,20230407: ,20230407: ,2023|뮤지컬:1
00000014234,1,2,252000,20230407: ,20230407: ,2023|뮤지컬:1
00000017681,1,1,126000,20230407: ,20230407: ,2023|뮤지컬:1
00000022429,1,3,360000,20230407: ,20230407: ,2023|뮤지컬:1
00000001826,3,12,1680000,20230407: ,20230408: ,2023|뮤지컬:3
00000018428,1,2,280000,20230407: ,20230407: ,2023|뮤지컬:1
00000005236,2,4,371000,20230407: ,20250116: ,2023|뮤지컬:1;2025|클래식:1
00000019411,1,2,252000,20230407: ,20230407: ,2023|뮤지컬:1
00000007617,2,7,534000,20230407: ,20231118: ,2023|뮤지컬:1;2023|어린이·가족:1
00000022025,1,2,252000,20230407: ,20230407: ,2023|뮤지컬:1
00000002004,1,2,252000,20230407: ,20230407: ,2023|뮤지컬:1
00000001426,1,1,126000,20230407: ,20230407: ,2023|뮤지컬:1
00000019379,6,13,1241500,20230407: ,20251123: ,2023|뮤지컬:2;2023|클래식:2;2024|뮤지컬:1;2025|뮤지컬:1
00000012184,3,5,567000,20230407: ,20250720: ,2023|뮤지컬:1;2024|뮤지컬:1;2025|발레/연극:1
00000013488,1,2,252000,20230407: ,20230407: ,2023|뮤지컬:1
00000022362,5,12,971500,20230407: ,20251128: ,2023|뮤지컬:1;2023|클래식:1;2024|발레/연극:1;2025|뮤지컬:1;2025|발레/연극:1
00000012452,1,2,252000,20230407: ,20230407: ,2023|뮤지컬:1
00000003351,7,19,2056000,20230407: ,20250720: ,2023|뮤지컬:1;2023|발레/연극:1;2024|뮤지컬:1;2025|뮤지컬:2;2025|발레/연극:2
00000020961,2,4,324000,20230407: ,20231223: ,2023|뮤지컬:1;2023|발레/연극:1
00000011990,1,2,252000,20230407: ,20230407: ,2023|뮤지컬:1
00000002744,1,2,216000,20230407: ,20230407: ,2023|뮤지컬:1
00000003044,1,2,252000,20230407: ,20230407: ,2023|뮤지컬:1
00000010516,1,2,252000,20230407: ,20230407: ,2023|뮤지컬:1
00000013237,1,2,280000,20230407: ,20230407: ,2023|뮤지컬:1
00000012094,5,10,732800,20230407: ,20250803: ,2023|뮤지컬:1;2024|뮤지컬:1;2024|발레/연극:1;2025|어린이·가족:2
00000001164,3,6,624000,20201126: ,20250904: ,2023|뮤지컬:1;2025|클래식:1;2020|클래식:1
00000001578,2,4,586000,20230407: ,20251123: ,2023|뮤지컬:1;2025|뮤지컬:1
00000009231,1,1,126000,20230407: ,20230407: ,2023|뮤지컬:1
00000011752,1,2,280000,20230407: ,20230407: ,2023|뮤지컬:1
00000002632,5,5,600500,20230407: ,20250705: ,2023|뮤지컬:1;2023|클래식:1;2024|뮤지컬:1;2025|뮤지컬:2
00000000526,1,2,252000,20230407: ,20230407: ,2023|뮤지컬:1
00000014095,2,4,307000,20230407: ,20231214: ,2023|뮤지컬:1;2023|클래식:1
00000002251,3,6,866000,20230407: ,20251123: ,2023|뮤지컬:2;2025|뮤지컬:1
00000012218,2,2,176000,20230407: ,20231220: ,2023|뮤지컬:1;2023|발레/연극:1
00000002954,2,4,352000,20230407: ,20231224: ,2023|뮤지컬:1;2023|발레/연극:1
00000010207,3,5,491200,20230407: ,20250920: ,2023|뮤지컬:1;2025|뮤지컬:1;2025|어린이·가족:1
00000021685,8,18,1433000,20230407: ,20251123: ,2023|뮤지컬:1;2023|발레/연극:2;2024|뮤지컬:1;2024|발레/연극:1;2025|뮤지컬:2;2025|발레/연극:1
00000001055,4,8,720000,20230407: ,20231216: ,2023|뮤지컬:2;2023|발레/연극:2
00000021611,1,1,126000,20230407: ,20230407: ,2023|뮤지컬:1
00000007222,2,6,812000,20230407: ,20230407: ,2023|뮤지컬:2
00000008230,2,4,540000,20230407: ,20250704: ,2023|뮤지컬:1;2025|뮤지컬:1
00000003250,1,1,126000,20230407: ,20230407: ,2023|뮤지컬:1
00000010313,1,2,252000,20230407: ,20230407: ,2023|뮤지컬:1
00000005872,2,2,270000,20230407: ,20250216: ,2023|뮤지컬:1;2025|뮤지컬:1
00000018231,5,5,728000,20230407: ,20251123: ,2023|뮤지컬:1;2024|뮤지컬:1;2025|뮤지컬:3
00000000096,1,2,252000,20230407: ,20230407: ,2023|뮤지컬:1
00000015199,1,2,252000,20230407: ,20230407: ,2023|뮤지컬:1
00000020064,8,24,2454000,20230408: ,20250720: ,2023|뮤지컬:3;2023|발레/연극:1;2024|뮤지컬:2;2025|뮤지컬:1;2025|발레/연극:1
00000010913,2,3,301500,20230408: ,20240518: ,2023|뮤지컬:1;2024|발레/연극:1
00000004956,2,8,1108000,20230408: ,20250705: ,2023|뮤지컬:1;2025|뮤지컬:1
00000009487,6,17,2267600,20230408: ,20251122: ,2023|뮤지컬:1;2024|뮤지컬:1;2024|발레/연극:1;2025|뮤지컬:3
00000001788,1,2,252000,20230408: ,20230408: ,2023|뮤지컬:1
00000001072,2,4,450000,20230408: ,20240713: ,2023|뮤지컬:1;2024|뮤지컬:1
00000001140,3,6,453600,20230408: ,20241225: ,2023|뮤지컬:1;2024|뮤지컬:1;2024|발레/연극:1
00000007251,1,2,162000,20230408: ,20230408: ,2023|뮤지컬:1
00000017437,4,10,754000,20230408: ,20250215: ,2023|뮤지컬:2;2023|발레/연극:1;2025|뮤지컬:1
00000006968,1,2,252000,20230408: ,20230408: ,2023|뮤지컬:1
00000001734,1,2,252000,20230408: ,20230408: ,2023|뮤지컬:1
00000012071,2,4,522000,20230408: ,20241123: ,2023|뮤지컬:1;2024|뮤지컬:1
00000015353,1,2,216000,20230408: ,20230408: ,2023|뮤지컬:1
00000002569,3,9,1112000,20230408: ,20250706: ,2023|뮤지컬:1;2025|뮤지컬:2
00000016429,1,1,126000,20230408: ,20230408: ,2023|뮤지컬:1
00000000231,1,2,216000,20230408: ,20230408: ,2023|뮤지컬:1
00000014995,1,2,216000,20230408: ,20230408: ,2023|뮤지컬:1
00000009332,3,6,859000,20230408: ,20250705: ,2023|뮤지컬:1;2024|뮤지컬:1;2025|뮤지컬:1
00000012805,2,4,414000,20230408: ,20250425: ,2023|뮤지컬:1;2025|발레/연극:1
00000022217,2,6,252000,20230408: ,20250517: ,2023|뮤지컬:1;2025|기타:1
00000017056,1,1,120000,20230408: ,20230408: ,2023|뮤지컬:1
00000015019,1,2,252000,20230408: ,20230408: ,2023|뮤지컬:1
00000003933,4,4,620000,20230408: ,20250705: ,2023|뮤지컬:1;2025|뮤지컬:3
00000012752,6,19,2678000,20230408: ,20251123: ,2023|뮤지컬:1;2024|뮤지컬:2;2025|뮤지컬:3
00000000769,1,1,140000,20230408: ,20230408: ,2023|뮤지컬:1
00000005924,7,7,648000,20230408: ,20250704: ,2023|뮤지컬:1;2023|발레/연극:3;2024|뮤지컬:1;2025|뮤지컬:2
00000021181,2,4,540000,20230408: ,20250704: ,2023|뮤지컬:1;2025|뮤지컬:1
00000006963,4,5,462000,20230408: ,20241225: ,2023|뮤지컬:1;2023|발레/연극:1;2024|뮤지컬:1;2024|발레/연극:1
00000005089,2,3,392000,20230408: ,20230408: ,2023|뮤지컬:2
00000012091,1,2,252000,20230408: ,20230408: ,2023|뮤지컬:1
00000003700,1,1,126000,20230408: ,20230408: ,2023|뮤지컬:1
00000022265,4,9,370800,20230408: ,20250920: ,2023|뮤지컬:1;2025|기타:1;2025|어린이·가족:2
00000003469,3,3,456000,20230408: ,20251123: ,2023|뮤지컬:1;2025|뮤지컬:2
00000014947,2,3,162000,20230408: ,20230901: ,2023|뮤지컬:1;2023|발레/연극:1
00000019499,1,2,252000,20230408: ,20230408: ,2023|뮤지컬:1
00000020658,1,3,252000,20230408: ,20230408: ,2023|뮤지컬:1
00000019684,1,1,126000,20230408: ,20230408: ,2023|뮤지컬:1
00000002059,3,5,636000,20230408: ,20250704: ,2023|뮤지컬:1;2024|뮤지컬:1;2025|뮤지컬:1
00000004408,4,6,812000,20230408: ,20241123: ,2023|뮤지컬:2;2024|뮤지컬:2
00000007749,1,2,204000,20230408: ,20230408: ,2023|뮤지컬:1
00000013431,2,4,550000,20230408: ,20241123: ,2023|뮤지컬:1;2024|뮤지컬:1
00000010148,1,3,420000,20230408: ,20230408: ,2023|뮤지컬:1
00000006376,1,2,280000,20230408: ,20230408: ,2023|뮤지컬:1
00000012910,1,2,252000,20230408: ,20230408: ,2023|뮤지컬:1
00000015024,1,2,252000,20230408: ,20230408: ,2023|뮤지컬:1
00000012182,1,2,252000,20230408: ,20230408: ,2023|뮤지컬:1
00000015961,1,4,532000,20230408: ,20230408: ,2023|뮤지컬:1
00000004588,7,16,1925500,20230408: ,20250705: ,2023|뮤지컬:1;2023|발레/연극:1;2024|발레/연극:1;2024|뮤지컬:3;2025|뮤지컬:1
00000011017,1,2,252000,20230408: ,20230408: ,2023|뮤지컬:1
00000009981,4,6,495000,20230408: ,20250720: ,2023|뮤지컬:1;2023|발레/연극:1;2024|뮤지컬:1;2025|발레/연극:1
00000021734,1,2,252000,20230408: ,20230408: ,2023|뮤지컬:1
00000009991,1,2,240000,20230408: ,20230408: ,2023|뮤지컬:1
00000015034,1,1,126000,20230408: ,20230408: ,2023|뮤지컬:1
00000014458,1,2,252000,20230408: ,20230408: ,2023|뮤지컬:1
00000010430,2,2,171000,20230408: ,20230408: ,2023|뮤지컬:2
00000020206,6,14,1114000,20230408: ,20250720: ,2023|뮤지컬:1;2024|발레/연극:1;2024|뮤지컬:1;2025|뮤지컬:1;2025|발레/연극:2
00000006023,1,2,252000,20230408: ,20230408: ,2023|뮤지컬:1
00000010019,2,10,692000,20201024: ,20230408: ,2023|뮤지컬:1;2020|뮤지컬:1
00000011794,1,2,252000,20230408: ,20230408: ,2023|뮤지컬:1
00000010496,1,2,252000,20230408: ,20230408: ,2023|뮤지컬:1
00000021119,1,2,252000,20230408: ,20230408: ,2023|뮤지컬:1
00000010066,1,2,252000,20230408: ,20230408: ,2023|뮤지컬:1
00000010829,2,3,432000,20230408: ,20251122: ,2023|뮤지컬:1;2025|뮤지컬:1
00000018543,1,2,280000,20230408: ,20230408: ,2023|뮤지컬:1
00000000509,1,2,216000,20230408: ,20230408: ,2023|뮤지컬:1
00000015724,1,2,252000,20230408: ,20230408: ,2023|뮤지컬:1
00000013918,1,1,140000,20230408: ,20230408: ,2023|뮤지컬:1
00000000510,1,2,252000,20230408: ,20230408: ,2023|뮤지컬:1
00000018423,2,14,1082000,20230408: ,20231214: ,2023|뮤지컬:1;2023|클래식:1
00000012351,5,5,632000,20230408: ,20250706: ,2023|뮤지컬:1;2024|뮤지컬:1;2025|뮤지컬:3
00000020299,1,2,252000,20230408: ,20230408: ,2023|뮤지컬:1
00000008333,5,12,896000,20230408: ,20250802: ,2023|뮤지컬:1;2024|어린이·가족:1;2024|뮤지컬:1;2024|발레/연극:1;2025|어린이·가족:1
00000022330,1,2,252000,20230408: ,20230408: ,2023|뮤지컬:1
00000005310,1,3,392000,20230408: ,20230408: ,2023|뮤지컬:1
00000022580,4,8,844000,20230408: ,20250706: ,2023|뮤지컬:1;2025|뮤지컬:2;2025|기타:1
00000007971,1,3,420000,20230408: ,20230408: ,2023|뮤지컬:1
00000003992,5,10,1188000,20230408: ,20251122: ,2023|뮤지컬:1;2024|뮤지컬:1;2025|뮤지컬:2;2025|발레/연극:1
00000007103,6,7,481500,20230408: ,20250705: ,2023|뮤지컬:1;2023|클래식:1;2025|클래식:3;2025|뮤지컬:1
00000003683,1,2,238000,20230408: ,20230408: ,2023|뮤지컬:1
00000018947,2,4,540000,20230408: ,20240713: ,2023|뮤지컬:1;2024|뮤지컬:1
00000008046,1,2,252000,20230408: ,20230408: ,2023|뮤지컬:1
00000017856,1,2,252000,20230408: ,20230408: ,2023|뮤지컬:1
00000007909,1,1,140000,20230408: ,20230408: ,2023|뮤지컬:1
00000008962,2,4,540000,20230408: ,20250706: ,2023|뮤지컬:1;2025|뮤지컬:1
00000009776,1,6,720000,20230408: ,20230408: ,2023|뮤지컬:1
00000000635,1,3,364000,20230408: ,20230408: ,2023|뮤지컬:1
00000011437,1,2,252000,20230408: ,20230408: ,2023|뮤지컬:1
00000012198,4,6,880000,20230408: ,20251123: ,2023|뮤지컬:1;2025|뮤지컬:3
00000021975,2,6,828000,20230408: ,20250216: ,2023|뮤지컬:1;2025|뮤지컬:1
00000013011,2,2,153000,20230408: ,20230610: ,2023|뮤지컬:1;2023|발레/연극:1
00000003160,3,3,387000,20230408: ,20250706: ,2023|뮤지컬:1;2024|뮤지컬:1;2025|뮤지컬:1
00000015668,1,2,252000,20230408: ,20230408: ,2023|뮤지컬:1
00000019331,2,6,640000,20230408: ,20230610: ,2023|뮤지컬:1;2023|발레/연극:1
00000006814,15,30,1288200,20230408: ,20251115: ,2023|뮤지컬:2;2023|클래식:2;2023|발레/연극:1;2023|어린이·가족:2;2024|어린이·가족:1;2024|클래식:1;2024|뮤지컬:2;2024|발레/연극:1;2025|뮤지컬:1;2025|클래식:2
00000020071,1,2,216000,20230408: ,20230408: ,2023|뮤지컬:1
00000018662,1,1,140000,20230408: ,20230408: ,2023|뮤지컬:1
00000021212,3,6,522000,20230408: ,20250215: ,2023|뮤지컬:1;2024|뮤지컬:1;2025|뮤지컬:1
00000016622,2,4,600000,20230408: ,20250215: ,2023|뮤지컬:1;2025|뮤지컬:1
00000007521,1,2,252000,20230408: ,20230408: ,2023|뮤지컬:1
00000015330,3,5,306000,20230408: ,20251129: ,2023|뮤지컬:1;2024|클래식:1;2025|발레/연극:1
00000020239,1,2,252000,20230408: ,20230408: ,2023|뮤지컬:1
00000011011,1,2,252000,20230408: ,20230408: ,2023|뮤지컬:1
00000017868,4,9,796000,20230408: ,20251123: ,2023|뮤지컬:2;2025|발레/연극:1;2025|뮤지컬:1
00000004647,1,2,252000,20230408: ,20230408: ,2023|뮤지컬:1
00000012968,5,10,1224000,20230408: ,20251123: ,2023|뮤지컬:1;2023|발레/연극:1;2024|뮤지컬:1;2025|뮤지컬:2
00000013033,1,1,140000,20230408: ,20230408: ,2023|뮤지컬:1
00000004332,1,2,280000,20230408: ,20230408: ,2023|뮤지컬:1
00000022528,1,1,126000,20230408: ,20230408: ,2023|뮤지컬:1
00000013211,9,19,1192000,20230408: ,20250704: ,2023|뮤지컬:1;2023|발레/연극:3;2023|클래식:1;2024|뮤지컬:2;2024|발레/연극:1;2025|뮤지컬:1
00000009591,2,7,996000,20230408: ,20240714: ,2023|뮤지컬:1;2024|뮤지컬:1
00000002540,1,3,336000,20230408: ,20230408: ,2023|뮤지컬:1
00000015910,1,2,252000,20230408: ,20230408: ,2023|뮤지컬:1
00000016103,2,4,288000,20230408: ,20231224: ,2023|뮤지컬:1;2023|발레/연극:1
00000022447,6,11,430000,20230408: ,20251115: ,2023|뮤지컬:1;2024|클래식:2;2025|클래식:3
00000016241,2,4,357000,20230408: ,20230519: ,2023|뮤지컬:1;2023|클래식:1
00000002129,2,3,364000,20230408: ,20230408: ,2023|뮤지컬:2
00000013365,5,6,328000,20230408: ,20241113: ,2023|뮤지컬:1;2024|발레/연극:1;2024|기타:1;2024|뮤지컬:2
00000020759,3,9,545000,20230408: ,20230902: ,2023|뮤지컬:1;2023|클래식:1;2023|발레/연극:1
00000015824,1,2,252000,20230408: ,20230408: ,2023|뮤지컬:1
00000018912,5,11,1090000,20230408: ,20250719: ,2023|뮤지컬:1;2025|뮤지컬:3;2025|발레/연극:1
00000010960,2,4,252000,20230408: ,20231020: ,2023|뮤지컬:1;2023|클래식:1
00000014614,1,2,252000,20230408: ,20230408: ,2023|뮤지컬:1
00000007887,1,2,252000,20230408: ,20230408: ,2023|뮤지컬:1
00000018629,2,4,540000,20230408: ,20240713: ,2023|뮤지컬:1;2024|뮤지컬:1
00000021777,2,3,320000,20230408: ,20230609: ,2023|뮤지컬:1;2023|발레/연극:1
00000006714,2,5,294000,20230408: ,20250517: ,2023|뮤지컬:1;2025|어린이·가족:1
00000004601,1,2,252000,20230408: ,20230408: ,2023|뮤지컬:1
00000022581,3,6,558000,20230408: ,20250720: ,2023|뮤지컬:1;2025|뮤지컬:1;2025|발레/연극:1
00000003267,2,3,252000,20230408: ,20230610: ,2023|뮤지컬:1;2023|발레/연극:1
00000007299,1,4,456000,20230408: ,20230408: ,2023|뮤지컬:1
00000010449,1,2,252000,20230408: ,20230408: ,2023|뮤지컬:1
00000002793,1,2,252000,20230408: ,20230408: ,2023|뮤지컬:1
00000014736,1,3,252000,20230408: ,20230408: ,2023|뮤지컬:1
00000016183,1,2,216000,20230408: ,20230408: ,2023|뮤지컬:1
00000000531,9,14,881500,20230408: ,20250720: ,2023|뮤지컬:2;2024|발레/연극:3;2024|클래식:1;2024|뮤지컬:2;2025|발레/연극:1
00000018406,1,1,126000,20230408: ,20230408: ,2023|뮤지컬:1
00000014299,3,13,1776000,20230408: ,20250705: ,2023|뮤지컬:1;2025|뮤지컬:2
00000000286,1,3,392000,20230408: ,20230408: ,2023|뮤지컬:1
00000004191,5,8,528500,20230408: ,20251115: ,2023|뮤지컬:1;2023|발레/연극:1;2023|클래식:2;2025|클래식:1
00000020259,1,2,252000,20230408: ,20230408: ,2023|뮤지컬:1
00000005862,8,16,1645000,20201225: ,20251123: ,2023|뮤지컬:1;2024|뮤지컬:1;2025|뮤지컬:2;2025|클래식:1;2025|발레/연극:1;2020|클래식:2
00000014559,5,10,704500,20230408: ,20240713: ,2023|뮤지컬:2;2023|발레/연극:1;2023|클래식:1;2024|뮤지컬:1
00000012849,3,4,378000,20230408: ,20240119: ,2023|뮤지컬:2;2024|클래식:1
00000009275,16,47,3037100,20230408: ,20251122: ,2023|뮤지컬:2;2023|어린이·가족:1;2023|클래식:1;2024|클래식:2;2024|뮤지컬:1;2024|발레/연극:1;2025|뮤지컬:3;2025|클래식:3;2025|어린이·가족:2
00000017426,3,3,380000,20230408: ,20250216: ,2023|뮤지컬:1;2023|발레/연극:1;2025|뮤지컬:1
00000009939,1,2,252000,20230408: ,20230408: ,2023|뮤지컬:1
00000010662,1,2,280000,20230408: ,20230408: ,2023|뮤지컬:1
00000009139,1,3,336000,20230408: ,20230408: ,2023|뮤지컬:1
00000010015,1,2,216000,20230408: ,20230408: ,2023|뮤지컬:1
00000021560,1,3,420000,20230408: ,20230408: ,2023|뮤지컬:1
00000006987,1,2,162000,20230408: ,20230408: ,2023|뮤지컬:1
00000007409,1,2,252000,20230408: ,20230408: ,2023|뮤지컬:1
00000018208,6,14,1574000,20230408: ,20250215: ,2023|뮤지컬:1;2023|클래식:1;2024|발레/연극:1;2024|뮤지컬:2;2025|뮤지컬:1
00000018871,1,2,252000,20230408: ,20230408: ,2023|뮤지컬:1
00000011385,1,2,252000,20230408: ,20230408: ,2023|뮤지컬:1
00000021474,1,2,162000,20230408: ,20230408: ,2023|뮤지컬:1
00000000161,1,1,81000,20230408: ,20230408: ,2023|뮤지컬:1
00000016519,2,4,558000,20230408: ,20251123: ,2023|뮤지컬:1;2025|뮤지컬:1
00000002450,1,2,280000,20230408: ,20230408: ,2023|뮤지컬:1
00000001105,1,2,162000,20230408: ,20230408: ,2023|뮤지컬:1
00000008106,2,3,378000,20230408: ,20230408: ,2023|뮤지컬:2
00000016665,1,2,216000,20230408: ,20230408: ,2023|뮤지컬:1
00000001194,1,2,252000,20230408: ,20230408: ,2023|뮤지컬:1
00000020364,1,2,252000,20230408: ,20230408: ,2023|뮤지컬:1
00000016434,3,3,253000,20230408: ,20251026: ,2023|뮤지컬:1;2024|뮤지컬:1;2025|클래식:1
00000019725,2,4,360000,20230408: ,20231216: ,2023|뮤지컬:1;2023|발레/연극:1
00000020970,3,8,1008000,20230408: ,20240713: ,2023|뮤지컬:1;2023|발레/연극:1;2024|뮤지컬:1
00000014165,3,7,573000,20230408: ,20230519: ,2023|뮤지컬:2;2023|클래식:1
00000000053,2,3,378000,20230408: ,20230408: ,2023|뮤지컬:2
00000005893,1,2,280000,20230408: ,20230408: ,2023|뮤지컬:1
00000017134,4,5,512000,20230408: ,20251123: ,2023|뮤지컬:1;2023|발레/연극:1;2025|뮤지컬:2
00000004008,2,3,180000,20230408: ,20230902: ,2023|뮤지컬:1;2023|발레/연극:1
00000005564,1,2,252000,20230408: ,20230408: ,2023|뮤지컬:1
00000006980,1,2,252000,20230408: ,20230408: ,2023|뮤지컬:1
00000015044,1,2,216000,20230408: ,20230408: ,2023|뮤지컬:1
00000015451,1,2,280000,20230408: ,20230408: ,2023|뮤지컬:1
00000011560,3,5,319000,20230408: ,20230826: ,2023|뮤지컬:2;2023|클래식:1
00000012377,1,3,392000,20230408: ,20230408: ,2023|뮤지컬:1
00000010684,1,1,112000,20230408: ,20230408: ,2023|뮤지컬:1
00000014272,1,2,216000,20230408: ,20230408: ,2023|뮤지컬:1
00000007715,1,2,252000,20230408: ,20230408: ,2023|뮤지컬:1
00000007152,1,2,252000,20230408: ,20230408: ,2023|뮤지컬:1
00000018378,3,8,947000,20230408: ,20250116: ,2023|뮤지컬:1;2024|뮤지컬:1;2025|클래식:1
00000021378,2,4,490000,20230408: ,20230408: ,2023|뮤지컬:2
00000015821,1,2,216000,20230408: ,20230408: ,2023|뮤지컬:1
00000012614,1,3,336000,20230408: ,20230408: ,2023|뮤지컬:1
00000007810,1,2,252000,20230408: ,20230408: ,2023|뮤지컬:1
00000019975,1,2,280000,20230408: ,20230408: ,2023|뮤지컬:1
00000021904,3,8,1124000,20230408: ,20251123: ,2023|뮤지컬:1;2025|뮤지컬:2
00000017391,1,1,108000,20230408: ,20230408: ,2023|뮤지컬:1
00000006971,1,1,108000,20230408: ,20230408: ,2023|뮤지컬:1
00000009634,1,2,252000,20230408: ,20230408: ,2023|뮤지컬:1
00000005881,1,2,252000,20230408: ,20230408: ,2023|뮤지컬:1
00000001179,3,7,650000,20230408: ,20250705: ,2023|뮤지컬:1;2024|발레/연극:1;2025|뮤지컬:1
00000017427,3,6,860000,20230408: ,20240713: ,2023|뮤지컬:1;2024|뮤지컬:2
00000021809,3,5,488500,20230408: ,20240518: ,2023|뮤지컬:2;2024|발레/연극:1
00000004066,1,2,216000,20230408: ,20230408: ,2023|뮤지컬:1
00000005264,1,2,252000,20230408: ,20230408: ,2023|뮤지컬:1
00000011766,2,4,432000,20230408: ,20230610: ,2023|뮤지컬:1;2023|발레/연극:1
00000007061,1,2,252000,20230408: ,20230408: ,2023|뮤지컬:1
00000022292,1,2,240000,20230408: ,20230408: ,2023|뮤지컬:1
00000015393,1,2,240000,20230408: ,20230408: ,2023|뮤지컬:1
00000003856,1,2,162000,20230408: ,20230408: ,2023|뮤지컬:1
00000017575,1,2,252000,20230408: ,20230408: ,2023|뮤지컬:1
00000016382,1,2,252000,20230408: ,20230408: ,2023|뮤지컬:1
00000016018,1,3,420000,20230408: ,20230408: ,2023|뮤지컬:1
00000003670,1,2,252000,20230408: ,20230408: ,2023|뮤지컬:1
00000006858,2,4,528000,20230408: ,20250214: ,2023|뮤지컬:1;2025|뮤지컬:1
00000010554,5,11,627500,20230408: ,20250116: ,2023|뮤지컬:1;2023|클래식:1;2024|클래식:1;2024|발레/연극:1;2025|클래식:1
00000009325,1,3,392000,20230408: ,20230408: ,2023|뮤지컬:1
00000013753,2,2,280000,20230408: ,20230408: ,2023|뮤지컬:2
00000021333,3,8,637000,20230408: ,20230826: ,2023|뮤지컬:1;2023|발레/연극:1;2023|클래식:1
00000020052,2,4,414000,20230408: ,20250214: ,2023|뮤지컬:1;2025|뮤지컬:1
00000006591,1,2,280000,20230408: ,20230408: ,2023|뮤지컬:1
00000010718,1,2,252000,20230408: ,20230408: ,2023|뮤지컬:1
00000019810,1,2,252000,20230408: ,20230408: ,2023|뮤지컬:1
00000022199,1,2,252000,20230408: ,20230408: ,2023|뮤지컬:1
00000009678,1,1,126000,20230408: ,20230408: ,2023|뮤지컬:1
00000004224,1,2,252000,20230408: ,20230408: ,2023|뮤지컬:1
00000017892,1,2,252000,20230408: ,20230408: ,2023|뮤지컬:1
00000018007,1,2,252000,20230408: ,20230408: ,2023|뮤지컬:1
00000018380,1,2,252000,20230408: ,20230408: ,2023|뮤지컬:1
00000001311,1,2,216000,20230408: ,20230408: ,2023|뮤지컬:1
00000011167,1,1,126000,20230408: ,20230408: ,2023|뮤지컬:1
00000021139,4,8,674000,20230408: ,20250705: ,2023|뮤지컬:1;2023|클래식:1;2024|클래식:1;2025|뮤지컬:1
00000005632,1,4,532000,20230408: ,20230408: ,2023|뮤지컬:1
00000016170,2,6,396000,20230408: ,20241214: ,2023|뮤지컬:1;2024|발레/연극:1
00000004003,2,8,652400,20230408: ,20241225: ,2023|뮤지컬:1;2024|발레/연극:1
00000014211,2,4,572000,20230408: ,20250705: ,2023|뮤지컬:1;2025|뮤지컬:1
00000015032,1,1,126000,20230408: ,20230408: ,2023|뮤지컬:1
00000022017,1,2,252000,20230408: ,20230408: ,2023|뮤지컬:1
00000004350,4,8,711000,20230408: ,20250215: ,2023|뮤지컬:1;2023|발레/연극:1;2024|발레/연극:1;2025|뮤지컬:1
00000011039,7,22,1753000,20230408: ,20250720: ,2023|뮤지컬:1;2023|발레/연극:1;2023|클래식:1;2024|발레/연극:1;2024|뮤지컬:1;2025|뮤지컬:1;2025|발레/연극:1
00000013659,4,6,810000,20230408: ,20251123: ,2023|뮤지컬:2;2025|뮤지컬:2
00000019035,1,3,392000,20230408: ,20230408: ,2023|뮤지컬:1
00000011263,7,16,1887200,20230408: ,20251123: ,2023|뮤지컬:1;2024|뮤지컬:1;2025|뮤지컬:3;2025|어린이·가족:2
00000011864,1,2,280000,20230408: ,20230408: ,2023|뮤지컬:1
00000002451,1,2,252000,20230408: ,20230408: ,2023|뮤지컬:1
00000008838,4,9,1278000,20230408: ,20250706: ,2023|뮤지컬:1;2024|뮤지컬:1;2025|뮤지컬:2
00000010318,2,7,692000,20230408: ,20230609: ,2023|뮤지컬:1;2023|발레/연극:1
00000000337,1,2,252000,20230408: ,20230408: ,2023|뮤지컬:1
00000008121,1,2,252000,20230408: ,20230408: ,2023|뮤지컬:1
00000003185,3,7,442000,20201024: ,20240912: ,2023|뮤지컬:1;2024|어린이·가족:1;2020|뮤지컬:1
00000018949,2,4,294000,20230408: ,20250720: ,2023|뮤지컬:1;2025|발레/연극:1
00000021883,6,12,1680000,20230408: ,20250425: ,2023|뮤지컬:2;2024|뮤지컬:1;2025|뮤지컬:2;2025|발레/연극:1
00000021073,2,3,336000,20230408: ,20230408: ,2023|뮤지컬:2
00000007339,1,2,252000,20230408: ,20230408: ,2023|뮤지컬:1
00000006925,1,4,532000,20230408: ,20230408: ,2023|뮤지컬:1
00000013552,4,8,571500,20230408: ,20250116: ,2023|뮤지컬:2;2024|발레/연극:1;2025|클래식:1
00000008901,1,1,126000,20230408: ,20230408: ,2023|뮤지컬:1
00000019839,1,2,162000,20230408: ,20230408: ,2023|뮤지컬:1
00000012173,8,20,764000,20230408: ,20250327: ,2023|뮤지컬:1;2024|클래식:4;2025|뮤지컬:1;2025|클래식:2
00000006257,2,4,600000,20230408: ,20250215: ,2023|뮤지컬:1;2025|뮤지컬:1
00000000950,3,14,804000,20230408: ,20250720: ,2023|뮤지컬:1;2023|발레/연극:1;2025|발레/연극:1
00000008265,1,2,280000,20230408: ,20230408: ,2023|뮤지컬:1
00000015902,1,2,252000,20230408: ,20230408: ,2023|뮤지컬:1
00000008525,1,2,252000,20230408: ,20230408: ,2023|뮤지컬:1
00000016753,2,3,424000,20230408: ,20250705: ,2023|뮤지컬:1;2025|뮤지컬:1
00000011980,1,2,252000,20230408: ,20230408: ,2023|뮤지컬:1
00000021030,2,2,133500,20230408: ,20231214: ,2023|뮤지컬:1;2023|클래식:1
00000005466,1,2,252000,20230408: ,20230408: ,2023|뮤지컬:1
00000011417,3,5,486000,20230408: ,20251129: ,2023|뮤지컬:1;2025|뮤지컬:1;2025|발레/연극:1
00000001241,1,3,392000,20230408: ,20230408: ,2023|뮤지컬:1
00000015105,1,2,224000,20230408: ,20230408: ,2023|뮤지컬:1
00000002289,1,2,162000,20230408: ,20230408: ,2023|뮤지컬:1
00000007307,1,2,252000,20230408: ,20230408: ,2023|뮤지컬:1
00000002151,5,12,924000,20230408: ,20241123: ,2023|뮤지컬:1;2023|발레/연극:1;2024|클래식:1;2024|어린이·가족:1;2024|뮤지컬:1
00000007056,1,2,252000,20230408: ,20230408: ,2023|뮤지컬:1
00000004138,1,3,392000,20230408: ,20230408: ,2023|뮤지컬:1
00000011272,1,2,252000,20230408: ,20230408: ,2023|뮤지컬:1
00000002416,2,4,586000,20230408: ,20251122: ,2023|뮤지컬:1;2025|뮤지컬:1
00000002316,3,6,658000,20230408: ,20250704: ,2023|뮤지컬:1;2025|뮤지컬:2
00000002212,1,2,216000,20230408: ,20230408: ,2023|뮤지컬:1
00000018573,4,12,822000,20230408: ,20250517: ,2023|뮤지컬:1;2024|어린이·가족:1;2024|발레/연극:1;2025|어린이·가족:1
00000013501,1,4,532000,20230408: ,20230408: ,2023|뮤지컬:1
00000014965,3,8,858000,20230408: ,20250705: ,2023|뮤지컬:1;2025|뮤지컬:2
00000017765,1,1,108000,20230408: ,20230408: ,2023|뮤지컬:1
00000002658,1,2,252000,20230408: ,20230408: ,2023|뮤지컬:1
00000008888,1,2,216000,20230408: ,20230408: ,2023|뮤지컬:1
00000022183,1,2,252000,20230408: ,20230408: ,2023|뮤지컬:1
00000012370,1,1,126000,20230408: ,20230408: ,2023|뮤지컬:1
00000015869,1,2,252000,20230408: ,20230408: ,2023|뮤지컬:1
00000011506,2,4,540000,20230408: ,20240713: ,2023|뮤지컬:1;2024|뮤지컬:1
00000010492,12,14,1502000,20230408: ,20251123: ,2023|뮤지컬:1;2024|발레/연극:2;2024|뮤지컬:6;2025|뮤지컬:2;2025|발레/연극:1
00000015780,1,1,126000,20230408: ,20230408: ,2023|뮤지컬:1
00000012789,4,8,441000,20221016: ,20231216: ,2023|뮤지컬:1;2023|클래식:1;2023|발레/연극:1;2022|클래식:1
00000002492,1,2,252000,20230408: ,20230408: ,2023|뮤지컬:1
00000009048,1,5,644000,20230408: ,20230408: ,2023|뮤지컬:1
00000021365,2,6,880000,20230408: ,20250704: ,2023|뮤지컬:1;2025|뮤지컬:1
00000006580,1,2,252000,20230408: ,20230408: ,2023|뮤지컬:1
00000000838,1,2,252000,20230408: ,20230408: ,2023|뮤지컬:1
00000016937,1,4,532000,20230409: ,20230409: ,2023|뮤지컬:1
00000003372,2,6,495000,20230409: ,20230826: ,2023|뮤지컬:1;2023|클래식:1
00000017612,1,3,392000,20230409: ,20230409: ,2023|뮤지컬:1
00000020070,2,6,670000,20230409: ,20240519: ,2023|뮤지컬:1;2024|발레/연극:1
00000004145,1,2,252000,20230409: ,20230409: ,2023|뮤지컬:1
00000017286,1,2,280000,20230409: ,20230409: ,2023|뮤지컬:1
00000013116,1,2,252000,20230409: ,20230409: ,2023|뮤지컬:1
00000014969,1,2,252000,20230409: ,20230409: ,2023|뮤지컬:1
00000010781,1,2,252000,20230409: ,20230409: ,2023|뮤지컬:1
00000000341,2,2,216000,20230409: ,20230610: ,2023|뮤지컬:1;2023|발레/연극:1
00000019606,2,4,414000,20230409: ,20251123: ,2023|뮤지컬:1;2025|뮤지컬:1
00000000633,1,2,216000,20230409: ,20230409: ,2023|뮤지컬:1
00000020995,1,2,252000,20230409: ,20230409: ,2023|뮤지컬:1
00000011455,1,2,252000,20230409: ,20230409: ,2023|뮤지컬:1
00000005540,6,12,742000,20230409: ,20251115: ,2023|뮤지컬:1;2023|클래식:2;2024|뮤지컬:1;2024|클래식:1;2025|클래식:1
00000015273,2,4,342000,20230409: ,20230609: ,2023|뮤지컬:1;2023|발레/연극:1
00000014242,1,1,126000,20230409: ,20230409: ,2023|뮤지컬:1
00000012322,2,4,478000,20230409: ,20250704: ,2023|뮤지컬:1;2025|뮤지컬:1
00000004549,4,7,427500,20230409: ,20231223: ,2023|뮤지컬:1;2023|클래식:2;2023|발레/연극:1
00000017640,1,4,546000,20230409: ,20230409: ,2023|뮤지컬:1
00000007041,1,2,252000,20230409: ,20230409: ,2023|뮤지컬:1
00000015501,1,3,252000,20230409: ,20230409: ,2023|뮤지컬:1
00000010385,1,4,532000,20230409: ,20230409: ,2023|뮤지컬:1
00000012654,2,4,279000,20230409: ,20230921: ,2023|뮤지컬:1;2023|클래식:1
00000015268,2,5,644000,20230409: ,20250706: ,2023|뮤지컬:1;2025|뮤지컬:1
00000009198,1,2,252000,20230409: ,20230409: ,2023|뮤지컬:1
00000009449,1,2,252000,20230409: ,20230409: ,2023|뮤지컬:1
00000013140,1,2,280000,20230409: ,20230409: ,2023|뮤지컬:1
00000009004,1,2,240000,20230409: ,20230409: ,2023|뮤지컬:1
00000013312,1,3,392000,20230409: ,20230409: ,2023|뮤지컬:1
00000012207,8,10,556500,20230409: ,20251115: ,2023|뮤지컬:2;2023|발레/연극:2;2023|클래식:2;2024|클래식:1;2025|클래식:1
00000015771,1,1,126000,20230409: ,20230409: ,2023|뮤지컬:1
00000002464,1,2,252000,20230409: ,20230409: ,2023|뮤지컬:1
00000001048,1,1,126000,20230409: ,20230409: ,2023|뮤지컬:1
00000000488,1,1,140000,20230409: ,20230409: ,2023|뮤지컬:1
00000008639,1,2,252000,20230409: ,20230409: ,2023|뮤지컬:1
00000018732,1,2,280000,20230409: ,20230409: ,2023|뮤지컬:1
00000000895,1,2,252000,20230409: ,20230409: ,2023|뮤지컬:1
00000008451,1,2,216000,20230409: ,20230409: ,2023|뮤지컬:1
00000006941,1,3,420000,20230409: ,20230409: ,2023|뮤지컬:1
00000002787,2,2,252000,20230409: ,20230409: ,2023|뮤지컬:2
00000002044,1,2,252000,20230409: ,20230409: ,2023|뮤지컬:1
00000000759,1,2,280000,20230409: ,20230409: ,2023|뮤지컬:1
00000012624,15,25,1642500,20230409: ,20251204: ,2023|뮤지컬:1;2023|발레/연극:1;2024|클래식:2;2025|클래식:3;2025|발레/연극:2;2025|어린이·가족:2;2025|뮤지컬:4
00000003885,1,2,252000,20230409: ,20230409: ,2023|뮤지컬:1
00000002197,1,2,280000,20230409: ,20230409: ,2023|뮤지컬:1
00000011969,1,2,216000,20230409: ,20230409: ,2023|뮤지컬:1
00000015263,2,5,732000,20230409: ,20250705: ,2023|뮤지컬:1;2025|뮤지컬:1
00000005923,1,2,252000,20230409: ,20230409: ,2023|뮤지컬:1
00000018073,3,4,620000,20230409: ,20251123: ,2023|뮤지컬:1;2025|뮤지컬:2
00000012462,1,2,238000,20230409: ,20230409: ,2023|뮤지컬:1
00000005903,2,2,252000,20230409: ,20250706: ,2023|뮤지컬:1;2025|뮤지컬:1
00000004421,5,8,962000,20230409: ,20250215: ,2023|뮤지컬:1;2024|뮤지컬:1;2025|뮤지컬:3
00000009853,1,1,126000,20230409: ,20230409: ,2023|뮤지컬:1
00000022363,6,12,1274600,20230409: ,20241224: ,2023|뮤지컬:1;2023|발레/연극:1;2024|어린이·가족:1;2024|뮤지컬:2;2024|발레/연극:1
00000013853,1,1,126000,20230409: ,20230409: ,2023|뮤지컬:1
00000007593,2,3,279000,20230409: ,20230901: ,2023|뮤지컬:1;2023|발레/연극:1
00000015221,2,6,414400,20230409: ,20250802: ,2023|뮤지컬:1;2025|어린이·가족:1
00000002152,1,1,126000,20230409: ,20230409: ,2023|뮤지컬:1
00000005362,8,18,1492400,20201024: ,20251123: ,2023|뮤지컬:1;2024|뮤지컬:2;2024|클래식:1;2025|발레/연극:1;2025|어린이·가족:1;2025|뮤지컬:1;2020|뮤지컬:1
00000005278,1,2,162000,20230409: ,20230409: ,2023|뮤지컬:1
00000009556,3,5,550000,20230409: ,20231224: ,2023|뮤지컬:1;2023|발레/연극:1;2023|클래식:1
00000009120,3,11,1170800,20230409: ,20250920: ,2023|뮤지컬:1;2025|뮤지컬:1;2025|어린이·가족:1
00000003735,1,2,252000,20230409: ,20230409: ,2023|뮤지컬:1
00000010322,2,8,724000,20230409: ,20230429: ,2023|뮤지컬:2
00000020917,1,4,560000,20230409: ,20230409: ,2023|뮤지컬:1
00000004088,1,1,140000,20230409: ,20230409: ,2023|뮤지컬:1
00000014604,1,2,216000,20230409: ,20230409: ,2023|뮤지컬:1
00000017625,10,21,1241000,20230409: ,20240714: ,2023|뮤지컬:2;2023|어린이·가족:3;2023|클래식:3;2024|어린이·가족:1;2024|뮤지컬:1
00000010515,1,2,216000,20230409: ,20230409: ,2023|뮤지컬:1
00000019852,1,2,216000,20230409: ,20230409: ,2023|뮤지컬:1
00000007817,3,4,592000,20230409: ,20251123: ,2023|뮤지컬:1;2025|뮤지컬:2
00000000704,1,2,252000,20230409: ,20230409: ,2023|뮤지컬:1
00000013750,1,2,162000,20230409: ,20230409: ,2023|뮤지컬:1
00000000519,1,2,252000,20230409: ,20230409: ,2023|뮤지컬:1
00000006209,1,2,252000,20230409: ,20230409: ,2023|뮤지컬:1
00000007403,2,4,580000,20230409: ,20241123: ,2023|뮤지컬:1;2024|뮤지컬:1
00000001078,3,12,1258000,20230409: ,20251204: ,2023|뮤지컬:1;2024|뮤지컬:1;2025|클래식:1
00000002553,2,6,588000,20230409: ,20240824: ,2023|뮤지컬:1;2024|클래식:1
00000018963,1,3,420000,20230409: ,20230409: ,2023|뮤지컬:1
00000012703,1,2,171000,20230409: ,20230409: ,2023|뮤지컬:1
00000000968,1,2,252000,20230409: ,20230409: ,2023|뮤지컬:1
00000012279,3,7,804000,20230409: ,20251122: ,2023|뮤지컬:1;2024|뮤지컬:1;2025|뮤지컬:1
00000006771,2,7,309000,20230409: ,20230622: ,2023|뮤지컬:1;2023|클래식:1
00000017678,1,2,252000,20230409: ,20230409: ,2023|뮤지컬:1
00000017714,1,1,81000,20230409: ,20230409: ,2023|뮤지컬:1
00000005971,3,3,256500,20230409: ,20240713: ,2023|뮤지컬:1;2024|발레/연극:1;2024|뮤지컬:1
00000002007,1,2,252000,20230409: ,20230409: ,2023|뮤지컬:1
00000010815,1,2,252000,20230409: ,20230409: ,2023|뮤지컬:1
00000010666,1,2,252000,20230409: ,20230409: ,2023|뮤지컬:1
00000003500,1,2,252000,20230409: ,20230409: ,2023|뮤지컬:1
00000016771,1,1,112000,20230409: ,20230409: ,2023|뮤지컬:1
00000019358,1,2,162000,20230409: ,20230409: ,2023|뮤지컬:1
00000015577,3,7,459200,20230409: ,20250802: ,2023|뮤지컬:1;2025|어린이·가족:2
00000011961,1,2,252000,20230409: ,20230409: ,2023|뮤지컬:1
00000011814,3,5,342000,20230409: ,20251129: ,2023|뮤지컬:1;2023|발레/연극:1;2025|발레/연극:1
00000007913,2,4,368000,20230409: ,20240518: ,2023|뮤지컬:1;2024|발레/연극:1
00000012413,1,2,252000,20230409: ,20230409: ,2023|뮤지컬:1
00000007420,2,4,572000,20230409: ,20250214: ,2023|뮤지컬:1;2025|뮤지컬:1
00000005245,1,2,180000,20230409: ,20230409: ,2023|뮤지컬:1
00000003205,3,6,636000,20230409: ,20240713: ,2023|뮤지컬:1;2023|어린이·가족:1;2024|뮤지컬:1
00000004539,4,9,672000,20230409: ,20240713: ,2023|뮤지컬:2;2023|어린이·가족:1;2024|뮤지컬:1
00000016727,2,2,216000,20230409: ,20230610: ,2023|뮤지컬:1;2023|발레/연극:1
00000007346,3,9,1065000,20230409: ,20250705: ,2023|뮤지컬:1;2024|발레/연극:1;2025|뮤지컬:1
00000003851,1,1,140000,20230409: ,20230409: ,2023|뮤지컬:1
00000019817,1,2,240000,20230409: ,20230409: ,2023|뮤지컬:1
00000013203,1,2,252000,20230409: ,20230409: ,2023|뮤지컬:1
00000003870,1,3,252000,20230409: ,20230409: ,2023|뮤지컬:1
00000016122,3,6,828000,20230409: ,20240714: ,2023|뮤지컬:1;2024|뮤지컬:2
00000019304,4,12,1512000,20230409: ,20241123: ,2023|뮤지컬:1;2024|뮤지컬:3
00000015356,1,2,252000,20230409: ,20230409: ,2023|뮤지컬:1
00000000963,3,8,504000,20230409: ,20250706: ,2023|뮤지컬:1;2025|기타:1;2025|뮤지컬:1
00000003153,1,2,252000,20230409: ,20230409: ,2023|뮤지컬:1
00000007766,1,2,252000,20230409: ,20230409: ,2023|뮤지컬:1
00000013478,1,2,252000,20230409: ,20230409: ,2023|뮤지컬:1
00000007888,1,3,420000,20230409: ,20230409: ,2023|뮤지컬:1
00000011054,4,10,780000,20230409: ,20231224: ,2023|뮤지컬:2;2023|발레/연극:2
00000021098,1,3,392000,20230409: ,20230409: ,2023|뮤지컬:1
00000001753,2,6,457800,20230409: ,20250802: ,2023|뮤지컬:1;2025|어린이·가족:1
00000013774,3,6,448000,20230409: ,20240511: ,2023|뮤지컬:1;2023|클래식:1;2024|어린이·가족:1
00000014948,2,7,476000,20230409: ,20250720: ,2023|뮤지컬:1;2025|발레/연극:1
00000004445,2,4,324000,20230409: ,20231223: ,2023|뮤지컬:1;2023|발레/연극:1
00000000757,1,2,252000,20230409: ,20230409: ,2023|뮤지컬:1
00000002712,1,2,216000,20230409: ,20230409: ,2023|뮤지컬:1
00000003169,1,2,252000,20230409: ,20230409: ,2023|뮤지컬:1
00000016011,6,11,654000,20230409: ,20250517: ,2023|뮤지컬:3;2023|어린이·가족:1;2025|클래식:1;2025|어린이·가족:1
00000019126,3,6,684000,20230409: ,20250704: ,2023|뮤지컬:1;2023|발레/연극:1;2025|뮤지컬:1
00000021011,4,12,1044000,20230409: ,20251123: ,2023|뮤지컬:1;2023|어린이·가족:1;2025|발레/연극:1;2025|뮤지컬:1
00000000107,9,10,1235000,20230409: ,20251122: ,2023|뮤지컬:1;2023|발레/연극:1;2024|뮤지컬:2;2024|발레/연극:1;2025|뮤지컬:3;2025|발레/연극:1
00000010562,1,2,252000,20230409: ,20230409: ,2023|뮤지컬:1
00000011215,1,2,280000,20230409: ,20230409: ,2023|뮤지컬:1
00000008497,1,2,252000,20230409: ,20230409: ,2023|뮤지컬:1
00000020512,8,16,504000,20230409: ,20251025: ,2023|뮤지컬:1;2023|클래식:1;2025|클래식:5;2025|발레/연극:1
00000005664,1,2,252000,20230409: ,20230409: ,2023|뮤지컬:1
00000013484,1,2,280000,20230409: ,20230409: ,2023|뮤지컬:1
00000009441,1,2,252000,20230409: ,20230409: ,2023|뮤지컬:1
00000011576,1,2,162000,20230409: ,20230409: ,2023|뮤지컬:1
00000020668,1,2,252000,20230409: ,20230409: ,2023|뮤지컬:1
00000009106,1,2,252000,20230409: ,20230409: ,2023|뮤지컬:1
00000006538,1,2,108000,20230427: ,20230427: ,2023|뮤지컬:1
00000019682,1,2,108000,20230428: ,20230428: ,2023|뮤지컬:1
00000003616,2,4,216000,20230428: ,20230916: ,2023|뮤지컬:1;2023|어린이·가족:1
00000013346,1,2,120000,20230428: ,20230428: ,2023|뮤지컬:1
00000013050,1,2,108000,20230428: ,20230428: ,2023|뮤지컬:1
00000016586,1,2,108000,20230428: ,20230428: ,2023|뮤지컬:1
00000003215,1,3,168000,20230428: ,20230428: ,2023|뮤지컬:1
00000003521,5,12,866000,20201024: ,20240714: ,2023|뮤지컬:1;2023|발레/연극:1;2023|어린이·가족:1;2024|뮤지컬:1;2020|뮤지컬:1
00000002874,1,3,168000,20230428: ,20230428: ,2023|뮤지컬:1
00000008975,2,5,335600,20230428: ,20241224: ,2023|뮤지컬:1;2024|발레/연극:1
00000003682,1,1,54000,20230428: ,20230428: ,2023|뮤지컬:1
00000021115,1,3,168000,20230428: ,20230428: ,2023|뮤지컬:1
00000007438,9,28,2875400,20230428: ,20251123: ,2023|뮤지컬:1;2023|클래식:1;2024|뮤지컬:2;2025|뮤지컬:3;2025|어린이·가족:2
00000000588,4,8,523000,20230428: ,20250308: ,2023|뮤지컬:1;2023|클래식:1;2024|발레/연극:1;2025|클래식:1
00000005428,1,2,108000,20230428: ,20230428: ,2023|뮤지컬:1
00000007703,2,3,147600,20230428: ,20250920: ,2023|뮤지컬:1;2025|어린이·가족:1
00000017675,1,2,84000,20230429: ,20230429: ,2023|뮤지컬:1
00000001725,1,3,144000,20230429: ,20230429: ,2023|뮤지컬:1
00000015254,1,4,192000,20230429: ,20230429: ,2023|뮤지컬:1
00000009309,2,4,136000,20230429: ,20250904: ,2023|뮤지컬:1;2025|클래식:1
00000014508,1,3,112000,20230429: ,20230429: ,2023|뮤지컬:1
00000010895,1,2,96000,20230429: ,20230429: ,2023|뮤지컬:1
00000008395,2,4,203500,20230429: ,20250308: ,2023|뮤지컬:1;2025|클래식:1
00000015926,2,5,240000,20230429: ,20230916: ,2023|뮤지컬:1;2023|어린이·가족:1
00000018846,1,2,108000,20230429: ,20230429: ,2023|뮤지컬:1
00000017688,1,3,144000,20230429: ,20230429: ,2023|뮤지컬:1
00000000504,2,5,223200,20230429: ,20250920: ,2023|뮤지컬:1;2025|어린이·가족:1
00000001433,1,3,144000,20230429: ,20230429: ,2023|뮤지컬:1
00000018388,2,3,168000,20230429: ,20230429: ,2023|뮤지컬:2
00000009656,2,6,213600,20230429: ,20241225: ,2023|뮤지컬:1;2024|발레/연극:1
00000002998,4,12,546000,20230429: ,20240911: ,2023|뮤지컬:1;2023|어린이·가족:1;2024|어린이·가족:2
00000006557,1,2,96000,20230429: ,20230429: ,2023|뮤지컬:1
00000000789,1,2,96000,20230429: ,20230429: ,2023|뮤지컬:1
00000013706,2,5,246000,20230429: ,20230916: ,2023|뮤지컬:1;2023|어린이·가족:1
00000014656,3,9,498000,20230429: ,20250920: ,2023|뮤지컬:1;2024|어린이·가족:1;2025|어린이·가족:1
00000021423,1,2,120000,20230429: ,20230429: ,2023|뮤지컬:1
00000010811,2,6,288000,20230429: ,20230916: ,2023|뮤지컬:1;2023|어린이·가족:1
00000004780,6,17,851400,20230429: ,20250802: ,2023|뮤지컬:1;2023|어린이·가족:1;2024|어린이·가족:1;2024|클래식:1;2024|발레/연극:1;2025|어린이·가족:1
00000003008,1,3,144000,20230429: ,20230429: ,2023|뮤지컬:1
00000006470,2,3,172000,20230429: ,20230609: ,2023|뮤지컬:1;2023|발레/연극:1
00000022448,1,2,108000,20230429: ,20230429: ,2023|뮤지컬:1
00000006513,2,3,144000,20230429: ,20230916: ,2023|뮤지컬:1;2023|어린이·가족:1
00000019241,1,2,108000,20230429: ,20230429: ,2023|뮤지컬:1
00000012903,1,3,180000,20230429: ,20230429: ,2023|뮤지컬:1
00000009217,2,7,313800,20230429: ,20250802: ,2023|뮤지컬:1;2025|어린이·가족:1
00000004201,2,7,231500,20230429: ,20251129: ,2023|뮤지컬:1;2025|발레/연극:1
00000008361,1,3,168000,20230429: ,20230429: ,2023|뮤지컬:1
00000008346,1,3,96000,20230429: ,20230429: ,2023|뮤지컬:1
00000013301,1,2,108000,20230429: ,20230429: ,2023|뮤지컬:1
00000016469,1,2,108000,20230429: ,20230429: ,2023|뮤지컬:1
00000019355,1,1,36000,20230429: ,20230429: ,2023|뮤지컬:1
00000009739,1,3,144000,20230429: ,20230429: ,2023|뮤지컬:1
00000002037,1,2,108000,20230429: ,20230429: ,2023|뮤지컬:1
00000015831,1,2,72000,20230429: ,20230429: ,2023|뮤지컬:1
00000013639,1,1,48000,20230429: ,20230429: ,2023|뮤지컬:1
00000004228,4,9,368200,20230429: ,20251115: ,2023|뮤지컬:1;2023|어린이·가족:1;2025|어린이·가족:1;2025|클래식:1
00000017514,1,2,108000,20230429: ,20230429: ,2023|뮤지컬:1
00000015986,1,2,96000,20230429: ,20230429: ,2023|뮤지컬:1
00000008536,2,6,230800,20230429: ,20250920: ,2023|뮤지컬:1;2025|어린이·가족:1
00000001651,1,3,112000,20230429: ,20230429: ,2023|뮤지컬:1
00000015547,3,8,385200,20230429: ,20250920: ,2023|뮤지컬:1;2025|어린이·가족:2
00000005199,3,6,228000,20230429: ,20240910: ,2023|뮤지컬:1;2023|발레/연극:1;2024|어린이·가족:1
00000000190,4,9,719200,20230429: ,20250920: ,2023|뮤지컬:1;2023|어린이·가족:1;2025|뮤지컬:1;2025|어린이·가족:1
00000008135,1,2,96000,20230429: ,20230429: ,2023|뮤지컬:1
00000008660,5,12,575400,20230429: ,20250920: ,2023|뮤지컬:1;2023|어린이·가족:1;2024|발레/연극:1;2025|어린이·가족:2
00000021329,1,2,108000,20230429: ,20230429: ,2023|뮤지컬:1
00000005242,1,2,72000,20230429: ,20230429: ,2023|뮤지컬:1
00000011175,1,3,168000,20230429: ,20230429: ,2023|뮤지컬:1
00000018538,1,2,96000,20230429: ,20230429: ,2023|뮤지컬:1
00000005187,1,3,180000,20230429: ,20230429: ,2023|뮤지컬:1
00000018467,3,12,542400,20230429: ,20250918: ,2023|뮤지컬:1;2023|어린이·가족:1;2025|어린이·가족:1
00000008302,2,5,261200,20230429: ,20250803: ,2023|뮤지컬:1;2025|어린이·가족:1
00000018888,1,5,288000,20230429: ,20230429: ,2023|뮤지컬:1
00000005668,5,9,650000,20230429: ,20250719: ,2023|뮤지컬:2;2024|어린이·가족:1;2025|뮤지컬:1;2025|발레/연극:1
00000012396,1,2,96000,20230429: ,20230429: ,2023|뮤지컬:1
00000007819,1,2,72000,20230429: ,20230429: ,2023|뮤지컬:1
00000003637,1,2,108000,20230429: ,20230429: ,2023|뮤지컬:1
00000011833,2,3,159000,20230429: ,20231223: ,2023|뮤지컬:1;2023|클래식:1
00000021702,2,6,288000,20230429: ,20230916: ,2023|뮤지컬:1;2023|어린이·가족:1
00000007552,1,1,36000,20230429: ,20230429: ,2023|뮤지컬:1
00000001139,1,2,96000,20230429: ,20230429: ,2023|뮤지컬:1
00000001724,1,3,144000,20230429: ,20230429: ,2023|뮤지컬:1
00000002987,1,2,108000,20230429: ,20230429: ,2023|뮤지컬:1
00000013746,2,3,156000,20230429: ,20230916: ,2023|뮤지컬:1;2023|어린이·가족:1
00000000017,1,3,144000,20230429: ,20230429: ,2023|뮤지컬:1
00000000595,3,10,459400,20230429: ,20250308: ,2023|뮤지컬:1;2024|발레/연극:1;2025|클래식:1
00000000235,4,8,352400,20230429: ,20250920: ,2023|뮤지컬:1;2023|어린이·가족:1;2025|어린이·가족:2
00000001900,1,3,144000,20230429: ,20230429: ,2023|뮤지컬:1
00000014364,3,9,234000,20230429: ,20250517: ,2023|뮤지컬:1;2023|클래식:1;2025|기타:1
00000011165,5,14,628500,20230429: ,20240823: ,2023|뮤지컬:1;2023|클래식:1;2024|발레/연극:1;2024|뮤지컬:1;2024|클래식:1
00000018909,1,2,72000,20230429: ,20230429: ,2023|뮤지컬:1
00000005350,1,2,96000,20230429: ,20230429: ,2023|뮤지컬:1
00000003696,2,4,204000,20230429: ,20230916: ,2023|뮤지컬:1;2023|어린이·가족:1
00000011447,4,10,428000,20230429: ,20250517: ,2023|뮤지컬:1;2023|어린이·가족:1;2024|발레/연극:1;2025|어린이·가족:1
00000011187,1,2,108000,20230429: ,20230429: ,2023|뮤지컬:1
00000013106,3,5,230700,20230429: ,20251129: ,2023|뮤지컬:1;2025|어린이·가족:1;2025|발레/연극:1
00000022504,2,4,175200,20230429: ,20250918: ,2023|뮤지컬:1;2025|어린이·가족:1
00000022303,1,2,72000,20230429: ,20230429: ,2023|뮤지컬:1
00000019934,2,7,720000,20230429: ,20250215: ,2023|뮤지컬:1;2025|뮤지컬:1
00000015196,1,5,200000,20230429: ,20230429: ,2023|뮤지컬:1
00000018610,9,18,1601700,20230429: ,20251123: ,2023|뮤지컬:1;2024|발레/연극:2;2025|뮤지컬:4;2025|어린이·가족:2
00000005901,1,3,144000,20230429: ,20230429: ,2023|뮤지컬:1
00000000158,1,3,168000,20230429: ,20230429: ,2023|뮤지컬:1
00000007411,1,3,168000,20230429: ,20230429: ,2023|뮤지컬:1
00000019342,1,2,96000,20230429: ,20230429: ,2023|뮤지컬:1
00000007048,1,3,168000,20230429: ,20230429: ,2023|뮤지컬:1
00000017305,4,9,406800,20230429: ,20250918: ,2023|뮤지컬:1;2023|어린이·가족:1;2025|어린이·가족:2
00000003449,2,6,288000,20230429: ,20230916: ,2023|뮤지컬:1;2023|어린이·가족:1
00000021288,1,3,144000,20230429: ,20230429: ,2023|뮤지컬:1
00000004410,2,5,217800,20230429: ,20250803: ,2023|뮤지컬:1;2025|어린이·가족:1
00000013765,1,2,108000,20230429: ,20230429: ,2023|뮤지컬:1
00000010269,1,2,108000,20230429: ,20230429: ,2023|뮤지컬:1
00000018561,1,3,144000,20230429: ,20230429: ,2023|뮤지컬:1
00000004511,1,2,108000,20230429: ,20230429: ,2023|뮤지컬:1
00000008718,7,17,627900,20230429: ,20251129: ,2023|뮤지컬:1;2024|뮤지컬:1;2024|발레/연극:1;2025|어린이·가족:2;2025|발레/연극:2
00000016526,1,3,144000,20230429: ,20230429: ,2023|뮤지컬:1
00000012283,1,3,168000,20230429: ,20230429: ,2023|뮤지컬:1
00000019008,1,2,108000,20230429: ,20230429: ,2023|뮤지컬:1
00000000520,1,2,108000,20230429: ,20230429: ,2023|뮤지컬:1
00000006099,1,2,108000,20230429: ,20230429: ,2023|뮤지컬:1
00000007266,2,5,150000,20230429: ,20230622: ,2023|뮤지컬:1;2023|클래식:1
00000018581,2,4,201200,20230429: ,20250803: ,2023|뮤지컬:1;2025|어린이·가족:1
00000005622,12,28,1173300,20230429: ,20251129: ,2023|뮤지컬:2;2023|클래식:1;2023|발레/연극:1;2024|어린이·가족:1;2024|발레/연극:2;2024|클래식:1;2025|어린이·가족:2;2025|발레/연극:2
00000005957,1,4,128000,20230429: ,20230429: ,2023|뮤지컬:1
00000013992,1,2,72000,20230429: ,20230429: ,2023|뮤지컬:1
00000021748,1,4,228000,20230429: ,20230429: ,2023|뮤지컬:1
00000017216,2,4,189200,20230429: ,20250802: ,2023|뮤지컬:1;2025|어린이·가족:1
00000021017,1,2,108000,20230429: ,20230429: ,2023|뮤지컬:1
00000002324,1,1,36000,20230429: ,20230429: ,2023|뮤지컬:1
00000020669,1,2,108000,20230429: ,20230429: ,2023|뮤지컬:1
00000013620,1,2,108000,20230429: ,20230429: ,2023|뮤지컬:1
00000008805,1,3,168000,20230429: ,20230429: ,2023|뮤지컬:1
00000006526,9,32,1994200,20230429: ,20250920: ,2023|뮤지컬:1;2023|어린이·가족:1;2024|어린이·가족:3;2024|발레/연극:1;2025|뮤지컬:1;2025|어린이·가족:2
00000007094,5,9,344000,20230429: ,20250719: ,2023|뮤지컬:1;2024|발레/연극:1;2024|클래식:2;2025|발레/연극:1
00000006578,1,2,96000,20230429: ,20230429: ,2023|뮤지컬:1
00000014725,2,4,204000,20230429: ,20230916: ,2023|뮤지컬:1;2023|어린이·가족:1
00000002961,8,31,687000,20230429: ,20250517: ,2023|뮤지컬:1;2023|어린이·가족:1;2023|클래식:2;2024|클래식:3;2025|어린이·가족:1
00000004134,1,2,96000,20230429: ,20230429: ,2023|뮤지컬:1
00000018660,2,6,359600,20230429: ,20241224: ,2023|뮤지컬:1;2024|발레/연극:1
00000012451,1,2,72000,20230429: ,20230429: ,2023|뮤지컬:1
00000002929,2,4,180000,20230429: ,20230429: ,2023|뮤지컬:2
00000019586,2,4,180000,20230429: ,20250517: ,2023|뮤지컬:1;2025|어린이·가족:1
00000019674,4,4,143000,20230429: ,20241214: ,2023|뮤지컬:1;2024|어린이·가족:1;2024|클래식:1;2024|발레/연극:1
00000015126,3,10,610000,20230429: ,20241116: ,2023|뮤지컬:1;2023|발레/연극:1;2024|뮤지컬:1
00000015679,6,16,1030000,20230429: ,20250706: ,2023|뮤지컬:1;2024|어린이·가족:2;2025|클래식:1;2025|어린이·가족:1;2025|뮤지컬:1
00000011460,5,15,643200,20230429: ,20250918: ,2023|뮤지컬:1;2023|어린이·가족:2;2024|어린이·가족:1;2025|어린이·가족:1
00000016920,1,3,144000,20230429: ,20230429: ,2023|뮤지컬:1
00000022216,1,3,112000,20230429: ,20230429: ,2023|뮤지컬:1
00000008000,1,2,108000,20230429: ,20230429: ,2023|뮤지컬:1
00000009657,1,1,36000,20230429: ,20230429: ,2023|뮤지컬:1
00000019064,5,11,525200,20230429: ,20250802: ,2023|뮤지컬:1;2023|어린이·가족:1;2024|어린이·가족:1;2025|어린이·가족:2
00000001085,1,3,144000,20230429: ,20230429: ,2023|뮤지컬:1
00000021994,1,3,108000,20230429: ,20230429: ,2023|뮤지컬:1
00000014459,1,3,144000,20230429: ,20230429: ,2023|뮤지컬:1
00000018493,2,6,200000,20230429: ,20230519: ,2023|뮤지컬:1;2023|클래식:1
00000002986,3,9,974000,20230429: ,20251122: ,2023|뮤지컬:1;2024|뮤지컬:1;2025|뮤지컬:1
00000011283,1,3,144000,20230429: ,20230429: ,2023|뮤지컬:1
00000018897,1,3,168000,20230429: ,20230429: ,2023|뮤지컬:1
00000008062,2,5,168000,20230429: ,20240824: ,2023|뮤지컬:1;2024|클래식:1
00000010896,2,8,350400,20230429: ,20250920: ,2023|뮤지컬:1;2025|어린이·가족:1
00000003932,1,3,168000,20230429: ,20230429: ,2023|뮤지컬:1
00000009618,1,2,72000,20230429: ,20230429: ,2023|뮤지컬:1
00000001521,2,6,239000,20230429: ,20240515: ,2023|뮤지컬:1;2024|발레/연극:1
00000011226,2,8,332400,20230429: ,20250920: ,2023|뮤지컬:1;2025|어린이·가족:1
00000019246,2,5,240000,20230429: ,20230916: ,2023|뮤지컬:1;2023|어린이·가족:1
00000003225,1,2,64000,20230429: ,20230429: ,2023|뮤지컬:1
00000011573,3,6,295200,20230429: ,20250920: ,2023|뮤지컬:1;2024|어린이·가족:1;2025|어린이·가족:1
00000009841,1,2,108000,20230429: ,20230429: ,2023|뮤지컬:1
00000006686,2,4,204000,20230429: ,20230916: ,2023|뮤지컬:1;2023|어린이·가족:1
00000006461,2,3,220000,20230429: ,20230609: ,2023|뮤지컬:1;2023|발레/연극:1
00000006657,3,11,486400,20230429: ,20241225: ,2023|뮤지컬:1;2024|어린이·가족:1;2024|발레/연극:1
00000014373,1,2,108000,20230429: ,20230429: ,2023|뮤지컬:1
00000004193,2,5,226800,20230429: ,20250920: ,2023|뮤지컬:1;2025|어린이·가족:1
00000009485,1,2,108000,20230429: ,20230429: ,2023|뮤지컬:1
00000009094,5,10,643200,20230429: ,20250920: ,2023|뮤지컬:1;2023|어린이·가족:1;2025|어린이·가족:2;2025|뮤지컬:1
00000021855,1,3,144000,20230429: ,20230429: ,2023|뮤지컬:1
00000020386,3,5,94500,20230519: ,20240904: ,2023|클래식:2;2024|클래식:1
00000010299,1,2,32000,20230519: ,20230519: ,2023|클래식:1
00000014868,1,2,54000,20230519: ,20230519: ,2023|클래식:1
00000010673,14,29,638000,20230519: ,20250911: ,2023|클래식:5;2023|어린이·가족:1;2024|클래식:4;2024|발레/연극:1;2025|클래식:3
00000000140,4,13,493500,20230519: ,20251129: ,2023|클래식:1;2024|어린이·가족:1;2024|발레/연극:1;2025|발레/연극:1
00000022035,1,3,72000,20230519: ,20230519: ,2023|클래식:1
00000021436,2,5,195000,20230519: ,20231020: ,2023|클래식:2
00000016496,2,4,127200,20230519: ,20250920: ,2023|클래식:1;2025|어린이·가족:1
00000008487,3,6,403500,20230519: ,20251129: ,2023|클래식:1;2025|뮤지컬:1;2025|발레/연극:1
00000010961,1,4,96000,20230519: ,20230519: ,2023|클래식:1
00000017733,3,6,154000,20230519: ,20231214: ,2023|클래식:3
00000006634,12,22,1365500,20230519: ,20251204: ,2023|클래식:5;2023|발레/연극:1;2024|뮤지컬:1;2024|클래식:1;2025|뮤지컬:1;2025|클래식:3
00000018031,2,5,129000,20230519: ,20230901: ,2023|클래식:1;2023|발레/연극:1
00000017462,4,14,327000,20230519: ,20241012: ,2023|클래식:3;2024|클래식:1
00000015109,2,5,123000,20230519: ,20231118: ,2023|클래식:1;2023|어린이·가족:1
00000004076,2,3,61500,20230519: ,20240320: ,2023|클래식:1;2024|클래식:1
00000010229,3,7,277000,20230519: ,20230916: ,2023|클래식:2;2023|어린이·가족:1
00000013590,3,7,271200,20230519: ,20250920: ,2023|클래식:1;2023|어린이·가족:1;2025|어린이·가족:1
00000017311,2,4,96000,20230519: ,20231028: ,2023|클래식:1;2023|뮤지컬:1
00000019610,1,2,36000,20230519: ,20230519: ,2023|클래식:1
00000009814,1,2,42000,20230519: ,20230519: ,2023|클래식:1
00000009465,2,9,306000,20230519: ,20241206: ,2023|클래식:1;2024|클래식:1
00000018263,1,2,48000,20230519: ,20230519: ,2023|클래식:1
00000009067,3,5,90000,20230519: ,20231214: ,2023|클래식:3
00000000499,1,2,48000,20230519: ,20230519: ,2023|클래식:1
00000020282,1,1,21000,20230519: ,20230519: ,2023|클래식:1
00000011008,1,4,96000,20230519: ,20230519: ,2023|클래식:1
00000021232,2,4,96000,20230519: ,20231028: ,2023|클래식:1;2023|뮤지컬:1
00000014258,7,24,460000,20230609: ,20250719: ,2023|발레/연극:1;2023|클래식:3;2024|클래식:1;2025|발레/연극:2
00000013594,2,4,310500,20230609: ,20240712: ,2023|발레/연극:1;2024|뮤지컬:1
00000013783,3,4,243000,20230609: ,20250425: ,2023|발레/연극:2;2025|발레/연극:1
00000022070,1,1,72000,20230609: ,20230609: ,2023|발레/연극:1
00000014838,1,1,90000,20230609: ,20230609: ,2023|발레/연극:1
00000005523,2,4,171000,20230609: ,20231214: ,2023|발레/연극:1;2023|클래식:1
00000002586,1,2,180000,20230609: ,20230609: ,2023|발레/연극:1
00000006589,1,1,90000,20230609: ,20230609: ,2023|발레/연극:1
00000005932,1,2,180000,20230609: ,20230609: ,2023|발레/연극:1
00000011239,1,2,144000,20230609: ,20230609: ,2023|발레/연극:1
00000016970,1,2,180000,20230609: ,20230609: ,2023|발레/연극:1
00000012246,1,2,180000,20230609: ,20230609: ,2023|발레/연극:1
00000007708,1,3,280000,20230609: ,20230609: ,2023|발레/연극:1
00000012334,1,4,300000,20230609: ,20230609: ,2023|발레/연극:1
00000022392,1,2,180000,20230609: ,20230609: ,2023|발레/연극:1
00000012050,1,1,100000,20230609: ,20230609: ,2023|발레/연극:1
00000004250,2,4,236000,20230609: ,20240824: ,2023|발레/연극:1;2024|클래식:1
00000006481,2,4,183200,20230609: ,20241224: ,2023|발레/연극:1;2024|발레/연극:1
00000013477,1,2,120000,20230609: ,20230609: ,2023|발레/연극:1
00000007084,1,2,180000,20230609: ,20230609: ,2023|발레/연극:1
00000006128,1,2,180000,20230609: ,20230609: ,2023|발레/연극:1
00000016778,1,2,180000,20230609: ,20230609: ,2023|발레/연극:1
00000021007,1,2,180000,20230609: ,20230609: ,2023|발레/연극:1
00000001732,1,1,90000,20230609: ,20230609: ,2023|발레/연극:1
00000005270,1,4,300000,20230609: ,20230609: ,2023|발레/연극:1
00000018424,1,2,180000,20230609: ,20230609: ,2023|발레/연극:1
00000017578,1,1,90000,20230609: ,20230609: ,2023|발레/연극:1
00000022427,1,3,168000,20230609: ,20230609: ,2023|발레/연극:1
00000002339,1,2,180000,20230609: ,20230609: ,2023|발레/연극:1
00000004552,1,2,180000,20230609: ,20230609: ,2023|발레/연극:1
00000006182,2,2,120000,20230609: ,20250529: ,2023|발레/연극:1;2025|발레/연극:1
00000012526,1,1,90000,20230609: ,20230609: ,2023|발레/연극:1
00000005101,3,6,820000,20230609: ,20250704: ,2023|발레/연극:1;2025|뮤지컬:2
00000008359,1,2,180000,20230609: ,20230609: ,2023|발레/연극:1
00000000649,1,1,80000,20230609: ,20230609: ,2023|발레/연극:1
00000000699,2,8,876000,20230609: ,20240713: ,2023|발레/연극:1;2024|뮤지컬:1
00000007161,1,2,180000,20230609: ,20230609: ,2023|발레/연극:1
00000005432,2,4,232000,20230609: ,20240823: ,2023|발레/연극:1;2024|클래식:1
00000016435,1,2,180000,20230609: ,20230609: ,2023|발레/연극:1
00000008377,2,4,538000,20230609: ,20250705: ,2023|발레/연극:1;2025|뮤지컬:1
00000012532,2,4,468000,20230609: ,20250706: ,2023|발레/연극:1;2025|뮤지컬:1
00000021860,1,2,180000,20230609: ,20230609: ,2023|발레/연극:1
00000013148,2,4,270000,20230609: ,20230826: ,2023|발레/연극:1;2023|클래식:1
00000004882,1,4,300000,20230609: ,20230609: ,2023|발레/연극:1
00000022646,1,4,300000,20230609: ,20230609: ,2023|발레/연극:1
00000015400,7,8,306000,20230609: ,20240904: ,2023|발레/연극:1;2023|클래식:2;2024|발레/연극:1;2024|클래식:3
00000018083,4,8,650000,20230609: ,20250720: ,2023|발레/연극:1;2025|발레/연극:2;2025|뮤지컬:1
00000000122,1,1,100000,20230609: ,20230609: ,2023|발레/연극:1
00000019763,1,2,180000,20230609: ,20230609: ,2023|발레/연극:1
00000001927,2,4,221000,20230609: ,20240519: ,2023|발레/연극:1;2024|발레/연극:1
00000006952,1,4,300000,20230609: ,20230609: ,2023|발레/연극:1
00000015033,1,3,300000,20230609: ,20230609: ,2023|발레/연극:1
00000001673,2,4,205000,20230609: ,20250720: ,2023|발레/연극:1;2025|발레/연극:1
00000015379,2,4,234000,20230609: ,20250720: ,2023|발레/연극:1;2025|발레/연극:1
00000007187,1,2,180000,20230609: ,20230609: ,2023|발레/연극:1
00000007856,1,1,100000,20230609: ,20230609: ,2023|발레/연극:1
00000000004,1,5,390000,20230609: ,20230609: ,2023|발레/연극:1
00000016366,2,5,571000,20230609: ,20240714: ,2023|발레/연극:1;2024|뮤지컬:1
00000013375,2,4,320000,20230609: ,20231020: ,2023|발레/연극:1;2023|클래식:1
00000018159,2,6,588000,20230609: ,20250704: ,2023|발레/연극:1;2025|뮤지컬:1
00000002537,3,3,212500,20230609: ,20231110: ,2023|발레/연극:1;2023|클래식:2
00000022647,3,5,247500,20230609: ,20231223: ,2023|발레/연극:1;2023|클래식:2
00000003823,3,4,290000,20230609: ,20240714: ,2023|발레/연극:2;2024|뮤지컬:1
00000008753,1,2,200000,20230609: ,20230609: ,2023|발레/연극:1
00000016889,1,2,200000,20230609: ,20230609: ,2023|발레/연극:1
00000002864,2,2,95000,20230609: ,20230622: ,2023|발레/연극:1;2023|클래식:1
00000004991,1,2,160000,20230609: ,20230609: ,2023|발레/연극:1
00000000679,7,13,627500,20230609: ,20250425: ,2023|발레/연극:1;2023|클래식:5;2025|발레/연극:1
00000018438,1,2,180000,20230609: ,20230609: ,2023|발레/연극:1
00000015975,1,3,180000,20230609: ,20230609: ,2023|발레/연극:1
00000010498,1,2,200000,20230609: ,20230609: ,2023|발레/연극:1
00000003753,1,2,180000,20230609: ,20230609: ,2023|발레/연극:1
00000020311,1,2,180000,20230609: ,20230609: ,2023|발레/연극:1
00000005337,1,1,90000,20230609: ,20230609: ,2023|발레/연극:1
00000017398,5,13,1543000,20230609: ,20250704: ,2023|발레/연극:1;2024|발레/연극:1;2024|뮤지컬:1;2025|뮤지컬:2
00000001883,1,4,300000,20230609: ,20230609: ,2023|발레/연극:1
00000002831,1,2,180000,20230609: ,20230609: ,2023|발레/연극:1
00000021576,1,1,72000,20230609: ,20230609: ,2023|발레/연극:1
00000000220,1,2,180000,20230609: ,20230609: ,2023|발레/연극:1
00000016480,1,4,240000,20230609: ,20230609: ,2023|발레/연극:1
00000016272,1,2,180000,20230609: ,20230609: ,2023|발레/연극:1
00000012078,1,2,180000,20230609: ,20230609: ,2023|발레/연극:1
00000014113,1,1,80000,20230609: ,20230609: ,2023|발레/연극:1
00000015789,2,8,450000,20221015: ,20230609: ,2023|발레/연극:1;2022|클래식:1
00000008483,4,8,474000,20230609: ,20241206: ,2023|발레/연극:1;2023|클래식:2;2024|클래식:1
00000012895,1,2,144000,20230609: ,20230609: ,2023|발레/연극:1
00000003964,1,2,144000,20230609: ,20230609: ,2023|발레/연극:1
00000021925,2,4,270000,20230609: ,20240119: ,2023|발레/연극:1;2024|클래식:1
00000000041,2,6,346500,20230609: ,20231020: ,2023|발레/연극:1;2023|클래식:1
00000007491,1,2,180000,20230609: ,20230609: ,2023|발레/연극:1
00000022290,4,8,399200,20230609: ,20250802: ,2023|발레/연극:1;2024|어린이·가족:1;2025|발레/연극:1;2025|어린이·가족:1
00000005577,1,5,390000,20230609: ,20230609: ,2023|발레/연극:1
00000022402,10,18,959100,20230609: ,20250904: ,2023|발레/연극:1;2023|클래식:1;2024|클래식:1;2024|발레/연극:1;2025|클래식:4;2025|뮤지컬:1;2025|발레/연극:1
00000012016,1,4,240000,20230609: ,20230609: ,2023|발레/연극:1
00000021307,1,5,312000,20230609: ,20230609: ,2023|발레/연극:1
00000011319,4,8,639000,20230609: ,20231021: ,2023|발레/연극:1;2023|클래식:3
00000014778,1,2,144000,20230610: ,20230610: ,2023|발레/연극:1
00000009641,1,4,300000,20230610: ,20230610: ,2023|발레/연극:1
00000002215,1,2,180000,20230610: ,20230610: ,2023|발레/연극:1
00000001299,1,2,180000,20230610: ,20230610: ,2023|발레/연극:1
00000000312,1,1,100000,20230610: ,20230610: ,2023|발레/연극:1
00000021343,1,2,180000,20230610: ,20230610: ,2023|발레/연극:1
00000011615,6,16,1596000,20230610: ,20241206: ,2023|발레/연극:2;2024|뮤지컬:3;2024|클래식:1
00000020403,1,5,390000,20230610: ,20230610: ,2023|발레/연극:1
00000020708,4,16,940000,20230610: ,20230916: ,2023|발레/연극:1;2023|어린이·가족:3
00000017773,1,1,90000,20230610: ,20230610: ,2023|발레/연극:1
00000001784,1,4,300000,20230610: ,20230610: ,2023|발레/연극:1
00000004393,3,3,175000,20230610: ,20230826: ,2023|발레/연극:1;2023|클래식:2
00000003678,1,3,280000,20230610: ,20230610: ,2023|발레/연극:1
00000000881,3,14,1248000,20230610: ,20250705: ,2023|발레/연극:1;2025|발레/연극:1;2025|뮤지컬:1
00000010680,2,2,144000,20230610: ,20230610: ,2023|발레/연극:2
00000021532,1,1,90000,20230610: ,20230610: ,2023|발레/연극:1
00000015191,3,8,726600,20230610: ,20250214: ,2023|발레/연극:1;2024|발레/연극:1;2025|뮤지컬:1
00000018488,1,2,180000,20230610: ,20230610: ,2023|발레/연극:1
00000012857,2,4,251000,20230610: ,20250308: ,2023|발레/연극:1;2025|클래식:1
00000007981,2,6,588000,20230610: ,20240713: ,2023|발레/연극:1;2024|뮤지컬:1
00000009269,1,2,144000,20230610: ,20230610: ,2023|발레/연극:1
00000007616,1,2,180000,20230610: ,20230610: ,2023|발레/연극:1
00000006254,2,4,236000,20230610: ,20250719: ,2023|발레/연극:1;2025|발레/연극:1
00000017650,1,2,200000,20230610: ,20230610: ,2023|발레/연극:1
00000009982,2,8,510000,20230610: ,20240119: ,2023|발레/연극:1;2024|클래식:1
00000007118,1,1,90000,20230610: ,20230610: ,2023|발레/연극:1
00000012316,1,3,224000,20230610: ,20230610: ,2023|발레/연극:1
00000007668,2,3,230000,20230610: ,20231020: ,2023|발레/연극:1;2023|클래식:1
00000014700,1,2,144000,20230610: ,20230610: ,2023|발레/연극:1
00000021055,5,7,306000,20230610: ,20250710: ,2023|발레/연극:1;2024|클래식:2;2025|클래식:2
00000009199,1,2,108000,20230610: ,20230610: ,2023|발레/연극:1
00000003141,2,4,229000,20230610: ,20230826: ,2023|발레/연극:1;2023|클래식:1
00000019179,2,4,500000,20230610: ,20250214: ,2023|발레/연극:1;2025|뮤지컬:1
00000015638,2,2,155000,20230610: ,20241224: ,2023|발레/연극:1;2024|발레/연극:1
00000009683,1,1,100000,20230610: ,20230610: ,2023|발레/연극:1
00000022083,1,2,144000,20230610: ,20230610: ,2023|발레/연극:1
00000019551,2,4,270000,20230610: ,20230826: ,2023|발레/연극:1;2023|클래식:1
00000003480,1,4,300000,20230610: ,20230610: ,2023|발레/연극:1
00000008312,3,3,300000,20230610: ,20230610: ,2023|발레/연극:3
00000002274,1,2,180000,20230610: ,20230610: ,2023|발레/연극:1
00000011901,1,1,90000,20230610: ,20230610: ,2023|발레/연극:1
00000017555,1,2,180000,20230610: ,20230610: ,2023|발레/연극:1
00000004319,1,2,180000,20230610: ,20230610: ,2023|발레/연극:1
00000020292,1,2,108000,20230610: ,20230610: ,2023|발레/연극:1
00000012192,1,2,180000,20230610: ,20230610: ,2023|발레/연극:1
00000018672,1,2,144000,20230610: ,20230610: ,2023|발레/연극:1
00000021352,1,1,90000,20230610: ,20230610: ,2023|발레/연극:1
00000004425,1,4,300000,20230610: ,20230610: ,2023|발레/연극:1
00000021338,2,3,135000,20230610: ,20250308: ,2023|발레/연극:1;2025|클래식:1
00000017928,1,4,300000,20230610: ,20230610: ,2023|발레/연극:1
00000008622,2,5,300000,20230610: ,20241116: ,2023|발레/연극:1;2024|뮤지컬:1
00000005433,1,2,180000,20230610: ,20230610: ,2023|발레/연극:1
00000013576,1,1,100000,20230610: ,20230610: ,2023|발레/연극:1
00000020986,2,2,144000,20230610: ,20230610: ,2023|발레/연극:2
00000011119,1,4,300000,20230610: ,20230610: ,2023|발레/연극:1
00000013246,2,5,284000,20230610: ,20240511: ,2023|발레/연극:1;2024|어린이·가족:1
00000002003,1,4,300000,20230610: ,20230610: ,2023|발레/연극:1
00000010200,1,2,180000,20230610: ,20230610: ,2023|발레/연극:1
00000011629,1,2,160000,20230610: ,20230610: ,2023|발레/연극:1
00000019973,2,6,430000,20230610: ,20230826: ,2023|발레/연극:1;2023|클래식:1
00000008681,1,2,144000,20230610: ,20230610: ,2023|발레/연극:1
00000017793,1,1,90000,20230610: ,20230610: ,2023|발레/연극:1
00000005929,1,2,180000,20230610: ,20230610: ,2023|발레/연극:1
00000011845,2,4,520000,20230610: ,20250215: ,2023|발레/연극:1;2025|뮤지컬:1
00000018983,1,2,200000,20230610: ,20230610: ,2023|발레/연극:1
00000014898,1,2,144000,20230610: ,20230610: ,2023|발레/연극:1
00000001337,1,4,300000,20230610: ,20230610: ,2023|발레/연극:1
00000019988,2,3,300000,20230610: ,20230610: ,2023|발레/연극:2
00000012222,1,6,480000,20230610: ,20230610: ,2023|발레/연극:1
00000011047,1,3,224000,20230610: ,20230610: ,2023|발레/연극:1
00000020776,1,1,80000,20230610: ,20230610: ,2023|발레/연극:1
00000020766,1,1,90000,20230610: ,20230610: ,2023|발레/연극:1
00000009787,1,4,240000,20230610: ,20230610: ,2023|발레/연극:1
00000017590,1,2,180000,20230610: ,20230610: ,2023|발레/연극:1
00000016810,2,4,207000,20230610: ,20230921: ,2023|발레/연극:1;2023|클래식:1
00000000659,4,8,823000,20230610: ,20241124: ,2023|발레/연극:1;2023|클래식:1;2024|뮤지컬:2
00000017063,1,2,140000,20230610: ,20230610: ,2023|발레/연극:1
00000006315,3,8,357500,20230610: ,20241225: ,2023|발레/연극:1;2023|클래식:1;2024|발레/연극:1
00000004018,1,1,100000,20230610: ,20230610: ,2023|발레/연극:1
00000009161,1,4,300000,20230610: ,20230610: ,2023|발레/연극:1
00000008181,3,5,203200,20230610: ,20250920: ,2023|발레/연극:1;2025|발레/연극:1;2025|어린이·가족:1
00000016942,1,4,300000,20230610: ,20230610: ,2023|발레/연극:1
00000018827,1,2,200000,20230610: ,20230610: ,2023|발레/연극:1
00000011723,1,4,300000,20230610: ,20230610: ,2023|발레/연극:1
00000008380,1,2,108000,20230610: ,20230610: ,2023|발레/연극:1
00000011762,1,2,180000,20230610: ,20230610: ,2023|발레/연극:1
00000000007,1,1,72000,20230610: ,20230610: ,2023|발레/연극:1
00000010981,1,4,300000,20230610: ,20230610: ,2023|발레/연극:1
00000012496,2,3,340000,20230610: ,20250705: ,2023|발레/연극:1;2025|뮤지컬:1
00000006459,1,4,300000,20230610: ,20230610: ,2023|발레/연극:1
00000004051,1,2,180000,20230610: ,20230610: ,2023|발레/연극:1
00000012421,2,2,127000,20230610: ,20250719: ,2023|발레/연극:1;2025|발레/연극:1
00000021358,4,6,234000,20230610: ,20250529: ,2023|발레/연극:1;2025|발레/연극:3
00000009352,8,11,991000,20230610: ,20251123: ,2023|발레/연극:2;2023|클래식:1;2024|뮤지컬:2;2025|뮤지컬:2;2025|클래식:1
00000006146,2,2,167000,20230610: ,20241225: ,2023|발레/연극:1;2024|발레/연극:1
00000019163,2,4,432000,20230610: ,20250216: ,2023|발레/연극:1;2025|뮤지컬:1
00000020020,1,2,200000,20230610: ,20230610: ,2023|발레/연극:1
00000015243,10,18,859000,20201225: ,20250719: ,2023|발레/연극:3;2023|클래식:1;2023|뮤지컬:1;2024|뮤지컬:2;2025|발레/연극:1;2020|클래식:2
00000000723,3,10,1164000,20230610: ,20250704: ,2023|발레/연극:1;2025|뮤지컬:2
00000021005,1,3,300000,20230610: ,20230610: ,2023|발레/연극:1
00000020786,3,9,476500,20230610: ,20231020: ,2023|발레/연극:1;2023|클래식:2
00000015513,1,4,240000,20230610: ,20230610: ,2023|발레/연극:1
00000017554,1,2,108000,20230610: ,20230610: ,2023|발레/연극:1
00000018815,8,17,1238000,20230610: ,20241224: ,2023|발레/연극:2;2024|발레/연극:3;2024|뮤지컬:3
00000013291,1,4,300000,20230610: ,20230610: ,2023|발레/연극:1
00000000272,1,2,144000,20230610: ,20230610: ,2023|발레/연극:1
00000010882,6,10,975500,20230610: ,20251129: ,2023|발레/연극:1;2024|뮤지컬:1;2024|발레/연극:2;2025|뮤지컬:1;2025|발레/연극:1
00000017254,3,8,882000,20230610: ,20250216: ,2023|발레/연극:1;2024|뮤지컬:1;2025|뮤지컬:1
00000020544,1,2,180000,20230610: ,20230610: ,2023|발레/연극:1
00000019308,1,4,300000,20230610: ,20230610: ,2023|발레/연극:1
00000009655,2,3,144000,20201018: ,20230610: ,2023|발레/연극:1;2020|클래식:1
00000018627,1,2,180000,20230610: ,20230610: ,2023|발레/연극:1
00000022533,1,4,300000,20230610: ,20230610: ,2023|발레/연극:1
00000002780,2,3,192000,20230610: ,20230610: ,2023|발레/연극:2
00000013934,2,4,500000,20230610: ,20241123: ,2023|발레/연극:1;2024|뮤지컬:1
00000001516,1,4,300000,20230610: ,20230610: ,2023|발레/연극:1
00000007729,1,2,180000,20230610: ,20230610: ,2023|발레/연극:1
00000001482,2,4,400000,20230610: ,20250705: ,2023|발레/연극:1;2025|뮤지컬:1
00000009418,1,1,72000,20230610: ,20230610: ,2023|발레/연극:1
00000018106,3,7,566000,20230610: ,20250424: ,2023|발레/연극:1;2024|클래식:1;2025|발레/연극:1
00000002229,2,7,471000,20230610: ,20241225: ,2023|발레/연극:1;2024|발레/연극:1
00000015282,1,2,27000,20230622: ,20230622: ,2023|클래식:1
00000002766,1,2,27000,20230622: ,20230622: ,2023|클래식:1
00000020151,3,4,344000,20230622: ,20250704: ,2023|클래식:2;2025|뮤지컬:1
00000000085,1,2,27000,20230622: ,20230622: ,2023|클래식:1
00000013353,1,1,13500,20230622: ,20230622: ,2023|클래식:1
00000022298,1,2,27000,20230622: ,20230622: ,2023|클래식:1
00000006093,6,13,307000,20230622: ,20250710: ,2023|클래식:3;2024|클래식:2;2025|클래식:1
00000018876,8,12,430000,20230622: ,20250529: ,2023|클래식:5;2024|클래식:2;2025|발레/연극:1
00000003791,8,15,1417600,20230622: ,20251123: ,2023|클래식:2;2024|뮤지컬:1;2024|발레/연극:1;2025|뮤지컬:3;2025|발레/연극:1
00000019324,1,12,162000,20230622: ,20230622: ,2023|클래식:1
00000017250,4,8,108000,20230622: ,20241204: ,2023|클래식:1;2024|클래식:3
00000015782,4,7,135000,20230622: ,20231117: ,2023|클래식:2;2023|어린이·가족:2
00000002505,4,4,58500,20230622: ,20240320: ,2023|클래식:3;2024|클래식:1
00000018964,1,1,13500,20230622: ,20230622: ,2023|클래식:1
00000014877,2,4,54000,20230622: ,20231214: ,2023|클래식:2
00000013048,2,2,49500,20230622: ,20251129: ,2023|클래식:1;2025|발레/연극:1
00000016100,2,3,45000,20230622: ,20250522: ,2023|클래식:1;2025|클래식:1
00000000044,3,3,42000,20230622: ,20240320: ,2023|클래식:2;2024|클래식:1
00000019825,1,2,30000,20230622: ,20230622: ,2023|클래식:1
00000020809,8,16,708500,20230622: ,20250719: ,2023|클래식:3;2024|클래식:3;2024|뮤지컬:1;2025|발레/연극:1
00000014549,1,1,15000,20230622: ,20230622: ,2023|클래식:1
00000015689,3,6,108000,20230622: ,20250720: ,2023|클래식:2;2025|발레/연극:1
00000018445,1,2,27000,20230622: ,20230622: ,2023|클래식:1
00000004673,1,2,27000,20230622: ,20230622: ,2023|클래식:1
00000008209,1,1,13500,20230622: ,20230622: ,2023|클래식:1
00000017736,2,5,84000,20230622: ,20241116: ,2023|클래식:1;2024|뮤지컬:1
00000021155,2,6,87000,20230622: ,20231214: ,2023|클래식:2
00000012269,1,2,60000,20230622: ,20230622: ,2023|클래식:1
00000001028,2,4,135000,20230622: ,20230916: ,2023|클래식:1;2023|어린이·가족:1
00000017332,2,19,285000,20230622: ,20230622: ,2023|클래식:2
00000019624,1,2,27000,20230622: ,20230622: ,2023|클래식:1
00000017379,4,8,369000,20230622: ,20250705: ,2023|클래식:2;2024|클래식:1;2025|뮤지컬:1
00000000164,8,14,250500,20230622: ,20251204: ,2023|클래식:3;2023|뮤지컬:1;2024|클래식:2;2025|클래식:2
00000006414,1,1,13500,20230622: ,20230622: ,2023|클래식:1
00000022555,2,4,112000,20230622: ,20230826: ,2023|클래식:2
00000007376,2,4,203000,20230622: ,20250706: ,2023|클래식:1;2025|뮤지컬:1
00000006747,4,10,144000,20230622: ,20231214: ,2023|클래식:4
00000014634,2,5,122000,20230622: ,20231110: ,2023|클래식:2
00000013572,1,1,13500,20230622: ,20230622: ,2023|클래식:1
00000012057,3,8,272500,20230622: ,20250308: ,2023|클래식:1;2024|발레/연극:1;2025|클래식:1
00000010424,1,1,13500,20230622: ,20230622: ,2023|클래식:1
00000006841,2,5,72000,20230622: ,20230921: ,2023|클래식:2
00000008666,1,2,27000,20230622: ,20230622: ,2023|클래식:1
00000010752,12,28,441000,20230622: ,20251204: ,2023|클래식:3;2024|클래식:4;2025|클래식:5
00000009371,1,1,13500,20230622: ,20230622: ,2023|클래식:1
00000004777,1,3,45000,20230622: ,20230622: ,2023|클래식:1
00000005338,1,2,27000,20230622: ,20230622: ,2023|클래식:1
00000015176,4,4,64500,20230622: ,20231214: ,2023|클래식:4
00000016063,1,1,13500,20230622: ,20230622: ,2023|클래식:1
00000012012,2,6,111000,20230622: ,20251115: ,2023|클래식:1;2025|클래식:1
00000003274,10,20,813000,20201017: ,20241126: ,2023|클래식:5;2024|클래식:3;2020|클래식:1;2022|클래식:1
00000015258,1,5,75000,20230622: ,20230622: ,2023|클래식:1
00000009577,2,3,40500,20230622: ,20231214: ,2023|클래식:2
00000013650,2,2,39000,20230622: ,20231020: ,2023|클래식:2
00000012517,3,4,61500,20230622: ,20250911: ,2023|클래식:2;2025|클래식:1
00000016224,1,1,13500,20230622: ,20230622: ,2023|클래식:1
00000007588,2,4,54000,20230622: ,20230921: ,2023|클래식:2
00000016717,1,2,27000,20230622: ,20230622: ,2023|클래식:1
00000014157,1,8,117000,20230622: ,20230622: ,2023|클래식:1
00000018575,3,3,45000,20230622: ,20251204: ,2023|클래식:1;2024|클래식:1;2025|클래식:1
00000000261,1,2,27000,20230622: ,20230622: ,2023|클래식:1
00000002075,1,1,13500,20230622: ,20230622: ,2023|클래식:1
00000006439,1,1,13500,20230622: ,20230622: ,2023|클래식:1
00000016580,2,2,27000,20230622: ,20230921: ,2023|클래식:2
00000018127,2,2,56000,20230622: ,20230826: ,2023|클래식:2
00000010144,2,4,27000,20230622: ,20250517: ,2023|클래식:1;2025|기타:1
00000003497,3,6,81000,20230622: ,20240605: ,2023|클래식:1;2024|클래식:2
00000008857,6,12,366500,20230622: ,20250327: ,2023|클래식:4;2025|클래식:2
00000004781,5,9,133000,20230622: ,20250710: ,2023|클래식:3;2024|클래식:1;2025|클래식:1
00000006881,2,4,59000,20230622: ,20240904: ,2023|클래식:1;2024|클래식:1
00000006103,3,6,95000,20230622: ,20250710: ,2023|클래식:2;2025|클래식:1
00000014312,2,6,84000,20230622: ,20231214: ,2023|클래식:2
00000013782,4,7,167500,20230622: ,20231223: ,2023|클래식:4
00000004845,4,7,123000,20230622: ,20251204: ,2023|클래식:1;2025|클래식:3
00000007604,2,3,265500,20230622: ,20250706: ,2023|클래식:1;2025|뮤지컬:1
00000019952,1,2,60000,20230622: ,20230622: ,2023|클래식:1
00000018247,1,1,13500,20230622: ,20230622: ,2023|클래식:1
00000016772,1,1,13500,20230622: ,20230622: ,2023|클래식:1
00000013726,1,2,90000,20230826: ,20230826: ,2023|클래식:1
00000017542,1,2,100000,20230826: ,20230826: ,2023|클래식:1
00000003098,1,2,85000,20230826: ,20230826: ,2023|클래식:1
00000000166,1,2,85000,20230826: ,20230826: ,2023|클래식:1
00000002443,1,1,42500,20230826: ,20230826: ,2023|클래식:1
00000006904,1,2,85000,20230826: ,20230826: ,2023|클래식:1
00000017574,2,4,200000,20230826: ,20240517: ,2023|클래식:1;2024|발레/연극:1
00000000856,6,12,971600,20230826: ,20250720: ,2023|클래식:1;2023|발레/연극:1;2024|발레/연극:2;2024|뮤지컬:1;2025|발레/연극:1
00000012988,1,2,85000,20230826: ,20230826: ,2023|클래식:1
00000000697,2,5,160000,20230826: ,20240904: ,2023|클래식:1;2024|클래식:1
00000016894,1,1,42500,20230826: ,20230826: ,2023|클래식:1
00000019740,4,17,651600,20230826: ,20250920: ,2023|클래식:3;2025|어린이·가족:1
00000001886,4,8,787000,20230826: ,20250216: ,2023|클래식:1;2024|뮤지컬:1;2024|클래식:1;2025|뮤지컬:1
00000019320,2,4,373000,20230826: ,20250215: ,2023|클래식:1;2025|뮤지컬:1
00000005671,2,4,180000,20230826: ,20231014: ,2023|클래식:2
00000015319,1,2,90000,20230826: ,20230826: ,2023|클래식:1
00000002610,3,5,402500,20230826: ,20250720: ,2023|클래식:1;2024|뮤지컬:1;2025|발레/연극:1
00000022464,1,2,85000,20230826: ,20230826: ,2023|클래식:1
00000004538,2,3,190000,20230826: ,20231020: ,2023|클래식:2
00000003989,1,2,85000,20230826: ,20230826: ,2023|클래식:1
00000020996,1,2,90000,20230826: ,20230826: ,2023|클래식:1
00000018435,4,7,290000,20230826: ,20231110: ,2023|클래식:4
00000022097,3,6,210500,20230826: ,20240720: ,2023|클래식:1;2024|어린이·가족:2
00000006654,1,2,85000,20230826: ,20230826: ,2023|클래식:1
00000002969,3,6,216000,20230826: ,20231220: ,2023|클래식:1;2023|발레/연극:2
00000017731,2,4,166200,20230826: ,20250803: ,2023|클래식:1;2025|어린이·가족:1
00000014663,1,2,85000,20230826: ,20230826: ,2023|클래식:1
00000017826,1,2,85000,20230826: ,20230826: ,2023|클래식:1
00000017416,3,6,204000,20230826: ,20231118: ,2023|클래식:1;2023|어린이·가족:2
00000005191,1,2,85000,20230826: ,20230826: ,2023|클래식:1
00000002532,1,2,85000,20230826: ,20230826: ,2023|클래식:1
00000016825,2,5,229000,20230826: ,20230916: ,2023|클래식:1;2023|어린이·가족:1
00000022323,4,12,1224000,20230826: ,20251115: ,2023|클래식:1;2024|뮤지컬:1;2025|뮤지컬:1;2025|클래식:1
00000006036,1,1,35000,20230826: ,20230826: ,2023|클래식:1
00000000966,1,2,85000,20230826: ,20230826: ,2023|클래식:1
00000003634,1,3,140000,20230826: ,20230826: ,2023|클래식:1
00000000946,3,6,234000,20230826: ,20231021: ,2023|클래식:3
00000019562,4,8,708000,20230826: ,20241124: ,2023|클래식:1;2023|뮤지컬:1;2024|뮤지컬:2
00000018140,1,4,175000,20230826: ,20230826: ,2023|클래식:1
00000006300,1,1,42500,20230826: ,20230826: ,2023|클래식:1
00000010208,1,2,85000,20230826: ,20230826: ,2023|클래식:1
00000019287,1,2,85000,20230826: ,20230826: ,2023|클래식:1
00000014416,3,7,200000,20230826: ,20250308: ,2023|클래식:1;2025|클래식:2
00000003493,1,2,85000,20230826: ,20230826: ,2023|클래식:1
00000018797,14,14,495000,20230826: ,20251026: ,2023|클래식:8;2025|클래식:6
00000014478,1,2,90000,20230826: ,20230826: ,2023|클래식:1
00000011088,2,4,337000,20230826: ,20250216: ,2023|클래식:1;2025|뮤지컬:1
00000002708,1,2,90000,20230826: ,20230826: ,2023|클래식:1
00000021390,5,10,769000,20230826: ,20250214: ,2023|클래식:2;2024|뮤지컬:1;2024|클래식:1;2025|뮤지컬:1
00000017097,1,2,85000,20230826: ,20230826: ,2023|클래식:1
00000018055,1,2,100000,20230826: ,20230826: ,2023|클래식:1
00000019418,2,4,204000,20230826: ,20250308: ,2023|클래식:1;2025|클래식:1
00000021604,1,2,100000,20230826: ,20230826: ,2023|클래식:1
00000008328,1,3,135000,20230826: ,20230826: ,2023|클래식:1
00000016105,1,2,85000,20230826: ,20230826: ,2023|클래식:1
00000013598,1,2,90000,20230826: ,20230826: ,2023|클래식:1
00000008390,5,12,490000,20230826: ,20250517: ,2023|클래식:1;2023|어린이·가족:1;2024|어린이·가족:1;2024|기타:1;2025|어린이·가족:1
00000007065,9,17,1079000,20230826: ,20251122: ,2023|클래식:1;2024|발레/연극:1;2024|뮤지컬:1;2024|클래식:1;2025|뮤지컬:2;2025|클래식:3
00000007640,3,5,189500,20230826: ,20240720: ,2023|클래식:1;2024|어린이·가족:2
00000000472,1,1,42500,20230826: ,20230826: ,2023|클래식:1
00000001158,3,7,396000,20230826: ,20240714: ,2023|클래식:1;2024|발레/연극:1;2024|뮤지컬:1
00000017011,2,4,219000,20230826: ,20231020: ,2023|클래식:2
00000006261,6,12,863000,20230826: ,20250720: ,2023|클래식:1;2023|발레/연극:1;2024|발레/연극:1;2024|뮤지컬:2;2025|발레/연극:1
00000012445,1,2,90000,20230826: ,20230826: ,2023|클래식:1
00000007244,5,9,480100,20230826: ,20250719: ,2023|클래식:1;2023|어린이·가족:1;2024|어린이·가족:1;2024|발레/연극:1;2025|발레/연극:1
00000001558,1,2,85000,20230826: ,20230826: ,2023|클래식:1
00000019831,7,16,428000,20230826: ,20251115: ,2023|클래식:2;2024|클래식:2;2025|클래식:3
00000012697,1,1,25000,20230826: ,20230826: ,2023|클래식:1
00000004898,1,2,54000,20230901: ,20230901: ,2023|발레/연극:1
00000006158,3,11,805500,20230901: ,20250920: ,2023|발레/연극:1;2025|뮤지컬:1;2025|어린이·가족:1
00000000233,7,7,396500,20230901: ,20250720: ,2023|발레/연극:1;2023|클래식:2;2024|발레/연극:1;2025|뮤지컬:1;2025|클래식:1;2025|발레/연극:1
00000011091,2,3,54000,20230901: ,20231214: ,2023|발레/연극:1;2023|클래식:1
00000018862,2,5,246000,20230901: ,20240712: ,2023|발레/연극:1;2024|뮤지컬:1
00000007956,4,8,623000,20230901: ,20251123: ,2023|발레/연극:2;2025|뮤지컬:2
00000016393,2,4,342000,20230901: ,20250705: ,2023|발레/연극:1;2025|뮤지컬:1
00000010345,1,2,54000,20230901: ,20230901: ,2023|발레/연극:1
00000022514,7,13,851600,20230901: ,20250720: ,2023|발레/연극:2;2024|발레/연극:2;2024|뮤지컬:1;2025|뮤지컬:1;2025|발레/연극:1
00000001032,2,7,214000,20230901: ,20241116: ,2023|발레/연극:1;2024|뮤지컬:1
00000007080,1,2,54000,20230901: ,20230901: ,2023|발레/연극:1
00000012984,5,9,622500,20230901: ,20251123: ,2023|발레/연극:1;2024|뮤지컬:2;2025|뮤지컬:2
00000003027,1,2,60000,20230901: ,20230901: ,2023|발레/연극:1
00000002353,2,3,67500,20230901: ,20230921: ,2023|발레/연극:1;2023|클래식:1
00000014893,1,1,27000,20230901: ,20230901: ,2023|발레/연극:1
00000007849,2,6,192000,20230901: ,20240518: ,2023|발레/연극:1;2024|발레/연극:1
00000017136,6,15,854000,20230901: ,20250719: ,2023|발레/연극:2;2024|발레/연극:1;2024|뮤지컬:1;2025|어린이·가족:1;2025|발레/연극:1
00000016963,1,6,174000,20230901: ,20230901: ,2023|발레/연극:1
00000017267,3,9,958000,20230901: ,20250705: ,2023|발레/연극:1;2024|뮤지컬:1;2025|뮤지컬:1
00000017898,1,1,27000,20230902: ,20230902: ,2023|발레/연극:1
00000008808,1,2,54000,20230902: ,20230902: ,2023|발레/연극:1
00000003599,5,5,210000,20230902: ,20251128: ,2023|발레/연극:1;2024|발레/연극:2;2025|발레/연극:2
00000018988,1,2,54000,20230902: ,20230902: ,2023|발레/연극:1
00000012226,2,4,105000,20230902: ,20240119: ,2023|발레/연극:1;2024|클래식:1
00000000850,7,13,513500,20230902: ,20250719: ,2023|발레/연극:1;2023|클래식:2;2024|클래식:1;2024|발레/연극:1;2025|어린이·가족:1;2025|발레/연극:1
00000009528,6,11,472500,20230902: ,20251129: ,2023|발레/연극:1;2024|뮤지컬:2;2024|발레/연극:1;2025|발레/연극:2
00000016151,4,10,570000,20230902: ,20240714: ,2023|발레/연극:1;2023|뮤지컬:1;2024|어린이·가족:1;2024|뮤지컬:1
00000009453,1,2,54000,20230902: ,20230902: ,2023|발레/연극:1
00000015903,1,2,54000,20230902: ,20230902: ,2023|발레/연극:1
00000004453,1,1,27000,20230902: ,20230902: ,2023|발레/연극:1
00000003570,2,3,207000,20230902: ,20251123: ,2023|발레/연극:1;2025|뮤지컬:1
00000020595,4,14,450000,20230902: ,20241116: ,2023|발레/연극:2;2023|뮤지컬:1;2024|뮤지컬:1
00000007612,1,3,84000,20230902: ,20230902: ,2023|발레/연극:1
00000021574,1,2,60000,20230902: ,20230902: ,2023|발레/연극:1
00000008072,3,10,228000,20230902: ,20251115: ,2023|발레/연극:2;2025|클래식:1
00000009162,8,20,1036600,20230902: ,20250719: ,2023|발레/연극:2;2024|발레/연극:2;2024|클래식:1;2025|발레/연극:3
00000007182,1,2,51000,20230902: ,20230902: ,2023|발레/연극:1
00000002624,2,4,126000,20230902: ,20251129: ,2023|발레/연극:1;2025|발레/연극:1
00000014615,5,12,315000,20230902: ,20231013: ,2023|발레/연극:2;2023|어린이·가족:1;2023|클래식:2
00000019057,2,3,84000,20230902: ,20230902: ,2023|발레/연극:2
00000018959,1,1,27000,20230902: ,20230902: ,2023|발레/연극:1
00000008228,4,12,410400,20230902: ,20250904: ,2023|발레/연극:1;2024|발레/연극:1;2025|클래식:2
00000021174,2,4,69000,20230902: ,20231214: ,2023|발레/연극:1;2023|클래식:1
00000019244,1,2,60000,20230902: ,20230902: ,2023|발레/연극:1
00000004602,2,2,51000,20230902: ,20231028: ,2023|발레/연극:1;2023|뮤지컬:1
00000006456,2,7,198000,20230902: ,20231118: ,2023|발레/연극:1;2023|어린이·가족:1
00000007451,2,4,142000,20230902: ,20240519: ,2023|발레/연극:1;2024|발레/연극:1
00000004719,1,2,54000,20230902: ,20230902: ,2023|발레/연극:1
00000014171,2,4,126000,20230902: ,20231223: ,2023|발레/연극:2
00000000438,5,10,513000,20230902: ,20250720: ,2023|발레/연극:2;2024|발레/연극:1;2024|뮤지컬:1;2025|발레/연극:1
00000009861,1,2,54000,20230902: ,20230902: ,2023|발레/연극:1
00000003529,1,4,114000,20230902: ,20230902: ,2023|발레/연극:1
00000017682,1,3,84000,20230902: ,20230902: ,2023|발레/연극:1
00000006780,1,1,27000,20230902: ,20230902: ,2023|발레/연극:1
00000011996,2,3,90000,20230902: ,20230902: ,2023|발레/연극:2
00000010655,1,2,60000,20230902: ,20230902: ,2023|발레/연극:1
00000006374,14,20,1010500,20230902: ,20251128: ,2023|발레/연극:2;2023|뮤지컬:1;2024|발레/연극:4;2024|뮤지컬:3;2025|뮤지컬:1;2025|발레/연극:2;2025|클래식:1
00000002165,1,2,54000,20230902: ,20230902: ,2023|발레/연극:1
00000017048,2,4,108000,20230902: ,20250720: ,2023|발레/연극:1;2025|발레/연극:1
00000001180,4,8,349000,20230902: ,20250720: ,2023|발레/연극:1;2024|발레/연극:1;2025|뮤지컬:1;2025|발레/연극:1
00000022001,1,2,54000,20230902: ,20230902: ,2023|발레/연극:1
00000022572,1,4,114000,20230902: ,20230902: ,2023|발레/연극:1
00000020125,1,2,54000,20230902: ,20230902: ,2023|발레/연극:1
00000022213,2,6,150000,20230902: ,20231028: ,2023|발레/연극:1;2023|뮤지컬:1
00000017676,1,2,54000,20230902: ,20230902: ,2023|발레/연극:1
00000016364,1,3,144000,20230915: ,20230915: ,2023|어린이·가족:1
00000001782,2,6,236600,20230915: ,20250803: ,2023|어린이·가족:1;2025|어린이·가족:1
00000002468,1,2,108000,20230916: ,20230916: ,2023|어린이·가족:1
00000002693,1,2,108000,20230916: ,20230916: ,2023|어린이·가족:1
00000017969,1,3,144000,20230916: ,20230916: ,2023|어린이·가족:1
00000000201,1,2,96000,20230916: ,20230916: ,2023|어린이·가족:1
00000004356,1,2,108000,20230916: ,20230916: ,2023|어린이·가족:1
00000004171,2,4,177200,20230916: ,20250803: ,2023|어린이·가족:1;2025|어린이·가족:1
00000003190,2,4,228000,20230916: ,20240511: ,2023|어린이·가족:1;2024|어린이·가족:1
00000011826,1,3,144000,20230916: ,20230916: ,2023|어린이·가족:1
00000014238,1,2,108000,20230916: ,20230916: ,2023|어린이·가족:1
00000000123,1,2,72000,20230916: ,20230916: ,2023|어린이·가족:1
00000016059,1,2,108000,20230916: ,20230916: ,2023|어린이·가족:1
00000002892,1,2,96000,20230916: ,20230916: ,2023|어린이·가족:1
00000021827,1,4,240000,20230916: ,20230916: ,2023|어린이·가족:1
00000001178,1,2,96000,20230916: ,20230916: ,2023|어린이·가족:1
00000017846,1,2,96000,20230916: ,20230916: ,2023|어린이·가족:1
00000003645,1,3,144000,20230916: ,20230916: ,2023|어린이·가족:1
00000018046,1,2,60000,20230916: ,20230916: ,2023|어린이·가족:1
00000011519,1,4,192000,20230916: ,20230916: ,2023|어린이·가족:1
00000011584,2,4,154800,20230916: ,20250920: ,2023|어린이·가족:1;2025|어린이·가족:1
00000002525,3,5,402000,20230916: ,20240713: ,2023|어린이·가족:2;2024|뮤지컬:1
00000007863,2,5,229800,20230916: ,20250803: ,2023|어린이·가족:1;2025|어린이·가족:1
00000005179,1,2,120000,20230916: ,20230916: ,2023|어린이·가족:1
00000000661,2,4,228000,20230916: ,20250517: ,2023|어린이·가족:1;2025|어린이·가족:1
00000016721,1,2,108000,20230916: ,20230916: ,2023|어린이·가족:1
00000004039,1,2,108000,20230916: ,20230916: ,2023|어린이·가족:1
00000008161,1,3,138000,20230916: ,20230916: ,2023|어린이·가족:1
00000011558,2,4,177200,20230916: ,20250803: ,2023|어린이·가족:1;2025|어린이·가족:1
00000015132,1,4,192000,20230916: ,20230916: ,2023|어린이·가족:1
00000018233,1,2,108000,20230916: ,20230916: ,2023|어린이·가족:1
00000008777,2,5,351000,20230916: ,20241225: ,2023|어린이·가족:1;2024|발레/연극:1
00000020145,1,3,180000,20230916: ,20230916: ,2023|어린이·가족:1
00000018285,1,2,108000,20230916: ,20230916: ,2023|어린이·가족:1
00000011620,1,6,300000,20230916: ,20230916: ,2023|어린이·가족:1
00000014396,2,5,201800,20230916: ,20250802: ,2023|어린이·가족:1;2025|어린이·가족:1
00000021304,1,4,192000,20230916: ,20230916: ,2023|어린이·가족:1
00000018158,2,4,180000,20230916: ,20250517: ,2023|어린이·가족:1;2025|어린이·가족:1
00000003036,1,5,246000,20230916: ,20230916: ,2023|어린이·가족:1
00000010190,3,6,370800,20230916: ,20251122: ,2023|어린이·가족:1;2025|어린이·가족:1;2025|뮤지컬:1
00000017312,1,2,96000,20230916: ,20230916: ,2023|어린이·가족:1
00000009792,6,20,1387000,20230916: ,20251122: ,2023|어린이·가족:1;2023|발레/연극:1;2024|클래식:1;2024|뮤지컬:1;2024|어린이·가족:1;2025|뮤지컬:1
00000008191,3,7,552000,20230916: ,20240712: ,2023|어린이·가족:1;2024|어린이·가족:1;2024|뮤지컬:1
00000012628,1,3,144000,20230916: ,20230916: ,2023|어린이·가족:1
00000002367,1,3,112000,20230916: ,20230916: ,2023|어린이·가족:1
00000003395,1,3,144000,20230916: ,20230916: ,2023|어린이·가족:1
00000012274,1,3,144000,20230916: ,20230916: ,2023|어린이·가족:1
00000001359,1,2,96000,20230916: ,20230916: ,2023|어린이·가족:1
00000003163,1,4,160000,20230916: ,20230916: ,2023|어린이·가족:1
00000010850,1,4,240000,20230916: ,20230916: ,2023|어린이·가족:1
00000010401,1,2,96000,20230916: ,20230916: ,2023|어린이·가족:1
00000019452,1,3,144000,20230916: ,20230916: ,2023|어린이·가족:1
00000001236,2,4,175200,20230916: ,20250920: ,2023|어린이·가족:1;2025|어린이·가족:1
00000019297,1,4,228000,20230916: ,20230916: ,2023|어린이·가족:1
00000018683,1,2,108000,20230916: ,20230916: ,2023|어린이·가족:1
00000021744,1,2,96000,20230916: ,20230916: ,2023|어린이·가족:1
00000002219,1,2,96000,20230916: ,20230916: ,2023|어린이·가족:1
00000000058,2,4,187200,20230916: ,20250920: ,2023|어린이·가족:1;2025|어린이·가족:1
00000012204,1,3,168000,20230916: ,20230916: ,2023|어린이·가족:1
00000020960,1,2,72000,20230916: ,20230916: ,2023|어린이·가족:1
00000012444,1,2,96000,20230916: ,20230916: ,2023|어린이·가족:1
00000017566,1,4,192000,20230916: ,20230916: ,2023|어린이·가족:1
00000021162,1,3,144000,20230916: ,20230916: ,2023|어린이·가족:1
00000013902,1,2,96000,20230916: ,20230916: ,2023|어린이·가족:1
00000010637,1,2,108000,20230916: ,20230916: ,2023|어린이·가족:1
00000012133,2,4,180000,20230916: ,20250517: ,2023|어린이·가족:1;2025|어린이·가족:1
00000010968,2,5,177200,20230916: ,20250802: ,2023|어린이·가족:1;2025|어린이·가족:1
00000017964,1,3,144000,20230916: ,20230916: ,2023|어린이·가족:1
00000003595,1,3,144000,20230916: ,20230916: ,2023|어린이·가족:1
00000002104,1,2,64000,20230916: ,20230916: ,2023|어린이·가족:1
00000007017,1,4,192000,20230916: ,20230916: ,2023|어린이·가족:1
00000001317,3,6,271200,20230916: ,20250920: ,2023|어린이·가족:2;2025|어린이·가족:1
00000011625,1,2,96000,20230916: ,20230916: ,2023|어린이·가족:1
00000008348,1,3,96000,20230916: ,20230916: ,2023|어린이·가족:1
00000013199,1,3,168000,20230916: ,20230916: ,2023|어린이·가족:1
00000012917,3,6,283200,20230916: ,20250918: ,2023|어린이·가족:1;2024|어린이·가족:1;2025|어린이·가족:1
00000009645,1,3,168000,20230916: ,20230916: ,2023|어린이·가족:1
00000010643,1,3,144000,20230916: ,20230916: ,2023|어린이·가족:1
00000018552,1,2,96000,20230916: ,20230916: ,2023|어린이·가족:1
00000015127,1,2,96000,20230916: ,20230916: ,2023|어린이·가족:1
00000008082,1,3,144000,20230916: ,20230916: ,2023|어린이·가족:1
00000011928,5,10,585200,20230916: ,20250920: ,2023|어린이·가족:1;2024|어린이·가족:1;2025|뮤지컬:1;2025|어린이·가족:2
00000001967,1,3,144000,20230916: ,20230916: ,2023|어린이·가족:1
00000005105,1,2,96000,20230916: ,20230916: ,2023|어린이·가족:1
00000003676,1,2,108000,20230916: ,20230916: ,2023|어린이·가족:1
00000005920,1,2,96000,20230916: ,20230916: ,2023|어린이·가족:1
00000014447,1,3,144000,20230916: ,20230916: ,2023|어린이·가족:1
00000019580,2,8,480000,20230916: ,20250517: ,2023|어린이·가족:1;2025|어린이·가족:1
00000021412,2,4,109000,20230916: ,20241116: ,2023|어린이·가족:1;2024|뮤지컬:1
00000015592,1,2,96000,20230916: ,20230916: ,2023|어린이·가족:1
00000005255,4,12,503400,20230916: ,20251115: ,2023|어린이·가족:1;2024|발레/연극:1;2025|발레/연극:1;2025|클래식:1
00000012716,3,8,576000,20230916: ,20250214: ,2023|어린이·가족:1;2024|어린이·가족:1;2025|뮤지컬:1
00000008736,3,8,499600,20230916: ,20241224: ,2023|어린이·가족:1;2023|클래식:1;2024|발레/연극:1
00000016038,1,2,96000,20230916: ,20230916: ,2023|어린이·가족:1
00000017685,1,2,108000,20230916: ,20230916: ,2023|어린이·가족:1
00000014051,2,6,292000,20230916: ,20231223: ,2023|어린이·가족:1;2023|클래식:1
00000016743,1,2,64000,20230916: ,20230916: ,2023|어린이·가족:1
00000013343,1,1,48000,20230916: ,20230916: ,2023|어린이·가족:1
00000015286,1,2,108000,20230916: ,20230916: ,2023|어린이·가족:1
00000022136,1,1,60000,20230916: ,20230916: ,2023|어린이·가족:1
00000012022,1,3,144000,20230916: ,20230916: ,2023|어린이·가족:1
00000014049,1,3,144000,20230916: ,20230916: ,2023|어린이·가족:1
00000004797,1,2,108000,20230916: ,20230916: ,2023|어린이·가족:1
00000021309,1,2,96000,20230916: ,20230916: ,2023|어린이·가족:1
00000017757,1,3,180000,20230916: ,20230916: ,2023|어린이·가족:1
00000001074,1,3,132000,20230916: ,20230916: ,2023|어린이·가족:1
00000004251,1,3,144000,20230916: ,20230916: ,2023|어린이·가족:1
00000008178,1,1,54000,20230916: ,20230916: ,2023|어린이·가족:1
00000000232,1,3,144000,20230916: ,20230916: ,2023|어린이·가족:1
00000020624,1,3,180000,20230916: ,20230916: ,2023|어린이·가족:1
00000000602,7,13,604500,20230916: ,20251129: ,2023|어린이·가족:2;2024|어린이·가족:1;2024|뮤지컬:2;2024|발레/연극:1;2025|발레/연극:1
00000018265,1,3,120000,20230916: ,20230916: ,2023|어린이·가족:1
00000004467,1,4,152000,20230916: ,20230916: ,2023|어린이·가족:1
00000016945,2,3,127200,20230916: ,20250918: ,2023|어린이·가족:1;2025|어린이·가족:1
00000015187,1,2,96000,20230916: ,20230916: ,2023|어린이·가족:1
00000022601,1,3,144000,20230916: ,20230916: ,2023|어린이·가족:1
00000017982,1,2,108000,20230916: ,20230916: ,2023|어린이·가족:1
00000005587,1,1,48000,20230916: ,20230916: ,2023|어린이·가족:1
00000005852,1,2,108000,20230916: ,20230916: ,2023|어린이·가족:1
00000021745,1,3,112000,20230916: ,20230916: ,2023|어린이·가족:1
00000017335,6,18,732000,20230916: ,20251128: ,2023|어린이·가족:1;2025|뮤지컬:1;2025|클래식:1;2025|어린이·가족:1;2025|발레/연극:2
00000021040,2,3,94500,20230916: ,20240519: ,2023|어린이·가족:1;2024|발레/연극:1
00000019193,3,5,306200,20230916: ,20250802: ,2023|어린이·가족:1;2024|뮤지컬:1;2025|어린이·가족:1
00000016248,4,10,157000,20230921: ,20250710: ,2023|클래식:2;2024|클래식:1;2025|클래식:1
00000000628,1,2,27000,20230921: ,20230921: ,2023|클래식:1
00000003771,2,3,51000,20230921: ,20251204: ,2023|클래식:1;2025|클래식:1
00000021723,6,8,447000,20230921: ,20250517: ,2023|클래식:2;2024|클래식:1;2025|클래식:1;2025|발레/연극:1;2025|어린이·가족:1
00000011920,7,15,482000,20230921: ,20241123: ,2023|클래식:3;2024|클래식:3;2024|뮤지컬:1
00000003182,2,4,54000,20230921: ,20231214: ,2023|클래식:2
00000008927,1,2,27000,20230921: ,20230921: ,2023|클래식:1
00000015361,2,4,48000,20230921: ,20231214: ,2023|클래식:2
00000022000,2,4,54000,20230921: ,20240605: ,2023|클래식:1;2024|클래식:1
00000021226,1,1,13500,20230921: ,20230921: ,2023|클래식:1
00000010198,1,2,27000,20230921: ,20230921: ,2023|클래식:1
00000001750,3,3,44500,20230921: ,20240904: ,2023|클래식:1;2024|클래식:2
00000014666,10,22,517000,20230921: ,20250911: ,2023|클래식:4;2023|발레/연극:1;2024|클래식:2;2025|클래식:3
00000010475,5,11,252000,20230921: ,20241204: ,2023|클래식:1;2024|클래식:3;2024|어린이·가족:1
00000012596,1,1,13500,20230921: ,20230921: ,2023|클래식:1
00000009069,2,2,27000,20230921: ,20230921: ,2023|클래식:2
00000005716,3,8,507000,20230921: ,20241123: ,2023|클래식:1;2024|클래식:1;2024|뮤지컬:1
00000000589,1,2,30000,20230921: ,20230921: ,2023|클래식:1
00000003552,1,2,27000,20230921: ,20230921: ,2023|클래식:1
00000020120,4,12,182000,20230921: ,20250522: ,2023|클래식:2;2024|클래식:1;2025|클래식:1
00000018779,1,2,27000,20230921: ,20230921: ,2023|클래식:1
00000016190,5,7,110500,20230921: ,20250522: ,2023|클래식:1;2024|클래식:2;2025|클래식:2
00000000990,5,10,208000,20230921: ,20240904: ,2023|클래식:1;2023|발레/연극:1;2024|발레/연극:1;2024|클래식:2
00000013761,3,13,457400,20230921: ,20250308: ,2023|클래식:1;2024|발레/연극:1;2025|클래식:1
00000019439,2,4,54000,20230921: ,20240320: ,2023|클래식:1;2024|클래식:1
00000003400,1,1,13500,20230921: ,20230921: ,2023|클래식:1
00000005627,1,2,27000,20230921: ,20230921: ,2023|클래식:1
00000011268,2,2,49500,20230921: ,20231222: ,2023|클래식:1;2023|발레/연극:1
00000020550,2,4,45000,20201202: ,20230921: ,2023|클래식:1;2020|클래식:1
00000002499,3,5,328500,20230921: ,20240714: ,2023|클래식:1;2024|클래식:1;2024|뮤지컬:1
00000005313,2,2,76500,20230921: ,20231020: ,2023|클래식:2
00000020263,2,4,146000,20230921: ,20231020: ,2023|클래식:2
00000008462,1,7,105000,20230921: ,20230921: ,2023|클래식:1
00000005479,1,3,42000,20230921: ,20230921: ,2023|클래식:1
00000005386,9,18,663000,20230921: ,20251026: ,2023|클래식:4;2024|클래식:2;2025|클래식:3
00000005510,1,2,30000,20230921: ,20230921: ,2023|클래식:1
00000018589,3,7,228300,20230921: ,20250802: ,2023|클래식:1;2025|어린이·가족:2
00000013068,5,13,318000,20230921: ,20251128: ,2023|클래식:1;2024|어린이·가족:1;2024|클래식:1;2025|발레/연극:2
00000000914,2,3,40500,20230921: ,20240605: ,2023|클래식:1;2024|클래식:1
00000008902,2,4,261000,20230921: ,20240714: ,2023|클래식:1;2024|뮤지컬:1
00000022617,11,23,523000,20201024: ,20241204: ,2023|클래식:2;2024|클래식:6;2024|어린이·가족:1;2020|뮤지컬:1;2020|클래식:1
00000013404,1,1,7500,20230921: ,20230921: ,2023|클래식:1
00000019627,5,10,158000,20201202: ,20240904: ,2023|클래식:1;2024|클래식:3;2020|클래식:1
00000013406,1,2,30000,20230921: ,20230921: ,2023|클래식:1
00000008822,1,1,15000,20230921: ,20230921: ,2023|클래식:1
00000008976,2,2,27000,20230921: ,20231214: ,2023|클래식:2
00000015561,11,23,1061200,20230921: ,20250704: ,2023|클래식:2;2024|뮤지컬:3;2024|클래식:2;2024|발레/연극:1;2025|뮤지컬:3
00000020149,1,1,13500,20230921: ,20230921: ,2023|클래식:1
00000002912,1,2,27000,20230921: ,20230921: ,2023|클래식:1
00000018281,11,18,1085000,20201126: ,20251123: ,2023|클래식:8;2025|클래식:1;2025|뮤지컬:1;2020|클래식:1
00000006402,1,2,27000,20230921: ,20230921: ,2023|클래식:1
00000007771,7,10,209000,20230921: ,20241224: ,2023|클래식:2;2024|클래식:4;2024|발레/연극:1
00000013734,1,2,27000,20230921: ,20230921: ,2023|클래식:1
00000012036,1,2,27000,20230921: ,20230921: ,2023|클래식:1
00000021731,1,2,27000,20230921: ,20230921: ,2023|클래식:1
00000021540,1,1,15000,20230921: ,20230921: ,2023|클래식:1
00000016200,7,17,355000,20230921: ,20251129: ,2023|클래식:2;2024|클래식:2;2025|클래식:2;2025|발레/연극:1
00000016855,2,3,127500,20231012: ,20231013: ,2023|클래식:2
00000004969,10,10,306500,20231012: ,20241013: ,2023|클래식:4;2024|클래식:5;2024|발레/연극:1
00000014507,1,1,150000,20231012: ,20231012: ,2023|클래식:1
00000015232,9,14,1169000,20231012: ,20250706: ,2023|클래식:7;2025|뮤지컬:2
00000002230,3,5,99000,20231013: ,20250911: ,2023|클래식:1;2025|클래식:2
00000011225,3,4,140000,20200605: ,20231110: ,2023|클래식:2;2020|클래식:1
00000008620,1,2,90000,20231013: ,20231013: ,2023|클래식:1
00000015245,2,3,126200,20231013: ,20250802: ,2023|클래식:1;2025|어린이·가족:1
00000006574,1,1,25500,20231013: ,20231013: ,2023|클래식:1
00000005606,6,11,577000,20231014: ,20250116: ,2023|클래식:2;2024|클래식:3;2025|클래식:1
00000003481,1,4,90000,20231014: ,20231014: ,2023|클래식:1
00000021096,1,2,90000,20231014: ,20231014: ,2023|클래식:1
00000008168,1,2,85000,20231015: ,20231015: ,2023|클래식:1
00000007764,1,1,42500,20231015: ,20231015: ,2023|클래식:1
00000012929,1,2,60000,20231020: ,20231020: ,2023|클래식:1
00000011832,1,2,85000,20231020: ,20231020: ,2023|클래식:1
00000019125,1,1,59500,20231020: ,20231020: ,2023|클래식:1
00000006811,1,2,126000,20231020: ,20231020: ,2023|클래식:1
00000014437,3,4,245000,20231020: ,20251024: ,2023|클래식:1;2025|클래식:2
00000004561,1,2,126000,20231020: ,20231020: ,2023|클래식:1
00000005511,3,11,527500,20231020: ,20250308: ,2023|클래식:1;2024|클래식:1;2025|클래식:1
00000020488,2,3,99000,20231020: ,20250904: ,2023|클래식:1;2025|클래식:1
00000020999,1,1,59500,20231020: ,20231020: ,2023|클래식:1
00000009165,3,5,621000,20231020: ,20250706: ,2023|클래식:1;2024|뮤지컬:1;2025|뮤지컬:1
00000000106,1,1,50000,20231020: ,20231020: ,2023|클래식:1
00000004029,1,4,238000,20231020: ,20231020: ,2023|클래식:1
00000017024,2,2,122500,20231020: ,20250308: ,2023|클래식:1;2025|클래식:1
00000006303,1,1,63000,20231020: ,20231020: ,2023|클래식:1
00000008296,1,2,90000,20231020: ,20231020: ,2023|클래식:1
00000007574,8,10,570500,20231020: ,20250308: ,2023|클래식:1;2024|클래식:2;2025|클래식:5
00000015417,1,1,70000,20231020: ,20231020: ,2023|클래식:1
00000002935,7,13,705000,20231020: ,20240906: ,2023|클래식:5;2024|클래식:2
00000006067,4,4,232000,20231020: ,20250308: ,2023|클래식:2;2024|클래식:1;2025|클래식:1
00000020967,1,1,70000,20231020: ,20231020: ,2023|클래식:1
00000007789,1,2,85000,20231020: ,20231020: ,2023|클래식:1
00000006095,2,3,365500,20231020: ,20251122: ,2023|클래식:1;2025|뮤지컬:1
00000002208,3,10,877000,20231020: ,20251123: ,2023|클래식:1;2025|클래식:1;2025|뮤지컬:1
00000004806,2,2,54000,20231020: ,20241126: ,2023|클래식:1;2024|클래식:1
00000001304,2,3,146000,20231020: ,20250904: ,2023|클래식:1;2025|클래식:1
00000003504,1,1,63000,20231020: ,20231020: ,2023|클래식:1
00000001269,1,1,63000,20231020: ,20231020: ,2023|클래식:1
00000007717,6,12,550500,20201126: ,20250308: ,2023|클래식:2;2024|클래식:2;2025|클래식:1;2020|클래식:1
00000006940,1,2,119000,20231020: ,20231020: ,2023|클래식:1
00000020135,2,3,297000,20231020: ,20250705: ,2023|클래식:1;2025|뮤지컬:1
00000010922,4,4,105000,20231020: ,20240119: ,2023|클래식:2;2024|클래식:2
00000001079,1,2,126000,20231020: ,20231020: ,2023|클래식:1
00000018358,1,4,102000,20231020: ,20231020: ,2023|클래식:1
00000017876,1,1,59500,20231020: ,20231020: ,2023|클래식:1
00000016266,1,1,59500,20231020: ,20231020: ,2023|클래식:1
00000007540,1,2,51000,20231020: ,20231020: ,2023|클래식:1
00000007609,4,7,569500,20231020: ,20250425: ,2023|클래식:2;2024|뮤지컬:1;2025|발레/연극:1
00000017316,1,2,119000,20231020: ,20231020: ,2023|클래식:1
00000002176,2,4,140000,20231020: ,20250904: ,2023|클래식:1;2025|클래식:1
00000002821,1,3,178500,20231020: ,20231020: ,2023|클래식:1
00000009296,5,5,382000,20231020: ,20250308: ,2023|클래식:1;2024|클래식:1;2024|뮤지컬:1;2025|클래식:2
00000020430,2,4,173000,20231020: ,20250904: ,2023|클래식:1;2025|클래식:1
00000002534,2,2,90000,20231020: ,20231021: ,2023|클래식:2
00000001156,2,4,159000,20231020: ,20250904: ,2023|클래식:1;2025|클래식:1
00000003585,3,5,185600,20231020: ,20250920: ,2023|클래식:2;2025|어린이·가족:1
00000017132,2,4,204000,20231020: ,20250308: ,2023|클래식:1;2025|클래식:1
00000015544,2,6,658500,20231020: ,20250706: ,2023|클래식:1;2025|뮤지컬:1
00000013204,1,2,51000,20231020: ,20231020: ,2023|클래식:1
00000021887,1,1,56000,20231020: ,20231020: ,2023|클래식:1
00000009813,4,17,830500,20231020: ,20241224: ,2023|클래식:1;2024|클래식:1;2024|발레/연극:2
00000020490,1,2,140000,20231020: ,20231020: ,2023|클래식:1
00000009190,1,2,54000,20231020: ,20231020: ,2023|클래식:1
00000016769,1,1,50000,20231020: ,20231020: ,2023|클래식:1
00000012343,1,1,27000,20231020: ,20231020: ,2023|클래식:1
00000005075,1,2,126000,20231020: ,20231020: ,2023|클래식:1
00000013600,1,1,59500,20231020: ,20231020: ,2023|클래식:1
00000008407,1,2,126000,20231020: ,20231020: ,2023|클래식:1
00000007219,3,3,233500,20231020: ,20250308: ,2023|클래식:1;2024|뮤지컬:1;2025|클래식:1
00000007782,2,2,126000,20231020: ,20231020: ,2023|클래식:2
00000018210,5,11,1228000,20231020: ,20250705: ,2023|클래식:2;2024|뮤지컬:2;2025|뮤지컬:1
00000014542,2,2,203500,20231020: ,20240714: ,2023|클래식:1;2024|뮤지컬:1
00000012076,2,6,240000,20231020: ,20241116: ,2023|클래식:1;2024|뮤지컬:1
00000016064,1,2,119000,20231020: ,20231020: ,2023|클래식:1
00000015471,1,2,54000,20231020: ,20231020: ,2023|클래식:1
00000014329,1,2,119000,20231020: ,20231020: ,2023|클래식:1
00000005919,1,1,59500,20231020: ,20231020: ,2023|클래식:1
00000001432,2,6,136000,20231021: ,20241013: ,2023|클래식:1;2024|클래식:1
00000017038,1,1,30000,20231021: ,20231021: ,2023|클래식:1
00000014974,1,2,54000,20231021: ,20231021: ,2023|클래식:1
00000019282,6,8,198000,20231021: ,20241126: ,2023|클래식:2;2024|클래식:4
00000008323,2,4,144000,20231021: ,20231110: ,2023|클래식:2
00000005480,2,4,90000,20231021: ,20240817: ,2023|클래식:1;2024|기타:1
00000018994,3,6,468000,20231021: ,20240714: ,2023|클래식:1;2024|뮤지컬:2
00000020732,1,3,90000,20231021: ,20231021: ,2023|클래식:1
00000009367,1,1,27000,20231021: ,20231021: ,2023|클래식:1
00000001893,1,1,30000,20231021: ,20231021: ,2023|클래식:1
00000012509,2,2,75000,20231021: ,20241010: ,2023|클래식:1;2024|클래식:1
00000013444,1,1,30000,20231021: ,20231021: ,2023|클래식:1
00000011325,4,9,354000,20231028: ,20250920: ,2023|뮤지컬:1;2024|어린이·가족:1;2025|어린이·가족:2
00000021523,1,7,210000,20231028: ,20231028: ,2023|뮤지컬:1
00000022197,2,2,54000,20231028: ,20231028: ,2023|뮤지컬:2
00000000740,2,2,54000,20231028: ,20231028: ,2023|뮤지컬:2
00000001989,2,2,60000,20231028: ,20231028: ,2023|뮤지컬:2
00000009601,1,2,54000,20231028: ,20231028: ,2023|뮤지컬:1
00000020828,2,2,54000,20231028: ,20231028: ,2023|뮤지컬:2
00000009948,5,7,580500,20231028: ,20251129: ,2023|뮤지컬:1;2023|발레/연극:1;2024|뮤지컬:1;2025|뮤지컬:1;2025|발레/연극:1
00000018612,2,2,48000,20231028: ,20231028: ,2023|뮤지컬:2
00000017387,1,2,48000,20231028: ,20231028: ,2023|뮤지컬:1
00000015517,3,6,271800,20231028: ,20250920: ,2023|뮤지컬:1;2024|발레/연극:1;2025|어린이·가족:1
00000020510,2,2,54000,20231028: ,20231028: ,2023|뮤지컬:2
00000019378,1,1,24000,20231028: ,20231028: ,2023|뮤지컬:1
00000006308,1,1,21000,20231028: ,20231028: ,2023|뮤지컬:1
00000006096,2,8,250000,20231028: ,20240518: ,2023|뮤지컬:1;2024|발레/연극:1
00000005813,3,4,490000,20231028: ,20251123: ,2023|뮤지컬:1;2024|뮤지컬:1;2025|뮤지컬:1
00000015589,1,1,30000,20231028: ,20231028: ,2023|뮤지컬:1
00000022225,1,1,24000,20231028: ,20231028: ,2023|뮤지컬:1
00000007334,1,1,24000,20231028: ,20231028: ,2023|뮤지컬:1
00000000627,1,1,24000,20231028: ,20231028: ,2023|뮤지컬:1
00000009839,1,3,84000,20231028: ,20231028: ,2023|뮤지컬:1
00000000181,1,1,24000,20231028: ,20231028: ,2023|뮤지컬:1
00000007230,1,2,60000,20231028: ,20231028: ,2023|뮤지컬:1
00000022051,1,1,30000,20231028: ,20231028: ,2023|뮤지컬:1
00000017786,5,13,499500,20231028: ,20250308: ,2023|뮤지컬:1;2023|어린이·가족:1;2024|클래식:1;2024|뮤지컬:1;2025|클래식:1
00000020678,1,2,54000,20231028: ,20231028: ,2023|뮤지컬:1
00000022284,1,2,54000,20231110: ,20231110: ,2023|클래식:1
00000014506,1,2,54000,20231110: ,20231110: ,2023|클래식:1
00000015685,2,4,108000,20231110: ,20231202: ,2023|클래식:2
00000019703,3,3,96500,20231110: ,20240320: ,2023|클래식:1;2024|클래식:2
00000018624,2,4,228600,20231110: ,20241225: ,2023|클래식:1;2024|발레/연극:1
00000015760,1,1,45000,20231110: ,20231110: ,2023|클래식:1
00000008006,3,5,270000,20231110: ,20241101: ,2023|클래식:2;2024|클래식:1
00000014511,1,5,240000,20231110: ,20231110: ,2023|클래식:1
00000018109,2,4,96000,20231110: ,20250719: ,2023|클래식:1;2025|발레/연극:1
00000011500,2,7,560000,20231110: ,20240714: ,2023|클래식:1;2024|뮤지컬:1
00000009547,1,1,45000,20231110: ,20231110: ,2023|클래식:1
00000021802,1,2,100000,20231110: ,20231110: ,2023|클래식:1
00000004706,1,2,85000,20231110: ,20231110: ,2023|클래식:1
00000018122,7,13,1377500,20231110: ,20250705: ,2023|클래식:1;2024|발레/연극:1;2024|뮤지컬:2;2024|클래식:1;2025|뮤지컬:2
00000006774,1,2,90000,20231110: ,20231110: ,2023|클래식:1
00000005710,4,6,239000,20201126: ,20241221: ,2023|클래식:1;2024|클래식:1;2020|클래식:2
00000007169,1,1,50000,20231110: ,20231110: ,2023|클래식:1
00000015796,1,2,90000,20231110: ,20231110: ,2023|클래식:1
00000020005,1,2,90000,20231110: ,20231110: ,2023|클래식:1
00000018403,1,4,190000,20231110: ,20231110: ,2023|클래식:1
00000007250,1,2,54000,20231110: ,20231110: ,2023|클래식:1
00000005778,5,9,465500,20201126: ,20250904: ,2023|클래식:1;2024|발레/연극:1;2025|클래식:2;2020|클래식:1
00000008174,1,1,50000,20231110: ,20231110: ,2023|클래식:1
00000004449,1,2,54000,20231110: ,20231110: ,2023|클래식:1
00000003549,5,11,215500,20231110: ,20240904: ,2023|클래식:1;2024|클래식:3;2024|발레/연극:1
00000021756,1,3,90000,20231117: ,20231117: ,2023|어린이·가족:1
00000016593,2,2,63000,20231117: ,20231222: ,2023|어린이·가족:1;2023|발레/연극:1
00000001466,2,3,204000,20231118: ,20250214: ,2023|어린이·가족:1;2025|뮤지컬:1
00000012485,1,2,54000,20231118: ,20231118: ,2023|어린이·가족:1
00000021437,1,2,54000,20231118: ,20231118: ,2023|어린이·가족:1
00000007318,2,3,147000,20231118: ,20250517: ,2023|어린이·가족:1;2025|어린이·가족:1
00000007513,2,2,57000,20231118: ,20231118: ,2023|어린이·가족:2
00000002902,1,2,54000,20231118: ,20231118: ,2023|어린이·가족:1
00000000025,1,2,54000,20231118: ,20231118: ,2023|어린이·가족:1
00000012231,1,4,114000,20231118: ,20231118: ,2023|어린이·가족:1
00000007453,1,4,114000,20231118: ,20231118: ,2023|어린이·가족:1
00000008966,1,2,54000,20231118: ,20231118: ,2023|어린이·가족:1
00000016152,4,10,460800,20231118: ,20250517: ,2023|어린이·가족:1;2024|어린이·가족:1;2024|발레/연극:1;2025|어린이·가족:1
00000008240,1,4,114000,20231118: ,20231118: ,2023|어린이·가족:1
00000010012,1,4,114000,20231118: ,20231118: ,2023|어린이·가족:1
00000009988,1,2,54000,20231118: ,20231118: ,2023|어린이·가족:1
00000004791,1,2,54000,20231118: ,20231118: ,2023|어린이·가족:1
00000019930,1,1,27000,20231118: ,20231118: ,2023|어린이·가족:1
00000018616,1,2,54000,20231118: ,20231118: ,2023|어린이·가족:1
00000000464,2,4,72000,20231118: ,20231202: ,2023|어린이·가족:1;2023|클래식:1
00000008411,1,2,60000,20231118: ,20231118: ,2023|어린이·가족:1
00000022029,1,2,48000,20231118: ,20231118: ,2023|어린이·가족:1
00000020339,2,4,108000,20201024: ,20231118: ,2023|어린이·가족:1;2020|뮤지컬:1
00000004681,1,2,54000,20231118: ,20231118: ,2023|어린이·가족:1
00000012140,1,2,60000,20231118: ,20231118: ,2023|어린이·가족:1
00000015171,1,2,10000,20231130: ,20231130: ,2023|클래식:1
00000013448,1,3,28000,20231202: ,20231202: ,2023|클래식:1
00000001001,1,5,25000,20231130: ,20231130: ,2023|클래식:1
00000016193,1,3,28000,20231202: ,20231202: ,2023|클래식:1
00000000622,1,4,20000,20231130: ,20231130: ,2023|클래식:1
00000006731,3,15,138000,20231130: ,20240904: ,2023|클래식:1;2024|클래식:2
00000017912,2,6,478000,20231130: ,20240714: ,2023|클래식:1;2024|뮤지컬:1
00000012782,1,2,10000,20231130: ,20231130: ,2023|클래식:1
00000016462,2,6,30000,20231130: ,20231130: ,2023|클래식:2
00000015767,1,1,5000,20231130: ,20231130: ,2023|클래식:1
00000011327,1,4,20000,20231130: ,20231130: ,2023|클래식:1
00000018765,2,2,68500,20231202: ,20240119: ,2023|클래식:1;2024|클래식:1
00000016430,1,2,20000,20231202: ,20231202: ,2023|클래식:1
00000014848,2,3,31500,20231130: ,20240320: ,2023|클래식:1;2024|클래식:1
00000021898,1,10,50000,20231130: ,20231130: ,2023|클래식:1
00000013645,1,2,18000,20231202: ,20231202: ,2023|클래식:1
00000012187,2,4,20000,20231130: ,20231202: ,2023|클래식:2
00000003304,1,1,9000,20231202: ,20231202: ,2023|클래식:1
00000007140,1,3,42000,20231214: ,20231214: ,2023|클래식:1
00000021380,1,2,30000,20231214: ,20231214: ,2023|클래식:1
00000003327,1,2,27000,20231214: ,20231214: ,2023|클래식:1
00000008504,2,2,27500,20231214: ,20251204: ,2023|클래식:1;2025|클래식:1
00000000987,1,2,27000,20231214: ,20231214: ,2023|클래식:1
00000013927,1,2,27000,20231214: ,20231214: ,2023|클래식:1
00000018626,1,2,27000,20231214: ,20231214: ,2023|클래식:1
00000003631,1,2,30000,20231214: ,20231214: ,2023|클래식:1
00000017425,1,5,37500,20231214: ,20231214: ,2023|클래식:1
00000013144,1,2,27000,20231214: ,20231214: ,2023|클래식:1
00000007701,2,10,174000,20231214: ,20251115: ,2023|클래식:1;2025|클래식:1
00000003348,2,4,135000,20231214: ,20240511: ,2023|클래식:1;2024|어린이·가족:1
00000005379,4,8,108000,20231214: ,20240904: ,2023|클래식:1;2024|클래식:3
00000010560,1,2,27000,20231214: ,20231214: ,2023|클래식:1
00000005736,1,2,27000,20231214: ,20231214: ,2023|클래식:1
00000020543,10,11,193500,20231214: ,20251204: ,2023|클래식:1;2024|클래식:5;2025|클래식:4
00000015188,4,8,108000,20231214: ,20241204: ,2023|클래식:1;2024|클래식:3
00000009994,2,4,347000,20231214: ,20250214: ,2023|클래식:1;2025|뮤지컬:1
00000000553,4,8,126000,20231214: ,20250710: ,2023|클래식:1;2024|클래식:1;2025|클래식:2
00000018522,2,5,148800,20231214: ,20250802: ,2023|클래식:1;2025|어린이·가족:1
00000013507,3,7,216000,20231214: ,20250517: ,2023|클래식:1;2024|어린이·가족:1;2025|어린이·가족:1
00000008313,7,14,350200,20231214: ,20250920: ,2023|클래식:1;2024|클래식:3;2024|어린이·가족:1;2025|클래식:1;2025|어린이·가족:1
00000022300,1,2,27000,20231214: ,20231214: ,2023|클래식:1
00000022219,1,1,13500,20231214: ,20231214: ,2023|클래식:1
00000002613,5,10,368100,20231214: ,20251204: ,2023|클래식:1;2024|어린이·가족:1;2024|발레/연극:1;2025|클래식:2
00000004308,1,1,13500,20231214: ,20231214: ,2023|클래식:1
00000007476,4,5,115000,20231214: ,20251204: ,2023|클래식:2;2025|클래식:2
00000008077,9,18,306000,20231214: ,20251204: ,2023|클래식:1;2024|클래식:3;2025|클래식:5
00000004071,2,3,75000,20231214: ,20240911: ,2023|클래식:1;2024|어린이·가족:1
00000009234,2,2,27000,20231214: ,20231214: ,2023|클래식:2
00000021129,8,15,594000,20231214: ,20251204: ,2023|클래식:1;2024|어린이·가족:1;2025|뮤지컬:1;2025|클래식:4;2025|어린이·가족:1
00000009128,1,4,57000,20231214: ,20231214: ,2023|클래식:1
00000008621,4,11,153000,20231214: ,20241204: ,2023|클래식:1;2024|클래식:3
00000010638,1,2,27000,20231214: ,20231214: ,2023|클래식:1
00000002149,1,7,105000,20231214: ,20231214: ,2023|클래식:1
00000006278,1,1,15000,20231214: ,20231214: ,2023|클래식:1
00000010014,1,1,15000,20231214: ,20231214: ,2023|클래식:1
00000021747,1,2,30000,20231214: ,20231214: ,2023|클래식:1
00000016856,1,2,27000,20231214: ,20231214: ,2023|클래식:1
00000015481,1,2,27000,20231214: ,20231214: ,2023|클래식:1
00000002745,1,1,13500,20231214: ,20231214: ,2023|클래식:1
00000014984,1,2,30000,20231214: ,20231214: ,2023|클래식:1
00000013292,1,2,27000,20231214: ,20231214: ,2023|클래식:1
00000020581,1,1,15000,20231214: ,20231214: ,2023|클래식:1
00000017082,8,18,630600,20231214: ,20250529: ,2023|클래식:1;2024|클래식:4;2024|발레/연극:1;2025|발레/연극:2
00000005655,1,2,27000,20231214: ,20231214: ,2023|클래식:1
00000016976,1,1,13500,20231214: ,20231214: ,2023|클래식:1
00000019326,1,1,13500,20231214: ,20231214: ,2023|클래식:1
00000021404,1,2,27000,20231214: ,20231214: ,2023|클래식:1
00000002391,1,4,120000,20231214: ,20231214: ,2023|클래식:1
00000000603,1,2,27000,20231214: ,20231214: ,2023|클래식:1
00000022648,1,2,27000,20231214: ,20231214: ,2023|클래식:1
00000015277,2,4,63000,20231214: ,20250719: ,2023|클래식:1;2025|발레/연극:1
00000020787,3,3,118000,20231214: ,20250308: ,2023|클래식:1;2024|클래식:1;2025|클래식:1
00000000098,4,7,454800,20231214: ,20251123: ,2023|클래식:2;2025|어린이·가족:1;2025|뮤지컬:1
00000019655,1,1,13500,20231214: ,20231214: ,2023|클래식:1
00000018605,1,2,27000,20231214: ,20231214: ,2023|클래식:1
00000017434,8,18,792000,20231214: ,20250710: ,2023|클래식:1;2024|클래식:3;2025|뮤지컬:1;2025|클래식:3
00000013443,2,4,117000,20231214: ,20250424: ,2023|클래식:1;2025|발레/연극:1
00000002062,6,17,288000,20231214: ,20251204: ,2023|클래식:1;2024|기타:1;2024|클래식:2;2025|클래식:2
00000007690,1,4,60000,20231214: ,20231214: ,2023|클래식:1
00000010609,1,1,13500,20231214: ,20231214: ,2023|클래식:1
00000009774,7,16,412000,20231214: ,20250911: ,2023|클래식:2;2024|클래식:2;2025|발레/연극:1;2025|클래식:2
00000005608,3,5,37500,20231214: ,20241204: ,2023|클래식:1;2024|클래식:2
00000001840,2,4,127000,20231214: ,20231224: ,2023|클래식:2
00000015227,5,10,180000,20231214: ,20240904: ,2023|클래식:1;2023|발레/연극:1;2024|클래식:3
00000009665,1,2,27000,20231214: ,20231214: ,2023|클래식:1
00000005992,3,5,152000,20231214: ,20231224: ,2023|클래식:3
00000009265,1,2,80000,20231215: ,20231215: ,2023|발레/연극:1
00000007520,1,3,112000,20231216: ,20231216: ,2023|발레/연극:1
00000006379,1,3,112000,20231216: ,20231216: ,2023|발레/연극:1
00000017959,3,15,746000,20231216: ,20240514: ,2023|발레/연극:1;2024|발레/연극:2
00000000630,1,2,72000,20231216: ,20231216: ,2023|발레/연극:1
00000017248,1,2,72000,20231216: ,20231216: ,2023|발레/연극:1
00000020024,1,2,72000,20231216: ,20231216: ,2023|발레/연극:1
00000006269,1,1,36000,20231216: ,20231216: ,2023|발레/연극:1
00000014355,3,4,260000,20231216: ,20251123: ,2023|발레/연극:1;2025|발레/연극:1;2025|뮤지컬:1
00000001296,1,2,72000,20231216: ,20231216: ,2023|발레/연극:1
00000000365,1,2,72000,20231216: ,20231216: ,2023|발레/연극:1
00000001945,7,8,407200,20231216: ,20251128: ,2023|발레/연극:1;2024|뮤지컬:1;2024|발레/연극:1;2025|뮤지컬:1;2025|발레/연극:2;2025|어린이·가족:1
00000002920,1,2,72000,20231216: ,20231216: ,2023|발레/연극:1
00000012486,1,2,80000,20231216: ,20231216: ,2023|발레/연극:1
00000006599,1,2,72000,20231216: ,20231216: ,2023|발레/연극:1
00000010389,1,2,80000,20231216: ,20231216: ,2023|발레/연극:1
00000016908,1,2,72000,20231216: ,20231216: ,2023|발레/연극:1
00000002156,1,1,36000,20231216: ,20231216: ,2023|발레/연극:1
00000002872,1,2,72000,20231216: ,20231216: ,2023|발레/연극:1
00000009976,2,4,160000,20231216: ,20231216: ,2023|발레/연극:2
00000020159,1,2,72000,20231216: ,20231216: ,2023|발레/연극:1
00000002461,2,3,216000,20231216: ,20240714: ,2023|발레/연극:1;2024|뮤지컬:1
00000019675,1,2,72000,20231216: ,20231216: ,2023|발레/연극:1
00000005871,1,2,72000,20231216: ,20231216: ,2023|발레/연극:1
00000016206,1,2,80000,20231216: ,20231216: ,2023|발레/연극:1
00000012014,2,4,160000,20231216: ,20240518: ,2023|발레/연극:1;2024|발레/연극:1
00000007642,1,2,72000,20231216: ,20231216: ,2023|발레/연극:1
00000019959,3,6,209000,20231216: ,20241214: ,2023|발레/연극:1;2024|뮤지컬:1;2024|발레/연극:1
00000008948,1,2,72000,20231216: ,20231216: ,2023|발레/연극:1
00000017610,1,2,80000,20231216: ,20231216: ,2023|발레/연극:1
00000013666,1,2,72000,20231216: ,20231216: ,2023|발레/연극:1
00000000646,1,2,72000,20231216: ,20231216: ,2023|발레/연극:1
00000018813,1,2,72000,20231216: ,20231216: ,2023|발레/연극:1
00000008694,1,2,72000,20231216: ,20231216: ,2023|발레/연극:1
00000007425,1,2,72000,20231216: ,20231216: ,2023|발레/연극:1
00000011793,2,4,126000,20231216: ,20250720: ,2023|발레/연극:1;2025|발레/연극:1
00000017515,2,4,360000,20231216: ,20250215: ,2023|발레/연극:1;2025|뮤지컬:1
00000006286,1,2,72000,20231216: ,20231216: ,2023|발레/연극:1
00000005624,1,2,80000,20231216: ,20231216: ,2023|발레/연극:1
00000019034,1,2,64000,20231216: ,20231216: ,2023|발레/연극:1
00000022003,1,6,224000,20231216: ,20231216: ,2023|발레/연극:1
00000021587,1,2,72000,20231216: ,20231216: ,2023|발레/연극:1
00000003425,1,2,80000,20231216: ,20231216: ,2023|발레/연극:1
00000017060,1,2,72000,20231216: ,20231216: ,2023|발레/연극:1
00000009319,1,4,152000,20231216: ,20231216: ,2023|발레/연극:1
00000010845,3,6,378000,20231220: ,20250719: ,2023|발레/연극:1;2025|뮤지컬:1;2025|발레/연극:1
00000017586,1,2,72000,20231220: ,20231220: ,2023|발레/연극:1
00000008924,3,5,114000,20231220: ,20240320: ,2023|발레/연극:1;2024|클래식:2
00000010127,1,2,80000,20231220: ,20231220: ,2023|발레/연극:1
00000016737,1,2,80000,20231220: ,20231220: ,2023|발레/연극:1
00000002436,2,3,124000,20231220: ,20240514: ,2023|발레/연극:1;2024|발레/연극:1
00000004349,4,7,872000,20231220: ,20251123: ,2023|발레/연극:1;2024|뮤지컬:1;2025|뮤지컬:2
00000005855,5,10,345000,20231220: ,20250719: ,2023|발레/연극:2;2024|발레/연극:1;2024|뮤지컬:1;2025|발레/연극:1
00000005274,2,4,153000,20231220: ,20241214: ,2023|발레/연극:1;2024|발레/연극:1
00000007571,1,4,160000,20231220: ,20231220: ,2023|발레/연극:1
00000006674,1,2,72000,20231220: ,20231220: ,2023|발레/연극:1
00000003598,1,2,80000,20231220: ,20231220: ,2023|발레/연극:1
00000017130,4,12,342000,20231220: ,20251129: ,2023|발레/연극:1;2024|클래식:1;2025|발레/연극:2
00000022649,3,8,603000,20231220: ,20250215: ,2023|발레/연극:1;2024|클래식:1;2025|뮤지컬:1
00000010281,1,1,36000,20231220: ,20231220: ,2023|발레/연극:1
00000006981,1,5,192000,20231220: ,20231220: ,2023|발레/연극:1
00000003850,1,1,40000,20231220: ,20231220: ,2023|발레/연극:1
00000004823,2,10,396000,20231220: ,20231220: ,2023|발레/연극:2
00000010083,1,3,112000,20231220: ,20231220: ,2023|발레/연극:1
00000013712,1,2,72000,20231220: ,20231220: ,2023|발레/연극:1
00000008173,1,2,72000,20231220: ,20231220: ,2023|발레/연극:1
00000010115,1,2,80000,20231220: ,20231220: ,2023|발레/연극:1
00000017276,1,3,112000,20231220: ,20231220: ,2023|발레/연극:1
00000005418,1,2,72000,20231221: ,20231221: ,2023|발레/연극:1
00000000242,1,2,72000,20231221: ,20231221: ,2023|발레/연극:1
00000002777,1,1,36000,20231221: ,20231221: ,2023|발레/연극:1
00000011044,2,12,480000,20231222: ,20231222: ,2023|발레/연극:2
00000007501,2,3,88000,20231222: ,20250719: ,2023|발레/연극:1;2025|발레/연극:1
00000010138,1,2,72000,20231222: ,20231222: ,2023|발레/연극:1
00000011575,3,9,346000,20231222: ,20250517: ,2023|발레/연극:1;2024|뮤지컬:1;2025|기타:1
00000019187,2,5,117000,20231222: ,20241204: ,2023|발레/연극:1;2024|클래식:1
00000020597,4,7,564500,20231222: ,20251123: ,2023|발레/연극:1;2024|발레/연극:1;2025|뮤지컬:2
00000011115,2,6,227500,20231222: ,20240518: ,2023|발레/연극:1;2024|발레/연극:1
00000010113,1,2,72000,20231222: ,20231222: ,2023|발레/연극:1
00000012696,2,3,135000,20231222: ,20241225: ,2023|발레/연극:1;2024|발레/연극:1
00000012352,1,2,72000,20231222: ,20231222: ,2023|발레/연극:1
00000002535,1,2,72000,20231222: ,20231222: ,2023|발레/연극:1
00000020166,3,4,152000,20231222: ,20231222: ,2023|발레/연극:3
00000019782,1,2,80000,20231222: ,20231222: ,2023|발레/연극:1
00000016997,1,2,72000,20231222: ,20231222: ,2023|발레/연극:1
00000001303,1,1,36000,20231222: ,20231222: ,2023|발레/연극:1
00000011356,6,11,915000,20231222: ,20250720: ,2023|발레/연극:1;2024|뮤지컬:1;2025|발레/연극:3;2025|뮤지컬:1
00000013239,1,2,80000,20231222: ,20231222: ,2023|발레/연극:1
00000004387,2,3,225000,20231222: ,20251123: ,2023|발레/연극:1;2025|뮤지컬:1
00000006372,4,8,936000,20231222: ,20250704: ,2023|발레/연극:1;2024|뮤지컬:1;2025|뮤지컬:2
00000012151,1,9,360000,20231222: ,20231222: ,2023|발레/연극:1
00000020112,2,6,156000,20231222: ,20250719: ,2023|발레/연극:1;2025|발레/연극:1
00000008843,2,4,144000,20231222: ,20250720: ,2023|발레/연극:1;2025|발레/연극:1
00000010004,1,2,72000,20231222: ,20231222: ,2023|발레/연극:1
00000018814,4,7,639000,20231222: ,20251123: ,2023|발레/연극:1;2024|발레/연극:1;2025|뮤지컬:2
00000018096,1,1,36000,20231222: ,20231222: ,2023|발레/연극:1
00000012356,1,1,40000,20231222: ,20231222: ,2023|발레/연극:1
00000008867,4,11,1268000,20231222: ,20250215: ,2023|발레/연극:1;2024|뮤지컬:2;2025|뮤지컬:1
00000008984,1,2,72000,20231222: ,20231222: ,2023|발레/연극:1
00000006818,2,4,368000,20231222: ,20240713: ,2023|발레/연극:1;2024|뮤지컬:1
00000008099,1,2,72000,20231223: ,20231223: ,2023|발레/연극:1
00000004873,1,2,80000,20231223: ,20231223: ,2023|발레/연극:1
00000013504,2,4,412000,20231223: ,20251122: ,2023|발레/연극:1;2025|뮤지컬:1
00000021498,1,2,72000,20231223: ,20231223: ,2023|발레/연극:1
00000000988,1,2,80000,20231223: ,20231223: ,2023|발레/연극:1
00000000419,3,6,243000,20231223: ,20241213: ,2023|발레/연극:1;2024|발레/연극:2
00000003646,1,2,72000,20231223: ,20231223: ,2023|발레/연극:1
00000007300,1,4,152000,20231223: ,20231223: ,2023|발레/연극:1
00000018798,1,2,72000,20231223: ,20231223: ,2023|발레/연극:1
00000019201,1,3,112000,20231223: ,20231223: ,2023|발레/연극:1
00000015447,1,2,72000,20231223: ,20231223: ,2023|발레/연극:1
00000018874,1,2,72000,20231223: ,20231223: ,2023|발레/연극:1
00000007730,1,2,72000,20231223: ,20231223: ,2023|발레/연극:1
00000005125,1,2,72000,20231223: ,20231223: ,2023|발레/연극:1
00000000645,1,2,72000,20231223: ,20231223: ,2023|발레/연극:1
00000011700,1,2,72000,20231223: ,20231223: ,2023|발레/연극:1
00000002871,1,2,72000,20231223: ,20231223: ,2023|발레/연극:1
00000008552,2,7,169000,20231223: ,20240320: ,2023|발레/연극:1;2024|클래식:1
00000012979,1,2,80000,20231223: ,20231223: ,2023|발레/연극:1
00000003231,1,3,112000,20231223: ,20231223: ,2023|발레/연극:1
00000019248,1,2,80000,20231223: ,20231223: ,2023|발레/연극:1
00000021971,1,2,72000,20231223: ,20231223: ,2023|발레/연극:1
00000011223,1,1,36000,20231223: ,20231223: ,2023|발레/연극:1
00000001460,1,2,72000,20231223: ,20231223: ,2023|발레/연극:1
00000005653,5,10,748000,20231223: ,20250720: ,2023|발레/연극:1;2025|뮤지컬:2;2025|클래식:1;2025|발레/연극:1
00000002307,1,2,72000,20231223: ,20231223: ,2023|발레/연극:1
00000007533,2,3,324000,20231223: ,20250215: ,2023|발레/연극:1;2025|뮤지컬:1
00000008619,1,4,160000,20231223: ,20231223: ,2023|발레/연극:1
00000021312,1,2,72000,20231223: ,20231223: ,2023|발레/연극:1
00000006757,2,11,337000,20231223: ,20250719: ,2023|발레/연극:1;2025|발레/연극:1
00000001121,4,8,962000,20231223: ,20251123: ,2023|발레/연극:1;2025|뮤지컬:3
00000017553,3,6,444600,20231223: ,20241225: ,2023|발레/연극:1;2024|뮤지컬:1;2024|발레/연극:1
00000004769,1,2,72000,20231223: ,20231223: ,2023|발레/연극:1
00000001420,2,4,412000,20231223: ,20251123: ,2023|발레/연극:1;2025|뮤지컬:1
00000011311,1,2,72000,20231223: ,20231223: ,2023|발레/연극:1
00000010262,1,2,72000,20231223: ,20231223: ,2023|발레/연극:1
00000000543,1,2,72000,20231223: ,20231223: ,2023|발레/연극:1
00000013392,1,3,112000,20231223: ,20231223: ,2023|발레/연극:1
00000008644,2,4,360000,20231223: ,20250706: ,2023|발레/연극:1;2025|뮤지컬:1
00000010795,1,2,72000,20231223: ,20231223: ,2023|발레/연극:1
00000001476,3,9,1124000,20231223: ,20251122: ,2023|발레/연극:1;2025|뮤지컬:2
00000020318,1,3,112000,20231223: ,20231223: ,2023|발레/연극:1
00000022534,1,2,72000,20231223: ,20231223: ,2023|발레/연극:1
00000001973,1,2,72000,20231223: ,20231223: ,2023|발레/연극:1
00000016896,3,6,459000,20231223: ,20250214: ,2023|발레/연극:1;2024|발레/연극:1;2025|뮤지컬:1
00000021332,1,2,72000,20231223: ,20231223: ,2023|발레/연극:1
00000002567,1,3,112000,20231223: ,20231223: ,2023|발레/연극:1
00000003578,2,4,171000,20231223: ,20240515: ,2023|발레/연극:1;2024|발레/연극:1
00000011828,1,2,64000,20231223: ,20231223: ,2023|발레/연극:1
00000002665,1,2,72000,20231223: ,20231223: ,2023|발레/연극:1
00000008661,2,8,397000,20231223: ,20231224: ,2023|발레/연극:1;2023|클래식:1
00000018072,6,18,957400,20231223: ,20251123: ,2023|발레/연극:1;2023|클래식:1;2024|클래식:1;2024|발레/연극:1;2025|클래식:1;2025|뮤지컬:1
00000022134,1,2,72000,20231223: ,20231223: ,2023|발레/연극:1
00000019518,2,4,126000,20231223: ,20241101: ,2023|발레/연극:1;2024|클래식:1
00000022187,1,2,72000,20231223: ,20231223: ,2023|발레/연극:1
00000000046,1,2,72000,20231223: ,20231223: ,2023|발레/연극:1
00000002840,1,2,72000,20231223: ,20231223: ,2023|발레/연극:1
00000017896,1,2,72000,20231223: ,20231223: ,2023|발레/연극:1
00000020514,1,2,72000,20231223: ,20231223: ,2023|발레/연극:1
00000019801,1,3,112000,20231223: ,20231223: ,2023|발레/연극:1
00000008117,1,2,80000,20231223: ,20231223: ,2023|발레/연극:1
00000022196,1,1,36000,20231223: ,20231223: ,2023|발레/연극:1
00000008420,1,2,72000,20231223: ,20231223: ,2023|발레/연극:1
00000013327,1,2,72000,20231223: ,20231223: ,2023|발레/연극:1
00000021039,3,6,170000,20231223: ,20241012: ,2023|발레/연극:1;2024|클래식:2
00000005307,1,2,72000,20231223: ,20231223: ,2023|발레/연극:1
00000000609,1,2,72000,20231223: ,20231223: ,2023|발레/연극:1
00000005282,1,2,72000,20231223: ,20231223: ,2023|발레/연극:1
00000021555,1,3,112000,20231223: ,20231223: ,2023|발레/연극:1
00000015934,1,2,72000,20231223: ,20231223: ,2023|발레/연극:1
00000005289,1,3,112000,20231223: ,20231223: ,2023|발레/연극:1
00000003792,2,5,325000,20231223: ,20250705: ,2023|발레/연극:1;2025|뮤지컬:1
00000018156,1,2,72000,20231223: ,20231223: ,2023|발레/연극:1
00000001999,1,2,72000,20231223: ,20231223: ,2023|발레/연극:1
00000008819,4,8,968000,20231224: ,20250216: ,2023|발레/연극:1;2024|뮤지컬:1;2025|뮤지컬:2
00000003880,1,2,72000,20231224: ,20231224: ,2023|발레/연극:1
00000000357,1,2,72000,20231224: ,20231224: ,2023|발레/연극:1
00000021700,1,2,72000,20231224: ,20231224: ,2023|발레/연극:1
00000015682,3,5,400000,20231224: ,20240712: ,2023|발레/연극:2;2024|뮤지컬:1
00000003001,1,2,80000,20231224: ,20231224: ,2023|발레/연극:1
00000011189,1,2,80000,20231224: ,20231224: ,2023|발레/연극:1
00000020329,1,2,80000,20231224: ,20231224: ,2023|발레/연극:1
00000005297,1,2,72000,20231224: ,20231224: ,2023|발레/연극:1
00000016872,5,11,902000,20231224: ,20250706: ,2023|발레/연극:1;2024|발레/연극:1;2024|뮤지컬:2;2025|뮤지컬:1
00000005494,1,2,72000,20231224: ,20231224: ,2023|발레/연극:1
00000007483,1,2,72000,20231224: ,20231224: ,2023|발레/연극:1
00000021021,1,2,72000,20231224: ,20231224: ,2023|발레/연극:1
00000001346,1,2,72000,20231224: ,20231224: ,2023|발레/연극:1
00000019140,1,2,72000,20231224: ,20231224: ,2023|발레/연극:1
00000020736,1,2,80000,20231224: ,20231224: ,2023|발레/연극:1
00000013129,1,2,80000,20231224: ,20231224: ,2023|발레/연극:1
00000012775,1,2,80000,20231224: ,20231224: ,2023|발레/연극:1
00000021308,1,2,72000,20231224: ,20231224: ,2023|발레/연극:1
00000012813,1,2,80000,20231224: ,20231224: ,2023|발레/연극:1
00000018340,1,2,72000,20231224: ,20231224: ,2023|발레/연극:1
00000021779,1,1,36000,20231224: ,20231224: ,2023|발레/연극:1
00000021330,1,2,72000,20231224: ,20231224: ,2023|발레/연극:1
00000020508,3,6,390000,20231224: ,20251123: ,2023|발레/연극:1;2024|발레/연극:1;2025|뮤지컬:1
00000006216,1,2,72000,20231224: ,20231224: ,2023|발레/연극:1
00000001675,1,1,40000,20231224: ,20231224: ,2023|발레/연극:1
00000004589,1,2,72000,20231224: ,20231224: ,2023|발레/연극:1
00000006877,1,2,72000,20231224: ,20231224: ,2023|발레/연극:1
00000011309,1,2,80000,20231224: ,20231224: ,2023|발레/연극:1
00000022184,1,2,72000,20231224: ,20231224: ,2023|발레/연극:1
00000002090,1,2,56000,20231224: ,20231224: ,2023|발레/연극:1
00000010629,1,1,40000,20231224: ,20231224: ,2023|발레/연극:1
00000013026,2,4,360000,20231224: ,20250215: ,2023|발레/연극:1;2025|뮤지컬:1
00000004938,1,2,80000,20231224: ,20231224: ,2023|발레/연극:1
00000005330,1,2,72000,20231224: ,20231224: ,2023|발레/연극:1
00000022110,1,2,72000,20231224: ,20231224: ,2023|발레/연극:1
00000019366,2,4,360000,20231224: ,20250215: ,2023|발레/연극:1;2025|뮤지컬:1
00000005718,1,2,72000,20231224: ,20231224: ,2023|발레/연극:1
00000008423,1,2,72000,20231224: ,20231224: ,2023|발레/연극:1
00000001310,1,2,72000,20231224: ,20231224: ,2023|발레/연극:1
00000022462,1,2,72000,20231224: ,20231224: ,2023|발레/연극:1
00000015596,2,4,292000,20231224: ,20250215: ,2023|발레/연극:1;2025|뮤지컬:1
00000008424,1,2,80000,20231224: ,20231224: ,2023|발레/연극:1
00000007753,1,2,72000,20231224: ,20231224: ,2023|발레/연극:1
00000003911,2,4,392000,20231224: ,20250704: ,2023|발레/연극:1;2025|뮤지컬:1
00000015123,1,2,80000,20231224: ,20231224: ,2023|발레/연극:1
00000017344,1,2,80000,20231224: ,20231224: ,2023|발레/연극:1
00000013459,1,2,72000,20231224: ,20231224: ,2023|발레/연극:1
00000005068,1,2,80000,20231224: ,20231224: ,2023|발레/연극:1
00000010280,2,4,160000,20231224: ,20240518: ,2023|발레/연극:1;2024|발레/연극:1
00000009513,1,4,128000,20231224: ,20231224: ,2023|발레/연극:1
00000002936,1,2,72000,20231224: ,20231224: ,2023|발레/연극:1
00000017075,1,2,72000,20231224: ,20231224: ,2023|발레/연극:1
00000006287,1,2,80000,20231224: ,20231224: ,2023|발레/연극:1
00000010618,1,2,80000,20231224: ,20231224: ,2023|발레/연극:1
00000002679,1,2,72000,20231224: ,20231224: ,2023|발레/연극:1
00000012768,3,6,558000,20231224: ,20250215: ,2023|발레/연극:1;2024|뮤지컬:1;2025|뮤지컬:1
00000020349,1,2,72000,20231224: ,20231224: ,2023|발레/연극:1
00000001046,1,2,72000,20231224: ,20231224: ,2023|발레/연극:1
00000002955,1,2,72000,20231224: ,20231224: ,2023|발레/연극:1
00000004614,1,2,80000,20231224: ,20231224: ,2023|발레/연극:1
00000006019,1,2,72000,20231224: ,20231224: ,2023|발레/연극:1
00000003115,1,2,72000,20231224: ,20231224: ,2023|발레/연극:1
00000015541,3,7,216000,20231224: ,20250517: ,2023|발레/연극:1;2024|뮤지컬:1;2025|기타:1
00000000806,1,2,72000,20231224: ,20231224: ,2023|발레/연극:1
00000014059,1,2,72000,20231224: ,20231224: ,2023|발레/연극:1
00000012470,1,3,84000,20231224: ,20231224: ,2023|발레/연극:1
00000012724,1,2,72000,20231224: ,20231224: ,2023|발레/연극:1
00000017118,1,2,72000,20231224: ,20231224: ,2023|발레/연극:1
00000013826,1,2,72000,20231224: ,20231224: ,2023|발레/연극:1
00000003313,1,2,64000,20231224: ,20231224: ,2023|발레/연극:1
00000016260,1,2,80000,20231225: ,20231225: ,2023|발레/연극:1
00000016281,2,4,270000,20231225: ,20250215: ,2023|발레/연극:1;2025|뮤지컬:1
00000017679,1,2,72000,20231225: ,20231225: ,2023|발레/연극:1
00000006274,1,2,72000,20231225: ,20231225: ,2023|발레/연극:1
00000018069,1,2,72000,20231225: ,20231225: ,2023|발레/연극:1
00000009866,1,2,72000,20231225: ,20231225: ,2023|발레/연극:1
00000002982,1,2,72000,20231225: ,20231225: ,2023|발레/연극:1
00000014862,1,2,72000,20231225: ,20231225: ,2023|발레/연극:1
00000005136,1,2,80000,20231225: ,20231225: ,2023|발레/연극:1
00000001786,1,2,72000,20231225: ,20231225: ,2023|발레/연극:1
00000012447,1,2,72000,20231225: ,20231225: ,2023|발레/연극:1
00000001646,2,4,352000,20231225: ,20250215: ,2023|발레/연극:1;2025|뮤지컬:1
00000010249,1,2,80000,20231225: ,20231225: ,2023|발레/연극:1
00000013762,1,2,72000,20231225: ,20231225: ,2023|발레/연극:1
00000001614,1,2,80000,20231225: ,20231225: ,2023|발레/연극:1
00000014263,1,2,72000,20231225: ,20231225: ,2023|발레/연극:1
00000002355,1,2,72000,20231225: ,20231225: ,2023|발레/연극:1
00000011844,1,2,72000,20231225: ,20231225: ,2023|발레/연극:1
00000015067,1,2,80000,20231225: ,20231225: ,2023|발레/연극:1
00000001324,1,2,80000,20231225: ,20231225: ,2023|발레/연극:1
00000013567,1,2,72000,20231225: ,20231225: ,2023|발레/연극:1
00000013801,1,1,36000,20231225: ,20231225: ,2023|발레/연극:1
00000008008,4,8,520000,20231225: ,20250719: ,2023|발레/연극:1;2024|발레/연극:1;2025|뮤지컬:1;2025|발레/연극:1
00000007214,1,2,72000,20231225: ,20231225: ,2023|발레/연극:1
00000005273,1,2,72000,20231225: ,20231225: ,2023|발레/연극:1
00000015038,1,2,64000,20231225: ,20231225: ,2023|발레/연극:1
00000006334,1,2,80000,20231225: ,20231225: ,2023|발레/연극:1
00000004912,1,2,72000,20231225: ,20231225: ,2023|발레/연극:1
00000001957,1,2,72000,20231225: ,20231225: ,2023|발레/연극:1
00000011099,4,8,680000,20231225: ,20251123: ,2023|발레/연극:1;2025|발레/연극:1;2025|뮤지컬:2
00000016749,2,6,684000,20231225: ,20251123: ,2023|발레/연극:1;2025|뮤지컬:1
00000000783,1,2,72000,20231225: ,20231225: ,2023|발레/연극:1
00000000003,1,2,64000,20231225: ,20231225: ,2023|발레/연극:1
00000015408,1,2,72000,20231225: ,20231225: ,2023|발레/연극:1
00000005835,2,4,324000,20231225: ,20250214: ,2023|발레/연극:1;2025|뮤지컬:1
00000016904,1,2,72000,20231225: ,20231225: ,2023|발레/연극:1
00000017390,1,2,72000,20231225: ,20231225: ,2023|발레/연극:1
00000009158,2,4,360000,20231225: ,20250215: ,2023|발레/연극:1;2025|뮤지컬:1
00000015104,1,2,72000,20231225: ,20231225: ,2023|발레/연극:1
00000022150,1,2,80000,20231225: ,20231225: ,2023|발레/연극:1
00000000247,1,2,100000,20231223: ,20231223: ,2023|클래식:1
00000019469,4,8,337000,20231223: ,20251123: ,2023|클래식:1;2024|클래식:1;2025|발레/연극:1;2025|뮤지컬:1
00000005536,1,2,126000,20231223: ,20231223: ,2023|클래식:1
00000006588,3,10,447000,20231223: ,20250308: ,2023|클래식:1;2024|뮤지컬:1;2025|클래식:1
00000010933,2,5,218800,20231223: ,20250920: ,2023|클래식:1;2025|어린이·가족:1
00000002527,3,6,488500,20231223: ,20250706: ,2023|클래식:1;2024|클래식:1;2025|뮤지컬:1
00000004327,2,9,354000,20231223: ,20240119: ,2023|클래식:1;2024|클래식:1
00000014354,1,1,63000,20231223: ,20231223: ,2023|클래식:1
00000017295,1,2,100000,20231223: ,20231223: ,2023|클래식:1
00000004305,1,4,180000,20231223: ,20231223: ,2023|클래식:1
00000011009,1,4,180000,20231223: ,20231223: ,2023|클래식:1
00000005677,1,2,100000,20231223: ,20231223: ,2023|클래식:1
00000010145,3,5,145500,20231223: ,20250308: ,2023|클래식:1;2024|클래식:1;2025|클래식:1
00000017635,3,5,437000,20231223: ,20240713: ,2023|클래식:1;2024|뮤지컬:2
00000019776,1,2,100000,20231223: ,20231223: ,2023|클래식:1
00000006119,1,1,70000,20231223: ,20231223: ,2023|클래식:1
00000011194,1,2,98000,20231223: ,20231223: ,2023|클래식:1
00000017381,1,2,112000,20231223: ,20231223: ,2023|클래식:1
00000016068,1,2,100000,20231223: ,20231223: ,2023|클래식:1
00000003242,2,4,226000,20231223: ,20241101: ,2023|클래식:1;2024|클래식:1
00000009673,2,3,304000,20231223: ,20240714: ,2023|클래식:1;2024|뮤지컬:1
00000004271,1,2,126000,20231223: ,20231223: ,2023|클래식:1
00000012393,1,2,100000,20231223: ,20231223: ,2023|클래식:1
00000003454,1,1,27000,20231223: ,20231223: ,2023|클래식:1
00000001261,1,4,180000,20231223: ,20231223: ,2023|클래식:1
00000001480,1,3,163000,20231223: ,20231223: ,2023|클래식:1
00000002018,2,6,420000,20231223: ,20240119: ,2023|클래식:1;2024|클래식:1
00000019447,1,2,54000,20231223: ,20231223: ,2023|클래식:1
00000013233,1,2,98000,20231223: ,20231223: ,2023|클래식:1
00000022626,1,2,98000,20231223: ,20231223: ,2023|클래식:1
00000017693,1,2,126000,20231223: ,20231223: ,2023|클래식:1
00000002140,1,2,98000,20231223: ,20231223: ,2023|클래식:1
00000007869,1,2,100000,20231223: ,20231223: ,2023|클래식:1
00000011331,1,1,63000,20231223: ,20231223: ,2023|클래식:1
00000018576,2,6,280000,20231223: ,20231223: ,2023|클래식:2
00000016649,1,2,100000,20231223: ,20231223: ,2023|클래식:1
00000021408,1,1,70000,20231223: ,20231223: ,2023|클래식:1
00000003563,2,4,240000,20231223: ,20241206: ,2023|클래식:1;2024|클래식:1
00000002332,1,1,63000,20231223: ,20231223: ,2023|클래식:1
00000006761,1,1,63000,20231223: ,20231223: ,2023|클래식:1
00000001847,1,2,80000,20231223: ,20231223: ,2023|클래식:1
00000018680,1,2,100000,20231223: ,20231223: ,2023|클래식:1
00000016250,1,4,180000,20231223: ,20231223: ,2023|클래식:1
00000009711,4,10,900000,20231223: ,20251122: ,2023|클래식:2;2024|뮤지컬:1;2025|뮤지컬:1
00000018625,1,2,54000,20231223: ,20231223: ,2023|클래식:1
00000019802,19,19,1229800,20231223: ,20251122: ,2023|클래식:1;2024|클래식:3;2024|뮤지컬:5;2024|발레/연극:1;2025|클래식:4;2025|발레/연극:4;2025|뮤지컬:1
00000020666,3,6,488000,20231223: ,20240714: ,2023|클래식:2;2024|뮤지컬:1
00000011963,1,2,100000,20231223: ,20231223: ,2023|클래식:1
00000005530,1,5,229000,20231223: ,20231223: ,2023|클래식:1
00000019406,1,3,163000,20231223: ,20231223: ,2023|클래식:1
00000022186,1,2,100000,20231223: ,20231223: ,2023|클래식:1
00000002422,1,2,80000,20231223: ,20231223: ,2023|클래식:1
00000014930,1,1,63000,20231223: ,20231223: ,2023|클래식:1
00000020416,8,22,1107600,20231223: ,20250920: ,2023|클래식:1;2024|클래식:2;2024|발레/연극:2;2025|뮤지컬:1;2025|어린이·가족:2
00000000527,2,3,192000,20231223: ,20240712: ,2023|클래식:1;2024|뮤지컬:1
00000021093,1,4,180000,20231223: ,20231223: ,2023|클래식:1
00000007498,1,2,140000,20231223: ,20231223: ,2023|클래식:1
00000008015,1,2,80000,20231223: ,20231223: ,2023|클래식:1
00000020379,2,4,198000,20231223: ,20250803: ,2023|클래식:1;2025|어린이·가족:1
00000014290,1,3,84000,20231223: ,20231223: ,2023|클래식:1
00000016809,1,2,80000,20231223: ,20231223: ,2023|클래식:1
00000016135,3,7,322000,20231223: ,20250517: ,2023|클래식:1;2024|어린이·가족:1;2025|어린이·가족:1
00000010906,1,2,100000,20231223: ,20231223: ,2023|클래식:1
00000020425,1,2,100000,20231223: ,20231223: ,2023|클래식:1
00000003234,1,2,100000,20231223: ,20231223: ,2023|클래식:1
00000004971,2,4,200000,20231223: ,20231223: ,2023|클래식:2
00000002376,1,2,54000,20231223: ,20231223: ,2023|클래식:1
00000004237,2,4,150000,20231223: ,20241206: ,2023|클래식:1;2024|클래식:1
00000012731,1,2,100000,20231224: ,20231224: ,2023|클래식:1
00000000884,1,2,100000,20231224: ,20231224: ,2023|클래식:1
00000020818,1,2,100000,20231224: ,20231224: ,2023|클래식:1
00000013077,2,4,226000,20231224: ,20241101: ,2023|클래식:1;2024|클래식:1
00000016147,6,14,1018000,20231224: ,20250706: ,2023|클래식:1;2024|뮤지컬:1;2024|클래식:2;2025|클래식:1;2025|뮤지컬:1
00000004491,2,4,238600,20231224: ,20241224: ,2023|클래식:1;2024|발레/연극:1
00000004166,1,2,126000,20231224: ,20231224: ,2023|클래식:1
00000000554,8,21,2102000,20231224: ,20251122: ,2023|클래식:1;2024|클래식:3;2025|뮤지컬:3;2025|클래식:1
00000007900,1,2,54000,20231224: ,20231224: ,2023|클래식:1
00000009206,1,2,54000,20231224: ,20231224: ,2023|클래식:1
00000009071,1,2,100000,20231224: ,20231224: ,2023|클래식:1
00000011121,1,1,70000,20231224: ,20231224: ,2023|클래식:1
00000008716,1,2,100000,20231224: ,20231224: ,2023|클래식:1
00000019534,1,2,80000,20231224: ,20231224: ,2023|클래식:1
00000018325,2,2,132300,20231224: ,20241225: ,2023|클래식:1;2024|발레/연극:1
00000001373,2,4,321000,20231224: ,20240713: ,2023|클래식:1;2024|뮤지컬:1
00000012989,1,2,100000,20231224: ,20231224: ,2023|클래식:1
00000004925,1,2,100000,20231224: ,20231224: ,2023|클래식:1
00000021048,1,2,100000,20231224: ,20231224: ,2023|클래식:1
00000003861,6,8,156000,20200619: ,20251115: ,2023|클래식:1;2025|클래식:3;2020|클래식:2
00000000986,1,3,84000,20231224: ,20231224: ,2023|클래식:1
00000006142,4,14,575600,20231224: ,20250803: ,2023|클래식:1;2025|어린이·가족:3
00000010164,1,2,100000,20231224: ,20231224: ,2023|클래식:1
00000017858,1,1,63000,20231224: ,20231224: ,2023|클래식:1
00000004389,1,2,100000,20231224: ,20231224: ,2023|클래식:1
00000009562,1,2,100000,20231224: ,20231224: ,2023|클래식:1
00000003041,1,2,100000,20231224: ,20231224: ,2023|클래식:1
00000010087,1,1,27000,20231224: ,20231224: ,2023|클래식:1
00000020324,2,2,140000,20231224: ,20231224: ,2023|클래식:2
00000003701,1,2,80000,20231224: ,20231224: ,2023|클래식:1
00000000580,1,2,100000,20231224: ,20231224: ,2023|클래식:1
00000017996,1,1,63000,20231224: ,20231224: ,2023|클래식:1
00000000143,1,2,100000,20231224: ,20231224: ,2023|클래식:1
00000004242,3,6,215200,20231224: ,20251204: ,2023|클래식:1;2025|어린이·가족:1;2025|클래식:1
00000018425,1,1,30000,20231224: ,20231224: ,2023|클래식:1
00000018038,1,2,100000,20231224: ,20231224: ,2023|클래식:1
00000019840,1,2,100000,20231224: ,20231224: ,2023|클래식:1
00000005009,2,4,226000,20231224: ,20241101: ,2023|클래식:1;2024|클래식:1
00000018454,1,3,163000,20231224: ,20231224: ,2023|클래식:1
00000011326,1,2,126000,20240119: ,20240119: ,2024|클래식:1
00000015712,2,3,99000,20240119: ,20241126: ,2024|클래식:2
00000021928,1,4,150000,20240119: ,20240119: ,2024|클래식:1
00000006500,1,2,85000,20240119: ,20240119: ,2024|클래식:1
00000005868,1,2,54000,20240119: ,20240119: ,2024|클래식:1
00000011381,1,2,119000,20240119: ,20240119: ,2024|클래식:1
00000007836,1,2,54000,20240119: ,20240119: ,2024|클래식:1
00000016098,1,2,140000,20240119: ,20240119: ,2024|클래식:1
00000016373,1,2,126000,20240119: ,20240119: ,2024|클래식:1
00000017744,1,3,185500,20240119: ,20240119: ,2024|클래식:1
00000000686,1,1,63000,20240119: ,20240119: ,2024|클래식:1
00000019185,1,1,70000,20240119: ,20240119: ,2024|클래식:1
00000002036,2,8,315000,20200605: ,20240119: ,2024|클래식:1;2020|클래식:1
00000020621,1,2,126000,20240119: ,20240119: ,2024|클래식:1
00000006792,2,3,182000,20240119: ,20241101: ,2024|클래식:2
00000005996,3,6,436000,20201225: ,20240119: ,2024|클래식:1;2020|클래식:2
00000016454,1,2,119000,20240119: ,20240119: ,2024|클래식:1
00000018315,1,2,85000,20240119: ,20240119: ,2024|클래식:1
00000014850,1,1,30000,20240119: ,20240119: ,2024|클래식:1
00000017036,1,2,108500,20240119: ,20240119: ,2024|클래식:1
00000015731,2,3,263000,20240119: ,20250705: ,2024|클래식:1;2025|뮤지컬:1
00000009220,1,2,140000,20240119: ,20240119: ,2024|클래식:1
00000016404,1,2,100000,20240119: ,20240119: ,2024|클래식:1
00000007706,1,2,54000,20240119: ,20240119: ,2024|클래식:1
00000003928,1,2,112000,20240119: ,20240119: ,2024|클래식:1
00000005826,2,8,786000,20240119: ,20240712: ,2024|클래식:1;2024|뮤지컬:1
00000010260,1,2,119000,20240119: ,20240119: ,2024|클래식:1
00000014859,2,5,259000,20240119: ,20240119: ,2024|클래식:2
00000016427,1,2,54000,20240119: ,20240119: ,2024|클래식:1
00000019278,1,2,126000,20240119: ,20240119: ,2024|클래식:1
00000014826,1,4,150000,20240119: ,20240119: ,2024|클래식:1
00000016121,5,10,547000,20240119: ,20251123: ,2024|클래식:2;2024|발레/연극:1;2025|발레/연극:1;2025|뮤지컬:1
00000018648,1,3,210000,20240119: ,20240119: ,2024|클래식:1
00000010598,2,3,178500,20240119: ,20250116: ,2024|클래식:1;2025|클래식:1
00000010005,1,1,27000,20240119: ,20240119: ,2024|클래식:1
00000021260,1,2,119000,20240119: ,20240119: ,2024|클래식:1
00000015073,4,7,744500,20240119: ,20250308: ,2024|클래식:1;2024|뮤지컬:1;2025|뮤지컬:1;2025|클래식:1
00000017502,1,2,54000,20240119: ,20240119: ,2024|클래식:1
00000009949,1,1,30000,20240119: ,20240119: ,2024|클래식:1
00000006860,1,1,30000,20240119: ,20240119: ,2024|클래식:1
00000005421,1,3,84000,20240119: ,20240119: ,2024|클래식:1
00000008314,1,2,119000,20240119: ,20240119: ,2024|클래식:1
00000022320,1,2,119000,20240119: ,20240119: ,2024|클래식:1
00000013993,2,4,238000,20240119: ,20250116: ,2024|클래식:1;2025|클래식:1
00000015477,1,1,70000,20240119: ,20240119: ,2024|클래식:1
00000013758,10,16,1094100,20240119: ,20241224: ,2024|클래식:7;2024|뮤지컬:2;2024|발레/연극:1
00000005042,1,4,210000,20240119: ,20240119: ,2024|클래식:1
00000002188,2,3,243000,20240119: ,20251122: ,2024|클래식:1;2025|뮤지컬:1
00000002298,1,4,210000,20240119: ,20240119: ,2024|클래식:1
00000010611,1,3,140000,20240119: ,20240119: ,2024|클래식:1
00000021504,1,4,210000,20240119: ,20240119: ,2024|클래식:1
00000001293,2,4,111000,20240119: ,20250116: ,2024|클래식:1;2025|클래식:1
00000003883,2,2,190000,20240119: ,20250705: ,2024|클래식:1;2025|뮤지컬:1
00000001377,1,1,25500,20240119: ,20240119: ,2024|클래식:1
00000008766,1,1,30000,20240119: ,20240119: ,2024|클래식:1
00000015931,2,4,133000,20240119: ,20250719: ,2024|클래식:1;2025|발레/연극:1
00000021354,1,2,119000,20240119: ,20240119: ,2024|클래식:1
00000004005,1,1,70000,20240119: ,20240119: ,2024|클래식:1
00000020614,1,2,54000,20240119: ,20240119: ,2024|클래식:1
00000022340,1,2,126000,20240119: ,20240119: ,2024|클래식:1
00000008827,1,2,119000,20240119: ,20240119: ,2024|클래식:1
00000015473,1,2,54000,20240119: ,20240119: ,2024|클래식:1
00000022127,1,2,126000,20240119: ,20240119: ,2024|클래식:1
00000000167,3,6,150000,20240119: ,20250720: ,2024|클래식:2;2025|발레/연극:1
00000019658,1,2,51000,20240119: ,20240119: ,2024|클래식:1
00000005705,2,3,207000,20201126: ,20240119: ,2024|클래식:1;2020|클래식:1
00000017289,1,3,150000,20240119: ,20240119: ,2024|클래식:1
00000003873,1,2,54000,20240119: ,20240119: ,2024|클래식:1
00000020768,1,3,182000,20240119: ,20240119: ,2024|클래식:1
00000008096,1,2,126000,20240119: ,20240119: ,2024|클래식:1
00000010867,2,3,158000,20240119: ,20250911: ,2024|클래식:1;2025|클래식:1
00000006188,1,2,54000,20240119: ,20240119: ,2024|클래식:1
00000008958,1,2,126000,20240119: ,20240119: ,2024|클래식:1
00000019060,1,2,54000,20240119: ,20240119: ,2024|클래식:1
00000014056,2,5,266000,20240119: ,20240119: ,2024|클래식:2
00000011190,1,1,63000,20240119: ,20240119: ,2024|클래식:1
00000014391,1,2,90000,20240119: ,20240119: ,2024|클래식:1
00000013619,2,4,177000,20240119: ,20240518: ,2024|클래식:1;2024|발레/연극:1
00000020479,1,1,27000,20240119: ,20240119: ,2024|클래식:1
00000021014,1,3,130000,20240119: ,20240119: ,2024|클래식:1
00000016087,2,2,108000,20240119: ,20240712: ,2024|클래식:1;2024|뮤지컬:1
00000021537,1,4,210000,20240119: ,20240119: ,2024|클래식:1
00000018595,3,6,470000,20240119: ,20250215: ,2024|클래식:2;2025|뮤지컬:1
00000018774,3,4,198000,20240119: ,20250719: ,2024|클래식:1;2025|발레/연극:2
00000015700,1,2,51000,20240119: ,20240119: ,2024|클래식:1
00000013037,1,2,51000,20240119: ,20240119: ,2024|클래식:1
00000012896,2,2,115500,20240119: ,20240906: ,2024|클래식:2
00000020938,5,5,178000,20240119: ,20250327: ,2024|클래식:3;2025|클래식:2
00000018359,1,2,54000,20240119: ,20240119: ,2024|클래식:1
00000021636,1,2,54000,20240119: ,20240119: ,2024|클래식:1
00000003237,2,8,678000,20240119: ,20240713: ,2024|클래식:1;2024|뮤지컬:1
00000004632,3,6,182000,20240119: ,20250710: ,2024|클래식:2;2025|클래식:1
00000009542,3,6,386000,20240119: ,20241123: ,2024|클래식:2;2024|뮤지컬:1
00000015316,3,5,606000,20240119: ,20250216: ,2024|클래식:1;2024|뮤지컬:1;2025|뮤지컬:1
00000013665,1,2,80000,20240119: ,20240119: ,2024|클래식:1
00000017879,1,2,119000,20240119: ,20240119: ,2024|클래식:1
00000003140,2,4,55500,20240320: ,20241204: ,2024|클래식:2
00000004625,7,14,216000,20240320: ,20250911: ,2024|클래식:4;2025|클래식:3
00000003382,4,9,268500,20240320: ,20251115: ,2024|클래식:1;2025|클래식:3
00000004095,1,2,30000,20240320: ,20240320: ,2024|클래식:1
00000018121,4,11,154500,20240320: ,20241204: ,2024|클래식:4
00000007361,6,11,219900,20240320: ,20251204: ,2024|클래식:2;2025|어린이·가족:1;2025|클래식:3
00000017059,2,5,218000,20240320: ,20251123: ,2024|클래식:1;2025|뮤지컬:1
00000006759,1,2,28500,20240320: ,20240320: ,2024|클래식:1
00000014689,2,4,54000,20240320: ,20240605: ,2024|클래식:2
00000009360,1,2,30000,20240320: ,20240320: ,2024|클래식:1
00000017730,4,18,1242000,20240320: ,20250425: ,2024|클래식:1;2024|뮤지컬:1;2025|발레/연극:2
00000012518,4,8,118500,20240320: ,20241204: ,2024|클래식:4
00000017781,2,3,42000,20240320: ,20240605: ,2024|클래식:2
00000017156,2,3,301500,20240320: ,20240712: ,2024|클래식:1;2024|뮤지컬:1
00000014260,4,8,108000,20240320: ,20241204: ,2024|클래식:4
00000004337,1,2,27000,20240320: ,20240320: ,2024|클래식:1
00000016863,2,3,40500,20240320: ,20240605: ,2024|클래식:2
00000000457,5,15,224000,20240320: ,20250327: ,2024|클래식:4;2025|클래식:1
00000016812,2,4,136800,20240320: ,20250802: ,2024|클래식:1;2025|어린이·가족:1
00000012710,1,1,13500,20240320: ,20240320: ,2024|클래식:1
00000005380,2,3,152100,20240320: ,20241225: ,2024|클래식:1;2024|발레/연극:1
00000021231,2,3,49500,20240320: ,20251204: ,2024|클래식:1;2025|클래식:1
00000021416,1,1,15000,20240320: ,20240320: ,2024|클래식:1
00000015162,2,2,157500,20240320: ,20240713: ,2024|클래식:1;2024|뮤지컬:1
00000004081,1,2,27000,20240320: ,20240320: ,2024|클래식:1
00000017350,1,1,13500,20240320: ,20240320: ,2024|클래식:1
00000008177,2,3,40500,20240320: ,20241204: ,2024|클래식:2
00000022498,4,8,108000,20240320: ,20241204: ,2024|클래식:4
00000003390,12,22,355500,20240320: ,20251204: ,2024|클래식:6;2025|클래식:6
00000011652,2,7,99000,20240320: ,20241204: ,2024|클래식:2
00000015424,1,2,30000,20240320: ,20240320: ,2024|클래식:1
00000008225,1,2,28500,20240320: ,20240320: ,2024|클래식:1
00000021013,1,1,13500,20240320: ,20240320: ,2024|클래식:1
00000006646,2,2,27000,20240320: ,20240605: ,2024|클래식:2
00000004012,3,6,81000,20240320: ,20240904: ,2024|클래식:3
00000007235,2,6,300000,20240320: ,20250704: ,2024|클래식:1;2025|뮤지컬:1
00000014927,8,16,279000,20240320: ,20251204: ,2024|클래식:3;2025|클래식:5
00000022650,3,7,418000,20240320: ,20240714: ,2024|클래식:2;2024|뮤지컬:1
00000006587,1,2,27000,20240320: ,20240320: ,2024|클래식:1
00000005641,3,4,184500,20240320: ,20250215: ,2024|클래식:2;2025|뮤지컬:1
00000013091,4,5,94500,20240320: ,20251204: ,2024|클래식:1;2025|클래식:3
00000017518,5,9,145500,20240320: ,20250522: ,2024|클래식:4;2025|클래식:1
00000021125,1,2,27000,20240320: ,20240320: ,2024|클래식:1
00000017527,1,3,42000,20240320: ,20240320: ,2024|클래식:1
00000004306,3,8,297000,20240320: ,20250517: ,2024|클래식:1;2024|어린이·가족:1;2025|어린이·가족:1
00000013288,1,2,28500,20240320: ,20240320: ,2024|클래식:1
00000002145,4,9,244000,20240320: ,20250719: ,2024|클래식:3;2025|발레/연극:1
00000020865,1,2,96000,20240511: ,20240511: ,2024|어린이·가족:1
00000022065,1,2,96000,20240511: ,20240511: ,2024|어린이·가족:1
00000004241,4,9,600000,20240511: ,20250705: ,2024|어린이·가족:2;2025|어린이·가족:1;2025|뮤지컬:1
00000010161,2,5,432000,20240511: ,20250215: ,2024|어린이·가족:1;2025|뮤지컬:1
00000006720,2,8,438400,20240511: ,20241224: ,2024|어린이·가족:1;2024|발레/연극:1
00000009386,1,3,144000,20240511: ,20240511: ,2024|어린이·가족:1
00000019357,2,4,177200,20240511: ,20250802: ,2024|어린이·가족:1;2025|어린이·가족:1
00000004334,1,2,96000,20240511: ,20240511: ,2024|어린이·가족:1
00000010604,1,4,192000,20240511: ,20240511: ,2024|어린이·가족:1
00000012810,1,3,168000,20240511: ,20240511: ,2024|어린이·가족:1
00000016838,1,3,168000,20240511: ,20240511: ,2024|어린이·가족:1
00000022267,2,8,288000,20240511: ,20240824: ,2024|어린이·가족:1;2024|클래식:1
00000000377,2,5,223200,20240511: ,20250918: ,2024|어린이·가족:1;2025|어린이·가족:1
00000011307,1,4,192000,20240511: ,20240511: ,2024|어린이·가족:1
00000003621,4,5,313000,20240511: ,20250719: ,2024|어린이·가족:1;2024|뮤지컬:1;2025|발레/연극:2
00000003456,1,3,144000,20240511: ,20240511: ,2024|어린이·가족:1
00000013197,4,16,540000,20240511: ,20250719: ,2024|어린이·가족:1;2024|발레/연극:1;2025|클래식:1;2025|발레/연극:1
00000012492,1,6,300000,20240511: ,20240511: ,2024|어린이·가족:1
00000015036,3,8,485800,20240511: ,20250802: ,2024|어린이·가족:1;2025|뮤지컬:1;2025|어린이·가족:1
00000012777,2,4,192000,20240511: ,20240511: ,2024|어린이·가족:2
00000010173,5,12,601500,20240511: ,20250308: ,2024|어린이·가족:1;2024|클래식:2;2024|뮤지컬:1;2025|클래식:1
00000018855,1,1,54000,20240511: ,20240511: ,2024|어린이·가족:1
00000011711,1,4,192000,20240511: ,20240511: ,2024|어린이·가족:1
00000000597,3,6,273200,20240511: ,20250802: ,2024|어린이·가족:1;2025|어린이·가족:2
00000018990,1,2,108000,20240511: ,20240511: ,2024|어린이·가족:1
00000022154,4,8,340400,20240511: ,20250920: ,2024|어린이·가족:1;2025|어린이·가족:3
00000016529,1,2,108000,20240511: ,20240511: ,2024|어린이·가족:1
00000016338,1,2,96000,20240511: ,20240511: ,2024|어린이·가족:1
00000010230,2,8,346000,20240512: ,20240519: ,2024|어린이·가족:1;2024|발레/연극:1
00000015107,1,2,96000,20240512: ,20240512: ,2024|어린이·가족:1
00000014957,3,6,217200,20240512: ,20250920: ,2024|어린이·가족:2;2025|어린이·가족:1
00000018164,1,2,96000,20240512: ,20240512: ,2024|어린이·가족:1
00000014067,1,2,108000,20240512: ,20240512: ,2024|어린이·가족:1
00000005389,2,4,384000,20240512: ,20240714: ,2024|어린이·가족:1;2024|뮤지컬:1
00000021114,1,2,96000,20240512: ,20240512: ,2024|어린이·가족:1
00000016815,1,2,108000,20240512: ,20240512: ,2024|어린이·가족:1
00000014371,4,9,288400,20240512: ,20250920: ,2024|어린이·가족:1;2025|클래식:1;2025|어린이·가족:2
00000008968,1,4,192000,20240512: ,20240512: ,2024|어린이·가족:1
00000021034,3,10,456000,20240512: ,20250517: ,2024|어린이·가족:2;2025|어린이·가족:1
00000020092,1,2,96000,20240512: ,20240512: ,2024|어린이·가족:1
00000004077,1,3,108000,20240512: ,20240512: ,2024|어린이·가족:1
00000006744,1,2,96000,20240512: ,20240512: ,2024|어린이·가족:1
00000015468,2,11,512200,20240512: ,20250803: ,2024|어린이·가족:1;2025|어린이·가족:1
00000012914,3,6,275600,20240512: ,20241224: ,2024|어린이·가족:1;2024|발레/연극:2
00000009912,1,2,120000,20240512: ,20240512: ,2024|어린이·가족:1
00000006027,1,3,144000,20240512: ,20240512: ,2024|어린이·가족:1
00000020180,5,10,558500,20240512: ,20250308: ,2024|어린이·가족:2;2024|뮤지컬:2;2025|클래식:1
00000011399,3,8,1048000,20240512: ,20250216: ,2024|어린이·가족:1;2024|뮤지컬:1;2025|뮤지컬:1
00000020191,1,4,192000,20240512: ,20240512: ,2024|어린이·가족:1
00000002605,2,4,175200,20240512: ,20250920: ,2024|어린이·가족:1;2025|어린이·가족:1
00000016525,2,2,55000,20240515: ,20240515: ,2024|발레/연극:2
00000009013,1,2,99000,20240515: ,20240515: ,2024|발레/연극:1
00000014878,3,4,284000,20240514: ,20240824: ,2024|발레/연극:1;2024|뮤지컬:1;2024|클래식:1
00000015958,7,17,1597200,20240517: ,20250719: ,2024|발레/연극:3;2024|뮤지컬:1;2025|뮤지컬:2;2025|발레/연극:1
00000017039,1,2,99000,20240518: ,20240518: ,2024|발레/연극:1
00000011024,1,2,77000,20240514: ,20240514: ,2024|발레/연극:1
00000007303,1,2,99000,20240517: ,20240517: ,2024|발레/연극:1
00000018582,4,8,730600,20240518: ,20241225: ,2024|발레/연극:2;2024|뮤지컬:2
00000015209,3,4,376000,20240519: ,20250215: ,2024|발레/연극:1;2024|뮤지컬:1;2025|뮤지컬:1
00000021464,3,3,379500,20240515: ,20251123: ,2024|발레/연극:1;2024|뮤지컬:1;2025|뮤지컬:1
00000019400,1,2,77000,20240514: ,20240514: ,2024|발레/연극:1
00000016056,1,2,99000,20240515: ,20240515: ,2024|발레/연극:1
00000009870,1,4,176000,20240518: ,20240518: ,2024|발레/연극:1
00000008929,1,4,154000,20240518: ,20240518: ,2024|발레/연극:1
00000003216,3,6,685000,20240518: ,20250704: ,2024|발레/연극:1;2024|뮤지컬:1;2025|뮤지컬:1
00000016656,3,6,443500,20240518: ,20250719: ,2024|발레/연극:1;2025|뮤지컬:1;2025|발레/연극:1
00000009474,1,2,88000,20240518: ,20240518: ,2024|발레/연극:1
00000010827,1,2,99000,20240519: ,20240519: ,2024|발레/연극:1
00000007614,1,5,231000,20240514: ,20240514: ,2024|발레/연극:1
00000022506,4,6,262000,20240519: ,20251129: ,2024|발레/연극:1;2025|발레/연극:3
00000013867,3,3,166500,20240518: ,20240824: ,2024|발레/연극:1;2024|뮤지컬:1;2024|클래식:1
00000017844,3,6,205000,20240517: ,20251128: ,2024|발레/연극:1;2025|발레/연극:2
00000007357,2,5,161000,20240518: ,20250904: ,2024|발레/연극:1;2025|클래식:1
00000001195,1,2,77000,20240514: ,20240514: ,2024|발레/연극:1
00000007260,3,8,318500,20240515: ,20251129: ,2024|발레/연극:1;2024|뮤지컬:1;2025|발레/연극:1
00000005913,4,8,831600,20240517: ,20251123: ,2024|발레/연극:2;2025|뮤지컬:2
00000014628,2,4,250000,20240518: ,20250116: ,2024|발레/연극:1;2025|클래식:1
00000012070,1,2,77000,20240515: ,20240515: ,2024|발레/연극:1
00000018218,2,6,152000,20240515: ,20250720: ,2024|발레/연극:1;2025|발레/연극:1
00000021435,1,2,77000,20240519: ,20240519: ,2024|발레/연극:1
00000013771,2,7,365500,20240518: ,20241123: ,2024|발레/연극:1;2024|뮤지컬:1
00000012043,1,2,99000,20240515: ,20240515: ,2024|발레/연극:1
00000013240,4,11,273000,20240519: ,20250720: ,2024|발레/연극:1;2025|어린이·가족:1;2025|기타:1;2025|발레/연극:1
00000012400,1,2,99000,20240518: ,20240518: ,2024|발레/연극:1
00000016321,4,5,457000,20240514: ,20251123: ,2024|발레/연극:1;2025|뮤지컬:2;2025|발레/연극:1
00000017820,1,2,77000,20240518: ,20240518: ,2024|발레/연극:1
00000005360,1,2,99000,20240518: ,20240518: ,2024|발레/연극:1
00000007827,1,3,115500,20240519: ,20240519: ,2024|발레/연극:1
00000005839,1,1,27500,20240518: ,20240518: ,2024|발레/연극:1
00000016337,1,1,44000,20240518: ,20240518: ,2024|발레/연극:1
00000006656,1,2,88000,20240519: ,20240519: ,2024|발레/연극:1
00000001864,1,4,154000,20240519: ,20240519: ,2024|발레/연극:1
00000008748,2,6,424000,20240519: ,20241124: ,2024|발레/연극:1;2024|뮤지컬:1
00000021052,2,4,168000,20240517: ,20250719: ,2024|발레/연극:1;2025|발레/연극:1
00000019939,3,5,293000,20201126: ,20240519: ,2024|발레/연극:1;2020|클래식:2
00000022651,2,4,376000,20240519: ,20240714: ,2024|발레/연극:1;2024|뮤지컬:1
00000006137,1,4,143000,20240519: ,20240519: ,2024|발레/연극:1
00000003373,1,2,99000,20240518: ,20240518: ,2024|발레/연극:1
00000011477,2,2,104000,20240518: ,20241123: ,2024|발레/연극:1;2024|뮤지컬:1
00000000059,2,8,844000,20240514: ,20250705: ,2024|발레/연극:1;2025|뮤지컬:1
00000016081,1,4,154000,20240518: ,20240518: ,2024|발레/연극:1
00000009475,2,5,188000,20240515: ,20240823: ,2024|발레/연극:1;2024|클래식:1
00000009675,1,4,154000,20240519: ,20240519: ,2024|발레/연극:1
00000007580,5,10,587000,20240518: ,20251122: ,2024|발레/연극:1;2025|발레/연극:3;2025|뮤지컬:1
00000006192,1,2,99000,20240518: ,20240518: ,2024|발레/연극:1
00000010647,1,2,99000,20240517: ,20240517: ,2024|발레/연극:1
00000016676,3,14,504000,20240514: ,20240823: ,2024|발레/연극:2;2024|클래식:1
00000000511,1,4,154000,20240519: ,20240519: ,2024|발레/연극:1
00000018845,4,10,769000,20240515: ,20250719: ,2024|발레/연극:1;2024|뮤지컬:1;2025|뮤지컬:1;2025|발레/연극:1
00000000068,1,1,38500,20240515: ,20240515: ,2024|발레/연극:1
00000000183,4,4,268500,20240519: ,20250216: ,2024|발레/연극:1;2024|뮤지컬:2;2025|뮤지컬:1
00000014670,2,25,847000,20240519: ,20241225: ,2024|발레/연극:2
00000012195,2,4,398000,20240519: ,20250704: ,2024|발레/연극:1;2025|뮤지컬:1
00000021274,3,9,590000,20240517: ,20250803: ,2024|발레/연극:1;2025|뮤지컬:1;2025|어린이·가족:1
00000003820,1,2,99000,20240515: ,20240515: ,2024|발레/연극:1
00000017192,1,2,99000,20240515: ,20240515: ,2024|발레/연극:1
00000004131,1,2,55000,20240517: ,20240517: ,2024|발레/연극:1
00000016146,1,3,126500,20240518: ,20240518: ,2024|발레/연극:1
00000012099,1,1,27500,20240517: ,20240517: ,2024|발레/연극:1
00000017546,2,2,105000,20240519: ,20241126: ,2024|발레/연극:1;2024|클래식:1
00000007398,1,2,88000,20240517: ,20240517: ,2024|발레/연극:1
00000011143,1,2,99000,20240517: ,20240517: ,2024|발레/연극:1
00000010228,1,2,99000,20240519: ,20240519: ,2024|발레/연극:1
00000017932,1,3,115500,20240517: ,20240517: ,2024|발레/연극:1
00000002686,1,2,99000,20240514: ,20240514: ,2024|발레/연극:1
00000009295,4,4,490500,20240514: ,20251122: ,2024|발레/연극:1;2024|뮤지컬:1;2025|뮤지컬:2
00000011490,1,2,88000,20240518: ,20240518: ,2024|발레/연극:1
00000021138,4,14,824600,20240517: ,20250920: ,2024|발레/연극:1;2025|기타:1;2025|뮤지컬:1;2025|어린이·가족:1
00000016902,1,2,99000,20240518: ,20240518: ,2024|발레/연극:1
00000009955,1,2,77000,20240519: ,20240519: ,2024|발레/연극:1
00000020472,5,8,489000,20240517: ,20251129: ,2024|발레/연극:1;2024|뮤지컬:2;2025|발레/연극:2
00000014143,1,2,88000,20240514: ,20240514: ,2024|발레/연극:1
00000006292,1,1,44000,20240514: ,20240514: ,2024|발레/연극:1
00000019855,1,2,99000,20240514: ,20240514: ,2024|발레/연극:1
00000001649,1,2,99000,20240517: ,20240517: ,2024|발레/연극:1
00000002487,1,2,77000,20240515: ,20240515: ,2024|발레/연극:1
00000005596,1,1,49500,20240515: ,20240515: ,2024|발레/연극:1
00000017212,1,1,49500,20240517: ,20240517: ,2024|발레/연극:1
00000002767,2,7,691500,20240519: ,20240713: ,2024|발레/연극:1;2024|뮤지컬:1
00000014292,1,2,99000,20240515: ,20240515: ,2024|발레/연극:1
00000003758,2,4,155500,20240514: ,20250719: ,2024|발레/연극:1;2025|발레/연극:1
00000021751,2,2,188000,20240518: ,20240714: ,2024|발레/연극:1;2024|뮤지컬:1
00000017002,1,3,137500,20240515: ,20240515: ,2024|발레/연극:1
00000006993,4,9,277000,20240515: ,20250720: ,2024|발레/연극:1;2024|어린이·가족:1;2024|뮤지컬:1;2025|발레/연극:1
00000017504,1,2,88000,20240515: ,20240515: ,2024|발레/연극:1
00000003371,1,2,88000,20240517: ,20240517: ,2024|발레/연극:1
00000015326,1,6,231000,20240518: ,20240518: ,2024|발레/연극:1
00000004865,1,2,99000,20240515: ,20240515: ,2024|발레/연극:1
00000005044,4,12,903200,20240518: ,20250920: ,2024|발레/연극:2;2024|뮤지컬:1;2025|어린이·가족:1
00000000043,2,4,140000,20240518: ,20251129: ,2024|발레/연극:1;2025|발레/연극:1
00000017237,1,1,49500,20240519: ,20240519: ,2024|발레/연극:1
00000012925,3,9,1125000,20240518: ,20250705: ,2024|발레/연극:1;2025|뮤지컬:2
00000004881,4,9,704000,20240517: ,20250529: ,2024|발레/연극:1;2024|뮤지컬:1;2025|뮤지컬:1;2025|발레/연극:1
00000000308,2,3,261500,20240519: ,20240714: ,2024|발레/연극:1;2024|뮤지컬:1
00000021893,2,2,155500,20240518: ,20240714: ,2024|발레/연극:1;2024|뮤지컬:1
00000007953,1,2,77000,20240519: ,20240519: ,2024|발레/연극:1
00000011402,1,3,115500,20240514: ,20240514: ,2024|발레/연극:1
00000008306,1,2,77000,20240515: ,20240515: ,2024|발레/연극:1
00000003617,1,4,143000,20240518: ,20240518: ,2024|발레/연극:1
00000016094,1,6,198000,20240518: ,20240518: ,2024|발레/연극:1
00000002053,1,1,38500,20240518: ,20240518: ,2024|발레/연극:1
00000006763,2,4,433500,20240518: ,20251122: ,2024|발레/연극:1;2025|뮤지컬:1
00000020217,1,2,77000,20240518: ,20240518: ,2024|발레/연극:1
00000004703,1,4,176000,20240515: ,20240515: ,2024|발레/연극:1
00000016267,1,4,154000,20240518: ,20240518: ,2024|발레/연극:1
00000018095,2,4,97000,20240517: ,20250720: ,2024|발레/연극:1;2025|발레/연극:1
00000020947,2,4,160000,20240517: ,20250720: ,2024|발레/연극:1;2025|발레/연극:1
00000007115,1,2,99000,20240517: ,20240517: ,2024|발레/연극:1
00000011169,1,2,88000,20240518: ,20240518: ,2024|발레/연극:1
00000008516,2,4,153000,20240519: ,20250720: ,2024|발레/연극:1;2025|발레/연극:1
00000011782,4,8,364000,20240518: ,20250720: ,2024|발레/연극:2;2024|뮤지컬:1;2025|발레/연극:1
00000011107,1,2,99000,20240517: ,20240517: ,2024|발레/연극:1
00000006855,2,4,405000,20240515: ,20251123: ,2024|발레/연극:1;2025|뮤지컬:1
00000007569,1,1,49500,20240515: ,20240515: ,2024|발레/연극:1
00000019505,1,3,132000,20240519: ,20240519: ,2024|발레/연극:1
00000001351,1,2,77000,20240518: ,20240518: ,2024|발레/연극:1
00000002480,3,8,293500,20240518: ,20250719: ,2024|발레/연극:2;2025|발레/연극:1
00000007070,1,3,154000,20240517: ,20240517: ,2024|발레/연극:1
00000018839,1,2,55000,20240514: ,20240514: ,2024|발레/연극:1
00000001409,1,2,99000,20240519: ,20240519: ,2024|발레/연극:1
00000020083,1,2,99000,20240517: ,20240517: ,2024|발레/연극:1
00000014768,1,4,176000,20240518: ,20240518: ,2024|발레/연극:1
00000004159,1,3,154000,20240518: ,20240518: ,2024|발레/연극:1
00000001335,3,9,663000,20240517: ,20250706: ,2024|발레/연극:1;2025|뮤지컬:2
00000000439,1,2,99000,20240517: ,20240517: ,2024|발레/연극:1
00000004872,3,5,553500,20240518: ,20241123: ,2024|발레/연극:1;2024|뮤지컬:2
00000022153,1,3,115500,20240518: ,20240518: ,2024|발레/연극:1
00000019455,2,4,376000,20240519: ,20240714: ,2024|발레/연극:1;2024|뮤지컬:1
00000008909,1,2,99000,20240514: ,20240514: ,2024|발레/연극:1
00000004035,1,2,99000,20240518: ,20240518: ,2024|발레/연극:1
00000016177,4,10,300500,20240515: ,20250719: ,2024|발레/연극:1;2024|클래식:2;2025|발레/연극:1
00000009584,5,10,1027000,20240517: ,20251123: ,2024|발레/연극:1;2024|뮤지컬:2;2025|뮤지컬:2
00000018147,5,8,343500,20240519: ,20251123: ,2024|발레/연극:1;2025|기타:1;2025|발레/연극:2;2025|뮤지컬:1
00000014799,2,4,166000,20240515: ,20250719: ,2024|발레/연극:1;2025|발레/연극:1
00000014225,2,3,230000,20240515: ,20251122: ,2024|발레/연극:1;2025|뮤지컬:1
00000008110,1,2,110000,20240517: ,20240517: ,2024|발레/연극:1
00000006620,2,5,403500,20240517: ,20250704: ,2024|발레/연극:1;2025|뮤지컬:1
00000004680,1,2,88000,20240517: ,20240517: ,2024|발레/연극:1
00000011183,2,4,387000,20240517: ,20250705: ,2024|발레/연극:1;2025|뮤지컬:1
00000001876,1,2,99000,20240519: ,20240519: ,2024|발레/연극:1
00000021953,1,4,176000,20240517: ,20240517: ,2024|발레/연극:1
00000007901,1,2,99000,20240518: ,20240518: ,2024|발레/연극:1
00000003421,2,8,730000,20240518: ,20250215: ,2024|발레/연극:1;2025|뮤지컬:1
00000000654,1,2,110000,20240517: ,20240517: ,2024|발레/연극:1
00000017101,1,2,99000,20240514: ,20240514: ,2024|발레/연극:1
00000003800,2,3,119000,20240518: ,20250522: ,2024|발레/연극:1;2025|클래식:1
00000008336,1,2,99000,20240515: ,20240515: ,2024|발레/연극:1
00000013905,1,3,36000,20240605: ,20240605: ,2024|클래식:1
00000015329,1,2,27000,20240605: ,20240605: ,2024|클래식:1
00000008220,2,3,73500,20240605: ,20240911: ,2024|클래식:1;2024|어린이·가족:1
00000010305,1,1,13500,20240605: ,20240605: ,2024|클래식:1
00000004940,1,2,27000,20240605: ,20240605: ,2024|클래식:1
00000009613,4,9,135000,20240605: ,20250911: ,2024|클래식:2;2025|클래식:2
00000018395,8,13,910500,20240605: ,20251204: ,2024|클래식:3;2025|클래식:4;2025|뮤지컬:1
00000018114,1,2,27000,20240605: ,20240605: ,2024|클래식:1
00000021642,2,3,42000,20240605: ,20240605: ,2024|클래식:2
00000021356,1,2,21000,20240605: ,20240605: ,2024|클래식:1
00000010473,1,1,15000,20240605: ,20240605: ,2024|클래식:1
00000006946,6,12,194000,20240605: ,20250911: ,2024|클래식:3;2025|클래식:3
00000018473,9,20,1427000,20240605: ,20251204: ,2024|클래식:3;2024|뮤지컬:1;2025|뮤지컬:2;2025|클래식:3
00000008820,3,6,81000,20240605: ,20241204: ,2024|클래식:3
00000017937,2,3,45000,20240605: ,20240904: ,2024|클래식:2
00000009022,1,3,40500,20240605: ,20240605: ,2024|클래식:1
00000001830,4,6,191900,20240605: ,20250920: ,2024|클래식:1;2025|클래식:1;2025|어린이·가족:2
00000018088,1,2,27000,20240605: ,20240605: ,2024|클래식:1
00000005586,1,2,24000,20240605: ,20240605: ,2024|클래식:1
00000002052,1,2,27000,20240605: ,20240605: ,2024|클래식:1
00000013419,6,13,238000,20240605: ,20251204: ,2024|클래식:3;2025|클래식:3
00000015718,4,9,136500,20240605: ,20250911: ,2024|클래식:2;2025|클래식:2
00000020394,1,2,15000,20240605: ,20240605: ,2024|클래식:1
00000000612,1,2,15000,20240605: ,20240605: ,2024|클래식:1
00000009569,1,2,288000,20240712: ,20240712: ,2024|뮤지컬:1
00000008481,2,4,580000,20240712: ,20250215: ,2024|뮤지컬:1;2025|뮤지컬:1
00000006444,1,2,288000,20240712: ,20240712: ,2024|뮤지컬:1
00000013491,2,4,315200,20240712: ,20250802: ,2024|뮤지컬:1;2025|어린이·가족:1
00000010361,1,2,162000,20240712: ,20240712: ,2024|뮤지컬:1
00000009061,2,4,367200,20240712: ,20250920: ,2024|뮤지컬:1;2025|어린이·가족:1
00000000292,1,2,162000,20240712: ,20240712: ,2024|뮤지컬:1
00000020813,1,1,144000,20240712: ,20240712: ,2024|뮤지컬:1
00000016160,1,1,130000,20240712: ,20240712: ,2024|뮤지컬:1
00000017314,1,2,234000,20240712: ,20240712: ,2024|뮤지컬:1
00000006383,1,2,288000,20240712: ,20240712: ,2024|뮤지컬:1
00000003659,1,4,468000,20240712: ,20240712: ,2024|뮤지컬:1
00000007669,1,1,90000,20240712: ,20240712: ,2024|뮤지컬:1
00000004843,1,1,160000,20240712: ,20240712: ,2024|뮤지컬:1
00000004164,2,8,363000,20240712: ,20250529: ,2024|뮤지컬:1;2025|발레/연극:1
00000000468,1,2,162000,20240712: ,20240712: ,2024|뮤지컬:1
00000021078,1,2,288000,20240712: ,20240712: ,2024|뮤지컬:1
00000022652,1,1,144000,20240712: ,20240712: ,2024|뮤지컬:1
00000006552,1,3,448000,20240712: ,20240712: ,2024|뮤지컬:1
00000013049,1,1,160000,20240712: ,20240712: ,2024|뮤지컬:1
00000018697,1,1,81000,20240712: ,20240712: ,2024|뮤지컬:1
00000022583,1,2,288000,20240712: ,20240712: ,2024|뮤지컬:1
00000013834,1,1,160000,20240712: ,20240712: ,2024|뮤지컬:1
00000000733,1,2,288000,20240712: ,20240712: ,2024|뮤지컬:1
00000015358,1,2,234000,20240712: ,20240712: ,2024|뮤지컬:1
00000009427,1,4,494000,20240712: ,20240712: ,2024|뮤지컬:1
00000019449,4,8,1062000,20240712: ,20251123: ,2024|뮤지컬:2;2025|뮤지컬:2
00000010601,1,2,320000,20240712: ,20240712: ,2024|뮤지컬:1
00000020499,1,2,288000,20240712: ,20240712: ,2024|뮤지컬:1
00000008734,1,2,288000,20240712: ,20240712: ,2024|뮤지컬:1
00000008144,3,6,916000,20240712: ,20251122: ,2024|뮤지컬:1;2025|뮤지컬:2
00000001490,8,25,1636000,20240712: ,20251115: ,2024|뮤지컬:2;2024|클래식:2;2025|뮤지컬:1;2025|클래식:2;2025|발레/연극:1
00000012434,2,4,626000,20240712: ,20251122: ,2024|뮤지컬:1;2025|뮤지컬:1
00000021632,1,4,494000,20240712: ,20240712: ,2024|뮤지컬:1
00000002204,2,2,216000,20240712: ,20241123: ,2024|뮤지컬:2
00000000356,1,1,160000,20240712: ,20240712: ,2024|뮤지컬:1
00000013940,2,4,486000,20240712: ,20250215: ,2024|뮤지컬:1;2025|뮤지컬:1
00000011318,1,4,494000,20240712: ,20240712: ,2024|뮤지컬:1
00000019203,5,12,1332400,20240712: ,20251122: ,2024|뮤지컬:1;2025|뮤지컬:3;2025|어린이·가족:1
00000005111,1,2,288000,20240712: ,20240712: ,2024|뮤지컬:1
00000000176,6,12,1728000,20240712: ,20240713: ,2024|뮤지컬:6
00000009835,1,1,160000,20240712: ,20240712: ,2024|뮤지컬:1
00000022454,2,4,640000,20240712: ,20240712: ,2024|뮤지컬:2
00000017032,1,2,288000,20240712: ,20240712: ,2024|뮤지컬:1
00000006839,1,2,256000,20240712: ,20240712: ,2024|뮤지컬:1
00000005696,1,2,234000,20240712: ,20240712: ,2024|뮤지컬:1
00000020763,1,2,320000,20240712: ,20240712: ,2024|뮤지컬:1
00000004188,1,1,144000,20240712: ,20240712: ,2024|뮤지컬:1
00000020411,2,3,466000,20240712: ,20251122: ,2024|뮤지컬:1;2025|뮤지컬:1
00000021798,1,3,364000,20240712: ,20240712: ,2024|뮤지컬:1
00000002841,1,2,288000,20240712: ,20240712: ,2024|뮤지컬:1
00000015843,1,4,608000,20240712: ,20240712: ,2024|뮤지컬:1
00000019591,1,2,162000,20240712: ,20240712: ,2024|뮤지컬:1
00000009047,3,6,638000,20240712: ,20250720: ,2024|뮤지컬:2;2025|발레/연극:1
00000005533,1,2,288000,20240712: ,20240712: ,2024|뮤지컬:1
00000010934,1,4,494000,20240712: ,20240712: ,2024|뮤지컬:1
00000007160,2,5,503600,20240712: ,20241225: ,2024|뮤지컬:1;2024|발레/연극:1
00000004811,1,4,576000,20240712: ,20240712: ,2024|뮤지컬:1
00000019648,1,2,288000,20240712: ,20240712: ,2024|뮤지컬:1
00000018599,1,1,81000,20240712: ,20240712: ,2024|뮤지컬:1
00000003028,2,8,1014000,20240712: ,20240712: ,2024|뮤지컬:2
00000002956,2,4,464000,20240712: ,20250706: ,2024|뮤지컬:1;2025|뮤지컬:1
00000016637,1,1,81000,20240712: ,20240712: ,2024|뮤지컬:1
00000014533,1,4,640000,20240712: ,20240712: ,2024|뮤지컬:1
00000020030,1,2,288000,20240712: ,20240712: ,2024|뮤지컬:1
00000002551,1,2,320000,20240712: ,20240712: ,2024|뮤지컬:1
00000019932,1,2,234000,20240712: ,20240712: ,2024|뮤지컬:1
00000012730,1,2,288000,20240712: ,20240712: ,2024|뮤지컬:1
00000003842,2,3,448000,20240712: ,20240714: ,2024|뮤지컬:2
00000018931,2,3,480000,20240712: ,20250214: ,2024|뮤지컬:1;2025|뮤지컬:1
00000011973,2,7,447300,20240712: ,20250920: ,2024|뮤지컬:1;2025|어린이·가족:1
00000021059,2,4,468000,20240712: ,20251123: ,2024|뮤지컬:1;2025|뮤지컬:1
00000014610,2,2,277000,20240712: ,20250215: ,2024|뮤지컬:1;2025|뮤지컬:1
00000020195,8,13,1300000,20240712: ,20251122: ,2024|뮤지컬:2;2024|클래식:1;2025|뮤지컬:3;2025|발레/연극:1;2025|클래식:1
00000021514,1,2,320000,20240712: ,20240712: ,2024|뮤지컬:1
00000009221,1,2,234000,20240712: ,20240712: ,2024|뮤지컬:1
00000020556,1,1,76500,20240712: ,20240712: ,2024|뮤지컬:1
00000007830,10,10,895000,20240712: ,20251128: ,2024|뮤지컬:2;2025|클래식:3;2025|뮤지컬:2;2025|발레/연극:3
00000000780,2,4,458000,20240712: ,20250215: ,2024|뮤지컬:1;2025|뮤지컬:1
00000022433,4,9,859300,20240712: ,20241224: ,2024|뮤지컬:2;2024|클래식:1;2024|발레/연극:1
00000011205,1,2,162000,20240712: ,20240712: ,2024|뮤지컬:1
00000019765,1,1,160000,20240712: ,20240712: ,2024|뮤지컬:1
00000009394,1,2,288000,20240712: ,20240712: ,2024|뮤지컬:1
00000022653,1,4,494000,20240712: ,20240712: ,2024|뮤지컬:1
00000019997,2,4,576000,20240712: ,20250705: ,2024|뮤지컬:1;2025|뮤지컬:1
00000007126,1,1,160000,20240712: ,20240712: ,2024|뮤지컬:1
00000006832,1,3,390000,20240712: ,20240712: ,2024|뮤지컬:1
00000003624,2,2,261000,20240712: ,20250704: ,2024|뮤지컬:1;2025|뮤지컬:1
00000022494,1,2,288000,20240712: ,20240712: ,2024|뮤지컬:1
00000003902,2,4,401200,20240712: ,20250802: ,2024|뮤지컬:1;2025|어린이·가족:1
00000007899,2,2,270000,20240712: ,20250704: ,2024|뮤지컬:1;2025|뮤지컬:1
00000017221,1,1,160000,20240712: ,20240712: ,2024|뮤지컬:1
00000019979,1,2,288000,20240712: ,20240712: ,2024|뮤지컬:1
00000008162,2,5,736000,20240712: ,20250705: ,2024|뮤지컬:1;2025|뮤지컬:1
00000009876,3,5,462000,20240712: ,20250719: ,2024|뮤지컬:2;2025|발레/연극:1
00000006208,1,2,288000,20240712: ,20240712: ,2024|뮤지컬:1
00000021727,2,6,400000,20240712: ,20250719: ,2024|뮤지컬:1;2025|발레/연극:1
00000007443,4,5,353000,20240712: ,20250719: ,2024|뮤지컬:1;2025|뮤지컬:1;2025|발레/연극:2
00000010461,1,1,117000,20240712: ,20240712: ,2024|뮤지컬:1
00000018496,1,2,288000,20240712: ,20240712: ,2024|뮤지컬:1
00000010841,4,8,1170000,20240712: ,20251123: ,2024|뮤지컬:1;2025|뮤지컬:3
00000014430,1,1,117000,20240712: ,20240712: ,2024|뮤지컬:1
00000013630,1,2,234000,20240712: ,20240712: ,2024|뮤지컬:1
00000011630,3,3,480000,20240712: ,20240712: ,2024|뮤지컬:3
00000019742,2,2,320000,20240712: ,20240712: ,2024|뮤지컬:2
00000005921,2,2,187000,20240712: ,20250720: ,2024|뮤지컬:1;2025|발레/연극:1
00000006403,1,4,640000,20240712: ,20240712: ,2024|뮤지컬:1
00000013109,1,4,494000,20240712: ,20240712: ,2024|뮤지컬:1
00000003924,2,4,540000,20240712: ,20250706: ,2024|뮤지컬:1;2025|뮤지컬:1
00000010026,1,1,81000,20240712: ,20240712: ,2024|뮤지컬:1
00000006650,1,2,288000,20240712: ,20240712: ,2024|뮤지컬:1
00000020775,1,4,640000,20240712: ,20240712: ,2024|뮤지컬:1
00000005006,2,4,576000,20240712: ,20250214: ,2024|뮤지컬:1;2025|뮤지컬:1
00000017972,1,2,288000,20240712: ,20240712: ,2024|뮤지컬:1
00000005259,1,1,90000,20240712: ,20240712: ,2024|뮤지컬:1
00000014452,2,2,320000,20240712: ,20240712: ,2024|뮤지컬:2
00000009515,1,1,160000,20240712: ,20240712: ,2024|뮤지컬:1
00000009411,1,1,144000,20240712: ,20240712: ,2024|뮤지컬:1
00000014692,1,1,144000,20240712: ,20240712: ,2024|뮤지컬:1
00000016965,1,2,234000,20240712: ,20240712: ,2024|뮤지컬:1
00000006380,5,11,1632000,20240712: ,20251122: ,2024|뮤지컬:2;2025|뮤지컬:3
00000008241,1,2,234000,20240712: ,20240712: ,2024|뮤지컬:1
00000006494,1,1,144000,20240712: ,20240712: ,2024|뮤지컬:1
00000001818,1,2,288000,20240712: ,20240712: ,2024|뮤지컬:1
00000015160,4,8,1026000,20240712: ,20251123: ,2024|뮤지컬:1;2025|뮤지컬:3
00000014006,1,1,144000,20240712: ,20240712: ,2024|뮤지컬:1
00000004157,2,6,900000,20240712: ,20251123: ,2024|뮤지컬:1;2025|뮤지컬:1
00000005345,2,2,296000,20240712: ,20250704: ,2024|뮤지컬:1;2025|뮤지컬:1
00000013701,1,1,128000,20240712: ,20240712: ,2024|뮤지컬:1
00000006139,1,4,494000,20240712: ,20240712: ,2024|뮤지컬:1
00000000400,1,1,144000,20240712: ,20240712: ,2024|뮤지컬:1
00000002703,7,12,828000,20240712: ,20251129: ,2024|뮤지컬:2;2024|발레/연극:1;2025|발레/연극:2;2025|어린이·가족:1;2025|뮤지컬:1
00000011404,1,1,144000,20240712: ,20240712: ,2024|뮤지컬:1
00000005387,1,1,160000,20240712: ,20240712: ,2024|뮤지컬:1
00000012582,1,4,494000,20240712: ,20240712: ,2024|뮤지컬:1
00000013556,1,4,576000,20240712: ,20240712: ,2024|뮤지컬:1
00000013581,11,18,1087000,20240712: ,20251128: ,2024|뮤지컬:3;2024|클래식:2;2025|클래식:2;2025|뮤지컬:2;2025|발레/연극:2
00000002995,1,1,76500,20240712: ,20240712: ,2024|뮤지컬:1
00000011161,1,1,144000,20240712: ,20240712: ,2024|뮤지컬:1
00000004232,1,1,160000,20240712: ,20240712: ,2024|뮤지컬:1
00000012902,1,2,288000,20240712: ,20240712: ,2024|뮤지컬:1
00000007772,1,1,144000,20240712: ,20240712: ,2024|뮤지컬:1
00000004441,4,6,928000,20240712: ,20250705: ,2024|뮤지컬:3;2025|뮤지컬:1
00000008747,3,6,880000,20240712: ,20250215: ,2024|뮤지컬:2;2025|뮤지컬:1
00000001529,4,9,685200,20240712: ,20250918: ,2024|뮤지컬:1;2025|뮤지컬:1;2025|클래식:1;2025|어린이·가족:1
00000021210,4,14,1288000,20240712: ,20250705: ,2024|뮤지컬:1;2025|발레/연극:2;2025|뮤지컬:1
00000000042,2,3,238500,20240712: ,20240712: ,2024|뮤지컬:2
00000005219,3,6,472500,20240712: ,20240712: ,2024|뮤지컬:3
00000013914,1,1,76500,20240712: ,20240712: ,2024|뮤지컬:1
00000015402,6,14,1176600,20240712: ,20250719: ,2024|뮤지컬:2;2024|발레/연극:1;2025|뮤지컬:1;2025|클래식:1;2025|발레/연극:1
00000015832,1,1,117000,20240713: ,20240713: ,2024|뮤지컬:1
00000006778,2,4,512000,20240713: ,20250215: ,2024|뮤지컬:1;2025|뮤지컬:1
00000018785,1,2,288000,20240713: ,20240713: ,2024|뮤지컬:1
00000003573,2,4,576000,20240713: ,20250215: ,2024|뮤지컬:1;2025|뮤지컬:1
00000005590,1,1,144000,20240713: ,20240713: ,2024|뮤지컬:1
00000020270,1,1,117000,20240713: ,20240713: ,2024|뮤지컬:1
00000020994,1,1,160000,20240713: ,20240713: ,2024|뮤지컬:1
00000020397,2,33,1157000,20240713: ,20251127: ,2024|뮤지컬:1;2025|발레/연극:1
00000002396,2,8,1280000,20240713: ,20240713: ,2024|뮤지컬:2
00000018299,2,8,1280000,20240713: ,20240713: ,2024|뮤지컬:2
00000006161,1,1,144000,20240713: ,20240713: ,2024|뮤지컬:1
00000012361,7,13,595000,20240713: ,20251204: ,2024|뮤지컬:1;2025|클래식:4;2025|발레/연극:2
00000004310,1,3,448000,20240713: ,20240713: ,2024|뮤지컬:1
00000006619,2,4,522000,20240713: ,20250216: ,2024|뮤지컬:1;2025|뮤지컬:1
00000012550,1,1,160000,20240713: ,20240713: ,2024|뮤지컬:1
00000002560,1,2,234000,20240713: ,20240713: ,2024|뮤지컬:1
00000006282,2,2,304000,20240713: ,20240713: ,2024|뮤지컬:2
00000005240,1,2,162000,20240713: ,20240713: ,2024|뮤지컬:1
00000009159,1,3,256500,20240713: ,20240713: ,2024|뮤지컬:1
00000020899,1,2,234000,20240713: ,20240713: ,2024|뮤지컬:1
00000010826,1,4,608000,20240713: ,20240713: ,2024|뮤지컬:1
00000003150,2,4,314000,20240713: ,20241116: ,2024|뮤지컬:2
00000006918,2,2,288000,20240713: ,20250215: ,2024|뮤지컬:1;2025|뮤지컬:1
00000010056,2,4,486000,20240713: ,20251123: ,2024|뮤지컬:1;2025|뮤지컬:1
00000004355,1,2,288000,20240713: ,20240713: ,2024|뮤지컬:1
00000000696,2,4,576000,20240713: ,20250215: ,2024|뮤지컬:1;2025|뮤지컬:1
00000016384,1,1,160000,20240713: ,20240713: ,2024|뮤지컬:1
00000010121,1,1,160000,20240713: ,20240713: ,2024|뮤지컬:1
00000012801,2,3,414000,20240713: ,20251123: ,2024|뮤지컬:1;2025|뮤지컬:1
00000021651,2,4,577000,20240713: ,20251123: ,2024|뮤지컬:1;2025|뮤지컬:1
00000002161,1,3,238500,20240713: ,20240713: ,2024|뮤지컬:1
00000007245,3,9,1266000,20240713: ,20250705: ,2024|뮤지컬:2;2025|뮤지컬:1
00000018820,1,2,234000,20240713: ,20240713: ,2024|뮤지컬:1
00000008307,1,2,234000,20240713: ,20240713: ,2024|뮤지컬:1
00000014248,2,4,576000,20240713: ,20250706: ,2024|뮤지컬:1;2025|뮤지컬:1
00000003007,1,4,468000,20240713: ,20240713: ,2024|뮤지컬:1
00000011284,2,4,330000,20240713: ,20250720: ,2024|뮤지컬:1;2025|발레/연극:1
00000006289,2,4,608000,20240713: ,20240713: ,2024|뮤지컬:2
00000015300,1,2,234000,20240713: ,20240713: ,2024|뮤지컬:1
00000016036,1,2,234000,20240713: ,20240713: ,2024|뮤지컬:1
00000003230,2,4,558000,20240713: ,20241123: ,2024|뮤지컬:2
00000014964,1,2,288000,20240713: ,20240713: ,2024|뮤지컬:1
00000019603,3,7,354000,20201018: ,20240713: ,2024|뮤지컬:1;2020|클래식:2
00000016846,1,2,234000,20240713: ,20240713: ,2024|뮤지컬:1
00000001594,3,6,819000,20240713: ,20250215: ,2024|뮤지컬:2;2025|뮤지컬:1
00000015529,1,2,288000,20240713: ,20240713: ,2024|뮤지컬:1
00000000152,1,1,160000,20240713: ,20240713: ,2024|뮤지컬:1
00000007270,1,2,288000,20240713: ,20240713: ,2024|뮤지컬:1
00000018238,1,2,288000,20240713: ,20240713: ,2024|뮤지컬:1
00000010791,1,2,162000,20240713: ,20240713: ,2024|뮤지컬:1
00000004168,1,2,234000,20240713: ,20240713: ,2024|뮤지컬:1
00000009026,2,2,320000,20240713: ,20240713: ,2024|뮤지컬:2
00000005838,1,2,288000,20240713: ,20240713: ,2024|뮤지컬:1
00000003550,1,2,288000,20240713: ,20240713: ,2024|뮤지컬:1
00000016969,2,2,288000,20240713: ,20240714: ,2024|뮤지컬:2
00000018108,1,2,234000,20240713: ,20240713: ,2024|뮤지컬:1
00000002728,1,2,288000,20240713: ,20240713: ,2024|뮤지컬:1
00000016352,1,4,576000,20240713: ,20240713: ,2024|뮤지컬:1
00000019572,1,1,160000,20240713: ,20240713: ,2024|뮤지컬:1
00000006663,6,16,855000,20240713: ,20251115: ,2024|뮤지컬:1;2024|어린이·가족:1;2024|발레/연극:1;2025|어린이·가족:1;2025|발레/연극:1;2025|클래식:1
00000005526,2,3,423000,20240713: ,20241123: ,2024|뮤지컬:2
00000006613,1,2,288000,20240713: ,20240713: ,2024|뮤지컬:1
00000003049,2,2,243000,20240713: ,20250216: ,2024|뮤지컬:1;2025|뮤지컬:1
00000021758,1,3,448000,20240713: ,20240713: ,2024|뮤지컬:1
00000022574,2,3,480000,20240713: ,20240713: ,2024|뮤지컬:2
00000013677,3,6,369000,20240713: ,20241116: ,2024|뮤지컬:2;2024|클래식:1
00000013222,1,2,288000,20240713: ,20240713: ,2024|뮤지컬:1
00000012564,4,8,882000,20240713: ,20250719: ,2024|뮤지컬:1;2025|뮤지컬:2;2025|발레/연극:1
00000000197,9,17,873000,20240713: ,20251204: ,2024|뮤지컬:2;2024|클래식:2;2025|클래식:3;2025|뮤지컬:1;2025|발레/연극:1
00000014887,1,2,234000,20240713: ,20240713: ,2024|뮤지컬:1
00000008364,1,1,144000,20240713: ,20240713: ,2024|뮤지컬:1
00000013899,2,3,473000,20240713: ,20251122: ,2024|뮤지컬:1;2025|뮤지컬:1
00000014977,4,8,948600,20240713: ,20250706: ,2024|뮤지컬:1;2024|발레/연극:1;2025|뮤지컬:2
00000008663,1,1,117000,20240713: ,20240713: ,2024|뮤지컬:1
00000014568,1,2,162000,20240713: ,20240713: ,2024|뮤지컬:1
00000020363,2,4,486000,20240713: ,20250215: ,2024|뮤지컬:1;2025|뮤지컬:1
00000017483,2,3,189000,20240713: ,20240824: ,2024|뮤지컬:1;2024|클래식:1
00000021018,3,3,365000,20240713: ,20251122: ,2024|뮤지컬:1;2025|뮤지컬:2
00000019955,1,2,288000,20240713: ,20240713: ,2024|뮤지컬:1
00000016837,3,5,536600,20240713: ,20250920: ,2024|뮤지컬:1;2025|뮤지컬:1;2025|어린이·가족:1
00000014596,2,4,396000,20240713: ,20241123: ,2024|뮤지컬:2
00000005217,3,9,1390000,20240713: ,20250706: ,2024|뮤지컬:2;2025|뮤지컬:1
00000016210,1,2,162000,20240713: ,20240713: ,2024|뮤지컬:1
00000011040,1,1,117000,20240713: ,20240713: ,2024|뮤지컬:1
00000014125,2,2,288000,20240713: ,20240713: ,2024|뮤지컬:2
00000021484,1,2,234000,20240713: ,20240713: ,2024|뮤지컬:1
00000002421,1,1,117000,20240713: ,20240713: ,2024|뮤지컬:1
00000010624,1,2,288000,20240713: ,20240713: ,2024|뮤지컬:1
00000007585,1,3,448000,20240713: ,20240713: ,2024|뮤지컬:1
00000011942,1,3,364000,20240713: ,20240713: ,2024|뮤지컬:1
00000015128,1,2,288000,20240713: ,20240713: ,2024|뮤지컬:1
00000017543,1,2,234000,20240713: ,20240713: ,2024|뮤지컬:1
00000009298,1,1,144000,20240713: ,20240713: ,2024|뮤지컬:1
00000000012,4,6,916000,20240713: ,20251123: ,2024|뮤지컬:1;2025|뮤지컬:3
00000017364,1,2,288000,20240713: ,20240713: ,2024|뮤지컬:1
00000001787,1,2,272000,20240713: ,20240713: ,2024|뮤지컬:1
00000014129,1,2,234000,20240713: ,20240713: ,2024|뮤지컬:1
00000012939,1,2,288000,20240713: ,20240713: ,2024|뮤지컬:1
00000016712,2,6,960000,20240713: ,20240713: ,2024|뮤지컬:2
00000000156,1,1,117000,20240713: ,20240713: ,2024|뮤지컬:1
00000016386,3,7,561000,20240713: ,20251115: ,2024|뮤지컬:1;2024|클래식:1;2025|클래식:1
00000014939,1,2,288000,20240713: ,20240713: ,2024|뮤지컬:1
00000002264,2,4,360000,20240713: ,20250705: ,2024|뮤지컬:1;2025|뮤지컬:1
00000000982,1,1,144000,20240713: ,20240713: ,2024|뮤지컬:1
00000012141,1,2,234000,20240713: ,20240713: ,2024|뮤지컬:1
00000002171,3,9,588000,20240713: ,20241214: ,2024|뮤지컬:1;2024|어린이·가족:1;2024|발레/연극:1
00000011736,2,4,426600,20240713: ,20241224: ,2024|뮤지컬:1;2024|발레/연극:1
00000007497,1,2,157500,20240713: ,20240713: ,2024|뮤지컬:1
00000004483,1,2,288000,20240713: ,20240713: ,2024|뮤지컬:1
00000022277,6,6,930000,20240713: ,20251123: ,2024|뮤지컬:3;2025|뮤지컬:3
00000013139,8,23,1544000,20240713: ,20251129: ,2024|뮤지컬:1;2024|클래식:1;2025|뮤지컬:2;2025|발레/연극:3;2025|클래식:1
00000007978,2,2,320000,20240713: ,20240713: ,2024|뮤지컬:2
00000003358,1,2,288000,20240713: ,20240713: ,2024|뮤지컬:1
00000019188,1,2,320000,20240713: ,20240713: ,2024|뮤지컬:1
00000004054,2,2,288000,20240713: ,20240713: ,2024|뮤지컬:2
00000012767,4,8,1170000,20240713: ,20251123: ,2024|뮤지컬:1;2025|뮤지컬:3
00000009105,4,5,736000,20240713: ,20250215: ,2024|뮤지컬:3;2025|뮤지컬:1
00000018970,3,10,1060000,20240713: ,20251123: ,2024|뮤지컬:1;2024|클래식:1;2025|뮤지컬:1
00000014592,1,4,576000,20240713: ,20240713: ,2024|뮤지컬:1
00000000837,2,4,540000,20240713: ,20251123: ,2024|뮤지컬:1;2025|뮤지컬:1
00000005185,1,2,234000,20240713: ,20240713: ,2024|뮤지컬:1
00000008349,1,1,144000,20240713: ,20240713: ,2024|뮤지컬:1
00000011957,2,4,392000,20240713: ,20251128: ,2024|뮤지컬:1;2025|발레/연극:1
00000009426,4,7,868500,20240713: ,20251122: ,2024|뮤지컬:1;2024|발레/연극:1;2025|뮤지컬:2
00000014105,1,2,288000,20240713: ,20240713: ,2024|뮤지컬:1
00000002241,2,3,408000,20240713: ,20251122: ,2024|뮤지컬:1;2025|뮤지컬:1
00000000262,2,2,261000,20240713: ,20240713: ,2024|뮤지컬:2
00000015026,1,2,288000,20240713: ,20240713: ,2024|뮤지컬:1
00000002150,4,11,1175800,20240713: ,20251122: ,2024|뮤지컬:1;2024|발레/연극:1;2025|뮤지컬:2
00000005790,1,1,144000,20240713: ,20240713: ,2024|뮤지컬:1
00000007822,1,2,288000,20240713: ,20240713: ,2024|뮤지컬:1
00000005407,4,8,1142000,20240713: ,20251123: ,2024|뮤지컬:2;2025|뮤지컬:2
00000001930,2,4,576000,20240713: ,20250214: ,2024|뮤지컬:1;2025|뮤지컬:1
00000005999,2,3,448000,20240713: ,20240713: ,2024|뮤지컬:2
00000010639,1,1,128000,20240713: ,20240713: ,2024|뮤지컬:1
00000021472,1,2,288000,20240713: ,20240713: ,2024|뮤지컬:1
00000010996,1,3,480000,20240713: ,20240713: ,2024|뮤지컬:1
00000016680,3,7,970000,20240713: ,20250215: ,2024|뮤지컬:1;2025|뮤지컬:2
00000016876,1,2,288000,20240713: ,20240713: ,2024|뮤지컬:1
00000002749,3,6,846000,20240713: ,20250214: ,2024|뮤지컬:2;2025|뮤지컬:1
00000005228,1,2,272000,20240713: ,20240713: ,2024|뮤지컬:1
00000018165,2,5,508500,20240713: ,20241123: ,2024|뮤지컬:2
00000017828,1,1,160000,20240713: ,20240713: ,2024|뮤지컬:1
00000015968,3,4,558000,20240713: ,20250216: ,2024|뮤지컬:2;2025|뮤지컬:1
00000006558,1,3,480000,20240713: ,20240713: ,2024|뮤지컬:1
00000022037,1,2,234000,20240713: ,20240713: ,2024|뮤지컬:1
00000002486,1,1,160000,20240713: ,20240713: ,2024|뮤지컬:1
00000001611,1,2,288000,20240713: ,20240713: ,2024|뮤지컬:1
00000007177,1,1,144000,20240713: ,20240713: ,2024|뮤지컬:1
00000001137,1,2,234000,20240713: ,20240713: ,2024|뮤지컬:1
00000006424,1,2,288000,20240713: ,20240713: ,2024|뮤지컬:1
00000010234,1,1,144000,20240713: ,20240713: ,2024|뮤지컬:1
00000020974,1,2,320000,20240713: ,20240713: ,2024|뮤지컬:1
00000002964,1,1,160000,20240713: ,20240713: ,2024|뮤지컬:1
00000009927,1,2,261000,20240713: ,20240713: ,2024|뮤지컬:1
00000014021,1,2,288000,20240713: ,20240713: ,2024|뮤지컬:1
00000020480,1,3,480000,20240713: ,20240713: ,2024|뮤지컬:1
00000003731,1,1,160000,20240713: ,20240713: ,2024|뮤지컬:1
00000019481,3,3,373000,20240713: ,20251123: ,2024|뮤지컬:1;2025|뮤지컬:2
00000018859,1,2,234000,20240713: ,20240713: ,2024|뮤지컬:1
00000000702,1,2,288000,20240713: ,20240713: ,2024|뮤지컬:1
00000016412,1,1,144000,20240713: ,20240713: ,2024|뮤지컬:1
00000012475,1,2,162000,20240713: ,20240713: ,2024|뮤지컬:1
00000012480,2,4,296100,20240713: ,20241225: ,2024|뮤지컬:1;2024|발레/연극:1
00000006901,1,2,162000,20240713: ,20240713: ,2024|뮤지컬:1
00000014490,4,6,756000,20240713: ,20251122: ,2024|뮤지컬:2;2025|발레/연극:1;2025|뮤지컬:1
00000012748,1,3,234000,20240713: ,20240713: ,2024|뮤지컬:1
00000012930,2,4,332000,20240713: ,20250719: ,2024|뮤지컬:1;2025|발레/연극:1
00000008628,1,2,288000,20240713: ,20240713: ,2024|뮤지컬:1
00000012938,1,2,162000,20240713: ,20240713: ,2024|뮤지컬:1
00000009066,1,2,320000,20240713: ,20240713: ,2024|뮤지컬:1
00000009969,3,6,896000,20240713: ,20250215: ,2024|뮤지컬:2;2025|뮤지컬:1
00000016449,1,2,288000,20240713: ,20240713: ,2024|뮤지컬:1
00000001990,1,3,480000,20240713: ,20240713: ,2024|뮤지컬:1
00000006680,2,2,225000,20240713: ,20240713: ,2024|뮤지컬:2
00000017885,5,10,858600,20240713: ,20250517: ,2024|뮤지컬:1;2024|발레/연극:1;2025|뮤지컬:1;2025|발레/연극:1;2025|기타:1
00000012932,1,1,144000,20240713: ,20240713: ,2024|뮤지컬:1
00000000380,1,2,260000,20240713: ,20240713: ,2024|뮤지컬:1
00000021207,1,4,468000,20240713: ,20240713: ,2024|뮤지컬:1
00000004651,2,6,882000,20240713: ,20251122: ,2024|뮤지컬:1;2025|뮤지컬:1
00000013912,6,11,992000,20240713: ,20251123: ,2024|뮤지컬:1;2025|뮤지컬:3;2025|발레/연극:2
00000016196,1,2,162000,20240713: ,20240713: ,2024|뮤지컬:1
00000012538,2,4,620000,20240713: ,20241124: ,2024|뮤지컬:2
00000011753,2,4,576000,20240713: ,20250215: ,2024|뮤지컬:1;2025|뮤지컬:1
00000021815,3,3,480000,20240713: ,20240714: ,2024|뮤지컬:3
00000009286,5,14,1744000,20240713: ,20251123: ,2024|뮤지컬:2;2025|뮤지컬:2;2025|발레/연극:1
00000010324,1,3,448000,20240713: ,20240713: ,2024|뮤지컬:1
00000009843,3,4,660000,20240713: ,20251123: ,2024|뮤지컬:2;2025|뮤지컬:1
00000009820,4,6,638000,20240713: ,20250215: ,2024|뮤지컬:3;2025|뮤지컬:1
00000021191,3,6,888000,20240713: ,20250705: ,2024|뮤지컬:1;2025|뮤지컬:2
00000014280,1,4,576000,20240713: ,20240713: ,2024|뮤지컬:1
00000007857,2,4,414000,20240713: ,20241101: ,2024|뮤지컬:1;2024|클래식:1
00000004036,2,3,414000,20240713: ,20241123: ,2024|뮤지컬:2
00000010902,1,1,130000,20240713: ,20240713: ,2024|뮤지컬:1
00000012125,4,13,1924000,20240713: ,20251123: ,2024|뮤지컬:1;2025|뮤지컬:3
00000006728,1,2,234000,20240713: ,20240713: ,2024|뮤지컬:1
00000003913,1,3,364000,20240713: ,20240713: ,2024|뮤지컬:1
00000022424,5,10,1516000,20240713: ,20250705: ,2024|뮤지컬:2;2025|뮤지컬:3
00000017724,1,2,157500,20240713: ,20240713: ,2024|뮤지컬:1
00000009473,5,9,816000,20240713: ,20251129: ,2024|뮤지컬:2;2025|뮤지컬:1;2025|발레/연극:2
00000013268,3,6,896000,20240713: ,20250705: ,2024|뮤지컬:1;2025|뮤지컬:2
00000015717,2,2,320000,20240713: ,20240713: ,2024|뮤지컬:2
00000016408,1,4,468000,20240713: ,20240713: ,2024|뮤지컬:1
00000005095,3,6,928000,20240713: ,20250216: ,2024|뮤지컬:1;2025|뮤지컬:2
00000016842,1,2,288000,20240713: ,20240713: ,2024|뮤지컬:1
00000015242,3,8,322000,20240713: ,20250719: ,2024|뮤지컬:1;2024|클래식:1;2025|발레/연극:1
00000003315,3,6,745000,20240713: ,20251122: ,2024|뮤지컬:1;2025|클래식:1;2025|뮤지컬:1
00000005600,1,2,288000,20240713: ,20240713: ,2024|뮤지컬:1
00000021306,1,2,288000,20240713: ,20240713: ,2024|뮤지컬:1
00000019134,2,6,450400,20240713: ,20250802: ,2024|뮤지컬:1;2025|어린이·가족:1
00000002394,1,2,288000,20240713: ,20240713: ,2024|뮤지컬:1
00000018628,3,8,545200,20240713: ,20250802: ,2024|뮤지컬:1;2024|발레/연극:1;2025|어린이·가족:1
00000011909,1,2,260000,20240713: ,20240713: ,2024|뮤지컬:1
00000019589,1,1,144000,20240713: ,20240713: ,2024|뮤지컬:1
00000019656,1,1,160000,20240713: ,20240713: ,2024|뮤지컬:1
00000003263,1,1,144000,20240713: ,20240713: ,2024|뮤지컬:1
00000007473,1,1,160000,20240713: ,20240713: ,2024|뮤지컬:1
00000012687,1,1,144000,20240713: ,20240713: ,2024|뮤지컬:1
00000005834,4,8,930600,20240713: ,20251123: ,2024|뮤지컬:1;2024|발레/연극:1;2025|뮤지컬:2
00000012565,1,1,76500,20240713: ,20240713: ,2024|뮤지컬:1
00000022128,1,2,320000,20240713: ,20240713: ,2024|뮤지컬:1
00000017478,1,2,288000,20240713: ,20240713: ,2024|뮤지컬:1
00000019897,1,1,117000,20240713: ,20240713: ,2024|뮤지컬:1
00000015637,2,4,576000,20240713: ,20250216: ,2024|뮤지컬:1;2025|뮤지컬:1
00000003931,1,2,162000,20240713: ,20240713: ,2024|뮤지컬:1
00000003016,2,7,603700,20240713: ,20241224: ,2024|뮤지컬:1;2024|발레/연극:1
00000021708,1,2,288000,20240713: ,20240713: ,2024|뮤지컬:1
00000008419,1,2,234000,20240713: ,20240713: ,2024|뮤지컬:1
00000002477,2,4,620000,20240713: ,20241123: ,2024|뮤지컬:2
00000021291,1,2,234000,20240713: ,20240713: ,2024|뮤지컬:1
00000005873,2,3,378000,20240713: ,20250215: ,2024|뮤지컬:1;2025|뮤지컬:1
00000005654,1,2,288000,20240713: ,20240713: ,2024|뮤지컬:1
00000016425,1,1,160000,20240713: ,20240713: ,2024|뮤지컬:1
00000017281,1,2,260000,20240713: ,20240713: ,2024|뮤지컬:1
00000001488,2,4,608000,20240713: ,20250705: ,2024|뮤지컬:1;2025|뮤지컬:1
00000009934,1,1,160000,20240713: ,20240713: ,2024|뮤지컬:1
00000019144,1,2,320000,20240713: ,20240713: ,2024|뮤지컬:1
00000016654,2,8,822400,20240713: ,20241224: ,2024|뮤지컬:1;2024|발레/연극:1
00000015930,1,1,117000,20240713: ,20240713: ,2024|뮤지컬:1
00000020661,3,6,960000,20240713: ,20250705: ,2024|뮤지컬:1;2025|뮤지컬:2
00000003393,4,15,684000,20240713: ,20241101: ,2024|뮤지컬:1;2024|기타:1;2024|클래식:2
00000018047,1,4,315000,20240713: ,20240713: ,2024|뮤지컬:1
00000007406,1,3,364000,20240713: ,20240713: ,2024|뮤지컬:1
00000015371,1,2,288000,20240713: ,20240713: ,2024|뮤지컬:1
00000011412,1,3,448000,20240713: ,20240713: ,2024|뮤지컬:1
00000021279,2,4,369200,20240713: ,20250802: ,2024|뮤지컬:1;2025|어린이·가족:1
00000000876,3,5,279200,20240713: ,20250802: ,2024|뮤지컬:1;2025|발레/연극:1;2025|어린이·가족:1
00000011004,1,1,117000,20240713: ,20240713: ,2024|뮤지컬:1
00000004578,1,2,288000,20240713: ,20240713: ,2024|뮤지컬:1
00000014709,1,2,260000,20240713: ,20240713: ,2024|뮤지컬:1
00000009208,1,2,234000,20240713: ,20240713: ,2024|뮤지컬:1
00000019520,1,2,288000,20240713: ,20240713: ,2024|뮤지컬:1
00000012585,1,3,448000,20240713: ,20240713: ,2024|뮤지컬:1
00000019070,1,3,364000,20240713: ,20240713: ,2024|뮤지컬:1
00000019875,1,2,288000,20240713: ,20240713: ,2024|뮤지컬:1
00000018333,1,2,234000,20240713: ,20240713: ,2024|뮤지컬:1
00000012842,1,2,288000,20240713: ,20240713: ,2024|뮤지컬:1
00000004861,2,5,538000,20240713: ,20250308: ,2024|뮤지컬:1;2025|클래식:1
00000020214,1,1,144000,20240713: ,20240713: ,2024|뮤지컬:1
00000008129,3,6,540000,20240713: ,20250719: ,2024|뮤지컬:1;2025|뮤지컬:1;2025|발레/연극:1
00000011106,2,3,117000,20240713: ,20241221: ,2024|뮤지컬:1;2024|클래식:1
00000020224,1,2,162000,20240713: ,20240713: ,2024|뮤지컬:1
00000013861,2,2,304000,20240713: ,20240713: ,2024|뮤지컬:2
00000020693,1,2,234000,20240713: ,20240713: ,2024|뮤지컬:1
00000015244,2,5,438800,20240713: ,20250920: ,2024|뮤지컬:1;2025|어린이·가족:1
00000004100,3,3,376000,20240713: ,20251122: ,2024|뮤지컬:1;2025|뮤지컬:2
00000015747,2,2,320000,20240713: ,20240714: ,2024|뮤지컬:2
00000020418,1,1,144000,20240713: ,20240713: ,2024|뮤지컬:1
00000006828,1,2,288000,20240713: ,20240713: ,2024|뮤지컬:1
00000002346,2,6,896000,20240713: ,20250705: ,2024|뮤지컬:1;2025|뮤지컬:1
00000012963,6,20,1402400,20240713: ,20251129: ,2024|뮤지컬:2;2024|클래식:1;2024|발레/연극:1;2025|발레/연극:2
00000015833,2,4,576000,20240713: ,20250215: ,2024|뮤지컬:1;2025|뮤지컬:1
00000018974,1,1,144000,20240713: ,20240713: ,2024|뮤지컬:1
00000004608,1,3,448000,20240713: ,20240713: ,2024|뮤지컬:1
00000017079,1,2,180000,20240713: ,20240713: ,2024|뮤지컬:1
00000022307,6,7,377000,20240713: ,20251123: ,2024|뮤지컬:2;2025|뮤지컬:2;2025|클래식:1;2025|발레/연극:1
00000010411,1,2,320000,20240713: ,20240713: ,2024|뮤지컬:1
00000013313,1,2,288000,20240713: ,20240713: ,2024|뮤지컬:1
00000002639,1,3,238500,20240713: ,20240713: ,2024|뮤지컬:1
00000012031,1,1,76500,20240713: ,20240713: ,2024|뮤지컬:1
00000016763,2,5,369000,20240713: ,20241214: ,2024|뮤지컬:1;2024|발레/연극:1
00000001232,1,1,144000,20240713: ,20240713: ,2024|뮤지컬:1
00000007662,1,1,117000,20240713: ,20240713: ,2024|뮤지컬:1
00000009435,2,3,214000,20240713: ,20241012: ,2024|뮤지컬:1;2024|클래식:1
00000007739,10,13,1346000,20240713: ,20251123: ,2024|뮤지컬:5;2024|클래식:3;2025|뮤지컬:2
00000008416,1,2,153000,20240713: ,20240713: ,2024|뮤지컬:1
00000013142,1,2,288000,20240713: ,20240713: ,2024|뮤지컬:1
00000005139,1,1,144000,20240713: ,20240713: ,2024|뮤지컬:1
00000002914,4,16,2368000,20240713: ,20251122: ,2024|뮤지컬:2;2025|뮤지컬:2
00000022098,3,10,927000,20240713: ,20250308: ,2024|뮤지컬:1;2025|뮤지컬:1;2025|클래식:1
00000006775,1,4,333000,20240713: ,20240713: ,2024|뮤지컬:1
00000011527,2,4,378000,20240713: ,20241101: ,2024|뮤지컬:1;2024|클래식:1
00000004059,1,2,288000,20240713: ,20240713: ,2024|뮤지컬:1
00000008986,2,5,409800,20240713: ,20250802: ,2024|뮤지컬:1;2025|어린이·가족:1
00000004633,1,2,288000,20240713: ,20240713: ,2024|뮤지컬:1
00000017177,3,3,466000,20240713: ,20251123: ,2024|뮤지컬:1;2025|뮤지컬:2
00000017001,1,2,288000,20240713: ,20240713: ,2024|뮤지컬:1
00000004730,1,2,162000,20240713: ,20240713: ,2024|뮤지컬:1
00000015433,1,4,306000,20240713: ,20240713: ,2024|뮤지컬:1
00000018603,1,2,288000,20240714: ,20240714: ,2024|뮤지컬:1
00000001226,2,6,928000,20240714: ,20250704: ,2024|뮤지컬:1;2025|뮤지컬:1
00000009701,1,3,234000,20240714: ,20240714: ,2024|뮤지컬:1
00000019584,1,2,288000,20240714: ,20240714: ,2024|뮤지컬:1
00000000575,2,2,320000,20240714: ,20240714: ,2024|뮤지컬:2
00000007304,3,6,429500,20240714: ,20240906: ,2024|뮤지컬:1;2024|클래식:2
00000012162,1,1,160000,20240714: ,20240714: ,2024|뮤지컬:1
00000008939,1,2,234000,20240714: ,20240714: ,2024|뮤지컬:1
00000003482,2,2,320000,20240714: ,20240714: ,2024|뮤지컬:2
00000015603,4,4,624000,20240714: ,20240714: ,2024|뮤지컬:4
00000011192,5,9,428500,20240714: ,20250719: ,2024|뮤지컬:1;2024|클래식:1;2025|클래식:1;2025|발레/연극:2
00000018903,3,3,299000,20240714: ,20251123: ,2024|뮤지컬:1;2025|뮤지컬:2
00000016035,1,2,162000,20240714: ,20240714: ,2024|뮤지컬:1
00000020571,4,4,627000,20240714: ,20251123: ,2024|뮤지컬:2;2025|뮤지컬:2
00000019169,3,3,381000,20240714: ,20250705: ,2024|뮤지컬:2;2025|뮤지컬:1
00000022594,2,2,313000,20240714: ,20251122: ,2024|뮤지컬:1;2025|뮤지컬:1
00000007851,5,6,890000,20240714: ,20251122: ,2024|뮤지컬:2;2025|뮤지컬:3
00000008786,5,10,660500,20240714: ,20250308: ,2024|뮤지컬:1;2024|발레/연극:1;2025|클래식:2;2025|뮤지컬:1
00000016851,1,2,320000,20240714: ,20240714: ,2024|뮤지컬:1
00000011390,5,5,371000,20240714: ,20251115: ,2024|뮤지컬:2;2025|발레/연극:1;2025|클래식:2
00000016690,1,1,117000,20240714: ,20240714: ,2024|뮤지컬:1
00000019836,2,4,576000,20240714: ,20250215: ,2024|뮤지컬:1;2025|뮤지컬:1
00000002772,2,2,320000,20240714: ,20240714: ,2024|뮤지컬:2
00000020165,3,6,916000,20240714: ,20251123: ,2024|뮤지컬:1;2025|뮤지컬:2
00000013426,1,2,288000,20240714: ,20240714: ,2024|뮤지컬:1
00000006822,1,2,162000,20240714: ,20240714: ,2024|뮤지컬:1
00000002172,1,1,117000,20240714: ,20240714: ,2024|뮤지컬:1
00000006567,2,6,534400,20240714: ,20241225: ,2024|뮤지컬:1;2024|발레/연극:1
00000019105,3,8,334000,20240714: ,20251115: ,2024|뮤지컬:1;2025|발레/연극:1;2025|클래식:1
00000007360,3,3,500000,20240714: ,20251123: ,2024|뮤지컬:1;2025|뮤지컬:2
00000005161,1,1,144000,20240714: ,20240714: ,2024|뮤지컬:1
00000014158,2,3,458000,20240714: ,20251123: ,2024|뮤지컬:1;2025|뮤지컬:1
00000009640,1,4,576000,20240714: ,20240714: ,2024|뮤지컬:1
00000006279,1,1,144000,20240714: ,20240714: ,2024|뮤지컬:1
00000009943,2,4,576000,20240714: ,20250706: ,2024|뮤지컬:1;2025|뮤지컬:1
00000013391,3,9,905500,20240714: ,20251128: ,2024|뮤지컬:1;2025|뮤지컬:1;2025|발레/연극:1
00000017435,1,2,162000,20240714: ,20240714: ,2024|뮤지컬:1
00000015624,1,1,160000,20240714: ,20240714: ,2024|뮤지컬:1
00000006803,1,1,130000,20240714: ,20240714: ,2024|뮤지컬:1
00000012284,3,8,409500,20240714: ,20250706: ,2024|뮤지컬:1;2024|어린이·가족:1;2025|뮤지컬:1
00000009566,1,2,288000,20240714: ,20240714: ,2024|뮤지컬:1
00000006988,1,2,234000,20240714: ,20240714: ,2024|뮤지컬:1
00000017442,1,1,76500,20240714: ,20240714: ,2024|뮤지컬:1
00000019664,2,4,333500,20240714: ,20250216: ,2024|뮤지컬:1;2025|뮤지컬:1
00000007321,1,2,288000,20240714: ,20240714: ,2024|뮤지컬:1
00000020802,1,2,288000,20240714: ,20240714: ,2024|뮤지컬:1
00000017188,1,2,288000,20240714: ,20240714: ,2024|뮤지컬:1
00000007862,1,2,234000,20240714: ,20240714: ,2024|뮤지컬:1
00000008930,1,1,144000,20240714: ,20240714: ,2024|뮤지컬:1
00000009389,2,3,202000,20240714: ,20250308: ,2024|뮤지컬:1;2025|클래식:1
00000018199,1,2,162000,20240714: ,20240714: ,2024|뮤지컬:1
00000012006,1,2,288000,20240714: ,20240714: ,2024|뮤지컬:1
00000013610,1,2,234000,20240714: ,20240714: ,2024|뮤지컬:1
00000004798,2,2,171000,20240714: ,20250529: ,2024|뮤지컬:1;2025|발레/연극:1
00000005048,1,2,234000,20240714: ,20240714: ,2024|뮤지컬:1
00000005910,1,2,288000,20240714: ,20240714: ,2024|뮤지컬:1
00000011296,1,3,418000,20240714: ,20240714: ,2024|뮤지컬:1
00000007034,2,3,279000,20240714: ,20250424: ,2024|뮤지컬:1;2025|발레/연극:1
00000004061,1,2,320000,20240714: ,20240714: ,2024|뮤지컬:1
00000011831,1,1,160000,20240714: ,20240714: ,2024|뮤지컬:1
00000005877,1,1,144000,20240714: ,20240714: ,2024|뮤지컬:1
00000013618,1,2,234000,20240714: ,20240714: ,2024|뮤지컬:1
00000018185,1,2,288000,20240714: ,20240714: ,2024|뮤지컬:1
00000000039,2,2,287000,20240714: ,20251122: ,2024|뮤지컬:1;2025|뮤지컬:1
00000021425,1,2,288000,20240714: ,20240714: ,2024|뮤지컬:1
00000007395,2,2,304000,20240714: ,20240714: ,2024|뮤지컬:2
00000006838,1,1,144000,20240714: ,20240714: ,2024|뮤지컬:1
00000012699,1,2,234000,20240714: ,20240714: ,2024|뮤지컬:1
00000016150,1,2,234000,20240714: ,20240714: ,2024|뮤지컬:1
00000015698,1,2,288000,20240714: ,20240714: ,2024|뮤지컬:1
00000021520,1,1,117000,20240714: ,20240714: ,2024|뮤지컬:1
00000013945,1,2,234000,20240714: ,20240714: ,2024|뮤지컬:1
00000021450,1,1,117000,20240714: ,20240714: ,2024|뮤지컬:1
00000010459,1,2,288000,20240714: ,20240714: ,2024|뮤지컬:1
00000008421,3,6,662000,20240714: ,20241123: ,2024|뮤지컬:2;2024|클래식:1
00000000048,3,4,504000,20240714: ,20251123: ,2024|뮤지컬:2;2025|뮤지컬:1
00000010072,2,6,916000,20240714: ,20251123: ,2024|뮤지컬:1;2025|뮤지컬:1
00000003265,2,2,288000,20240714: ,20240714: ,2024|뮤지컬:2
00000010415,2,4,572000,20240714: ,20250214: ,2024|뮤지컬:1;2025|뮤지컬:1
00000010091,1,2,288000,20240714: ,20240714: ,2024|뮤지컬:1
00000003741,1,1,160000,20240714: ,20240714: ,2024|뮤지컬:1
00000016848,1,2,162000,20240714: ,20240714: ,2024|뮤지컬:1
00000013180,6,10,634000,20240714: ,20251115: ,2024|뮤지컬:2;2024|클래식:2;2025|뮤지컬:1;2025|클래식:1
00000006527,1,2,288000,20240714: ,20240714: ,2024|뮤지컬:1
00000002245,1,1,117000,20240714: ,20240714: ,2024|뮤지컬:1
00000015020,1,1,160000,20240714: ,20240714: ,2024|뮤지컬:1
00000018831,2,2,320000,20240714: ,20240714: ,2024|뮤지컬:2
00000015654,2,2,320000,20240714: ,20240714: ,2024|뮤지컬:2
00000011299,3,9,1125000,20240714: ,20250706: ,2024|뮤지컬:1;2025|뮤지컬:2
00000002438,1,1,117000,20240714: ,20240714: ,2024|뮤지컬:1
00000007029,1,2,288000,20240714: ,20240714: ,2024|뮤지컬:1
00000011462,2,2,304000,20240714: ,20240714: ,2024|뮤지컬:2
00000021485,2,2,220500,20240714: ,20241124: ,2024|뮤지컬:2
00000004888,5,6,674000,20240714: ,20251123: ,2024|뮤지컬:2;2025|뮤지컬:2;2025|어린이·가족:1
00000013027,1,2,288000,20240714: ,20240714: ,2024|뮤지컬:1
00000007542,2,2,314000,20240714: ,20251122: ,2024|뮤지컬:1;2025|뮤지컬:1
00000005861,2,5,508000,20240714: ,20251115: ,2024|뮤지컬:1;2025|클래식:1
00000000420,3,5,256000,20240714: ,20250529: ,2024|뮤지컬:1;2025|어린이·가족:1;2025|발레/연극:1
00000003544,1,2,272000,20240714: ,20240714: ,2024|뮤지컬:1
00000009252,2,3,238500,20240714: ,20240714: ,2024|뮤지컬:2
00000002802,1,1,160000,20240714: ,20240714: ,2024|뮤지컬:1
00000010268,4,8,1248000,20240714: ,20251123: ,2024|뮤지컬:2;2025|뮤지컬:2
00000014968,1,2,234000,20240714: ,20240714: ,2024|뮤지컬:1
00000014777,1,2,288000,20240714: ,20240714: ,2024|뮤지컬:1
00000019438,1,2,234000,20240714: ,20240714: ,2024|뮤지컬:1
00000010761,1,2,288000,20240714: ,20240714: ,2024|뮤지컬:1
00000007917,1,2,162000,20240714: ,20240714: ,2024|뮤지컬:1
00000003273,1,1,160000,20240714: ,20240714: ,2024|뮤지컬:1
00000021850,2,4,576000,20240714: ,20250216: ,2024|뮤지컬:1;2025|뮤지컬:1
00000000514,1,2,260000,20240714: ,20240714: ,2024|뮤지컬:1
00000009686,2,2,304000,20240714: ,20240714: ,2024|뮤지컬:2
00000008982,2,3,418000,20240714: ,20240714: ,2024|뮤지컬:2
00000007255,6,12,1188400,20240714: ,20251123: ,2024|뮤지컬:1;2024|클래식:1;2025|뮤지컬:3;2025|어린이·가족:1
00000011950,3,6,394000,20240714: ,20251204: ,2024|뮤지컬:1;2025|클래식:2
00000005908,1,1,130000,20240714: ,20240714: ,2024|뮤지컬:1
00000004864,1,1,160000,20240714: ,20240714: ,2024|뮤지컬:1
00000016306,1,2,234000,20240714: ,20240714: ,2024|뮤지컬:1
00000003220,1,2,234000,20240714: ,20240714: ,2024|뮤지컬:1
00000020272,1,1,160000,20240714: ,20240714: ,2024|뮤지컬:1
00000014761,1,1,160000,20240714: ,20240714: ,2024|뮤지컬:1
00000001211,2,2,320000,20240714: ,20240714: ,2024|뮤지컬:2
00000003854,1,2,260000,20240714: ,20240714: ,2024|뮤지컬:1
00000017111,1,4,576000,20240714: ,20240714: ,2024|뮤지컬:1
00000010772,1,1,117000,20240714: ,20240714: ,2024|뮤지컬:1
00000007979,1,2,166500,20240714: ,20240714: ,2024|뮤지컬:1
00000018736,1,1,144000,20240714: ,20240714: ,2024|뮤지컬:1
00000012102,1,1,160000,20240714: ,20240714: ,2024|뮤지컬:1
00000016565,2,6,444000,20240714: ,20250308: ,2024|뮤지컬:1;2025|클래식:1
00000008445,1,1,160000,20240714: ,20240714: ,2024|뮤지컬:1
00000003572,1,2,272000,20240714: ,20240714: ,2024|뮤지컬:1
00000002504,4,8,1176000,20240714: ,20251123: ,2024|뮤지컬:2;2025|뮤지컬:2
00000002039,1,2,320000,20240714: ,20240714: ,2024|뮤지컬:1
00000013727,2,2,288000,20240714: ,20240714: ,2024|뮤지컬:2
00000008441,1,1,130000,20240714: ,20240714: ,2024|뮤지컬:1
00000008632,1,1,130000,20240714: ,20240714: ,2024|뮤지컬:1
00000013972,1,1,144000,20240714: ,20240714: ,2024|뮤지컬:1
00000000102,1,2,288000,20240714: ,20240714: ,2024|뮤지컬:1
00000013282,1,4,576000,20240714: ,20240714: ,2024|뮤지컬:1
00000005108,1,1,160000,20240714: ,20240714: ,2024|뮤지컬:1
00000001895,1,1,160000,20240714: ,20240714: ,2024|뮤지컬:1
00000004584,1,1,117000,20240714: ,20240714: ,2024|뮤지컬:1
00000002200,1,1,160000,20240714: ,20240714: ,2024|뮤지컬:1
00000003293,1,2,234000,20240714: ,20240714: ,2024|뮤지컬:1
00000013145,1,1,160000,20240714: ,20240714: ,2024|뮤지컬:1
00000016543,3,8,1116000,20240714: ,20250705: ,2024|뮤지컬:2;2025|뮤지컬:1
00000001056,1,3,364000,20240714: ,20240714: ,2024|뮤지컬:1
00000009518,2,2,313000,20240714: ,20251122: ,2024|뮤지컬:1;2025|뮤지컬:1
00000020829,1,1,76500,20240714: ,20240714: ,2024|뮤지컬:1
00000017648,1,2,288000,20240714: ,20240714: ,2024|뮤지컬:1
00000008971,2,4,372000,20240714: ,20250517: ,2024|뮤지컬:1;2025|어린이·가족:1
00000010978,1,1,130000,20240714: ,20240714: ,2024|뮤지컬:1
00000001522,1,2,162000,20240714: ,20240714: ,2024|뮤지컬:1
00000011693,1,1,144000,20240714: ,20240714: ,2024|뮤지컬:1
00000015430,1,1,160000,20240714: ,20240714: ,2024|뮤지컬:1
00000014182,5,5,743000,20240714: ,20251123: ,2024|뮤지컬:3;2025|뮤지컬:2
00000021620,1,2,288000,20240714: ,20240714: ,2024|뮤지컬:1
00000005958,1,1,144000,20240714: ,20240714: ,2024|뮤지컬:1
00000001852,1,1,144000,20240714: ,20240714: ,2024|뮤지컬:1
00000004177,1,2,234000,20240714: ,20240714: ,2024|뮤지컬:1
00000009043,2,3,423000,20240714: ,20241122: ,2024|뮤지컬:2
00000018505,1,2,162000,20240714: ,20240714: ,2024|뮤지컬:1
00000006517,1,2,45000,20240719: ,20240719: ,2024|어린이·가족:1
00000014540,3,3,90000,20240719: ,20250516: ,2024|어린이·가족:1;2024|뮤지컬:1;2025|어린이·가족:1
00000013635,1,3,69000,20240719: ,20240719: ,2024|어린이·가족:1
00000005173,1,2,48000,20240720: ,20240720: ,2024|어린이·가족:1
00000017923,3,8,243000,20240720: ,20240910: ,2024|어린이·가족:3
00000004551,1,1,21000,20240720: ,20240720: ,2024|어린이·가족:1
00000000411,1,4,60000,20240720: ,20240720: ,2024|어린이·가족:1
00000018003,6,14,982600,20240720: ,20251123: ,2024|어린이·가족:1;2025|어린이·가족:3;2025|뮤지컬:2
00000002160,1,4,96000,20240720: ,20240720: ,2024|어린이·가족:1
00000000425,1,3,75000,20240720: ,20240720: ,2024|어린이·가족:1
00000002589,1,3,69000,20240720: ,20240720: ,2024|어린이·가족:1
00000011364,1,3,75000,20240720: ,20240720: ,2024|어린이·가족:1
00000009617,1,3,69000,20240720: ,20240720: ,2024|어린이·가족:1
00000003666,1,2,48000,20240720: ,20240720: ,2024|어린이·가족:1
00000014647,1,2,48000,20240720: ,20240720: ,2024|어린이·가족:1
00000022182,3,6,199200,20240720: ,20250920: ,2024|어린이·가족:1;2024|발레/연극:1;2025|어린이·가족:1
00000013433,1,3,50000,20240817: ,20240817: ,2024|기타:1
00000009450,3,5,96000,20240817: ,20240817: ,2024|기타:3
00000000198,1,2,36000,20240817: ,20240817: ,2024|기타:1
00000006293,1,1,18000,20240817: ,20240817: ,2024|기타:1
00000015490,1,3,60000,20240817: ,20240817: ,2024|기타:1
00000009785,33,154,2436000,20240817: ,20240818: ,2024|기타:33
00000010832,1,4,80000,20240817: ,20240817: ,2024|기타:1
00000009341,6,22,390000,20240817: ,20240818: ,2024|기타:6
00000011643,1,2,36000,20240817: ,20240817: ,2024|기타:1
00000020815,1,5,78000,20240817: ,20240817: ,2024|기타:1
00000020657,1,2,32000,20240817: ,20240817: ,2024|기타:1
00000016234,1,3,50000,20240817: ,20240817: ,2024|기타:1
00000015507,16,39,630000,20240817: ,20240817: ,2024|기타:16
00000009324,1,1,18000,20240817: ,20240817: ,2024|기타:1
00000002942,2,4,80000,20240817: ,20240818: ,2024|기타:2
00000013894,1,5,80000,20240817: ,20240817: ,2024|기타:1
00000008431,3,4,76000,20240817: ,20240817: ,2024|기타:3
00000011848,1,2,36000,20240817: ,20240817: ,2024|기타:1
00000003088,1,2,36000,20240817: ,20240817: ,2024|기타:1
00000008738,2,7,461000,20240817: ,20250704: ,2024|기타:1;2025|뮤지컬:1
00000009599,1,4,80000,20240817: ,20240817: ,2024|기타:1
00000020901,2,4,80000,20240817: ,20240817: ,2024|기타:2
00000001709,1,2,36000,20240817: ,20240817: ,2024|기타:1
00000017609,1,2,36000,20240817: ,20240817: ,2024|기타:1
00000000576,1,4,76000,20240817: ,20240817: ,2024|기타:1
00000019370,1,1,18000,20240817: ,20240817: ,2024|기타:1
00000013099,1,1,18000,20240818: ,20240818: ,2024|기타:1
00000000762,1,2,36000,20240818: ,20240818: ,2024|기타:1
00000006045,1,1,16000,20240818: ,20240818: ,2024|기타:1
00000011343,1,2,36000,20240818: ,20240818: ,2024|기타:1
00000012594,6,12,324000,20240818: ,20250720: ,2024|기타:1;2024|클래식:1;2025|클래식:1;2025|발레/연극:3
00000015103,7,16,996000,20240818: ,20250920: ,2024|기타:1;2024|클래식:1;2025|뮤지컬:2;2025|어린이·가족:3
00000014595,1,2,36000,20240818: ,20240818: ,2024|기타:1
00000009398,1,2,36000,20240818: ,20240818: ,2024|기타:1
00000010484,1,2,36000,20240818: ,20240818: ,2024|기타:1
00000003694,1,2,40000,20240818: ,20240818: ,2024|기타:1
00000012317,1,2,36000,20240818: ,20240818: ,2024|기타:1
00000008943,1,2,72000,20240823: ,20240823: ,2024|클래식:1
00000003490,1,2,40000,20240823: ,20240823: ,2024|클래식:1
00000005288,1,2,72000,20240823: ,20240823: ,2024|클래식:1
00000010999,2,4,342000,20240823: ,20241122: ,2024|클래식:1;2024|뮤지컬:1
00000022430,3,11,1264000,20240823: ,20250705: ,2024|클래식:1;2025|뮤지컬:2
00000018330,6,34,1008000,20240823: ,20250529: ,2024|클래식:3;2025|발레/연극:3
00000003759,1,2,56000,20240823: ,20240823: ,2024|클래식:1
00000011549,1,2,48000,20240823: ,20240823: ,2024|클래식:1
00000003076,1,4,120000,20240823: ,20240823: ,2024|클래식:1
00000000407,3,3,112000,20240823: ,20240823: ,2024|클래식:3
00000003202,1,2,72000,20240824: ,20240824: ,2024|클래식:1
00000015265,3,6,620000,20240824: ,20250705: ,2024|클래식:1;2025|뮤지컬:2
00000011340,1,3,68000,20240824: ,20240824: ,2024|클래식:1
00000015325,1,1,36000,20240824: ,20240824: ,2024|클래식:1
00000019759,1,4,112000,20240824: ,20240824: ,2024|클래식:1
00000007322,1,2,72000,20240824: ,20240824: ,2024|클래식:1
00000015728,2,4,352000,20240824: ,20250704: ,2024|클래식:1;2025|뮤지컬:1
00000013824,1,3,92000,20240824: ,20240824: ,2024|클래식:1
00000000867,4,30,810000,20240824: ,20240904: ,2024|클래식:4
00000007297,1,5,132000,20240824: ,20240824: ,2024|클래식:1
00000012167,1,2,56000,20240824: ,20240824: ,2024|클래식:1
00000012107,3,10,310000,20240824: ,20250720: ,2024|클래식:1;2024|뮤지컬:1;2025|발레/연극:1
00000010275,1,2,40000,20240824: ,20240824: ,2024|클래식:1
00000015369,3,10,310000,20240824: ,20250514: ,2024|클래식:1;2025|어린이·가족:2
00000007236,1,5,140000,20240824: ,20240824: ,2024|클래식:1
00000007479,2,8,265000,20240824: ,20241213: ,2024|클래식:1;2024|발레/연극:1
00000003112,5,5,293300,20240824: ,20241225: ,2024|클래식:3;2024|뮤지컬:1;2024|발레/연극:1
00000016302,1,2,40000,20240824: ,20240824: ,2024|클래식:1
00000001111,2,6,171000,20240824: ,20241116: ,2024|클래식:1;2024|뮤지컬:1
00000008212,1,3,80000,20240824: ,20240824: ,2024|클래식:1
00000006867,3,6,149000,20240904: ,20250920: ,2024|클래식:2;2025|어린이·가족:1
00000003221,4,8,168000,20240904: ,20250911: ,2024|클래식:1;2025|클래식:3
00000013086,8,17,312000,20240904: ,20251204: ,2024|클래식:1;2025|클래식:7
00000016202,5,12,518200,20240904: ,20250802: ,2024|클래식:1;2024|발레/연극:1;2025|어린이·가족:3
00000000270,1,3,42000,20240904: ,20240904: ,2024|클래식:1
00000009256,1,2,32000,20240904: ,20240904: ,2024|클래식:1
00000012911,2,2,27000,20240904: ,20241204: ,2024|클래식:2
00000001814,2,2,58500,20221014: ,20240904: ,2024|클래식:1;2022|클래식:1
00000007646,2,3,43000,20240904: ,20241204: ,2024|클래식:2
00000018000,1,2,27000,20240904: ,20240904: ,2024|클래식:1
00000002340,1,1,13500,20240904: ,20240904: ,2024|클래식:1
00000020037,1,2,32000,20240904: ,20240904: ,2024|클래식:1
00000000535,1,2,32000,20240904: ,20240904: ,2024|클래식:1
00000017371,2,4,54000,20240904: ,20241204: ,2024|클래식:2
00000016886,1,2,32000,20240904: ,20240904: ,2024|클래식:1
00000001617,2,3,55000,20240904: ,20241221: ,2024|클래식:2
00000021833,2,2,34500,20240904: ,20241013: ,2024|클래식:2
00000004932,3,6,99000,20240904: ,20250710: ,2024|클래식:1;2025|클래식:2
00000019713,1,2,27000,20240904: ,20240904: ,2024|클래식:1
00000017153,3,6,90000,20240904: ,20250327: ,2024|클래식:2;2025|클래식:1
00000004559,7,8,243000,20240904: ,20251123: ,2024|클래식:3;2025|클래식:2;2025|발레/연극:1;2025|뮤지컬:1
00000018835,2,5,174000,20240904: ,20240906: ,2024|클래식:2
00000012095,3,6,90000,20240904: ,20251204: ,2024|클래식:2;2025|클래식:1
00000002366,1,2,22500,20240904: ,20240904: ,2024|클래식:1
00000016138,1,2,98000,20240906: ,20240906: ,2024|클래식:1
00000006847,1,2,112000,20240906: ,20240906: ,2024|클래식:1
00000010300,2,4,172000,20240906: ,20250308: ,2024|클래식:1;2025|클래식:1
00000008010,1,2,90000,20240906: ,20240906: ,2024|클래식:1
00000004537,1,1,63000,20240906: ,20240906: ,2024|클래식:1
00000014100,1,2,112000,20240906: ,20240906: ,2024|클래식:1
00000003010,1,1,56000,20240906: ,20240906: ,2024|클래식:1
00000017921,2,2,126000,20240906: ,20240906: ,2024|클래식:2
00000008065,3,6,376000,20201225: ,20240906: ,2024|클래식:1;2020|클래식:2
00000021763,1,1,56000,20240906: ,20240906: ,2024|클래식:1
00000002446,3,6,465000,20201126: ,20250308: ,2024|클래식:1;2025|클래식:1;2020|클래식:1
00000007354,1,1,40000,20240906: ,20240906: ,2024|클래식:1
00000013562,9,18,544000,20240906: ,20251026: ,2024|클래식:2;2024|발레/연극:1;2025|클래식:6
00000008215,1,6,180000,20240910: ,20240910: ,2024|어린이·가족:1
00000011552,1,2,84000,20240910: ,20240910: ,2024|어린이·가족:1
00000018780,1,4,120000,20240910: ,20240910: ,2024|어린이·가족:1
00000006991,2,6,211800,20240910: ,20250802: ,2024|어린이·가족:1;2025|어린이·가족:1
00000021834,2,4,141200,20240910: ,20250803: ,2024|어린이·가족:1;2025|어린이·가족:1
00000009157,1,2,60000,20240910: ,20240910: ,2024|어린이·가족:1
00000001245,1,2,60000,20240910: ,20240910: ,2024|어린이·가족:1
00000020130,1,2,84000,20240910: ,20240910: ,2024|어린이·가족:1
00000021258,1,2,60000,20240911: ,20240911: ,2024|어린이·가족:1
00000001395,5,10,446800,20240911: ,20250920: ,2024|어린이·가족:1;2024|클래식:1;2024|발레/연극:1;2025|어린이·가족:2
00000000028,4,9,396600,20240911: ,20250517: ,2024|어린이·가족:1;2024|발레/연극:2;2025|어린이·가족:1
00000005112,1,2,84000,20240911: ,20240911: ,2024|어린이·가족:1
00000008844,2,4,141200,20240911: ,20250802: ,2024|어린이·가족:1;2025|어린이·가족:1
00000016722,2,7,390400,20240911: ,20241225: ,2024|어린이·가족:1;2024|발레/연극:1
00000006712,1,2,120000,20240911: ,20240911: ,2024|어린이·가족:1
00000009646,2,3,90000,20240911: ,20240911: ,2024|어린이·가족:2
00000006487,1,4,120000,20240911: ,20240911: ,2024|어린이·가족:1
00000003462,1,2,60000,20240911: ,20240911: ,2024|어린이·가족:1
00000009046,2,4,163200,20240911: ,20250920: ,2024|어린이·가족:1;2025|어린이·가족:1
00000018097,1,2,60000,20240911: ,20240911: ,2024|어린이·가족:1
00000017958,2,4,372000,20240912: ,20250216: ,2024|어린이·가족:1;2025|뮤지컬:1
00000007333,1,3,90000,20240912: ,20240912: ,2024|어린이·가족:1
00000006471,2,4,141200,20240912: ,20250803: ,2024|어린이·가족:1;2025|어린이·가족:1
00000005331,1,3,180000,20240912: ,20240912: ,2024|어린이·가족:1
00000007765,1,2,84000,20240912: ,20240912: ,2024|어린이·가족:1
00000020018,1,2,60000,20240912: ,20240912: ,2024|어린이·가족:1
00000018650,2,5,178800,20240912: ,20250918: ,2024|어린이·가족:1;2025|어린이·가족:1
00000010218,1,2,60000,20240912: ,20240912: ,2024|어린이·가족:1
00000022192,5,5,115000,20241010: ,20241126: ,2024|클래식:5
00000016840,2,2,136000,20241011: ,20251122: ,2024|클래식:1;2025|뮤지컬:1
00000004569,6,6,225000,20241011: ,20251025: ,2024|클래식:2;2025|클래식:4
00000004606,1,3,105000,20241011: ,20241011: ,2024|클래식:1
00000016864,1,2,70000,20241011: ,20241011: ,2024|클래식:1
00000011972,1,1,35000,20241011: ,20241011: ,2024|클래식:1
00000014320,3,3,89000,20241011: ,20250904: ,2024|클래식:1;2025|클래식:2
00000015706,6,12,395000,20201017: ,20251026: ,2024|클래식:1;2025|클래식:3;2020|클래식:2
00000011291,1,3,65000,20241012: ,20241012: ,2024|클래식:1
00000000793,1,2,70000,20241012: ,20241012: ,2024|클래식:1
00000001201,1,2,42000,20241012: ,20241012: ,2024|클래식:1
00000006116,1,2,54000,20241012: ,20241012: ,2024|클래식:1
00000008926,1,1,35000,20241012: ,20241012: ,2024|클래식:1
00000014926,1,1,35000,20241012: ,20241012: ,2024|클래식:1
00000010557,3,6,117500,20241012: ,20250308: ,2024|클래식:1;2025|클래식:2
00000006796,1,2,90000,20241013: ,20241013: ,2024|클래식:1
00000004866,1,2,70000,20241013: ,20241013: ,2024|클래식:1
00000001803,6,10,695000,20241013: ,20251122: ,2024|클래식:1;2024|뮤지컬:1;2025|발레/연극:1;2025|클래식:2;2025|뮤지컬:1
00000009068,3,4,494000,20241013: ,20251123: ,2024|클래식:1;2025|뮤지컬:2
00000020448,2,5,50000,20241013: ,20251025: ,2024|클래식:1;2025|클래식:1
00000015714,3,6,625000,20241101: ,20251122: ,2024|클래식:1;2025|뮤지컬:2
00000002619,1,1,63000,20241101: ,20241101: ,2024|클래식:1
00000016073,2,2,140000,20241101: ,20241101: ,2024|클래식:2
00000016003,1,1,63000,20241101: ,20241101: ,2024|클래식:1
00000003908,2,2,126000,20241101: ,20241101: ,2024|클래식:2
00000017431,1,1,63000,20241101: ,20241101: ,2024|클래식:1
00000014801,1,1,70000,20241101: ,20241101: ,2024|클래식:1
00000015045,1,1,70000,20241101: ,20241101: ,2024|클래식:1
00000016328,1,2,126000,20241101: ,20241101: ,2024|클래식:1
00000021123,1,2,126000,20241101: ,20241101: ,2024|클래식:1
00000004324,1,2,90000,20241101: ,20241101: ,2024|클래식:1
00000001923,1,1,63000,20241101: ,20241101: ,2024|클래식:1
00000007283,1,2,126000,20241101: ,20241101: ,2024|클래식:1
00000015457,1,1,63000,20241101: ,20241101: ,2024|클래식:1
00000008932,1,1,70000,20241101: ,20241101: ,2024|클래식:1
00000022315,1,2,126000,20241101: ,20241101: ,2024|클래식:1
00000000938,1,2,126000,20241101: ,20241101: ,2024|클래식:1
00000012233,1,1,70000,20241101: ,20241101: ,2024|클래식:1
00000001321,1,1,70000,20241101: ,20241101: ,2024|클래식:1
00000016990,1,1,70000,20241101: ,20241101: ,2024|클래식:1
00000019467,1,1,63000,20241101: ,20241101: ,2024|클래식:1
00000001762,1,4,280000,20241101: ,20241101: ,2024|클래식:1
00000012105,3,9,198000,20241101: ,20250116: ,2024|클래식:2;2025|클래식:1
00000005201,1,2,90000,20241101: ,20241101: ,2024|클래식:1
00000004611,1,1,70000,20241101: ,20241101: ,2024|클래식:1
00000018867,1,1,70000,20241101: ,20241101: ,2024|클래식:1
00000015515,1,2,90000,20241101: ,20241101: ,2024|클래식:1
00000008100,1,2,90000,20241101: ,20241101: ,2024|클래식:1
00000017058,1,1,63000,20241101: ,20241101: ,2024|클래식:1
00000016414,1,4,120000,20241101: ,20241101: ,2024|클래식:1
00000003003,1,4,120000,20241101: ,20241101: ,2024|클래식:1
00000019023,1,1,70000,20241101: ,20241101: ,2024|클래식:1
00000014780,1,4,120000,20241101: ,20241101: ,2024|클래식:1
00000020331,1,1,63000,20241101: ,20241101: ,2024|클래식:1
00000019205,1,1,70000,20241101: ,20241101: ,2024|클래식:1
00000012029,1,1,70000,20241101: ,20241101: ,2024|클래식:1
00000017028,3,6,270000,20241101: ,20250904: ,2024|클래식:2;2025|클래식:1
00000001102,1,2,112000,20241101: ,20241101: ,2024|클래식:1
00000016588,1,1,70000,20241101: ,20241101: ,2024|클래식:1
00000022382,2,2,112000,20241101: ,20241101: ,2024|클래식:2
00000006801,1,2,112000,20241101: ,20241101: ,2024|클래식:1
00000001689,2,2,126000,20241101: ,20241101: ,2024|클래식:2
00000016163,1,1,63000,20241101: ,20241101: ,2024|클래식:1
00000005254,1,2,48000,20241101: ,20241101: ,2024|클래식:1
00000017343,1,1,63000,20241101: ,20241101: ,2024|클래식:1
00000012459,2,3,196000,20241101: ,20241101: ,2024|클래식:2
00000008788,1,2,126000,20241101: ,20241101: ,2024|클래식:1
00000004884,1,1,63000,20241101: ,20241101: ,2024|클래식:1
00000001242,1,2,140000,20241101: ,20241101: ,2024|클래식:1
00000017418,1,1,63000,20241101: ,20241101: ,2024|클래식:1
00000002414,1,1,30000,20241101: ,20241101: ,2024|클래식:1
00000020409,2,3,261000,20241101: ,20241123: ,2024|클래식:1;2024|뮤지컬:1
00000003524,1,1,70000,20241101: ,20241101: ,2024|클래식:1
00000009703,1,1,70000,20241101: ,20241101: ,2024|클래식:1
00000002011,3,6,400000,20241101: ,20250705: ,2024|클래식:1;2025|뮤지컬:2
00000006833,1,1,70000,20241101: ,20241101: ,2024|클래식:1
00000021159,4,4,194500,20241101: ,20251023: ,2024|클래식:1;2025|클래식:3
00000010331,2,5,178000,20241101: ,20241221: ,2024|클래식:2
00000011678,1,2,140000,20241101: ,20241101: ,2024|클래식:1
00000022111,4,7,470000,20241101: ,20251115: ,2024|클래식:1;2025|클래식:2;2025|발레/연극:1
00000018128,1,2,90000,20241101: ,20241101: ,2024|클래식:1
00000021921,1,2,126000,20241101: ,20241101: ,2024|클래식:1
00000006504,1,1,45000,20241101: ,20241101: ,2024|클래식:1
00000016527,1,1,63000,20241101: ,20241101: ,2024|클래식:1
00000016710,1,1,63000,20241101: ,20241101: ,2024|클래식:1
00000005561,1,1,63000,20241101: ,20241101: ,2024|클래식:1
00000014328,1,2,60000,20241101: ,20241101: ,2024|클래식:1
00000020700,1,1,70000,20241101: ,20241101: ,2024|클래식:1
00000002189,2,4,414000,20241101: ,20250705: ,2024|클래식:1;2025|뮤지컬:1
00000001253,2,2,126000,20241101: ,20241101: ,2024|클래식:2
00000008142,1,1,49000,20241101: ,20241101: ,2024|클래식:1
00000015919,1,1,63000,20241101: ,20241101: ,2024|클래식:1
00000016559,1,1,70000,20241101: ,20241101: ,2024|클래식:1
00000006892,1,1,63000,20241101: ,20241101: ,2024|클래식:1
00000001181,2,3,135000,20241101: ,20241126: ,2024|클래식:2
00000016245,1,1,63000,20241101: ,20241101: ,2024|클래식:1
00000007493,1,1,70000,20241101: ,20241101: ,2024|클래식:1
00000010231,1,2,126000,20241101: ,20241101: ,2024|클래식:1
00000020839,1,1,70000,20241101: ,20241101: ,2024|클래식:1
00000004443,1,1,63000,20241101: ,20241101: ,2024|클래식:1
00000000690,1,2,90000,20241113: ,20241113: ,2024|뮤지컬:1
00000010266,1,1,45000,20241113: ,20241113: ,2024|뮤지컬:1
00000017243,1,5,240000,20241113: ,20241113: ,2024|뮤지컬:1
00000012500,4,8,306000,20241113: ,20250719: ,2024|뮤지컬:1;2024|클래식:1;2025|발레/연극:2
00000020533,1,8,300000,20241113: ,20241113: ,2024|뮤지컬:1
00000003914,1,2,90000,20241115: ,20241115: ,2024|뮤지컬:1
00000005777,1,2,70000,20241116: ,20241116: ,2024|뮤지컬:1
00000012449,1,3,115000,20241116: ,20241116: ,2024|뮤지컬:1
00000008893,3,7,426000,20241116: ,20241214: ,2024|뮤지컬:2;2024|발레/연극:1
00000014439,1,2,54000,20241116: ,20241116: ,2024|뮤지컬:1
00000009780,3,22,1002800,20241116: ,20241224: ,2024|뮤지컬:2;2024|발레/연극:1
00000009957,1,3,110000,20241116: ,20241116: ,2024|뮤지컬:1
00000001051,1,2,80000,20241116: ,20241116: ,2024|뮤지컬:1
00000004829,1,2,75000,20241116: ,20241116: ,2024|뮤지컬:1
00000010404,2,4,252000,20241116: ,20241123: ,2024|뮤지컬:2
00000016409,2,5,177500,20241116: ,20241214: ,2024|뮤지컬:1;2024|발레/연극:1
00000015885,1,2,42000,20241116: ,20241116: ,2024|뮤지컬:1
00000019629,1,2,80000,20241116: ,20241116: ,2024|뮤지컬:1
00000007594,2,5,215000,20241116: ,20241206: ,2024|뮤지컬:1;2024|클래식:1
00000014840,1,1,30000,20241116: ,20241116: ,2024|뮤지컬:1
00000022654,2,4,380000,20241116: ,20250216: ,2024|뮤지컬:1;2025|뮤지컬:1
00000014170,1,3,69000,20241116: ,20241116: ,2024|뮤지컬:1
00000010844,3,6,191200,20241116: ,20250920: ,2024|뮤지컬:1;2025|발레/연극:1;2025|어린이·가족:1
00000009659,1,4,160000,20241116: ,20241116: ,2024|뮤지컬:1
00000007221,1,1,45000,20241116: ,20241116: ,2024|뮤지컬:1
00000010925,2,4,147000,20241116: ,20241214: ,2024|뮤지컬:1;2024|발레/연극:1
00000005478,2,2,80000,20241116: ,20250719: ,2024|뮤지컬:1;2025|발레/연극:1
00000006754,2,3,165600,20241116: ,20241224: ,2024|뮤지컬:1;2024|발레/연극:1
00000013768,2,4,152000,20241116: ,20241213: ,2024|뮤지컬:1;2024|발레/연극:1
00000018236,1,4,468000,20241122: ,20241122: ,2024|뮤지컬:1
00000022285,1,1,150000,20241122: ,20241122: ,2024|뮤지컬:1
00000000593,1,4,468000,20241122: ,20241122: ,2024|뮤지컬:1
00000019966,1,4,540000,20241122: ,20241122: ,2024|뮤지컬:1
00000002536,1,4,468000,20241122: ,20241122: ,2024|뮤지컬:1
00000016652,1,4,540000,20241122: ,20241122: ,2024|뮤지컬:1
00000015957,1,4,540000,20241122: ,20241122: ,2024|뮤지컬:1
00000004659,2,8,972000,20241122: ,20251122: ,2024|뮤지컬:1;2025|뮤지컬:1
00000019247,2,6,468000,20241122: ,20250517: ,2024|뮤지컬:1;2025|기타:1
00000012980,1,1,150000,20241122: ,20241122: ,2024|뮤지컬:1
00000015870,1,3,420000,20241122: ,20241122: ,2024|뮤지컬:1
00000019804,1,2,270000,20241122: ,20241122: ,2024|뮤지컬:1
00000007688,1,1,135000,20241122: ,20241122: ,2024|뮤지컬:1
00000007861,1,1,120000,20241122: ,20241122: ,2024|뮤지컬:1
00000001943,2,2,211500,20241122: ,20241123: ,2024|뮤지컬:2
00000018181,1,2,162000,20241122: ,20241122: ,2024|뮤지컬:1
00000012918,2,3,387000,20241122: ,20250215: ,2024|뮤지컬:1;2025|뮤지컬:1
00000014031,2,6,846000,20241122: ,20250216: ,2024|뮤지컬:1;2025|뮤지컬:1
00000011964,2,2,279000,20241122: ,20250215: ,2024|뮤지컬:1;2025|뮤지컬:1
00000000534,1,2,162000,20241122: ,20241122: ,2024|뮤지컬:1
00000004175,1,2,270000,20241122: ,20241122: ,2024|뮤지컬:1
00000001214,3,4,550500,20241122: ,20251122: ,2024|뮤지컬:1;2025|뮤지컬:2
00000009225,1,2,300000,20241122: ,20241122: ,2024|뮤지컬:1
00000021269,2,6,720000,20241122: ,20251122: ,2024|뮤지컬:1;2025|뮤지컬:1
00000007370,1,2,270000,20241122: ,20241122: ,2024|뮤지컬:1
00000016627,1,1,150000,20241122: ,20241122: ,2024|뮤지컬:1
00000012769,3,5,560000,20241122: ,20251122: ,2024|뮤지컬:1;2025|클래식:1;2025|뮤지컬:1
00000019002,1,2,270000,20241122: ,20241122: ,2024|뮤지컬:1
00000013421,2,5,780000,20241122: ,20251122: ,2024|뮤지컬:1;2025|뮤지컬:1
00000004280,1,2,270000,20241122: ,20241122: ,2024|뮤지컬:1
00000013632,3,7,775000,20241122: ,20251123: ,2024|뮤지컬:1;2025|클래식:1;2025|뮤지컬:1
00000012235,1,1,117000,20241122: ,20241122: ,2024|뮤지컬:1
00000004504,3,12,854000,20241122: ,20250720: ,2024|뮤지컬:2;2025|발레/연극:1
00000011674,1,4,468000,20241122: ,20241122: ,2024|뮤지컬:1
00000014738,2,3,410000,20241122: ,20241122: ,2024|뮤지컬:2
00000012871,3,6,650000,20241122: ,20251115: ,2024|뮤지컬:1;2025|뮤지컬:1;2025|클래식:1
00000020575,1,1,135000,20241122: ,20241122: ,2024|뮤지컬:1
00000003154,2,6,534000,20241122: ,20250920: ,2024|뮤지컬:1;2025|어린이·가족:1
00000003720,1,1,150000,20241122: ,20241122: ,2024|뮤지컬:1
00000011270,1,2,270000,20241122: ,20241122: ,2024|뮤지컬:1
00000022075,1,1,135000,20241122: ,20241122: ,2024|뮤지컬:1
00000012998,2,10,762800,20241122: ,20241225: ,2024|뮤지컬:1;2024|발레/연극:1
00000019709,1,1,117000,20241122: ,20241122: ,2024|뮤지컬:1
00000011206,3,3,321000,20241122: ,20250720: ,2024|뮤지컬:2;2025|발레/연극:1
00000021391,1,1,150000,20241122: ,20241122: ,2024|뮤지컬:1
00000003484,2,5,539000,20241122: ,20250308: ,2024|뮤지컬:1;2025|클래식:1
00000001889,3,5,692000,20241122: ,20251123: ,2024|뮤지컬:1;2025|뮤지컬:2
00000015758,1,4,540000,20241122: ,20241122: ,2024|뮤지컬:1
00000002903,2,2,303000,20241122: ,20251122: ,2024|뮤지컬:1;2025|뮤지컬:1
00000009706,2,2,285000,20241122: ,20241123: ,2024|뮤지컬:2
00000017007,7,11,755500,20241122: ,20251123: ,2024|뮤지컬:1;2025|발레/연극:4;2025|뮤지컬:2
00000016488,2,8,684000,20241122: ,20251128: ,2024|뮤지컬:1;2025|발레/연극:1
00000021595,3,11,1364000,20241122: ,20251122: ,2024|뮤지컬:1;2025|뮤지컬:2
00000012647,2,2,303000,20241123: ,20251123: ,2024|뮤지컬:1;2025|뮤지컬:1
00000010226,1,2,270000,20241123: ,20241123: ,2024|뮤지컬:1
00000006732,1,2,162000,20241123: ,20241123: ,2024|뮤지컬:1
00000013462,2,4,408600,20241123: ,20241224: ,2024|뮤지컬:1;2024|발레/연극:1
00000012378,1,2,234000,20241123: ,20241123: ,2024|뮤지컬:1
00000016934,3,3,450000,20241123: ,20241123: ,2024|뮤지컬:3
00000015625,1,1,135000,20241123: ,20241123: ,2024|뮤지컬:1
00000000024,2,2,150000,20241123: ,20241221: ,2024|뮤지컬:1;2024|클래식:1
00000005444,1,2,300000,20241123: ,20241123: ,2024|뮤지컬:1
00000003727,1,2,270000,20241123: ,20241123: ,2024|뮤지컬:1
00000003279,1,1,135000,20241123: ,20241123: ,2024|뮤지컬:1
00000005982,1,2,240000,20241123: ,20241123: ,2024|뮤지컬:1
00000017106,1,1,81000,20241123: ,20241123: ,2024|뮤지컬:1
00000012740,1,2,180000,20241123: ,20241123: ,2024|뮤지컬:1
00000020655,1,1,90000,20241123: ,20241123: ,2024|뮤지컬:1
00000008517,1,2,300000,20241123: ,20241123: ,2024|뮤지컬:1
00000014619,1,1,135000,20241123: ,20241123: ,2024|뮤지컬:1
00000011199,1,2,270000,20241123: ,20241123: ,2024|뮤지컬:1
00000006184,1,2,234000,20241123: ,20241123: ,2024|뮤지컬:1
00000007986,1,2,270000,20241123: ,20241123: ,2024|뮤지컬:1
00000000375,1,1,135000,20241123: ,20241123: ,2024|뮤지컬:1
00000005747,1,2,270000,20241123: ,20241123: ,2024|뮤지컬:1
00000006871,4,11,1148000,20241123: ,20250706: ,2024|뮤지컬:1;2024|발레/연극:1;2025|뮤지컬:2
00000005891,1,2,157500,20241123: ,20241123: ,2024|뮤지컬:1
00000008657,2,6,756000,20241123: ,20250216: ,2024|뮤지컬:1;2025|뮤지컬:1
00000015158,1,1,135000,20241123: ,20241123: ,2024|뮤지컬:1
00000015136,1,4,520000,20241123: ,20241123: ,2024|뮤지컬:1
00000005752,1,1,135000,20241123: ,20241123: ,2024|뮤지컬:1
00000018836,1,2,270000,20241123: ,20241123: ,2024|뮤지컬:1
00000002826,1,1,150000,20241123: ,20241123: ,2024|뮤지컬:1
00000019395,3,9,1248000,20241123: ,20250705: ,2024|뮤지컬:1;2025|뮤지컬:2
00000012763,1,1,150000,20241123: ,20241123: ,2024|뮤지컬:1
00000001778,2,3,423000,20241123: ,20251122: ,2024|뮤지컬:1;2025|뮤지컬:1
00000012942,1,2,162000,20241123: ,20241123: ,2024|뮤지컬:1
00000022230,1,1,135000,20241123: ,20241123: ,2024|뮤지컬:1
00000001797,3,3,315000,20241123: ,20250705: ,2024|뮤지컬:1;2025|발레/연극:1;2025|뮤지컬:1
00000005538,1,1,135000,20241123: ,20241123: ,2024|뮤지컬:1
00000009690,4,10,806000,20241123: ,20250517: ,2024|뮤지컬:2;2025|뮤지컬:1;2025|기타:1
00000006813,1,2,270000,20241123: ,20241123: ,2024|뮤지컬:1
00000006805,6,12,901000,20241123: ,20251115: ,2024|뮤지컬:1;2024|발레/연극:1;2025|뮤지컬:2;2025|발레/연극:1;2025|클래식:1
00000001545,1,1,130000,20241123: ,20241123: ,2024|뮤지컬:1
00000001838,1,2,234000,20241123: ,20241123: ,2024|뮤지컬:1
00000021525,2,3,368000,20241123: ,20250704: ,2024|뮤지컬:1;2025|뮤지컬:1
00000013314,5,18,2104000,20241123: ,20250720: ,2024|뮤지컬:2;2025|뮤지컬:2;2025|발레/연극:1
00000011253,1,2,270000,20241123: ,20241123: ,2024|뮤지컬:1
00000012693,1,2,270000,20241123: ,20241123: ,2024|뮤지컬:1
00000000366,5,10,1026000,20241123: ,20250720: ,2024|뮤지컬:1;2025|뮤지컬:2;2025|발레/연극:2
00000021467,2,4,576000,20241123: ,20251123: ,2024|뮤지컬:1;2025|뮤지컬:1
00000002933,1,4,468000,20241123: ,20241123: ,2024|뮤지컬:1
00000019923,5,10,1016200,20241123: ,20250920: ,2024|뮤지컬:1;2025|뮤지컬:2;2025|어린이·가족:2
00000008650,1,1,135000,20241123: ,20241123: ,2024|뮤지컬:1
00000012638,1,2,300000,20241123: ,20241123: ,2024|뮤지컬:1
00000009832,1,2,234000,20241123: ,20241123: ,2024|뮤지컬:1
00000009689,1,2,270000,20241123: ,20241123: ,2024|뮤지컬:1
00000001612,1,1,117000,20241123: ,20241123: ,2024|뮤지컬:1
00000001959,3,3,394000,20241123: ,20251123: ,2024|뮤지컬:2;2025|뮤지컬:1
00000018619,1,2,270000,20241123: ,20241123: ,2024|뮤지컬:1
00000014330,4,8,540000,20241123: ,20250720: ,2024|뮤지컬:1;2024|클래식:1;2025|발레/연극:2
00000000512,1,2,300000,20241123: ,20241123: ,2024|뮤지컬:1
00000014117,1,1,135000,20241123: ,20241123: ,2024|뮤지컬:1
00000011065,1,1,150000,20241123: ,20241123: ,2024|뮤지컬:1
00000007213,2,4,558000,20241123: ,20250215: ,2024|뮤지컬:1;2025|뮤지컬:1
00000000715,2,3,420000,20241123: ,20241123: ,2024|뮤지컬:2
00000015565,3,6,395000,20241123: ,20250529: ,2024|뮤지컬:1;2025|클래식:1;2025|발레/연극:1
00000008502,1,1,150000,20241123: ,20241123: ,2024|뮤지컬:1
00000008779,3,6,791000,20241123: ,20251122: ,2024|뮤지컬:1;2025|뮤지컬:2
00000017619,1,2,270000,20241123: ,20241123: ,2024|뮤지컬:1
00000008895,4,11,1056000,20241123: ,20251122: ,2024|뮤지컬:1;2025|뮤지컬:2;2025|발레/연극:1
00000016296,2,4,432000,20241123: ,20251123: ,2024|뮤지컬:1;2025|뮤지컬:1
00000011583,1,1,150000,20241123: ,20241123: ,2024|뮤지컬:1
00000004962,2,4,189000,20241123: ,20250719: ,2024|뮤지컬:1;2025|발레/연극:1
00000001961,2,4,255000,20241123: ,20241204: ,2024|뮤지컬:1;2024|클래식:1
00000018063,1,1,104000,20241123: ,20241123: ,2024|뮤지컬:1
00000002805,6,13,1510000,20241123: ,20251122: ,2024|뮤지컬:1;2025|발레/연극:3;2025|뮤지컬:2
00000020812,4,4,178000,20241123: ,20251023: ,2024|뮤지컬:1;2025|발레/연극:2;2025|클래식:1
00000009339,2,2,270000,20241123: ,20241123: ,2024|뮤지컬:2
00000015656,1,2,270000,20241123: ,20241123: ,2024|뮤지컬:1
00000002741,1,1,117000,20241123: ,20241123: ,2024|뮤지컬:1
00000009695,2,4,558000,20241123: ,20250215: ,2024|뮤지컬:1;2025|뮤지컬:1
00000005559,1,1,150000,20241123: ,20241123: ,2024|뮤지컬:1
00000002318,1,2,270000,20241123: ,20241123: ,2024|뮤지컬:1
00000021889,1,1,135000,20241123: ,20241123: ,2024|뮤지컬:1
00000012965,3,4,531000,20241123: ,20251123: ,2024|뮤지컬:1;2025|뮤지컬:2
00000013747,1,4,540000,20241123: ,20241123: ,2024|뮤지컬:1
00000005519,1,1,150000,20241123: ,20241123: ,2024|뮤지컬:1
00000007045,3,6,756000,20241123: ,20250424: ,2024|뮤지컬:1;2025|뮤지컬:1;2025|발레/연극:1
00000006455,3,6,960000,20241123: ,20251122: ,2024|뮤지컬:1;2025|뮤지컬:2
00000013090,1,2,255000,20241123: ,20241123: ,2024|뮤지컬:1
00000019222,1,1,120000,20241123: ,20241123: ,2024|뮤지컬:1
00000017449,1,2,270000,20241123: ,20241123: ,2024|뮤지컬:1
00000018252,1,2,300000,20241123: ,20241123: ,2024|뮤지컬:1
00000002089,3,4,580000,20241123: ,20251122: ,2024|뮤지컬:1;2025|뮤지컬:2
00000016058,4,8,1184000,20241123: ,20251123: ,2024|뮤지컬:1;2025|뮤지컬:3
00000013220,1,4,600000,20241123: ,20241123: ,2024|뮤지컬:1
00000012363,1,2,270000,20241123: ,20241123: ,2024|뮤지컬:1
00000005657,2,2,303000,20241123: ,20251122: ,2024|뮤지컬:1;2025|뮤지컬:1
00000014002,1,1,135000,20241123: ,20241123: ,2024|뮤지컬:1
00000001616,2,2,285000,20241123: ,20241123: ,2024|뮤지컬:2
00000006341,1,1,150000,20241123: ,20241123: ,2024|뮤지컬:1
00000006394,1,2,270000,20241123: ,20241123: ,2024|뮤지컬:1
00000001738,1,1,135000,20241123: ,20241123: ,2024|뮤지컬:1
00000014829,1,1,150000,20241123: ,20241123: ,2024|뮤지컬:1
00000017657,1,1,135000,20241123: ,20241123: ,2024|뮤지컬:1
00000012772,1,2,270000,20241123: ,20241123: ,2024|뮤지컬:1
00000018242,1,1,135000,20241123: ,20241123: ,2024|뮤지컬:1
00000002822,1,1,135000,20241123: ,20241123: ,2024|뮤지컬:1
00000011090,2,2,300000,20241123: ,20241123: ,2024|뮤지컬:2
00000001005,4,5,810000,20241123: ,20251123: ,2024|뮤지컬:1;2025|뮤지컬:3
00000021087,1,2,234000,20241123: ,20241123: ,2024|뮤지컬:1
00000003520,1,2,270000,20241123: ,20241123: ,2024|뮤지컬:1
00000014756,1,2,270000,20241123: ,20241123: ,2024|뮤지컬:1
00000009188,1,1,135000,20241123: ,20241123: ,2024|뮤지컬:1
00000002893,2,4,522000,20241123: ,20250215: ,2024|뮤지컬:1;2025|뮤지컬:1
00000011637,1,4,540000,20241123: ,20241123: ,2024|뮤지컬:1
00000014473,2,2,186000,20241123: ,20250719: ,2024|뮤지컬:1;2025|발레/연극:1
00000011789,1,1,150000,20241123: ,20241123: ,2024|뮤지컬:1
00000017605,1,2,234000,20241123: ,20241123: ,2024|뮤지컬:1
00000003828,1,2,270000,20241123: ,20241123: ,2024|뮤지컬:1
00000005356,2,5,382000,20241123: ,20250720: ,2024|뮤지컬:1;2025|발레/연극:1
00000003767,2,4,270000,20241123: ,20250517: ,2024|뮤지컬:1;2025|기타:1
00000005462,1,2,240000,20241123: ,20241123: ,2024|뮤지컬:1
00000013956,1,2,270000,20241123: ,20241123: ,2024|뮤지컬:1
00000012568,1,2,270000,20241123: ,20241123: ,2024|뮤지컬:1
00000003827,4,9,1078000,20241123: ,20250706: ,2024|뮤지컬:1;2024|발레/연극:1;2025|뮤지컬:2
00000014510,1,2,153000,20241123: ,20241123: ,2024|뮤지컬:1
00000015655,4,10,1458000,20241123: ,20251122: ,2024|뮤지컬:1;2025|뮤지컬:3
00000018451,1,2,270000,20241123: ,20241123: ,2024|뮤지컬:1
00000010600,1,2,270000,20241123: ,20241123: ,2024|뮤지컬:1
00000006420,1,2,300000,20241123: ,20241123: ,2024|뮤지컬:1
00000004603,1,2,270000,20241123: ,20241123: ,2024|뮤지컬:1
00000006307,1,1,135000,20241123: ,20241123: ,2024|뮤지컬:1
00000012955,1,3,450000,20241123: ,20241123: ,2024|뮤지컬:1
00000019230,2,2,295000,20241123: ,20250215: ,2024|뮤지컬:1;2025|뮤지컬:1
00000018162,1,3,450000,20241123: ,20241123: ,2024|뮤지컬:1
00000014060,1,3,364000,20241123: ,20241123: ,2024|뮤지컬:1
00000016220,2,4,357200,20241123: ,20241225: ,2024|뮤지컬:1;2024|발레/연극:1
00000017259,1,4,540000,20241123: ,20241123: ,2024|뮤지컬:1
00000017222,1,2,270000,20241123: ,20241123: ,2024|뮤지컬:1
00000010236,3,3,225000,20241123: ,20241214: ,2024|뮤지컬:2;2024|발레/연극:1
00000011419,1,4,468000,20241123: ,20241123: ,2024|뮤지컬:1
00000015186,1,2,270000,20241123: ,20241123: ,2024|뮤지컬:1
00000004116,1,1,150000,20241123: ,20241123: ,2024|뮤지컬:1
00000001579,1,2,234000,20241123: ,20241123: ,2024|뮤지컬:1
00000018324,2,4,558000,20241123: ,20250215: ,2024|뮤지컬:1;2025|뮤지컬:1
00000018075,2,3,420000,20241123: ,20241123: ,2024|뮤지컬:2
00000003133,1,1,135000,20241123: ,20241123: ,2024|뮤지컬:1
00000006717,1,1,135000,20241123: ,20241123: ,2024|뮤지컬:1
00000010123,2,4,558000,20241123: ,20250216: ,2024|뮤지컬:1;2025|뮤지컬:1
00000003919,1,1,135000,20241123: ,20241123: ,2024|뮤지컬:1
00000018339,4,8,918000,20241123: ,20250720: ,2024|뮤지컬:1;2025|뮤지컬:2;2025|발레/연극:1
00000008074,1,2,270000,20241124: ,20241124: ,2024|뮤지컬:1
00000009712,1,2,270000,20241124: ,20241124: ,2024|뮤지컬:1
00000002402,1,3,420000,20241124: ,20241124: ,2024|뮤지컬:1
00000020583,1,1,135000,20241124: ,20241124: ,2024|뮤지컬:1
00000005565,1,1,150000,20241124: ,20241124: ,2024|뮤지컬:1
00000004289,1,1,135000,20241124: ,20241124: ,2024|뮤지컬:1
00000005541,2,3,456000,20241124: ,20251122: ,2024|뮤지컬:1;2025|뮤지컬:1
00000013385,2,2,270000,20241124: ,20241124: ,2024|뮤지컬:2
00000020012,1,2,270000,20241124: ,20241124: ,2024|뮤지컬:1
00000006165,2,4,542000,20241124: ,20251122: ,2024|뮤지컬:1;2025|뮤지컬:1
00000011236,1,2,270000,20241124: ,20241124: ,2024|뮤지컬:1
00000008170,1,2,270000,20241124: ,20241124: ,2024|뮤지컬:1
00000007747,1,2,270000,20241124: ,20241124: ,2024|뮤지컬:1
00000020528,1,2,270000,20241124: ,20241124: ,2024|뮤지컬:1
00000007885,1,2,180000,20241124: ,20241124: ,2024|뮤지컬:1
00000017906,2,5,421800,20241124: ,20250803: ,2024|뮤지컬:1;2025|어린이·가족:1
00000018082,1,1,150000,20241124: ,20241124: ,2024|뮤지컬:1
00000008627,1,2,300000,20241124: ,20241124: ,2024|뮤지컬:1
00000015305,1,1,135000,20241124: ,20241124: ,2024|뮤지컬:1
00000003055,1,2,234000,20241124: ,20241124: ,2024|뮤지컬:1
00000017234,2,2,300000,20241124: ,20241124: ,2024|뮤지컬:2
00000022396,1,2,270000,20241124: ,20241124: ,2024|뮤지컬:1
00000002247,1,1,135000,20241124: ,20241124: ,2024|뮤지컬:1
00000010481,2,3,147000,20241124: ,20241204: ,2024|뮤지컬:1;2024|클래식:1
00000013264,2,5,600000,20241124: ,20250216: ,2024|뮤지컬:1;2025|뮤지컬:1
00000022344,1,1,150000,20241124: ,20241124: ,2024|뮤지컬:1
00000002164,1,1,135000,20241124: ,20241124: ,2024|뮤지컬:1
00000002857,1,1,150000,20241124: ,20241124: ,2024|뮤지컬:1
00000005843,2,4,620000,20241124: ,20250705: ,2024|뮤지컬:1;2025|뮤지컬:1
00000013651,1,2,0,20241124: ,20241124: ,2024|뮤지컬:1
00000017455,2,2,300000,20241124: ,20241124: ,2024|뮤지컬:2
00000020628,3,7,1024000,20241124: ,20251122: ,2024|뮤지컬:1;2025|뮤지컬:2
00000015452,1,1,150000,20241124: ,20241124: ,2024|뮤지컬:1
00000014005,1,2,255000,20241124: ,20241124: ,2024|뮤지컬:1
00000012197,2,2,300000,20241124: ,20241124: ,2024|뮤지컬:2
00000004405,1,2,270000,20241124: ,20241124: ,2024|뮤지컬:1
00000014524,2,3,414000,20241124: ,20250214: ,2024|뮤지컬:1;2025|뮤지컬:1
00000020327,1,1,150000,20241124: ,20241124: ,2024|뮤지컬:1
00000020859,1,1,150000,20241124: ,20241124: ,2024|뮤지컬:1
00000012717,1,2,0,20241124: ,20241124: ,2024|뮤지컬:1
00000010801,1,2,300000,20241124: ,20241124: ,2024|뮤지컬:1
00000001963,1,2,270000,20241124: ,20241124: ,2024|뮤지컬:1
00000016391,1,1,150000,20241124: ,20241124: ,2024|뮤지컬:1
00000011082,1,4,540000,20241124: ,20241124: ,2024|뮤지컬:1
00000007700,1,1,135000,20241124: ,20241124: ,2024|뮤지컬:1
00000007165,3,6,900000,20241124: ,20250706: ,2024|뮤지컬:1;2025|뮤지컬:2
00000017072,1,1,135000,20241124: ,20241124: ,2024|뮤지컬:1
00000019712,2,6,882000,20241124: ,20251122: ,2024|뮤지컬:1;2025|뮤지컬:1
00000005078,1,2,300000,20241124: ,20241124: ,2024|뮤지컬:1
00000013850,2,4,620000,20241124: ,20250706: ,2024|뮤지컬:1;2025|뮤지컬:1
00000006627,1,2,270000,20241124: ,20241124: ,2024|뮤지컬:1
00000016813,2,2,320000,20241124: ,20251123: ,2024|뮤지컬:1;2025|뮤지컬:1
00000008571,3,7,1006000,20241124: ,20250706: ,2024|뮤지컬:1;2025|뮤지컬:2
00000011035,2,2,270000,20241124: ,20241124: ,2024|뮤지컬:2
00000021295,4,8,1152000,20241124: ,20251122: ,2024|뮤지컬:1;2025|뮤지컬:3
00000013270,1,2,270000,20241124: ,20241124: ,2024|뮤지컬:1
00000003956,1,1,135000,20241124: ,20241124: ,2024|뮤지컬:1
00000001080,1,1,150000,20241124: ,20241124: ,2024|뮤지컬:1
00000009874,1,2,270000,20241124: ,20241124: ,2024|뮤지컬:1
00000001185,1,1,135000,20241124: ,20241124: ,2024|뮤지컬:1
00000002514,2,4,400000,20241124: ,20251122: ,2024|뮤지컬:1;2025|뮤지컬:1
00000000394,1,1,135000,20241124: ,20241124: ,2024|뮤지컬:1
00000000868,1,2,270000,20241124: ,20241124: ,2024|뮤지컬:1
00000022655,1,1,150000,20241124: ,20241124: ,2024|뮤지컬:1
00000006718,1,1,135000,20241124: ,20241124: ,2024|뮤지컬:1
00000012410,1,1,135000,20241124: ,20241124: ,2024|뮤지컬:1
00000011353,1,1,130000,20241124: ,20241124: ,2024|뮤지컬:1
00000016374,1,1,135000,20241124: ,20241124: ,2024|뮤지컬:1
00000019219,1,1,135000,20241124: ,20241124: ,2024|뮤지컬:1
00000013823,1,2,0,20241124: ,20241124: ,2024|뮤지컬:1
00000012840,3,6,864000,20241124: ,20251123: ,2024|뮤지컬:1;2025|뮤지컬:2
00000008029,7,13,418000,20200619: ,20250116: ,2024|클래식:3;2025|클래식:1;2020|클래식:3
00000020973,4,4,204300,20241126: ,20250904: ,2024|클래식:1;2024|발레/연극:1;2025|클래식:2
00000022553,1,2,70000,20241126: ,20241126: ,2024|클래식:1
00000007275,1,2,70000,20241126: ,20241126: ,2024|클래식:1
00000000169,3,4,147000,20201016: ,20241126: ,2024|클래식:1;2020|클래식:2
00000003212,1,1,27000,20241126: ,20241126: ,2024|클래식:1
00000013265,4,11,796000,20241126: ,20250215: ,2024|클래식:1;2025|클래식:2;2025|뮤지컬:1
00000006057,10,15,377000,20241126: ,20251115: ,2024|클래식:2;2025|클래식:8
00000002918,1,2,45000,20241126: ,20241126: ,2024|클래식:1
00000007877,1,1,27000,20241126: ,20241126: ,2024|클래식:1
00000012210,1,1,27000,20241126: ,20241126: ,2024|클래식:1
00000002127,1,2,27000,20241204: ,20241204: ,2024|클래식:1
00000002638,1,2,27000,20241204: ,20241204: ,2024|클래식:1
00000022103,1,2,27000,20241204: ,20241204: ,2024|클래식:1
00000007305,5,7,332600,20241204: ,20250904: ,2024|클래식:1;2024|발레/연극:2;2025|발레/연극:1;2025|클래식:1
00000021596,2,4,230000,20241204: ,20250705: ,2024|클래식:1;2025|뮤지컬:1
00000005262,1,2,27000,20241204: ,20241204: ,2024|클래식:1
00000009947,3,3,89500,20241204: ,20250327: ,2024|클래식:1;2025|클래식:2
00000014081,1,2,27000,20241204: ,20241204: ,2024|클래식:1
00000012721,2,4,63000,20241204: ,20250327: ,2024|클래식:1;2025|클래식:1
00000010696,1,2,27000,20241204: ,20241204: ,2024|클래식:1
00000000324,1,2,27000,20241204: ,20241204: ,2024|클래식:1
00000006106,4,13,284000,20241204: ,20251204: ,2024|클래식:2;2025|클래식:2
00000005349,2,4,125000,20241204: ,20250803: ,2024|클래식:1;2025|어린이·가족:1
00000007961,1,2,27000,20241204: ,20241204: ,2024|클래식:1
00000009908,1,2,27000,20241204: ,20241204: ,2024|클래식:1
00000003334,1,1,13500,20241204: ,20241204: ,2024|클래식:1
00000021573,1,2,30000,20241204: ,20241204: ,2024|클래식:1
00000022237,1,1,13500,20241204: ,20241204: ,2024|클래식:1
00000003751,1,2,27000,20241204: ,20241204: ,2024|클래식:1
00000006928,1,2,27000,20241204: ,20241204: ,2024|클래식:1
00000016562,4,10,410600,20241206: ,20250920: ,2024|클래식:1;2025|어린이·가족:3
00000011276,1,2,90000,20241206: ,20241206: ,2024|클래식:1
00000004817,1,2,90000,20241206: ,20241206: ,2024|클래식:1
00000009136,1,2,90000,20241206: ,20241206: ,2024|클래식:1
00000004870,3,5,280000,20241206: ,20250308: ,2024|클래식:1;2025|클래식:2
00000011743,3,5,262800,20241206: ,20250920: ,2024|클래식:1;2024|발레/연극:1;2025|어린이·가족:1
00000001411,1,2,90000,20241206: ,20241206: ,2024|클래식:1
00000004397,4,7,480000,20241206: ,20250705: ,2024|클래식:2;2025|어린이·가족:1;2025|뮤지컬:1
00000008257,4,7,292500,20241206: ,20241214: ,2024|클래식:2;2024|발레/연극:2
00000011224,3,12,718000,20241206: ,20250705: ,2024|클래식:2;2025|뮤지컬:1
00000012329,1,2,90000,20241206: ,20241206: ,2024|클래식:1
00000011288,2,8,766000,20241206: ,20250705: ,2024|클래식:1;2025|뮤지컬:1
00000012808,1,2,90000,20241206: ,20241206: ,2024|클래식:1
00000016868,1,2,90000,20241206: ,20241206: ,2024|클래식:1
00000022069,2,4,400000,20241206: ,20250214: ,2024|클래식:1;2025|뮤지컬:1
00000005443,1,2,90000,20241206: ,20241206: ,2024|클래식:1
00000000126,1,2,90000,20241206: ,20241206: ,2024|클래식:1
00000009816,2,5,430000,20241206: ,20251122: ,2024|클래식:1;2025|뮤지컬:1
00000002087,1,4,160000,20241206: ,20241206: ,2024|클래식:1
00000002776,1,2,90000,20241206: ,20241206: ,2024|클래식:1
00000003042,1,1,40000,20241206: ,20241206: ,2024|클래식:1
00000019856,1,2,90000,20241206: ,20241206: ,2024|클래식:1
00000004901,1,2,100000,20241206: ,20241206: ,2024|클래식:1
00000018152,4,10,412000,20241206: ,20250720: ,2024|클래식:1;2025|클래식:2;2025|발레/연극:1
00000005041,1,2,90000,20241206: ,20241206: ,2024|클래식:1
00000010814,1,2,90000,20241206: ,20241206: ,2024|클래식:1
00000009960,2,3,92000,20241206: ,20250719: ,2024|클래식:1;2025|발레/연극:1
00000001422,2,4,144000,20241206: ,20250904: ,2024|클래식:1;2025|클래식:1
00000002447,1,3,112500,20241211: ,20241211: ,2024|발레/연극:1
00000008274,5,6,233500,20241212: ,20251128: ,2024|발레/연극:1;2025|클래식:1;2025|뮤지컬:1;2025|발레/연극:2
00000010130,1,5,189000,20241213: ,20241213: ,2024|발레/연극:1
00000020873,1,7,261000,20241213: ,20241213: ,2024|발레/연극:1
00000009108,1,4,144000,20241213: ,20241213: ,2024|발레/연극:1
00000016869,1,4,144000,20241213: ,20241213: ,2024|발레/연극:1
00000006440,4,10,398000,20241213: ,20250918: ,2024|발레/연극:1;2025|어린이·가족:3
00000003453,2,5,177500,20241213: ,20250308: ,2024|발레/연극:1;2025|클래식:1
00000014694,2,4,153200,20241213: ,20250802: ,2024|발레/연극:1;2025|어린이·가족:1
00000006409,2,5,187200,20241213: ,20250920: ,2024|발레/연극:1;2025|어린이·가족:1
00000002966,1,2,81000,20241214: ,20241214: ,2024|발레/연극:1
00000010047,1,3,117000,20241214: ,20241214: ,2024|발레/연극:1
00000009854,1,2,81000,20241214: ,20241214: ,2024|발레/연극:1
00000005257,1,2,81000,20241214: ,20241214: ,2024|발레/연극:1
00000022078,1,3,135000,20241214: ,20241214: ,2024|발레/연극:1
00000000711,1,4,144000,20241214: ,20241214: ,2024|발레/연극:1
00000013742,2,5,198000,20241214: ,20250517: ,2024|발레/연극:1;2025|어린이·가족:1
00000018099,1,3,112500,20241214: ,20241214: ,2024|발레/연극:1
00000013555,1,3,108000,20241214: ,20241214: ,2024|발레/연극:1
00000002623,2,2,63000,20241214: ,20250719: ,2024|발레/연극:1;2025|발레/연극:1
00000009348,1,3,108000,20241214: ,20241214: ,2024|발레/연극:1
00000002479,2,6,182500,20241214: ,20250308: ,2024|발레/연극:1;2025|클래식:1
00000006742,1,6,225000,20241214: ,20241214: ,2024|발레/연극:1
00000015588,1,2,72000,20241214: ,20241214: ,2024|발레/연극:1
00000008658,1,2,90000,20241214: ,20241214: ,2024|발레/연극:1
00000002218,3,5,229000,20241214: ,20250116: ,2024|발레/연극:2;2025|클래식:1
00000015606,1,2,72000,20241214: ,20241214: ,2024|발레/연극:1
00000014162,5,9,336000,20241214: ,20250517: ,2024|발레/연극:4;2025|어린이·가족:1
00000006488,1,2,72000,20241214: ,20241214: ,2024|발레/연극:1
00000014566,3,9,330300,20241214: ,20251129: ,2024|발레/연극:1;2025|어린이·가족:1;2025|발레/연극:1
00000015743,1,9,328500,20241214: ,20241214: ,2024|발레/연극:1
00000000186,1,2,81000,20241214: ,20241214: ,2024|발레/연극:1
00000007505,1,2,72000,20241214: ,20241214: ,2024|발레/연극:1
00000004019,1,2,72000,20241214: ,20241214: ,2024|발레/연극:1
00000007945,1,5,184500,20241214: ,20241214: ,2024|발레/연극:1
00000017669,1,4,153000,20241214: ,20241214: ,2024|발레/연극:1
00000015088,1,4,144000,20241214: ,20241214: ,2024|발레/연극:1
00000013973,1,4,144000,20241214: ,20241214: ,2024|발레/연극:1
00000011727,1,5,180000,20241214: ,20241214: ,2024|발레/연극:1
00000012297,7,51,2585000,20241214: ,20241225: ,2024|발레/연극:7
00000018571,1,3,112500,20241214: ,20241214: ,2024|발레/연극:1
00000014203,2,3,198000,20241214: ,20251123: ,2024|발레/연극:1;2025|뮤지컬:1
00000015267,2,7,192000,20241214: ,20250529: ,2024|발레/연극:1;2025|발레/연극:1
00000013794,1,2,72000,20241214: ,20241214: ,2024|발레/연극:1
00000007777,3,6,673000,20241217: ,20251123: ,2024|발레/연극:1;2025|뮤지컬:2
00000014912,1,2,72000,20241217: ,20241217: ,2024|발레/연극:1
00000001916,1,2,40000,20241221: ,20241221: ,2024|클래식:1
00000020019,7,8,276000,20241221: ,20251204: ,2024|클래식:2;2025|뮤지컬:1;2025|발레/연극:2;2025|클래식:2
00000021160,1,2,36000,20241221: ,20241221: ,2024|클래식:1
00000003648,1,2,36000,20241221: ,20241221: ,2024|클래식:1
00000011749,1,1,18000,20241221: ,20241221: ,2024|클래식:1
00000001561,1,2,36000,20241221: ,20241221: ,2024|클래식:1
00000016486,3,4,72000,20241221: ,20250911: ,2024|클래식:1;2025|클래식:2
00000019110,1,2,36000,20241221: ,20241221: ,2024|클래식:1
00000015548,1,2,36000,20241221: ,20241221: ,2024|클래식:1
00000014317,1,1,18000,20241221: ,20241221: ,2024|클래식:1
00000017403,2,4,80000,20241221: ,20241221: ,2024|클래식:2
00000010644,2,4,162000,20241221: ,20250116: ,2024|클래식:1;2025|클래식:1
00000000251,1,2,36000,20241221: ,20241221: ,2024|클래식:1
00000002211,4,8,542000,20241221: ,20250214: ,2024|클래식:1;2024|발레/연극:1;2025|클래식:1;2025|뮤지컬:1
00000001763,1,2,36000,20241221: ,20241221: ,2024|클래식:1
00000002757,1,2,36000,20241221: ,20241221: ,2024|클래식:1
00000010888,1,2,36000,20241221: ,20241221: ,2024|클래식:1
00000000218,1,2,36000,20241221: ,20241221: ,2024|클래식:1
00000014179,4,4,306000,20241221: ,20251123: ,2024|클래식:1;2025|뮤지컬:2;2025|발레/연극:1
00000002201,1,2,138600,20241224: ,20241224: ,2024|발레/연극:1
00000017422,2,3,165000,20241224: ,20241224: ,2024|발레/연극:2
00000019516,2,14,539000,20241224: ,20241224: ,2024|발레/연극:2
00000009707,1,2,138600,20241224: ,20241224: ,2024|발레/연극:1
00000002242,1,2,138600,20241224: ,20241224: ,2024|발레/연극:1
00000005623,2,3,243000,20241224: ,20250216: ,2024|발레/연극:1;2025|뮤지컬:1
00000020646,1,2,99000,20241224: ,20241224: ,2024|발레/연극:1
00000016909,1,2,99000,20241224: ,20241224: ,2024|발레/연극:1
00000018803,5,10,959200,20241224: ,20250803: ,2024|발레/연극:1;2025|뮤지컬:2;2025|어린이·가족:2
00000002181,2,4,288200,20241224: ,20250425: ,2024|발레/연극:1;2025|발레/연극:1
00000017646,1,2,138600,20241224: ,20241224: ,2024|발레/연극:1
00000018176,3,5,466000,20241224: ,20251122: ,2024|발레/연극:1;2025|뮤지컬:2
00000007731,2,3,192500,20241224: ,20241224: ,2024|발레/연극:2
00000010533,1,2,138600,20241224: ,20241224: ,2024|발레/연극:1
00000015322,1,1,55000,20241224: ,20241224: ,2024|발레/연극:1
00000018141,1,2,79200,20241224: ,20241224: ,2024|발레/연극:1
00000002058,1,4,246400,20241224: ,20241224: ,2024|발레/연극:1
00000014682,2,4,411200,20241224: ,20250214: ,2024|발레/연극:1;2025|뮤지컬:1
00000006766,2,5,558000,20241224: ,20250214: ,2024|발레/연극:1;2025|뮤지컬:1
00000002846,4,8,1020600,20241224: ,20251122: ,2024|발레/연극:1;2025|뮤지컬:3
00000017366,6,9,420400,20241224: ,20251026: ,2024|발레/연극:1;2025|클래식:2;2025|뮤지컬:1;2025|발레/연극:1;2025|어린이·가족:1
00000013571,1,2,79200,20241224: ,20241224: ,2024|발레/연극:1
00000006622,1,2,138600,20241224: ,20241224: ,2024|발레/연극:1
00000019471,1,2,138600,20241224: ,20241224: ,2024|발레/연극:1
00000006916,2,5,171200,20241224: ,20250720: ,2024|발레/연극:1;2025|발레/연극:1
00000009146,3,8,854000,20241224: ,20250705: ,2024|발레/연극:1;2025|뮤지컬:2
00000022483,2,5,202400,20241224: ,20250920: ,2024|발레/연극:1;2025|어린이·가족:1
00000001270,1,2,110000,20241224: ,20241224: ,2024|발레/연극:1
00000017759,2,4,412200,20241224: ,20251123: ,2024|발레/연극:1;2025|뮤지컬:1
00000003346,2,8,408800,20241224: ,20250803: ,2024|발레/연극:1;2025|어린이·가족:1
00000022095,1,4,140800,20241224: ,20241224: ,2024|발레/연극:1
00000015172,1,4,246400,20241224: ,20241224: ,2024|발레/연극:1
00000001243,2,6,392800,20241224: ,20250706: ,2024|발레/연극:1;2025|뮤지컬:1
00000004378,1,2,88000,20241224: ,20241224: ,2024|발레/연극:1
00000014671,1,2,79200,20241224: ,20241224: ,2024|발레/연극:1
00000009222,2,6,300400,20241224: ,20250719: ,2024|발레/연극:1;2025|발레/연극:1
00000012584,1,8,281600,20241224: ,20241224: ,2024|발레/연극:1
00000022543,1,2,138600,20241224: ,20241224: ,2024|발레/연극:1
00000004946,1,3,215600,20241224: ,20241224: ,2024|발레/연극:1
00000021065,1,1,39600,20241224: ,20241224: ,2024|발레/연극:1
00000016623,2,4,133200,20241224: ,20250116: ,2024|발레/연극:1;2025|클래식:1
00000001247,1,3,184800,20241224: ,20241224: ,2024|발레/연극:1
00000010543,1,2,138600,20241224: ,20241224: ,2024|발레/연극:1
00000003189,2,4,135000,20241224: ,20250522: ,2024|발레/연극:1;2025|클래식:1
00000022495,1,2,154000,20241224: ,20241224: ,2024|발레/연극:1
00000018760,2,4,176000,20241224: ,20241224: ,2024|발레/연극:2
00000017644,1,4,176000,20241224: ,20241224: ,2024|발레/연극:1
00000020078,1,3,184800,20241224: ,20241224: ,2024|발레/연극:1
00000007358,1,2,79200,20241224: ,20241224: ,2024|발레/연극:1
00000022389,2,4,408000,20241224: ,20250215: ,2024|발레/연극:1;2025|뮤지컬:1
00000008993,1,2,138600,20241224: ,20241224: ,2024|발레/연극:1
00000013104,1,2,138600,20241224: ,20241224: ,2024|발레/연극:1
00000009366,1,2,154000,20241224: ,20241224: ,2024|발레/연극:1
00000021284,1,3,184800,20241224: ,20241224: ,2024|발레/연극:1
00000020526,1,2,110000,20241224: ,20241224: ,2024|발레/연극:1
00000000013,1,1,69300,20241224: ,20241224: ,2024|발레/연극:1
00000007801,1,2,138600,20241224: ,20241224: ,2024|발레/연극:1
00000005167,1,4,246400,20241224: ,20241224: ,2024|발레/연극:1
00000017488,2,5,634000,20241224: ,20250704: ,2024|발레/연극:1;2025|뮤지컬:1
00000016845,1,2,154000,20241224: ,20241224: ,2024|발레/연극:1
00000010699,1,5,385000,20241224: ,20241224: ,2024|발레/연극:1
00000012529,1,2,110000,20241224: ,20241224: ,2024|발레/연극:1
00000021851,1,2,154000,20241224: ,20241224: ,2024|발레/연극:1
00000022274,1,3,215600,20241224: ,20241224: ,2024|발레/연극:1
00000004244,1,2,138600,20241224: ,20241224: ,2024|발레/연극:1
00000003858,1,5,295900,20241224: ,20241224: ,2024|발레/연극:1
00000000653,1,2,99000,20241224: ,20241224: ,2024|발레/연극:1
00000006088,3,10,624400,20241224: ,20250529: ,2024|발레/연극:1;2025|뮤지컬:1;2025|발레/연극:1
00000002617,1,2,138600,20241224: ,20241224: ,2024|발레/연극:1
00000020626,1,2,79200,20241224: ,20241224: ,2024|발레/연극:1
00000001630,1,9,495000,20241224: ,20241224: ,2024|발레/연극:1
00000021351,2,6,706900,20241224: ,20250215: ,2024|발레/연극:1;2025|뮤지컬:1
00000010184,2,4,222600,20241224: ,20250517: ,2024|발레/연극:1;2025|어린이·가족:1
00000016938,2,2,154000,20241224: ,20250215: ,2024|발레/연극:1;2025|뮤지컬:1
00000014278,2,4,376000,20241224: ,20250214: ,2024|발레/연극:1;2025|뮤지컬:1
00000002047,1,3,132000,20241224: ,20241224: ,2024|발레/연극:1
00000004151,1,1,69300,20241224: ,20241224: ,2024|발레/연극:1
00000005027,2,5,269600,20241224: ,20250720: ,2024|발레/연극:1;2025|발레/연극:1
00000006609,1,3,215600,20241224: ,20241224: ,2024|발레/연극:1
00000007560,1,5,231000,20241224: ,20241224: ,2024|발레/연극:1
00000002102,2,4,99200,20241224: ,20250308: ,2024|발레/연극:1;2025|클래식:1
00000004533,3,6,277600,20241224: ,20251115: ,2024|발레/연극:1;2025|클래식:2
00000005490,2,4,300600,20241224: ,20250424: ,2024|발레/연극:1;2025|발레/연극:1
00000004890,2,7,635700,20241224: ,20250215: ,2024|발레/연극:1;2025|뮤지컬:1
00000008003,2,3,100500,20241224: ,20250308: ,2024|발레/연극:1;2025|클래식:1
00000006267,1,1,69300,20241225: ,20241225: ,2024|발레/연극:1
00000000227,1,2,138600,20241225: ,20241225: ,2024|발레/연극:1
00000014435,1,2,99000,20241225: ,20241225: ,2024|발레/연극:1
00000005509,1,2,79200,20241225: ,20241225: ,2024|발레/연극:1
00000004031,3,8,871200,20241225: ,20250706: ,2024|발레/연극:1;2025|뮤지컬:2
00000017568,1,2,138600,20241225: ,20241225: ,2024|발레/연극:1
00000016288,2,8,414400,20241225: ,20250517: ,2024|발레/연극:1;2025|어린이·가족:1
00000009285,1,3,231000,20241225: ,20241225: ,2024|발레/연극:1
00000007998,2,8,322800,20241225: ,20250803: ,2024|발레/연극:1;2025|어린이·가족:1
00000006929,3,9,387400,20241225: ,20251129: ,2024|발레/연극:1;2025|발레/연극:2
00000014664,1,2,99000,20241225: ,20241225: ,2024|발레/연극:1
00000018511,1,4,176000,20241225: ,20241225: ,2024|발레/연극:1
00000022456,2,7,308000,20241225: ,20241225: ,2024|발레/연극:2
00000013316,2,4,208600,20241225: ,20251026: ,2024|발레/연극:1;2025|클래식:1
00000020546,2,3,375000,20241225: ,20250706: ,2024|발레/연극:1;2025|뮤지컬:1
00000022618,1,2,79200,20241225: ,20241225: ,2024|발레/연극:1
00000012241,2,4,238000,20241225: ,20250517: ,2024|발레/연극:1;2025|어린이·가족:1
00000011188,2,2,138600,20241225: ,20241225: ,2024|발레/연극:2
00000011114,1,2,138600,20241225: ,20241225: ,2024|발레/연극:1
00000017925,2,3,364000,20241225: ,20250215: ,2024|발레/연극:1;2025|뮤지컬:1
00000007596,1,4,246400,20241225: ,20241225: ,2024|발레/연극:1
00000010632,1,2,138600,20241225: ,20241225: ,2024|발레/연극:1
00000003740,1,4,246400,20241225: ,20241225: ,2024|발레/연극:1
00000002688,1,3,184800,20241225: ,20241225: ,2024|발레/연극:1
00000002361,1,4,140800,20241225: ,20241225: ,2024|발레/연극:1
00000010540,1,2,99000,20241225: ,20241225: ,2024|발레/연극:1
00000005495,1,1,55000,20241225: ,20241225: ,2024|발레/연극:1
00000005196,6,12,469800,20241225: ,20251115: ,2024|발레/연극:1;2025|발레/연극:1;2025|뮤지컬:1;2025|클래식:2;2025|어린이·가족:1
00000012850,1,2,79200,20241225: ,20241225: ,2024|발레/연극:1
00000022604,1,2,138600,20241225: ,20241225: ,2024|발레/연극:1
00000019702,2,4,214000,20241225: ,20250719: ,2024|발레/연극:1;2025|발레/연극:1
00000020513,1,2,79200,20241225: ,20241225: ,2024|발레/연극:1
00000019209,1,2,138600,20241225: ,20241225: ,2024|발레/연극:1
00000016604,1,2,123200,20241225: ,20241225: ,2024|발레/연극:1
00000021881,2,4,411200,20241225: ,20250215: ,2024|발레/연극:1;2025|뮤지컬:1
00000003677,2,2,195300,20241225: ,20250706: ,2024|발레/연극:1;2025|뮤지컬:1
00000015236,2,7,279500,20241225: ,20250529: ,2024|발레/연극:1;2025|발레/연극:1
00000015484,1,2,138600,20241225: ,20241225: ,2024|발레/연극:1
00000004546,1,2,138600,20241225: ,20241225: ,2024|발레/연극:1
00000012096,1,1,69300,20241225: ,20241225: ,2024|발레/연극:1
00000018674,1,4,176000,20241225: ,20241225: ,2024|발레/연극:1
00000017160,3,6,732600,20241225: ,20251123: ,2024|발레/연극:1;2025|뮤지컬:2
00000015318,1,2,110000,20241225: ,20241225: ,2024|발레/연극:1
00000012951,1,2,154000,20241225: ,20241225: ,2024|발레/연극:1
00000016295,1,2,79200,20241225: ,20241225: ,2024|발레/연극:1
00000005099,1,1,77000,20241225: ,20241225: ,2024|발레/연극:1
00000021628,1,2,88000,20241225: ,20241225: ,2024|발레/연극:1
00000005975,1,2,99000,20241225: ,20241225: ,2024|발레/연극:1
00000016594,1,4,246400,20241225: ,20241225: ,2024|발레/연극:1
00000004949,1,3,154000,20241225: ,20241225: ,2024|발레/연극:1
00000020114,1,2,154000,20241225: ,20241225: ,2024|발레/연극:1
00000004760,3,5,209800,20241225: ,20250802: ,2024|발레/연극:1;2025|어린이·가족:2
00000001892,1,2,154000,20241225: ,20241225: ,2024|발레/연극:1
00000017680,1,2,79200,20241225: ,20241225: ,2024|발레/연극:1
00000003714,1,1,69300,20241225: ,20241225: ,2024|발레/연극:1
00000002441,1,4,246400,20241225: ,20241225: ,2024|발레/연극:1
00000021294,3,11,903600,20241225: ,20250719: ,2024|발레/연극:1;2025|뮤지컬:1;2025|발레/연극:1
00000017952,1,4,246400,20241225: ,20241225: ,2024|발레/연극:1
00000020458,1,4,140800,20241225: ,20241225: ,2024|발레/연극:1
00000008903,1,1,69300,20241225: ,20241225: ,2024|발레/연극:1
00000006915,3,6,480600,20241225: ,20250719: ,2024|발레/연극:1;2025|뮤지컬:1;2025|발레/연극:1
00000019640,2,8,281600,20241225: ,20241225: ,2024|발레/연극:2
00000019031,3,12,448400,20241225: ,20250720: ,2024|발레/연극:1;2025|발레/연극:2
00000008370,2,4,236600,20241225: ,20250803: ,2024|발레/연극:1;2025|어린이·가족:1
00000003888,1,2,138600,20241225: ,20241225: ,2024|발레/연극:1
00000018145,5,10,487800,20241225: ,20250803: ,2024|발레/연극:1;2025|발레/연극:2;2025|뮤지컬:1;2025|어린이·가족:1
00000005724,1,2,138600,20241225: ,20241225: ,2024|발레/연극:1
00000022264,1,1,69300,20241225: ,20241225: ,2024|발레/연극:1
00000011363,1,4,176000,20241225: ,20241225: ,2024|발레/연극:1
00000007058,1,2,138600,20241225: ,20241225: ,2024|발레/연극:1
00000011586,1,2,99000,20241225: ,20241225: ,2024|발레/연극:1
00000006339,1,2,79200,20241225: ,20241225: ,2024|발레/연극:1
00000013418,1,10,631400,20241225: ,20241225: ,2024|발레/연극:1
00000015391,1,3,215600,20241225: ,20241225: ,2024|발레/연극:1
00000017587,2,6,304000,20201024: ,20241225: ,2024|발레/연극:1;2020|뮤지컬:1
00000021791,2,7,365200,20241225: ,20250920: ,2024|발레/연극:1;2025|어린이·가족:1
00000001951,1,2,88000,20241225: ,20241225: ,2024|발레/연극:1
00000001531,2,4,357000,20241225: ,20250706: ,2024|발레/연극:1;2025|뮤지컬:1
00000004908,1,2,99000,20241225: ,20241225: ,2024|발레/연극:1
00000014675,1,2,79200,20241225: ,20241225: ,2024|발레/연극:1
00000015420,1,1,77000,20241225: ,20241225: ,2024|발레/연극:1
00000016320,1,2,126000,20250116: ,20250116: ,2025|클래식:1
00000007050,1,2,119000,20250116: ,20250116: ,2025|클래식:1
00000017667,1,2,126000,20250116: ,20250116: ,2025|클래식:1
00000022401,1,2,126000,20250116: ,20250116: ,2025|클래식:1
00000022605,1,1,27000,20250116: ,20250116: ,2025|클래식:1
00000009464,1,2,126000,20250116: ,20250116: ,2025|클래식:1
00000019957,2,2,153000,20250116: ,20250216: ,2025|클래식:1;2025|뮤지컬:1
00000013745,2,10,286000,20250116: ,20250529: ,2025|클래식:1;2025|발레/연극:1
00000005630,1,1,30000,20250116: ,20250116: ,2025|클래식:1
00000016646,1,1,59500,20250116: ,20250116: ,2025|클래식:1
00000008001,1,2,51000,20250116: ,20250116: ,2025|클래식:1
00000012479,1,1,70000,20250116: ,20250116: ,2025|클래식:1
00000017576,2,2,126000,20250116: ,20250214: ,2025|클래식:1;2025|뮤지컬:1
00000021383,1,1,50000,20250116: ,20250116: ,2025|클래식:1
00000017936,2,2,79500,20250116: ,20250327: ,2025|클래식:2
00000017363,2,2,90000,20250116: ,20250116: ,2025|클래식:2
00000004435,1,2,126000,20250116: ,20250116: ,2025|클래식:1
00000016541,2,4,350000,20250116: ,20250214: ,2025|클래식:1;2025|뮤지컬:1
00000011148,2,8,350000,20250116: ,20251026: ,2025|클래식:2
00000011747,1,2,51000,20250116: ,20250116: ,2025|클래식:1
00000019136,1,4,210000,20250116: ,20250116: ,2025|클래식:1
00000002239,2,7,739500,20250116: ,20251122: ,2025|클래식:1;2025|뮤지컬:1
00000001679,1,2,51000,20250116: ,20250116: ,2025|클래식:1
00000018040,2,4,220000,20250116: ,20251026: ,2025|클래식:2
00000009664,1,2,90000,20250116: ,20250116: ,2025|클래식:1
00000014230,2,4,230000,20250116: ,20250215: ,2025|클래식:1;2025|뮤지컬:1
00000002661,2,4,175000,20250116: ,20250720: ,2025|클래식:1;2025|발레/연극:1
00000020878,1,1,70000,20250116: ,20250116: ,2025|클래식:1
00000016317,2,2,94500,20250116: ,20251024: ,2025|클래식:2
00000004746,2,6,122000,20250116: ,20250308: ,2025|클래식:2
00000021261,2,4,141000,20250116: ,20250425: ,2025|클래식:1;2025|발레/연극:1
00000004945,2,4,346000,20250116: ,20250424: ,2025|클래식:1;2025|발레/연극:1
00000017186,1,3,178500,20250116: ,20250116: ,2025|클래식:1
00000019556,1,2,90000,20250116: ,20250116: ,2025|클래식:1
00000019641,1,2,280000,20250214: ,20250214: ,2025|뮤지컬:1
00000008608,1,1,77000,20250214: ,20250214: ,2025|뮤지컬:1
00000007131,1,2,288000,20250214: ,20250214: ,2025|뮤지컬:1
00000015482,3,5,820000,20250214: ,20251123: ,2025|뮤지컬:3
00000002552,1,2,224000,20250214: ,20250214: ,2025|뮤지컬:1
00000014793,1,2,288000,20250214: ,20250214: ,2025|뮤지컬:1
00000000189,1,2,320000,20250214: ,20250214: ,2025|뮤지컬:1
00000001367,1,2,320000,20250214: ,20250214: ,2025|뮤지컬:1
00000010488,1,2,280000,20250214: ,20250214: ,2025|뮤지컬:1
00000021036,1,2,280000,20250214: ,20250214: ,2025|뮤지컬:1
00000011846,1,1,126000,20250214: ,20250214: ,2025|뮤지컬:1
00000001938,1,2,320000,20250214: ,20250214: ,2025|뮤지컬:1
00000001720,2,4,576000,20250214: ,20250705: ,2025|뮤지컬:2
00000017840,1,2,320000,20250214: ,20250214: ,2025|뮤지컬:1
00000009089,2,6,784000,20250214: ,20250704: ,2025|뮤지컬:2
00000001996,1,4,504000,20250214: ,20250214: ,2025|뮤지컬:1
00000007096,3,16,1826000,20250214: ,20251123: ,2025|뮤지컬:3
00000019454,2,8,715000,20250214: ,20251122: ,2025|뮤지컬:2
00000006678,1,2,252000,20250214: ,20250214: ,2025|뮤지컬:1
00000009361,1,2,288000,20250214: ,20250214: ,2025|뮤지컬:1
00000005959,1,1,144000,20250214: ,20250214: ,2025|뮤지컬:1
00000010798,1,4,576000,20250214: ,20250214: ,2025|뮤지컬:1
00000008601,1,2,252000,20250214: ,20250214: ,2025|뮤지컬:1
00000001312,1,2,288000,20250214: ,20250214: ,2025|뮤지컬:1
00000011505,3,6,648000,20250214: ,20250719: ,2025|뮤지컬:2;2025|발레/연극:1
00000001505,1,1,144000,20250214: ,20250214: ,2025|뮤지컬:1
00000013714,3,5,428000,20250214: ,20251123: ,2025|뮤지컬:2;2025|발레/연극:1
00000005760,1,2,320000,20250214: ,20250214: ,2025|뮤지컬:1
00000007265,2,8,1080000,20250214: ,20250705: ,2025|뮤지컬:2
00000021208,1,4,504000,20250214: ,20250214: ,2025|뮤지컬:1
00000022351,1,2,288000,20250214: ,20250214: ,2025|뮤지컬:1
00000007434,2,4,365500,20250214: ,20250308: ,2025|뮤지컬:1;2025|클래식:1
00000002225,1,2,320000,20250214: ,20250214: ,2025|뮤지컬:1
00000006586,2,4,504000,20250214: ,20251123: ,2025|뮤지컬:2
00000008224,1,4,576000,20250214: ,20250214: ,2025|뮤지컬:1
00000018131,1,2,320000,20250214: ,20250214: ,2025|뮤지컬:1
00000000467,1,2,252000,20250214: ,20250214: ,2025|뮤지컬:1
00000008812,1,2,252000,20250214: ,20250214: ,2025|뮤지컬:1
00000013751,1,2,252000,20250214: ,20250214: ,2025|뮤지컬:1
00000021888,2,4,594000,20250214: ,20251123: ,2025|뮤지컬:2
00000011070,1,2,288000,20250214: ,20250214: ,2025|뮤지컬:1
00000019688,1,2,288000,20250214: ,20250214: ,2025|뮤지컬:1
00000018190,1,2,198000,20250214: ,20250214: ,2025|뮤지컬:1
00000000256,1,2,320000,20250214: ,20250214: ,2025|뮤지컬:1
00000016617,1,2,320000,20250214: ,20250214: ,2025|뮤지컬:1
00000015594,2,4,360000,20250214: ,20250425: ,2025|뮤지컬:1;2025|발레/연극:1
00000008011,1,1,144000,20250214: ,20250214: ,2025|뮤지컬:1
00000008824,1,2,288000,20250214: ,20250214: ,2025|뮤지컬:1
00000000620,1,2,288000,20250214: ,20250214: ,2025|뮤지컬:1
00000016657,1,2,288000,20250214: ,20250214: ,2025|뮤지컬:1
00000001440,1,1,144000,20250214: ,20250214: ,2025|뮤지컬:1
00000017006,2,4,594000,20250214: ,20251123: ,2025|뮤지컬:2
00000011420,1,2,288000,20250214: ,20250214: ,2025|뮤지컬:1
00000008245,1,2,288000,20250214: ,20250214: ,2025|뮤지컬:1
00000021629,2,4,594000,20250214: ,20251123: ,2025|뮤지컬:2
00000014686,1,2,252000,20250214: ,20250214: ,2025|뮤지컬:1
00000005121,1,2,320000,20250214: ,20250214: ,2025|뮤지컬:1
00000007073,2,4,331200,20250214: ,20250920: ,2025|뮤지컬:1;2025|어린이·가족:1
00000014474,2,4,368000,20250214: ,20250308: ,2025|뮤지컬:1;2025|클래식:1
00000016083,2,4,508000,20250214: ,20250705: ,2025|뮤지컬:2
00000010149,2,2,171000,20250214: ,20250529: ,2025|뮤지컬:1;2025|발레/연극:1
00000011018,1,2,252000,20250214: ,20250214: ,2025|뮤지컬:1
00000021909,1,2,270000,20250214: ,20250214: ,2025|뮤지컬:1
00000003126,3,8,366000,20250214: ,20250719: ,2025|뮤지컬:1;2025|발레/연극:2
00000021272,1,2,252000,20250214: ,20250214: ,2025|뮤지컬:1
00000002674,1,2,252000,20250214: ,20250214: ,2025|뮤지컬:1
00000011498,1,2,288000,20250214: ,20250214: ,2025|뮤지컬:1
00000021858,1,2,288000,20250214: ,20250214: ,2025|뮤지컬:1
00000007192,2,12,538000,20201024: ,20250214: ,2025|뮤지컬:1;2020|뮤지컬:1
00000016039,2,2,320000,20250214: ,20250214: ,2025|뮤지컬:2
00000012733,1,4,576000,20250214: ,20250214: ,2025|뮤지컬:1
00000002280,1,2,288000,20250214: ,20250214: ,2025|뮤지컬:1
00000009588,2,5,406800,20250214: ,20250920: ,2025|뮤지컬:1;2025|어린이·가족:1
00000017950,1,2,288000,20250214: ,20250214: ,2025|뮤지컬:1
00000006008,1,3,480000,20250214: ,20250214: ,2025|뮤지컬:1
00000020322,4,8,494400,20250214: ,20250920: ,2025|뮤지컬:1;2025|발레/연극:1;2025|어린이·가족:2
00000012325,1,2,252000,20250214: ,20250214: ,2025|뮤지컬:1
00000013345,5,9,653400,20250214: ,20251123: ,2025|뮤지컬:2;2025|발레/연극:1;2025|어린이·가족:2
00000005091,1,2,252000,20250214: ,20250214: ,2025|뮤지컬:1
00000000870,2,4,594000,20250214: ,20251122: ,2025|뮤지컬:2
00000004424,1,4,576000,20250214: ,20250214: ,2025|뮤지컬:1
00000004560,1,2,288000,20250214: ,20250214: ,2025|뮤지컬:1
00000003223,2,2,330000,20250214: ,20251122: ,2025|뮤지컬:2
00000000040,1,4,576000,20250214: ,20250214: ,2025|뮤지컬:1
00000003479,2,4,450000,20250214: ,20251123: ,2025|뮤지컬:2
00000011058,1,2,288000,20250214: ,20250214: ,2025|뮤지컬:1
00000015056,1,1,144000,20250214: ,20250214: ,2025|뮤지컬:1
00000021830,2,6,932000,20250214: ,20251122: ,2025|뮤지컬:2
00000011672,1,2,288000,20250214: ,20250214: ,2025|뮤지컬:1
00000019221,1,2,288000,20250214: ,20250214: ,2025|뮤지컬:1
00000011055,2,11,1522000,20250214: ,20251122: ,2025|뮤지컬:2
00000006186,2,2,320000,20250214: ,20250216: ,2025|뮤지컬:2
00000011285,1,2,288000,20250214: ,20250214: ,2025|뮤지컬:1
00000003130,1,1,110000,20250214: ,20250214: ,2025|뮤지컬:1
00000020249,1,1,160000,20250214: ,20250214: ,2025|뮤지컬:1
00000014986,1,2,288000,20250214: ,20250214: ,2025|뮤지컬:1
00000017636,1,1,126000,20250214: ,20250214: ,2025|뮤지컬:1
00000007207,1,2,288000,20250214: ,20250214: ,2025|뮤지컬:1
00000020043,1,1,126000,20250214: ,20250214: ,2025|뮤지컬:1
00000013241,1,4,576000,20250214: ,20250214: ,2025|뮤지컬:1
00000003295,1,2,252000,20250214: ,20250214: ,2025|뮤지컬:1
00000011774,1,1,144000,20250214: ,20250214: ,2025|뮤지컬:1
00000016314,2,6,716000,20250214: ,20250308: ,2025|뮤지컬:1;2025|클래식:1
00000014609,1,2,288000,20250214: ,20250214: ,2025|뮤지컬:1
00000012100,1,2,288000,20250214: ,20250214: ,2025|뮤지컬:1
00000012669,2,4,640000,20250214: ,20250215: ,2025|뮤지컬:2
00000019863,1,2,288000,20250214: ,20250214: ,2025|뮤지컬:1
00000019322,1,2,288000,20250214: ,20250214: ,2025|뮤지컬:1
00000015860,1,2,288000,20250214: ,20250214: ,2025|뮤지컬:1
00000005122,1,2,252000,20250214: ,20250214: ,2025|뮤지컬:1
00000002282,2,4,608000,20250214: ,20250704: ,2025|뮤지컬:2
00000010443,1,2,198000,20250214: ,20250214: ,2025|뮤지컬:1
00000013732,2,4,586000,20250214: ,20251122: ,2025|뮤지컬:2
00000011722,1,3,448000,20250214: ,20250214: ,2025|뮤지컬:1
00000007650,1,1,144000,20250214: ,20250214: ,2025|뮤지컬:1
00000000916,1,2,288000,20250214: ,20250214: ,2025|뮤지컬:1
00000008387,1,2,288000,20250214: ,20250214: ,2025|뮤지컬:1
00000005761,1,3,480000,20250214: ,20250214: ,2025|뮤지컬:1
00000019830,2,4,560000,20250214: ,20251122: ,2025|뮤지컬:2
00000013951,1,1,160000,20250214: ,20250214: ,2025|뮤지컬:1
00000013093,2,4,333200,20250214: ,20250802: ,2025|뮤지컬:1;2025|어린이·가족:1
00000001998,1,2,154000,20250214: ,20250214: ,2025|뮤지컬:1
00000014569,1,2,288000,20250214: ,20250214: ,2025|뮤지컬:1
00000017951,1,2,252000,20250214: ,20250214: ,2025|뮤지컬:1
00000019660,1,4,576000,20250214: ,20250214: ,2025|뮤지컬:1
00000000266,2,4,620000,20250214: ,20251123: ,2025|뮤지컬:2
00000022304,3,6,864000,20250214: ,20251123: ,2025|뮤지컬:3
00000004314,2,3,458000,20250214: ,20251122: ,2025|뮤지컬:2
00000013787,1,2,252000,20250214: ,20250214: ,2025|뮤지컬:1
00000018323,2,3,441000,20250214: ,20251123: ,2025|뮤지컬:2
00000012407,1,2,320000,20250214: ,20250214: ,2025|뮤지컬:1
00000005383,1,2,288000,20250215: ,20250215: ,2025|뮤지컬:1
00000015581,1,2,252000,20250215: ,20250215: ,2025|뮤지컬:1
00000019750,1,2,288000,20250215: ,20250215: ,2025|뮤지컬:1
00000002829,1,2,288000,20250215: ,20250215: ,2025|뮤지컬:1
00000014655,1,1,88000,20250215: ,20250215: ,2025|뮤지컬:1
00000014300,1,3,308000,20250215: ,20250215: ,2025|뮤지컬:1
00000012799,3,10,1026400,20250215: ,20250803: ,2025|뮤지컬:2;2025|어린이·가족:1
00000006888,1,2,252000,20250215: ,20250215: ,2025|뮤지컬:1
00000004805,1,4,640000,20250215: ,20250215: ,2025|뮤지컬:1
00000012423,1,2,288000,20250215: ,20250215: ,2025|뮤지컬:1
00000004049,1,2,304000,20250215: ,20250215: ,2025|뮤지컬:1
00000014476,1,2,288000,20250215: ,20250215: ,2025|뮤지컬:1
00000014321,2,4,540000,20250215: ,20250705: ,2025|뮤지컬:2
00000009084,1,2,198000,20250215: ,20250215: ,2025|뮤지컬:1
00000011135,1,1,126000,20250215: ,20250215: ,2025|뮤지컬:1
00000011476,2,3,369000,20201126: ,20250215: ,2025|뮤지컬:1;2020|클래식:1
00000020755,3,4,594000,20250215: ,20251123: ,2025|뮤지컬:3
00000004718,1,3,480000,20250215: ,20250215: ,2025|뮤지컬:1
00000021755,1,2,252000,20250215: ,20250215: ,2025|뮤지컬:1
00000019913,1,2,288000,20250215: ,20250215: ,2025|뮤지컬:1
00000004107,1,2,288000,20250215: ,20250215: ,2025|뮤지컬:1
00000005660,2,4,558000,20250215: ,20251122: ,2025|뮤지컬:2
00000017990,1,2,252000,20250215: ,20250215: ,2025|뮤지컬:1
00000006203,2,4,464000,20250215: ,20251122: ,2025|뮤지컬:2
00000007295,1,1,144000,20250215: ,20250215: ,2025|뮤지컬:1
00000018085,2,2,217000,20250215: ,20251123: ,2025|뮤지컬:2
00000002100,2,5,333000,20250215: ,20250720: ,2025|뮤지컬:1;2025|발레/연극:1
00000003587,1,2,288000,20250215: ,20250215: ,2025|뮤지컬:1
00000010009,1,1,160000,20250215: ,20250215: ,2025|뮤지컬:1
00000000374,1,2,320000,20250215: ,20250215: ,2025|뮤지컬:1
00000010302,1,2,288000,20250215: ,20250215: ,2025|뮤지컬:1
00000004225,4,11,980800,20250215: ,20250920: ,2025|뮤지컬:2;2025|어린이·가족:2
00000022656,1,1,160000,20250215: ,20250215: ,2025|뮤지컬:1
00000005726,1,1,144000,20250215: ,20250215: ,2025|뮤지컬:1
00000001576,2,2,320000,20250215: ,20250705: ,2025|뮤지컬:2
00000008988,2,3,396000,20250215: ,20250706: ,2025|뮤지컬:2
00000003907,2,4,540000,20250215: ,20250705: ,2025|뮤지컬:2
00000007623,2,2,270000,20250215: ,20250215: ,2025|뮤지컬:2
00000011032,1,4,576000,20250215: ,20250215: ,2025|뮤지컬:1
00000001099,1,2,252000,20250215: ,20250215: ,2025|뮤지컬:1
00000012482,1,2,288000,20250215: ,20250215: ,2025|뮤지컬:1
00000011452,1,2,320000,20250215: ,20250215: ,2025|뮤지컬:1
00000012468,1,4,576000,20250215: ,20250215: ,2025|뮤지컬:1
00000010861,1,1,126000,20250215: ,20250215: ,2025|뮤지컬:1
00000006859,1,2,288000,20250215: ,20250215: ,2025|뮤지컬:1
00000017382,1,2,252000,20250215: ,20250215: ,2025|뮤지컬:1
00000015399,1,2,288000,20250215: ,20250215: ,2025|뮤지컬:1
00000010943,1,4,504000,20250215: ,20250215: ,2025|뮤지컬:1
00000009477,1,3,448000,20250215: ,20250215: ,2025|뮤지컬:1
00000001407,3,8,728000,20250215: ,20251123: ,2025|뮤지컬:2;2025|발레/연극:1
00000021792,1,2,252000,20250215: ,20250215: ,2025|뮤지컬:1
00000002467,1,2,288000,20250215: ,20250215: ,2025|뮤지컬:1
00000007842,1,2,198000,20250215: ,20250215: ,2025|뮤지컬:1
00000002899,1,2,288000,20250215: ,20250215: ,2025|뮤지컬:1
00000019508,1,4,576000,20250215: ,20250215: ,2025|뮤지컬:1
00000020842,1,2,320000,20250215: ,20250215: ,2025|뮤지컬:1
00000007179,1,1,110000,20250215: ,20250215: ,2025|뮤지컬:1
00000019090,1,2,288000,20250215: ,20250215: ,2025|뮤지컬:1
00000018834,1,3,480000,20250215: ,20250215: ,2025|뮤지컬:1
00000020452,1,1,144000,20250215: ,20250215: ,2025|뮤지컬:1
00000017510,1,2,252000,20250215: ,20250215: ,2025|뮤지컬:1
00000011735,1,2,288000,20250215: ,20250215: ,2025|뮤지컬:1
00000019631,1,4,576000,20250215: ,20250215: ,2025|뮤지컬:1
00000016922,2,4,576000,20250215: ,20250705: ,2025|뮤지컬:2
00000006273,1,2,198000,20250215: ,20250215: ,2025|뮤지컬:1
00000007405,1,2,288000,20250215: ,20250215: ,2025|뮤지컬:1
00000015310,1,2,288000,20250215: ,20250215: ,2025|뮤지컬:1
00000020454,1,2,288000,20250215: ,20250215: ,2025|뮤지컬:1
00000021899,1,2,288000,20250215: ,20250215: ,2025|뮤지컬:1
00000015979,1,4,504000,20250215: ,20250215: ,2025|뮤지컬:1
00000000458,1,1,144000,20250215: ,20250215: ,2025|뮤지컬:1
00000013716,1,2,198000,20250215: ,20250215: ,2025|뮤지컬:1
00000019623,1,2,288000,20250215: ,20250215: ,2025|뮤지컬:1
00000022280,2,6,844000,20250215: ,20251122: ,2025|뮤지컬:2
00000005625,1,1,160000,20250215: ,20250215: ,2025|뮤지컬:1
00000009176,1,2,252000,20250215: ,20250215: ,2025|뮤지컬:1
00000001132,2,4,576000,20250215: ,20250705: ,2025|뮤지컬:2
00000004708,1,3,275000,20250215: ,20250215: ,2025|뮤지컬:1
00000001385,1,2,252000,20250215: ,20250215: ,2025|뮤지컬:1
00000000765,1,2,288000,20250215: ,20250215: ,2025|뮤지컬:1
00000021008,1,2,288000,20250215: ,20250215: ,2025|뮤지컬:1
00000005406,1,2,198000,20250215: ,20250215: ,2025|뮤지컬:1
00000018291,1,2,270000,20250215: ,20250215: ,2025|뮤지컬:1
00000005225,1,2,320000,20250215: ,20250215: ,2025|뮤지컬:1
00000015211,1,1,144000,20250215: ,20250215: ,2025|뮤지컬:1
00000012834,1,4,576000,20250215: ,20250215: ,2025|뮤지컬:1
00000016729,1,2,252000,20250215: ,20250215: ,2025|뮤지컬:1
00000001980,1,2,320000,20250215: ,20250215: ,2025|뮤지컬:1
00000008528,1,2,288000,20250215: ,20250215: ,2025|뮤지컬:1
00000012258,1,1,140000,20250215: ,20250215: ,2025|뮤지컬:1
00000001483,1,2,288000,20250215: ,20250215: ,2025|뮤지컬:1
00000020288,1,2,288000,20250215: ,20250215: ,2025|뮤지컬:1
00000015043,1,2,252000,20250215: ,20250215: ,2025|뮤지컬:1
00000013528,1,2,270000,20250215: ,20250215: ,2025|뮤지컬:1
00000005722,1,2,288000,20250215: ,20250215: ,2025|뮤지컬:1
00000014958,1,2,252000,20250215: ,20250215: ,2025|뮤지컬:1
00000020244,1,4,576000,20250215: ,20250215: ,2025|뮤지컬:1
00000014358,1,1,160000,20250215: ,20250215: ,2025|뮤지컬:1
00000001076,2,6,423000,20250215: ,20251128: ,2025|뮤지컬:1;2025|발레/연극:1
00000012515,1,2,320000,20250215: ,20250215: ,2025|뮤지컬:1
00000016849,1,2,320000,20250215: ,20250215: ,2025|뮤지컬:1
00000014665,1,1,144000,20250215: ,20250215: ,2025|뮤지컬:1
00000008866,1,1,144000,20250215: ,20250215: ,2025|뮤지컬:1
00000018426,1,2,252000,20250215: ,20250215: ,2025|뮤지컬:1
00000000170,3,6,846000,20250215: ,20251122: ,2025|뮤지컬:3
00000010177,2,5,756000,20250215: ,20251122: ,2025|뮤지컬:2
00000014564,1,2,220000,20250215: ,20250215: ,2025|뮤지컬:1
00000017486,1,1,160000,20250215: ,20250215: ,2025|뮤지컬:1
00000010479,1,2,320000,20250215: ,20250215: ,2025|뮤지컬:1
00000006601,2,2,313000,20250215: ,20251122: ,2025|뮤지컬:2
00000001108,2,4,576000,20250215: ,20250705: ,2025|뮤지컬:2
00000005970,1,2,288000,20250215: ,20250215: ,2025|뮤지컬:1
00000021262,1,3,392000,20250215: ,20250215: ,2025|뮤지컬:1
00000000641,1,2,320000,20250215: ,20250215: ,2025|뮤지컬:1
00000020979,1,2,252000,20250215: ,20250215: ,2025|뮤지컬:1
00000020981,1,2,288000,20250215: ,20250215: ,2025|뮤지컬:1
00000001746,1,2,320000,20250215: ,20250215: ,2025|뮤지컬:1
00000016901,1,1,144000,20250215: ,20250215: ,2025|뮤지컬:1
00000004246,5,14,2080000,20250215: ,20250216: ,2025|뮤지컬:5
00000020937,1,2,288000,20250215: ,20250215: ,2025|뮤지컬:1
00000013849,2,3,424000,20250215: ,20250705: ,2025|뮤지컬:2
00000004521,2,4,576000,20250215: ,20250704: ,2025|뮤지컬:2
00000014491,1,2,288000,20250215: ,20250215: ,2025|뮤지컬:1
00000002445,2,4,392000,20250215: ,20250719: ,2025|뮤지컬:1;2025|발레/연극:1
00000003661,1,2,252000,20250215: ,20250215: ,2025|뮤지컬:1
00000019101,1,2,252000,20250215: ,20250215: ,2025|뮤지컬:1
00000018525,1,2,176000,20250215: ,20250215: ,2025|뮤지컬:1
00000020366,2,4,504000,20250215: ,20250705: ,2025|뮤지컬:2
00000000343,1,2,198000,20250215: ,20250215: ,2025|뮤지컬:1
00000004801,2,4,600000,20250215: ,20250215: ,2025|뮤지컬:2
00000016217,1,2,288000,20250215: ,20250215: ,2025|뮤지컬:1
00000021582,2,2,288000,20250215: ,20250215: ,2025|뮤지컬:2
00000001550,2,7,968000,20250215: ,20250706: ,2025|뮤지컬:2
00000014402,1,2,288000,20250215: ,20250215: ,2025|뮤지컬:1
00000008784,1,2,288000,20250215: ,20250215: ,2025|뮤지컬:1
00000004650,1,2,252000,20250215: ,20250215: ,2025|뮤지컬:1
00000016096,1,2,320000,20250215: ,20250215: ,2025|뮤지컬:1
00000007289,1,4,640000,20250215: ,20250215: ,2025|뮤지컬:1
00000015029,3,6,864000,20250215: ,20250706: ,2025|뮤지컬:3
00000001260,1,4,576000,20250215: ,20250215: ,2025|뮤지컬:1
00000015695,1,2,252000,20250215: ,20250215: ,2025|뮤지컬:1
00000007197,1,1,160000,20250215: ,20250215: ,2025|뮤지컬:1
00000002434,2,3,275000,20250215: ,20250215: ,2025|뮤지컬:2
00000006845,1,2,252000,20250215: ,20250215: ,2025|뮤지컬:1
00000002345,3,6,828000,20250215: ,20250706: ,2025|뮤지컬:3
00000012004,1,1,126000,20250215: ,20250215: ,2025|뮤지컬:1
00000002975,2,2,304000,20250215: ,20250704: ,2025|뮤지컬:2
00000020482,1,2,288000,20250215: ,20250215: ,2025|뮤지컬:1
00000003406,1,2,288000,20250215: ,20250215: ,2025|뮤지컬:1
00000005280,1,2,154000,20250215: ,20250215: ,2025|뮤지컬:1
00000003843,1,4,576000,20250215: ,20250215: ,2025|뮤지컬:1
00000010094,1,2,252000,20250215: ,20250215: ,2025|뮤지컬:1
00000016595,1,2,288000,20250215: ,20250215: ,2025|뮤지컬:1
00000006247,3,8,252000,20250215: ,20250720: ,2025|뮤지컬:1;2025|기타:1;2025|발레/연극:1
00000007053,2,3,480000,20250215: ,20250215: ,2025|뮤지컬:2
00000011019,1,2,320000,20250215: ,20250215: ,2025|뮤지컬:1
00000015719,1,2,288000,20250215: ,20250215: ,2025|뮤지컬:1
00000020639,3,4,414000,20250215: ,20250529: ,2025|뮤지컬:1;2025|발레/연극:2
00000014552,1,3,392000,20250215: ,20250215: ,2025|뮤지컬:1
00000005457,1,1,160000,20250215: ,20250215: ,2025|뮤지컬:1
00000007726,1,4,504000,20250215: ,20250215: ,2025|뮤지컬:1
00000012883,1,1,126000,20250215: ,20250215: ,2025|뮤지컬:1
00000014093,3,6,882000,20250215: ,20251122: ,2025|뮤지컬:3
00000004258,3,5,796000,20250215: ,20251123: ,2025|뮤지컬:3
00000005917,2,4,594000,20250215: ,20251123: ,2025|뮤지컬:2
00000013888,1,4,576000,20250215: ,20250215: ,2025|뮤지컬:1
00000004204,1,1,144000,20250215: ,20250215: ,2025|뮤지컬:1
00000022595,1,4,576000,20250215: ,20250215: ,2025|뮤지컬:1
00000014118,1,2,198000,20250215: ,20250215: ,2025|뮤지컬:1
00000014767,1,2,288000,20250215: ,20250215: ,2025|뮤지컬:1
00000018117,1,2,252000,20250215: ,20250215: ,2025|뮤지컬:1
00000003404,1,2,252000,20250215: ,20250215: ,2025|뮤지컬:1
00000017146,1,2,288000,20250215: ,20250215: ,2025|뮤지컬:1
00000021654,1,3,416000,20250215: ,20250215: ,2025|뮤지컬:1
00000010466,1,1,144000,20250215: ,20250215: ,2025|뮤지컬:1
00000012920,1,2,288000,20250215: ,20250215: ,2025|뮤지컬:1
00000020415,1,2,288000,20250215: ,20250215: ,2025|뮤지컬:1
00000013181,2,4,508000,20250215: ,20250705: ,2025|뮤지컬:2
00000013342,1,2,320000,20250215: ,20250215: ,2025|뮤지컬:1
00000015887,1,2,198000,20250215: ,20250215: ,2025|뮤지컬:1
00000006361,1,3,384000,20250215: ,20250215: ,2025|뮤지컬:1
00000020832,1,2,288000,20250215: ,20250215: ,2025|뮤지컬:1
00000015933,1,2,288000,20250215: ,20250215: ,2025|뮤지컬:1
00000003206,1,2,252000,20250215: ,20250215: ,2025|뮤지컬:1
00000019111,1,2,320000,20250215: ,20250215: ,2025|뮤지컬:1
00000000264,1,2,320000,20250215: ,20250215: ,2025|뮤지컬:1
00000017911,1,2,288000,20250215: ,20250215: ,2025|뮤지컬:1
00000008182,2,3,275000,20250215: ,20250215: ,2025|뮤지컬:2
00000017388,1,1,126000,20250215: ,20250215: ,2025|뮤지컬:1
00000010170,1,2,288000,20250215: ,20250215: ,2025|뮤지컬:1
00000019859,1,1,140000,20250215: ,20250215: ,2025|뮤지컬:1
00000013554,2,4,609000,20250215: ,20251123: ,2025|뮤지컬:2
00000018887,1,2,252000,20250215: ,20250215: ,2025|뮤지컬:1
00000018905,1,3,448000,20250215: ,20250215: ,2025|뮤지컬:1
00000005450,2,3,330000,20250215: ,20250215: ,2025|뮤지컬:2
00000015327,1,2,320000,20250215: ,20250215: ,2025|뮤지컬:1
00000004895,1,2,288000,20250215: ,20250215: ,2025|뮤지컬:1
00000003757,7,13,1188800,20250215: ,20251123: ,2025|뮤지컬:3;2025|발레/연극:2;2025|어린이·가족:2
00000002158,1,1,144000,20250215: ,20250215: ,2025|뮤지컬:1
00000019103,2,4,620000,20250215: ,20251122: ,2025|뮤지컬:2
00000008978,1,2,288000,20250215: ,20250215: ,2025|뮤지컬:1
00000019028,3,6,423200,20250215: ,20250904: ,2025|뮤지컬:1;2025|어린이·가족:1;2025|클래식:1
00000016273,2,5,688000,20250215: ,20250705: ,2025|뮤지컬:2
00000008690,1,2,252000,20250215: ,20250215: ,2025|뮤지컬:1
00000005189,1,3,416000,20250215: ,20250215: ,2025|뮤지컬:1
00000014202,1,2,280000,20250215: ,20250215: ,2025|뮤지컬:1
00000012723,3,4,396000,20250215: ,20251122: ,2025|뮤지컬:3
00000013072,2,2,288000,20250215: ,20250215: ,2025|뮤지컬:2
00000021543,1,2,288000,20250215: ,20250215: ,2025|뮤지컬:1
00000012181,1,2,288000,20250215: ,20250215: ,2025|뮤지컬:1
00000012991,1,4,576000,20250215: ,20250215: ,2025|뮤지컬:1
00000008556,1,2,252000,20250215: ,20250215: ,2025|뮤지컬:1
00000000857,2,4,626000,20250215: ,20251122: ,2025|뮤지컬:2
00000014502,1,2,252000,20250215: ,20250215: ,2025|뮤지컬:1
00000015060,1,2,288000,20250215: ,20250215: ,2025|뮤지컬:1
00000000328,1,2,288000,20250215: ,20250215: ,2025|뮤지컬:1
00000016287,1,2,288000,20250215: ,20250215: ,2025|뮤지컬:1
00000008584,1,2,198000,20250215: ,20250215: ,2025|뮤지컬:1
00000007074,1,3,480000,20250215: ,20250215: ,2025|뮤지컬:1
00000001398,2,6,900000,20250215: ,20250706: ,2025|뮤지컬:2
00000001425,3,4,606000,20250215: ,20251122: ,2025|뮤지컬:3
00000012064,1,1,160000,20250215: ,20250215: ,2025|뮤지컬:1
00000010470,1,2,288000,20250215: ,20250215: ,2025|뮤지컬:1
00000022463,1,2,288000,20250215: ,20250215: ,2025|뮤지컬:1
00000011053,1,2,320000,20250215: ,20250215: ,2025|뮤지컬:1
00000019558,2,4,608000,20250215: ,20250704: ,2025|뮤지컬:2
00000020687,1,1,140000,20250215: ,20250215: ,2025|뮤지컬:1
00000016289,1,2,288000,20250215: ,20250215: ,2025|뮤지컬:1
00000008613,1,2,288000,20250215: ,20250215: ,2025|뮤지컬:1
00000022584,1,2,288000,20250215: ,20250215: ,2025|뮤지컬:1
00000020730,1,2,288000,20250215: ,20250215: ,2025|뮤지컬:1
00000013864,1,2,288000,20250215: ,20250215: ,2025|뮤지컬:1
00000008829,2,5,560000,20250215: ,20251123: ,2025|뮤지컬:2
00000006482,3,9,1412000,20250215: ,20251122: ,2025|뮤지컬:3
00000006068,1,1,160000,20250215: ,20250215: ,2025|뮤지컬:1
00000007618,1,2,320000,20250215: ,20250215: ,2025|뮤지컬:1
00000011792,1,2,280000,20250215: ,20250215: ,2025|뮤지컬:1
00000020607,1,3,275000,20250215: ,20250215: ,2025|뮤지컬:1
00000016207,1,2,304000,20250215: ,20250215: ,2025|뮤지컬:1
00000001949,1,2,288000,20250215: ,20250215: ,2025|뮤지컬:1
00000009175,1,2,288000,20250215: ,20250215: ,2025|뮤지컬:1
00000018657,1,2,198000,20250215: ,20250215: ,2025|뮤지컬:1
00000022479,1,1,144000,20250215: ,20250215: ,2025|뮤지컬:1
00000002378,2,4,504000,20250215: ,20250704: ,2025|뮤지컬:2
00000011564,1,2,320000,20250215: ,20250215: ,2025|뮤지컬:1
00000003416,1,1,126000,20250215: ,20250215: ,2025|뮤지컬:1
00000013029,1,2,280000,20250215: ,20250215: ,2025|뮤지컬:1
00000008227,1,2,320000,20250215: ,20250215: ,2025|뮤지컬:1
00000020344,2,3,448000,20250215: ,20250215: ,2025|뮤지컬:2
00000018699,1,2,256000,20250215: ,20250215: ,2025|뮤지컬:1
00000003934,1,2,220000,20250215: ,20250215: ,2025|뮤지컬:1
00000007854,2,4,576000,20250215: ,20250705: ,2025|뮤지컬:2
00000013044,3,10,1348000,20250215: ,20251123: ,2025|뮤지컬:3
00000000191,1,2,198000,20250215: ,20250215: ,2025|뮤지컬:1
00000022214,1,2,288000,20250215: ,20250215: ,2025|뮤지컬:1
00000021105,2,2,187000,20250215: ,20251115: ,2025|뮤지컬:1;2025|클래식:1
00000014629,1,4,576000,20250215: ,20250215: ,2025|뮤지컬:1
00000020204,1,2,220000,20250215: ,20250215: ,2025|뮤지컬:1
00000014468,1,2,320000,20250215: ,20250215: ,2025|뮤지컬:1
00000018436,1,2,320000,20250215: ,20250215: ,2025|뮤지컬:1
00000011590,1,2,252000,20250215: ,20250215: ,2025|뮤지컬:1
00000010050,1,3,275000,20250215: ,20250215: ,2025|뮤지컬:1
00000007716,1,2,252000,20250215: ,20250215: ,2025|뮤지컬:1
00000020090,1,1,160000,20250215: ,20250215: ,2025|뮤지컬:1
00000007820,1,2,252000,20250215: ,20250215: ,2025|뮤지컬:1
00000007578,1,2,288000,20250215: ,20250215: ,2025|뮤지컬:1
00000018885,1,4,576000,20250215: ,20250215: ,2025|뮤지컬:1
00000022084,1,2,288000,20250215: ,20250215: ,2025|뮤지컬:1
00000017755,1,4,576000,20250215: ,20250215: ,2025|뮤지컬:1
00000017282,1,1,160000,20250215: ,20250215: ,2025|뮤지컬:1
00000018442,1,3,275000,20250215: ,20250215: ,2025|뮤지컬:1
00000000309,2,2,330000,20250215: ,20251123: ,2025|뮤지컬:2
00000014307,2,6,372000,20250215: ,20250719: ,2025|뮤지컬:1;2025|발레/연극:1
00000019106,2,2,314000,20250215: ,20251123: ,2025|뮤지컬:2
00000009218,2,4,576000,20250215: ,20250706: ,2025|뮤지컬:2
00000015564,1,2,198000,20250215: ,20250215: ,2025|뮤지컬:1
00000011246,4,7,393000,20250215: ,20250720: ,2025|뮤지컬:1;2025|발레/연극:3
00000011691,1,2,288000,20250215: ,20250215: ,2025|뮤지컬:1
00000001129,3,8,952000,20250215: ,20251123: ,2025|뮤지컬:2;2025|클래식:1
00000008848,2,4,626000,20250215: ,20251122: ,2025|뮤지컬:2
00000001192,1,1,140000,20250215: ,20250215: ,2025|뮤지컬:1
00000004944,2,5,736000,20250215: ,20250705: ,2025|뮤지컬:2
00000007773,2,4,594000,20250216: ,20251123: ,2025|뮤지컬:2
00000016394,1,2,320000,20250216: ,20250216: ,2025|뮤지컬:1
00000010448,1,4,576000,20250216: ,20250216: ,2025|뮤지컬:1
00000011529,1,2,252000,20250216: ,20250216: ,2025|뮤지컬:1
00000014837,1,1,144000,20250216: ,20250216: ,2025|뮤지컬:1
00000021327,3,7,883000,20250216: ,20251122: ,2025|뮤지컬:2;2025|클래식:1
00000012970,2,6,315500,20250216: ,20250308: ,2025|뮤지컬:1;2025|클래식:1
00000014782,1,2,320000,20250216: ,20250216: ,2025|뮤지컬:1
00000017532,1,2,288000,20250216: ,20250216: ,2025|뮤지컬:1
00000018750,1,4,576000,20250216: ,20250216: ,2025|뮤지컬:1
00000002496,1,4,576000,20250216: ,20250216: ,2025|뮤지컬:1
00000009781,1,2,176000,20250216: ,20250216: ,2025|뮤지컬:1
00000005870,1,2,320000,20250216: ,20250216: ,2025|뮤지컬:1
00000003083,1,2,198000,20250216: ,20250216: ,2025|뮤지컬:1
00000006777,2,4,540000,20250216: ,20250705: ,2025|뮤지컬:2
00000015739,1,2,288000,20250216: ,20250216: ,2025|뮤지컬:1
00000022560,1,1,144000,20250216: ,20250216: ,2025|뮤지컬:1
00000000970,2,3,448000,20250216: ,20250216: ,2025|뮤지컬:2
00000010776,1,1,160000,20250216: ,20250216: ,2025|뮤지컬:1
00000012242,1,1,144000,20250216: ,20250216: ,2025|뮤지컬:1
00000020870,2,2,288000,20250216: ,20250216: ,2025|뮤지컬:2
00000021988,1,4,504000,20250216: ,20250216: ,2025|뮤지컬:1
00000008684,2,3,223200,20250216: ,20250918: ,2025|뮤지컬:1;2025|어린이·가족:1
00000022383,1,2,280000,20250216: ,20250216: ,2025|뮤지컬:1
00000002076,1,2,288000,20250216: ,20250216: ,2025|뮤지컬:1
00000013219,1,1,144000,20250216: ,20250216: ,2025|뮤지컬:1
00000015634,1,3,448000,20250216: ,20250216: ,2025|뮤지컬:1
00000011173,1,2,176000,20250216: ,20250216: ,2025|뮤지컬:1
00000008960,1,2,252000,20250216: ,20250216: ,2025|뮤지컬:1
00000018661,1,2,288000,20250216: ,20250216: ,2025|뮤지컬:1
00000001094,2,3,392000,20250216: ,20250216: ,2025|뮤지컬:2
00000010509,2,4,594000,20250216: ,20251123: ,2025|뮤지컬:2
00000001890,2,4,626000,20250216: ,20251123: ,2025|뮤지컬:2
00000014602,1,2,288000,20250216: ,20250216: ,2025|뮤지컬:1
00000020382,1,2,288000,20250216: ,20250216: ,2025|뮤지컬:1
00000005194,1,2,198000,20250216: ,20250216: ,2025|뮤지컬:1
00000002879,1,2,288000,20250216: ,20250216: ,2025|뮤지컬:1
00000013137,3,5,288000,20250216: ,20251128: ,2025|뮤지컬:1;2025|발레/연극:2
00000018890,1,1,144000,20250216: ,20250216: ,2025|뮤지컬:1
00000018015,4,5,541000,20250216: ,20251122: ,2025|뮤지컬:3;2025|발레/연극:1
00000007101,1,3,448000,20250216: ,20250216: ,2025|뮤지컬:1
00000018464,1,2,252000,20250216: ,20250216: ,2025|뮤지컬:1
00000004370,3,6,357000,20201017: ,20250216: ,2025|뮤지컬:1;2020|클래식:2
00000002522,3,6,741200,20250216: ,20251123: ,2025|뮤지컬:2;2025|어린이·가족:1
00000000108,1,2,288000,20250216: ,20250216: ,2025|뮤지컬:1
00000000105,1,2,288000,20250216: ,20250216: ,2025|뮤지컬:1
00000021399,1,1,160000,20250216: ,20250216: ,2025|뮤지컬:1
00000017358,1,2,288000,20250216: ,20250216: ,2025|뮤지컬:1
00000020016,2,9,672000,20250216: ,20250327: ,2025|뮤지컬:1;2025|클래식:1
00000011332,3,5,644000,20250216: ,20250705: ,2025|뮤지컬:3
00000003832,1,1,144000,20250216: ,20250216: ,2025|뮤지컬:1
00000011139,1,2,288000,20250216: ,20250216: ,2025|뮤지컬:1
00000001329,2,8,1036000,20250216: ,20250706: ,2025|뮤지컬:2
00000022591,1,4,576000,20250216: ,20250216: ,2025|뮤지컬:1
00000005366,1,4,504000,20250216: ,20250216: ,2025|뮤지컬:1
00000004978,1,4,576000,20250216: ,20250216: ,2025|뮤지컬:1
00000021242,1,1,144000,20250216: ,20250216: ,2025|뮤지컬:1
00000003177,1,2,288000,20250216: ,20250216: ,2025|뮤지컬:1
00000006168,1,1,144000,20250216: ,20250216: ,2025|뮤지컬:1
00000003708,1,1,144000,20250216: ,20250216: ,2025|뮤지컬:1
00000020849,2,3,423000,20250216: ,20251122: ,2025|뮤지컬:2
00000021214,1,2,320000,20250216: ,20250216: ,2025|뮤지컬:1
00000009597,2,6,864000,20250216: ,20250705: ,2025|뮤지컬:2
00000007293,1,1,144000,20250216: ,20250216: ,2025|뮤지컬:1
00000000234,1,2,320000,20250216: ,20250216: ,2025|뮤지컬:1
00000011902,1,2,288000,20250216: ,20250216: ,2025|뮤지컬:1
00000020131,1,2,252000,20250216: ,20250216: ,2025|뮤지컬:1
00000010434,1,2,288000,20250216: ,20250216: ,2025|뮤지컬:1
00000020636,1,2,252000,20250216: ,20250216: ,2025|뮤지컬:1
00000019895,2,3,464000,20250216: ,20250705: ,2025|뮤지컬:2
00000001415,1,2,288000,20250216: ,20250216: ,2025|뮤지컬:1
00000006436,1,2,288000,20250216: ,20250216: ,2025|뮤지컬:1
00000021275,1,2,198000,20250216: ,20250216: ,2025|뮤지컬:1
00000003305,1,2,320000,20250216: ,20250216: ,2025|뮤지컬:1
00000015059,1,1,160000,20250216: ,20250216: ,2025|뮤지컬:1
00000022657,1,1,160000,20250216: ,20250216: ,2025|뮤지컬:1
00000004469,1,1,144000,20250216: ,20250216: ,2025|뮤지컬:1
00000004737,1,1,144000,20250216: ,20250216: ,2025|뮤지컬:1
00000015108,1,4,576000,20250216: ,20250216: ,2025|뮤지컬:1
00000020057,1,2,320000,20250216: ,20250216: ,2025|뮤지컬:1
00000008258,2,3,458000,20250216: ,20251122: ,2025|뮤지컬:2
00000022345,1,2,154000,20250216: ,20250216: ,2025|뮤지컬:1
00000013863,1,1,140000,20250216: ,20250216: ,2025|뮤지컬:1
00000002014,1,2,320000,20250216: ,20250216: ,2025|뮤지컬:1
00000017414,1,2,288000,20250216: ,20250216: ,2025|뮤지컬:1
00000009534,1,1,144000,20250216: ,20250216: ,2025|뮤지컬:1
00000017147,1,2,288000,20250216: ,20250216: ,2025|뮤지컬:1
00000014643,1,1,144000,20250216: ,20250216: ,2025|뮤지컬:1
00000019226,1,2,187000,20250216: ,20250216: ,2025|뮤지컬:1
00000006501,1,2,252000,20250216: ,20250216: ,2025|뮤지컬:1
00000021653,1,2,320000,20250216: ,20250216: ,2025|뮤지컬:1
00000014403,1,2,288000,20250216: ,20250216: ,2025|뮤지컬:1
00000021441,1,1,160000,20250216: ,20250216: ,2025|뮤지컬:1
00000004921,1,2,288000,20250216: ,20250216: ,2025|뮤지컬:1
00000010251,2,4,308000,20250216: ,20250719: ,2025|뮤지컬:1;2025|발레/연극:1
00000001841,2,4,540000,20250216: ,20250706: ,2025|뮤지컬:2
00000014625,1,2,252000,20250216: ,20250216: ,2025|뮤지컬:1
00000010295,1,3,330000,20250216: ,20250216: ,2025|뮤지컬:1
00000005720,1,4,576000,20250216: ,20250216: ,2025|뮤지컬:1
00000022059,1,2,288000,20250216: ,20250216: ,2025|뮤지컬:1
00000012089,1,1,160000,20250216: ,20250216: ,2025|뮤지컬:1
00000000533,1,4,576000,20250216: ,20250216: ,2025|뮤지컬:1
00000003038,1,2,280000,20250216: ,20250216: ,2025|뮤지컬:1
00000015351,1,2,288000,20250216: ,20250216: ,2025|뮤지컬:1
00000002252,2,8,1152000,20250216: ,20250706: ,2025|뮤지컬:2
00000011159,1,2,252000,20250216: ,20250216: ,2025|뮤지컬:1
00000017843,1,2,280000,20250216: ,20250216: ,2025|뮤지컬:1
00000017694,1,4,374000,20250216: ,20250216: ,2025|뮤지컬:1
00000021787,1,2,288000,20250216: ,20250216: ,2025|뮤지컬:1
00000008539,1,2,320000,20250216: ,20250216: ,2025|뮤지컬:1
00000014593,3,9,1296000,20250216: ,20250705: ,2025|뮤지컬:3
00000004893,1,2,252000,20250216: ,20250216: ,2025|뮤지컬:1
00000021336,2,4,360000,20250216: ,20250720: ,2025|뮤지컬:1;2025|발레/연극:1
00000012501,1,2,252000,20250216: ,20250216: ,2025|뮤지컬:1
00000022190,1,2,288000,20250216: ,20250216: ,2025|뮤지컬:1
00000019644,2,2,320000,20250216: ,20250216: ,2025|뮤지컬:2
00000012384,1,2,288000,20250216: ,20250216: ,2025|뮤지컬:1
00000016102,1,2,252000,20250216: ,20250216: ,2025|뮤지컬:1
00000011869,1,2,288000,20250216: ,20250216: ,2025|뮤지컬:1
00000010669,1,2,154000,20250216: ,20250216: ,2025|뮤지컬:1
00000002506,2,6,784000,20250216: ,20250706: ,2025|뮤지컬:2
00000009284,1,3,448000,20250216: ,20250216: ,2025|뮤지컬:1
00000016256,3,6,882000,20250216: ,20251122: ,2025|뮤지컬:3
00000021340,1,2,288000,20250216: ,20250216: ,2025|뮤지컬:1
00000002999,1,2,288000,20250216: ,20250216: ,2025|뮤지컬:1
00000021880,1,2,288000,20250216: ,20250216: ,2025|뮤지컬:1
00000021401,1,2,252000,20250216: ,20250216: ,2025|뮤지컬:1
00000006490,3,6,980000,20250216: ,20251122: ,2025|뮤지컬:3
00000011216,4,12,986200,20250216: ,20251122: ,2025|뮤지컬:3;2025|어린이·가족:1
00000007535,2,4,329000,20250216: ,20250720: ,2025|뮤지컬:1;2025|발레/연극:1
00000015956,1,2,320000,20250216: ,20250216: ,2025|뮤지컬:1
00000003672,1,2,288000,20250216: ,20250216: ,2025|뮤지컬:1
00000012474,2,5,525000,20250216: ,20250706: ,2025|뮤지컬:2
00000005459,1,2,256000,20250216: ,20250216: ,2025|뮤지컬:1
00000002411,1,2,252000,20250216: ,20250216: ,2025|뮤지컬:1
00000018519,1,1,144000,20250216: ,20250216: ,2025|뮤지컬:1
00000021056,2,2,270000,20250216: ,20250216: ,2025|뮤지컬:2
00000017987,1,2,252000,20250216: ,20250216: ,2025|뮤지컬:1
00000017670,1,2,288000,20250216: ,20250216: ,2025|뮤지컬:1
00000003385,3,4,495000,20250216: ,20250706: ,2025|뮤지컬:2;2025|발레/연극:1
00000012825,1,2,252000,20250216: ,20250216: ,2025|뮤지컬:1
00000016013,1,2,288000,20250216: ,20250216: ,2025|뮤지컬:1
00000000355,1,2,252000,20250216: ,20250216: ,2025|뮤지컬:1
00000015781,1,3,448000,20250216: ,20250216: ,2025|뮤지컬:1
00000005177,1,2,288000,20250216: ,20250216: ,2025|뮤지컬:1
00000008954,1,2,198000,20250216: ,20250216: ,2025|뮤지컬:1
00000018248,1,2,252000,20250216: ,20250216: ,2025|뮤지컬:1
00000012695,1,1,160000,20250216: ,20250216: ,2025|뮤지컬:1
00000016176,1,1,144000,20250216: ,20250216: ,2025|뮤지컬:1
00000004133,1,2,220000,20250216: ,20250216: ,2025|뮤지컬:1
00000014599,4,4,432000,20250216: ,20250705: ,2025|뮤지컬:2;2025|클래식:1;2025|발레/연극:1
00000001669,1,1,144000,20250216: ,20250216: ,2025|뮤지컬:1
00000001461,1,2,252000,20250216: ,20250216: ,2025|뮤지컬:1
00000009491,1,2,252000,20250216: ,20250216: ,2025|뮤지컬:1
00000008540,1,2,288000,20250216: ,20250216: ,2025|뮤지컬:1
00000006933,1,2,252000,20250216: ,20250216: ,2025|뮤지컬:1
00000017628,2,4,324000,20250216: ,20250719: ,2025|뮤지컬:1;2025|발레/연극:1
00000020684,1,2,320000,20250216: ,20250216: ,2025|뮤지컬:1
00000009104,1,2,288000,20250216: ,20250216: ,2025|뮤지컬:1
00000019963,1,2,154000,20250216: ,20250216: ,2025|뮤지컬:1
00000000480,2,3,420000,20250216: ,20251122: ,2025|뮤지컬:2
00000020532,1,1,144000,20250216: ,20250216: ,2025|뮤지컬:1
00000008882,1,2,320000,20250216: ,20250216: ,2025|뮤지컬:1
00000022169,1,4,576000,20250216: ,20250216: ,2025|뮤지컬:1
00000000960,1,2,119000,20250308: ,20250308: ,2025|클래식:1
00000012185,1,1,63000,20250308: ,20250308: ,2025|클래식:1
00000003784,1,2,20000,20250308: ,20250308: ,2025|클래식:1
00000005222,1,2,54000,20250308: ,20250308: ,2025|클래식:1
00000011908,1,2,69500,20250308: ,20250308: ,2025|클래식:1
00000013935,2,4,151000,20250308: ,20250425: ,2025|클래식:1;2025|발레/연극:1
00000011696,1,1,63000,20250308: ,20250308: ,2025|클래식:1
00000002365,1,1,42500,20250308: ,20250308: ,2025|클래식:1
00000010764,1,1,30000,20250308: ,20250308: ,2025|클래식:1
00000006401,2,4,157000,20250308: ,20250517: ,2025|클래식:1;2025|어린이·가족:1
00000000787,1,1,59500,20250308: ,20250308: ,2025|클래식:1
00000018975,2,5,125000,20250308: ,20250904: ,2025|클래식:2
00000005954,1,4,40000,20250308: ,20250308: ,2025|클래식:1
00000002977,3,5,126000,20250308: ,20250719: ,2025|클래식:1;2025|발레/연극:2
00000011806,2,9,267000,20250308: ,20250904: ,2025|클래식:2
00000012200,1,2,90000,20250308: ,20250308: ,2025|클래식:1
00000021221,1,2,108500,20250308: ,20250308: ,2025|클래식:1
00000013835,2,3,142200,20250308: ,20250920: ,2025|클래식:1;2025|어린이·가족:1
00000013337,1,1,45000,20250308: ,20250308: ,2025|클래식:1
00000013368,1,1,10000,20250308: ,20250308: ,2025|클래식:1
00000000032,1,2,40000,20250308: ,20250308: ,2025|클래식:1
00000004976,1,2,90000,20250308: ,20250308: ,2025|클래식:1
00000011014,1,2,100000,20250308: ,20250308: ,2025|클래식:1
00000019368,1,3,64000,20250308: ,20250308: ,2025|클래식:1
00000012074,3,9,200200,20250308: ,20251115: ,2025|클래식:2;2025|어린이·가족:1
00000013938,2,5,96500,20201205: ,20250308: ,2025|클래식:1;2020|클래식:1
00000006205,1,2,85000,20250308: ,20250308: ,2025|클래식:1
00000016822,1,2,52500,20250308: ,20250308: ,2025|클래식:1
00000018993,1,3,178500,20250308: ,20250308: ,2025|클래식:1
00000018584,2,4,198000,20250308: ,20250720: ,2025|클래식:1;2025|발레/연극:1
00000002924,1,2,140000,20250308: ,20250308: ,2025|클래식:1
00000012331,2,4,173000,20250308: ,20250904: ,2025|클래식:2
00000021491,1,2,31000,20250308: ,20250308: ,2025|클래식:1
00000005003,1,1,42500,20250308: ,20250308: ,2025|클래식:1
00000015506,1,1,10000,20250308: ,20250308: ,2025|클래식:1
00000018915,1,2,100000,20250308: ,20250308: ,2025|클래식:1
00000005104,1,1,10000,20250308: ,20250308: ,2025|클래식:1
00000014605,1,2,119000,20250308: ,20250308: ,2025|클래식:1
00000018918,1,1,59500,20250308: ,20250308: ,2025|클래식:1
00000021386,2,11,145000,20250308: ,20250308: ,2025|클래식:2
00000014025,2,4,264000,20250308: ,20250424: ,2025|클래식:1;2025|발레/연극:1
00000019601,1,2,37000,20250308: ,20250308: ,2025|클래식:1
00000002984,1,2,51000,20250308: ,20250308: ,2025|클래식:1
00000002153,3,3,90000,20250308: ,20250424: ,2025|클래식:2;2025|발레/연극:1
00000022096,2,5,112500,20250308: ,20250720: ,2025|클래식:1;2025|발레/연극:1
00000003993,2,4,405000,20250308: ,20250705: ,2025|클래식:1;2025|뮤지컬:1
00000022573,1,2,85000,20250308: ,20250308: ,2025|클래식:1
00000013893,1,2,54000,20250308: ,20250308: ,2025|클래식:1
00000005940,1,4,71000,20250308: ,20250308: ,2025|클래식:1
00000020548,6,12,304500,20250308: ,20251204: ,2025|클래식:5;2025|뮤지컬:1
00000000100,2,4,105000,20250308: ,20250308: ,2025|클래식:2
00000017385,1,1,70000,20250308: ,20250308: ,2025|클래식:1
00000005593,1,2,112000,20250308: ,20250308: ,2025|클래식:1
00000001747,1,4,74000,20250308: ,20250308: ,2025|클래식:1
00000007482,2,4,339000,20250308: ,20250425: ,2025|클래식:1;2025|발레/연극:1
00000006393,2,2,20000,20250308: ,20250308: ,2025|클래식:2
00000003330,1,2,90000,20250308: ,20250308: ,2025|클래식:1
00000005892,1,1,63000,20250308: ,20250308: ,2025|클래식:1
00000001167,1,2,119000,20250308: ,20250308: ,2025|클래식:1
00000012544,1,2,119000,20250308: ,20250308: ,2025|클래식:1
00000000606,1,1,63000,20250308: ,20250308: ,2025|클래식:1
00000015118,2,6,77000,20250308: ,20251025: ,2025|클래식:2
00000012933,1,1,63000,20250308: ,20250308: ,2025|클래식:1
00000018497,1,1,45000,20250308: ,20250308: ,2025|클래식:1
00000004364,1,2,37000,20250308: ,20250308: ,2025|클래식:1
00000003388,1,6,357000,20250308: ,20250308: ,2025|클래식:1
00000007939,1,2,85000,20250308: ,20250308: ,2025|클래식:1
00000015927,1,3,95000,20250308: ,20250308: ,2025|클래식:1
00000020699,5,5,116500,20250308: ,20251204: ,2025|클래식:5
00000021255,1,2,51000,20250308: ,20250308: ,2025|클래식:1
00000010472,1,3,62500,20250308: ,20250308: ,2025|클래식:1
00000006302,1,1,42500,20250308: ,20250308: ,2025|클래식:1
00000010512,1,1,59500,20250308: ,20250308: ,2025|클래식:1
00000012172,1,4,210000,20250308: ,20250308: ,2025|클래식:1
00000006183,1,2,51000,20250308: ,20250308: ,2025|클래식:1
00000003632,2,3,109100,20250308: ,20250920: ,2025|클래식:1;2025|어린이·가족:1
00000005846,1,1,25500,20250308: ,20250308: ,2025|클래식:1
00000021341,2,4,202000,20221016: ,20250308: ,2025|클래식:1;2022|클래식:1
00000005860,2,2,187000,20250308: ,20250705: ,2025|클래식:1;2025|뮤지컬:1
00000020635,1,1,25500,20250308: ,20250308: ,2025|클래식:1
00000002364,1,1,10000,20250308: ,20250308: ,2025|클래식:1
00000010701,3,8,116000,20250308: ,20250904: ,2025|클래식:2;2025|기타:1
00000003117,1,1,59500,20250308: ,20250308: ,2025|클래식:1
00000019177,1,2,140000,20250308: ,20250308: ,2025|클래식:1
00000019148,1,1,59500,20250308: ,20250308: ,2025|클래식:1
00000005425,1,3,62500,20250308: ,20250308: ,2025|클래식:1
00000000172,1,2,90000,20250308: ,20250308: ,2025|클래식:1
00000011414,1,2,52500,20250308: ,20250308: ,2025|클래식:1
00000012025,1,2,85000,20250308: ,20250308: ,2025|클래식:1
00000000244,1,2,119000,20250308: ,20250308: ,2025|클래식:1
00000019506,1,2,51000,20250308: ,20250308: ,2025|클래식:1
00000008036,1,2,140000,20250308: ,20250308: ,2025|클래식:1
00000020727,3,8,553000,20250308: ,20250720: ,2025|클래식:1;2025|뮤지컬:1;2025|발레/연극:1
00000003868,1,1,42500,20250308: ,20250308: ,2025|클래식:1
00000003507,1,1,18000,20250327: ,20250327: ,2025|클래식:1
00000003171,2,3,72000,20250327: ,20250529: ,2025|클래식:1;2025|발레/연극:1
00000014127,1,1,18000,20250327: ,20250327: ,2025|클래식:1
00000001200,1,2,20000,20250327: ,20250327: ,2025|클래식:1
00000010456,2,4,94000,20250327: ,20250719: ,2025|클래식:1;2025|발레/연극:1
00000011191,1,6,210000,20250327: ,20250327: ,2025|클래식:1
00000011124,1,2,36000,20250327: ,20250327: ,2025|클래식:1
00000012498,1,1,18000,20250327: ,20250327: ,2025|클래식:1
00000017823,1,2,36000,20250327: ,20250327: ,2025|클래식:1
00000002131,3,7,190800,20250327: ,20251204: ,2025|클래식:2;2025|어린이·가족:1
00000019579,5,9,243200,20250327: ,20250911: ,2025|클래식:4;2025|어린이·가족:1
00000001265,1,2,36000,20250327: ,20250327: ,2025|클래식:1
00000020170,1,1,20000,20250327: ,20250327: ,2025|클래식:1
00000019671,2,4,88000,20250327: ,20250720: ,2025|클래식:1;2025|발레/연극:1
00000020570,1,1,18000,20250327: ,20250327: ,2025|클래식:1
00000012306,2,4,76000,20250327: ,20251204: ,2025|클래식:2
00000000137,1,2,36000,20250327: ,20250327: ,2025|클래식:1
00000007800,2,4,151200,20250327: ,20250803: ,2025|클래식:1;2025|어린이·가족:1
00000020396,2,4,262000,20250424: ,20250720: ,2025|발레/연극:2
00000021676,2,3,94500,20250424: ,20250719: ,2025|발레/연극:2
00000019172,4,8,540000,20250424: ,20250904: ,2025|발레/연극:2;2025|뮤지컬:1;2025|클래식:1
00000015140,1,2,140000,20250424: ,20250424: ,2025|발레/연극:1
00000014772,1,2,198000,20250424: ,20250424: ,2025|발레/연극:1
00000005371,3,8,666400,20250424: ,20251122: ,2025|발레/연극:1;2025|어린이·가족:1;2025|뮤지컬:1
00000014428,2,3,203000,20250424: ,20250529: ,2025|발레/연극:2
00000009997,3,3,153000,20250424: ,20250719: ,2025|발레/연극:3
00000015069,1,1,63000,20250424: ,20250424: ,2025|발레/연극:1
00000005814,1,2,198000,20250424: ,20250424: ,2025|발레/연극:1
00000002692,2,2,81000,20250424: ,20250529: ,2025|발레/연극:2
00000008105,1,1,90000,20250424: ,20250424: ,2025|발레/연극:1
00000007942,1,1,81000,20250424: ,20250424: ,2025|발레/연극:1
00000008076,1,2,126000,20250424: ,20250424: ,2025|발레/연극:1
00000011308,2,2,207000,20250424: ,20250704: ,2025|발레/연극:1;2025|뮤지컬:1
00000006949,2,2,97500,20250424: ,20251017: ,2025|발레/연극:1;2025|클래식:1
00000012401,1,2,126000,20250424: ,20250424: ,2025|발레/연극:1
00000016136,1,2,198000,20250424: ,20250424: ,2025|발레/연극:1
00000018129,1,1,63000,20250424: ,20250424: ,2025|발레/연극:1
00000003620,1,1,45000,20250424: ,20250424: ,2025|발레/연극:1
00000003414,1,2,98000,20250424: ,20250424: ,2025|발레/연극:1
00000002859,1,2,153000,20250424: ,20250424: ,2025|발레/연극:1
00000000718,3,13,1089000,20250425: ,20250425: ,2025|발레/연극:3
00000000049,1,2,198000,20250425: ,20250425: ,2025|발레/연극:1
00000013880,2,4,168000,20250425: ,20250719: ,2025|발레/연극:2
00000000902,3,3,170000,20250425: ,20250425: ,2025|발레/연극:3
00000005497,1,2,126000,20250425: ,20250425: ,2025|발레/연극:1
00000014747,1,1,110000,20250425: ,20250425: ,2025|발레/연극:1
00000008510,2,6,582000,20250425: ,20250706: ,2025|발레/연극:1;2025|뮤지컬:1
00000017376,1,2,154000,20250425: ,20250425: ,2025|발레/연극:1
00000003713,1,2,220000,20250425: ,20250425: ,2025|발레/연극:1
00000006849,1,2,198000,20250425: ,20250425: ,2025|발레/연극:1
00000021223,1,1,50000,20250425: ,20250425: ,2025|발레/연극:1
00000008160,1,2,135000,20250425: ,20250425: ,2025|발레/연극:1
00000005061,1,2,198000,20250425: ,20250425: ,2025|발레/연극:1
00000013678,1,1,63000,20250425: ,20250425: ,2025|발레/연극:1
00000008941,2,8,906000,20250425: ,20250705: ,2025|발레/연극:1;2025|뮤지컬:1
00000013623,1,2,90000,20250425: ,20250425: ,2025|발레/연극:1
00000014678,1,2,154000,20250425: ,20250425: ,2025|발레/연극:1
00000018201,1,2,126000,20250425: ,20250425: ,2025|발레/연극:1
00000008268,1,2,126000,20250425: ,20250425: ,2025|발레/연극:1
00000008414,1,2,153000,20250425: ,20250425: ,2025|발레/연극:1
00000002881,2,2,198000,20250425: ,20250425: ,2025|발레/연극:2
00000000314,3,5,387000,20250425: ,20251122: ,2025|발레/연극:1;2025|뮤지컬:2
00000012846,1,1,70000,20250425: ,20250425: ,2025|발레/연극:1
00000008582,1,2,162000,20250425: ,20250425: ,2025|발레/연극:1
00000017476,1,1,45000,20250425: ,20250425: ,2025|발레/연극:1
00000015154,1,2,198000,20250425: ,20250425: ,2025|발레/연극:1
00000013303,2,8,728000,20250425: ,20250704: ,2025|발레/연극:1;2025|뮤지컬:1
00000007164,1,1,63000,20250425: ,20250425: ,2025|발레/연극:1
00000009536,1,1,99000,20250425: ,20250425: ,2025|발레/연극:1
00000020014,1,2,100000,20250425: ,20250425: ,2025|발레/연극:1
00000013366,2,4,132000,20250425: ,20250720: ,2025|발레/연극:2
00000011609,1,2,75000,20250425: ,20250425: ,2025|발레/연극:1
00000013907,3,8,414000,20250425: ,20251026: ,2025|발레/연극:1;2025|클래식:2
00000022327,1,2,198000,20250425: ,20250425: ,2025|발레/연극:1
00000022658,1,2,120000,20250513: ,20250513: ,2025|어린이·가족:1
00000007724,1,4,168000,20250515: ,20250515: ,2025|어린이·가족:1
00000009168,1,3,112000,20250515: ,20250515: ,2025|어린이·가족:1
00000002965,2,5,205800,20250516: ,20250802: ,2025|어린이·가족:2
00000012048,1,2,84000,20250517: ,20250517: ,2025|어린이·가족:1
00000021344,2,4,165200,20250517: ,20250803: ,2025|어린이·가족:2
00000009745,1,3,126000,20250517: ,20250517: ,2025|어린이·가족:1
00000010168,1,2,84000,20250517: ,20250517: ,2025|어린이·가족:1
00000008171,1,3,126000,20250517: ,20250517: ,2025|어린이·가족:1
00000006000,1,2,108000,20250517: ,20250517: ,2025|어린이·가족:1
00000003817,1,2,84000,20250517: ,20250517: ,2025|어린이·가족:1
00000021482,1,2,84000,20250517: ,20250517: ,2025|어린이·가족:1
00000002747,1,3,126000,20250517: ,20250517: ,2025|어린이·가족:1
00000012391,1,2,84000,20250517: ,20250517: ,2025|어린이·가족:1
00000004738,2,4,163200,20250517: ,20250918: ,2025|어린이·가족:2
00000021470,1,2,72000,20250517: ,20250517: ,2025|어린이·가족:1
00000017465,1,2,108000,20250517: ,20250517: ,2025|어린이·가족:1
00000002732,3,7,272700,20250517: ,20251128: ,2025|어린이·가족:2;2025|발레/연극:1
00000001258,1,2,108000,20250517: ,20250517: ,2025|어린이·가족:1
00000007013,1,2,72000,20250517: ,20250517: ,2025|어린이·가족:1
00000019976,1,3,126000,20250517: ,20250517: ,2025|어린이·가족:1
00000000311,1,2,84000,20250517: ,20250517: ,2025|어린이·가족:1
00000022387,1,3,126000,20250517: ,20250517: ,2025|어린이·가족:1
00000015522,1,4,168000,20250517: ,20250517: ,2025|어린이·가족:1
00000007206,1,3,126000,20250517: ,20250517: ,2025|어린이·가족:1
00000008985,2,6,244800,20250517: ,20250920: ,2025|어린이·가족:2
00000001954,1,4,168000,20250517: ,20250517: ,2025|어린이·가족:1
00000014739,1,2,84000,20250517: ,20250517: ,2025|어린이·가족:1
00000009879,1,11,396000,20250517: ,20250517: ,2025|어린이·가족:1
00000005858,2,6,205800,20250517: ,20250802: ,2025|어린이·가족:2
00000002491,2,5,207200,20250517: ,20250803: ,2025|어린이·가족:2
00000009323,4,14,793200,20250517: ,20251123: ,2025|어린이·가족:3;2025|뮤지컬:1
00000015623,1,2,84000,20250517: ,20250517: ,2025|어린이·가족:1
00000006377,1,3,114000,20250517: ,20250517: ,2025|어린이·가족:1
00000009819,1,2,84000,20250517: ,20250517: ,2025|어린이·가족:1
00000010325,1,2,84000,20250517: ,20250517: ,2025|어린이·가족:1
00000018278,1,2,72000,20250517: ,20250517: ,2025|어린이·가족:1
00000015080,1,3,84000,20250517: ,20250517: ,2025|어린이·가족:1
00000011193,3,8,342800,20250517: ,20250920: ,2025|어린이·가족:3
00000013493,2,23,544000,20250517: ,20250517: ,2025|어린이·가족:2
00000019385,1,1,42000,20250517: ,20250517: ,2025|어린이·가족:1
00000018183,1,2,84000,20250517: ,20250517: ,2025|어린이·가족:1
00000018882,3,10,406200,20250517: ,20250920: ,2025|어린이·가족:3
00000007567,3,5,255200,20201126: ,20250802: ,2025|어린이·가족:2;2020|클래식:1
00000019042,1,4,168000,20250517: ,20250517: ,2025|어린이·가족:1
00000012615,1,3,126000,20250517: ,20250517: ,2025|어린이·가족:1
00000020725,1,2,84000,20250517: ,20250517: ,2025|어린이·가족:1
00000019880,1,2,84000,20250517: ,20250517: ,2025|어린이·가족:1
00000009864,1,3,126000,20250517: ,20250517: ,2025|어린이·가족:1
00000011287,1,2,84000,20250517: ,20250517: ,2025|어린이·가족:1
00000002112,2,5,150000,20250517: ,20250920: ,2025|어린이·가족:2
00000004825,1,2,120000,20250517: ,20250517: ,2025|어린이·가족:1
00000018086,1,3,126000,20250517: ,20250517: ,2025|어린이·가족:1
00000006945,1,2,56000,20250517: ,20250517: ,2025|어린이·가족:1
00000019501,1,4,168000,20250517: ,20250517: ,2025|어린이·가족:1
00000001035,1,3,108000,20250517: ,20250517: ,2025|어린이·가족:1
00000022066,1,3,126000,20250517: ,20250517: ,2025|어린이·가족:1
00000009875,1,2,84000,20250517: ,20250517: ,2025|어린이·가족:1
00000009455,4,10,712000,20250517: ,20251129: ,2025|어린이·가족:1;2025|뮤지컬:1;2025|발레/연극:2
00000000930,1,2,84000,20250517: ,20250517: ,2025|어린이·가족:1
00000005592,1,3,126000,20250517: ,20250517: ,2025|어린이·가족:1
00000010222,4,8,327600,20250517: ,20250803: ,2025|어린이·가족:4
00000009483,2,6,244800,20250517: ,20250920: ,2025|어린이·가족:2
00000019052,1,4,168000,20250517: ,20250517: ,2025|어린이·가족:1
00000016097,2,6,247800,20250517: ,20250802: ,2025|어린이·가족:2
00000019066,2,4,165200,20250517: ,20250802: ,2025|어린이·가족:2
00000003863,1,3,126000,20250517: ,20250517: ,2025|어린이·가족:1
00000012214,1,2,56000,20250517: ,20250517: ,2025|어린이·가족:1
00000009517,1,2,84000,20250517: ,20250517: ,2025|어린이·가족:1
00000002057,1,3,126000,20250517: ,20250517: ,2025|어린이·가족:1
00000015868,1,6,240000,20250517: ,20250517: ,2025|어린이·가족:1
00000017511,1,2,120000,20250517: ,20250517: ,2025|어린이·가족:1
00000022162,1,4,168000,20250517: ,20250517: ,2025|어린이·가족:1
00000020983,1,2,84000,20250517: ,20250517: ,2025|어린이·가족:1
00000011378,2,2,0,20250517: ,20250517: ,2025|기타:2
00000013859,1,1,0,20250517: ,20250517: ,2025|기타:1
00000007809,1,4,0,20250517: ,20250517: ,2025|기타:1
00000013006,1,4,0,20250517: ,20250517: ,2025|기타:1
00000002055,1,2,0,20250517: ,20250517: ,2025|기타:1
00000018807,3,4,0,20250517: ,20250517: ,2025|기타:3
00000009197,1,3,0,20250517: ,20250517: ,2025|기타:1
00000018421,1,2,0,20250517: ,20250517: ,2025|기타:1
00000021932,1,1,0,20250517: ,20250517: ,2025|기타:1
00000012890,1,2,0,20250517: ,20250517: ,2025|기타:1
00000013394,1,1,0,20250517: ,20250517: ,2025|기타:1
00000013190,1,2,0,20250517: ,20250517: ,2025|기타:1
00000007526,1,3,0,20250517: ,20250517: ,2025|기타:1
00000008674,1,4,0,20250517: ,20250517: ,2025|기타:1
00000009836,1,4,0,20250517: ,20250517: ,2025|기타:1
00000003316,1,2,0,20250517: ,20250517: ,2025|기타:1
00000000253,1,2,0,20250517: ,20250517: ,2025|기타:1
00000021778,1,3,0,20250517: ,20250517: ,2025|기타:1
00000010080,1,2,0,20250517: ,20250517: ,2025|기타:1
00000013617,1,4,0,20250517: ,20250517: ,2025|기타:1
00000003689,1,2,0,20250517: ,20250517: ,2025|기타:1
00000000562,1,3,0,20250517: ,20250517: ,2025|기타:1
00000007359,1,2,0,20250517: ,20250517: ,2025|기타:1
00000022501,1,1,0,20250517: ,20250517: ,2025|기타:1
00000013451,1,2,0,20250517: ,20250517: ,2025|기타:1
00000015593,1,4,0,20250517: ,20250517: ,2025|기타:1
00000007886,1,4,0,20250517: ,20250517: ,2025|기타:1
00000014640,1,4,0,20250517: ,20250517: ,2025|기타:1
00000015074,1,2,0,20250517: ,20250517: ,2025|기타:1
00000021381,1,4,0,20250517: ,20250517: ,2025|기타:1
00000005148,1,1,0,20250517: ,20250517: ,2025|기타:1
00000014832,1,4,0,20250517: ,20250517: ,2025|기타:1
00000002375,1,4,0,20250517: ,20250517: ,2025|기타:1
00000000136,1,2,0,20250517: ,20250517: ,2025|기타:1
00000013070,1,4,0,20250517: ,20250517: ,2025|기타:1
00000010641,1,2,0,20250517: ,20250517: ,2025|기타:1
00000019098,1,4,0,20250517: ,20250517: ,2025|기타:1
00000009899,1,2,0,20250517: ,20250517: ,2025|기타:1
00000010400,1,2,0,20250517: ,20250517: ,2025|기타:1
00000017409,1,4,0,20250517: ,20250517: ,2025|기타:1
00000001907,2,4,0,20250517: ,20250517: ,2025|기타:2
00000004269,1,2,0,20250517: ,20250517: ,2025|기타:1
00000021956,2,4,0,20250517: ,20250517: ,2025|기타:2
00000019307,1,4,0,20250517: ,20250517: ,2025|기타:1
00000010454,1,2,0,20250517: ,20250517: ,2025|기타:1
00000003656,1,1,0,20250517: ,20250517: ,2025|기타:1
00000007728,1,4,0,20250517: ,20250517: ,2025|기타:1
00000014903,1,3,0,20250517: ,20250517: ,2025|기타:1
00000019762,3,4,0,20250517: ,20250517: ,2025|기타:3
00000009287,1,4,0,20250517: ,20250517: ,2025|기타:1
00000003712,1,2,0,20250517: ,20250517: ,2025|기타:1
00000011744,1,1,0,20250517: ,20250517: ,2025|기타:1
00000003106,2,2,0,20250517: ,20250517: ,2025|기타:2
00000007349,1,4,0,20250517: ,20250517: ,2025|기타:1
00000010336,1,4,0,20250517: ,20250517: ,2025|기타:1
00000020117,1,2,0,20250517: ,20250517: ,2025|기타:1
00000002417,1,4,0,20250517: ,20250517: ,2025|기타:1
00000004128,1,3,0,20250517: ,20250517: ,2025|기타:1
00000021164,1,4,0,20250517: ,20250517: ,2025|기타:1
00000017559,1,4,0,20250517: ,20250517: ,2025|기타:1
00000014356,1,4,0,20250517: ,20250517: ,2025|기타:1
00000018995,1,4,0,20250517: ,20250517: ,2025|기타:1
00000014399,1,4,0,20250517: ,20250517: ,2025|기타:1
00000002963,1,4,0,20250517: ,20250517: ,2025|기타:1
00000010460,1,4,0,20250517: ,20250517: ,2025|기타:1
00000014989,1,4,0,20250517: ,20250517: ,2025|기타:1
00000018346,1,2,0,20250517: ,20250517: ,2025|기타:1
00000004937,1,2,0,20250517: ,20250517: ,2025|기타:1
00000018938,1,2,0,20250517: ,20250517: ,2025|기타:1
00000003613,1,2,0,20250517: ,20250517: ,2025|기타:1
00000000139,1,2,0,20250517: ,20250517: ,2025|기타:1
00000014980,1,3,0,20250517: ,20250517: ,2025|기타:1
00000006547,2,3,0,20250517: ,20250517: ,2025|기타:2
00000020085,1,2,0,20250517: ,20250517: ,2025|기타:1
00000011539,1,4,0,20250517: ,20250517: ,2025|기타:1
00000021552,1,4,0,20250517: ,20250517: ,2025|기타:1
00000019696,1,2,0,20250517: ,20250517: ,2025|기타:1
00000004517,2,3,0,20250517: ,20250517: ,2025|기타:2
00000018752,1,4,0,20250517: ,20250517: ,2025|기타:1
00000018744,1,3,0,20250517: ,20250517: ,2025|기타:1
00000021414,1,4,0,20250517: ,20250517: ,2025|기타:1
00000010265,1,4,0,20250517: ,20250517: ,2025|기타:1
00000014979,2,4,0,20250517: ,20250517: ,2025|기타:2
00000016760,1,3,0,20250517: ,20250517: ,2025|기타:1
00000022659,1,4,0,20250517: ,20250517: ,2025|기타:1
00000009114,1,2,0,20250517: ,20250517: ,2025|기타:1
00000010627,1,3,0,20250517: ,20250517: ,2025|기타:1
00000004862,1,2,0,20250517: ,20250517: ,2025|기타:1
00000011889,1,4,0,20250517: ,20250517: ,2025|기타:1
00000020576,1,2,0,20250517: ,20250517: ,2025|기타:1
00000009729,1,2,0,20250517: ,20250517: ,2025|기타:1
00000008804,1,2,0,20250517: ,20250517: ,2025|기타:1
00000007308,1,4,0,20250517: ,20250517: ,2025|기타:1
00000005226,1,4,0,20250517: ,20250517: ,2025|기타:1
00000000683,1,2,0,20250517: ,20250517: ,2025|기타:1
00000011131,1,3,0,20250517: ,20250517: ,2025|기타:1
00000015810,2,4,0,20250517: ,20250517: ,2025|기타:2
00000020357,1,4,0,20250517: ,20250517: ,2025|기타:1
00000014861,1,4,0,20250517: ,20250517: ,2025|기타:1
00000021325,1,2,0,20250517: ,20250517: ,2025|기타:1
00000006724,1,3,0,20250517: ,20250517: ,2025|기타:1
00000009600,1,3,0,20250517: ,20250517: ,2025|기타:1
00000020471,1,4,0,20250517: ,20250517: ,2025|기타:1
00000020067,1,4,0,20250517: ,20250517: ,2025|기타:1
00000005049,1,4,0,20250517: ,20250517: ,2025|기타:1
00000015270,1,3,0,20250517: ,20250517: ,2025|기타:1
00000011541,1,1,0,20250517: ,20250517: ,2025|기타:1
00000000737,2,2,0,20250517: ,20250517: ,2025|기타:2
00000011342,1,3,0,20250517: ,20250517: ,2025|기타:1
00000015143,1,4,0,20250517: ,20250517: ,2025|기타:1
00000013954,1,1,0,20250517: ,20250517: ,2025|기타:1
00000015744,1,2,0,20250517: ,20250517: ,2025|기타:1
00000016964,1,2,0,20250517: ,20250517: ,2025|기타:1
00000017157,1,4,0,20250517: ,20250517: ,2025|기타:1
00000010582,1,4,0,20250517: ,20250517: ,2025|기타:1
00000002448,1,4,0,20250517: ,20250517: ,2025|기타:1
00000013725,1,4,0,20250517: ,20250517: ,2025|기타:1
00000001647,1,2,0,20250517: ,20250517: ,2025|기타:1
00000000959,2,4,0,20250517: ,20250517: ,2025|기타:2
00000013749,1,4,0,20250517: ,20250517: ,2025|기타:1
00000010468,1,1,0,20250517: ,20250517: ,2025|기타:1
00000002406,1,2,0,20250517: ,20250517: ,2025|기타:1
00000007936,2,4,0,20250517: ,20250517: ,2025|기타:2
00000019275,1,3,0,20250517: ,20250517: ,2025|기타:1
00000019036,1,4,0,20250517: ,20250517: ,2025|기타:1
00000003292,1,1,0,20250517: ,20250517: ,2025|기타:1
00000004477,1,4,0,20250517: ,20250517: ,2025|기타:1
00000002814,1,1,0,20250517: ,20250517: ,2025|기타:1
00000000484,1,1,0,20250517: ,20250517: ,2025|기타:1
00000019596,1,4,0,20250517: ,20250517: ,2025|기타:1
00000006629,1,2,0,20250517: ,20250517: ,2025|기타:1
00000016282,2,3,0,20250517: ,20250517: ,2025|기타:2
00000013667,1,1,0,20250517: ,20250517: ,2025|기타:1
00000011705,1,4,0,20250517: ,20250517: ,2025|기타:1
00000002669,1,1,0,20250517: ,20250517: ,2025|기타:1
00000013165,1,4,0,20250517: ,20250517: ,2025|기타:1
00000013655,2,6,54000,20250517: ,20250529: ,2025|기타:1;2025|발레/연극:1
00000004143,1,2,0,20250517: ,20250517: ,2025|기타:1
00000012645,1,2,0,20250517: ,20250517: ,2025|기타:1
00000003113,1,4,0,20250517: ,20250517: ,2025|기타:1
00000015335,2,2,0,20250517: ,20250517: ,2025|기타:2
00000022262,2,6,252000,20250517: ,20251123: ,2025|기타:1;2025|뮤지컬:1
00000002550,1,2,0,20250517: ,20250517: ,2025|기타:1
00000003686,11,12,778000,20201126: ,20251123: ,2025|기타:2;2025|발레/연극:2;2025|클래식:3;2025|뮤지컬:3;2020|클래식:1
00000013331,1,2,0,20250517: ,20250517: ,2025|기타:1
00000012499,1,4,0,20250517: ,20250517: ,2025|기타:1
00000008794,1,4,0,20250517: ,20250517: ,2025|기타:1
00000021184,1,3,0,20250517: ,20250517: ,2025|기타:1
00000020807,1,1,0,20250517: ,20250517: ,2025|기타:1
00000008281,1,4,0,20250517: ,20250517: ,2025|기타:1
00000001946,1,2,0,20250517: ,20250517: ,2025|기타:1
00000011624,2,2,0,20250517: ,20250517: ,2025|기타:2
00000001437,1,4,0,20250517: ,20250517: ,2025|기타:1
00000012569,1,2,0,20250517: ,20250517: ,2025|기타:1
00000001013,2,2,0,20250517: ,20250517: ,2025|기타:2
00000019388,1,4,0,20250517: ,20250517: ,2025|기타:1
00000016633,1,1,0,20250517: ,20250517: ,2025|기타:1
00000008871,2,7,118800,20250517: ,20250920: ,2025|기타:1;2025|어린이·가족:1
00000016762,1,4,0,20250517: ,20250517: ,2025|기타:1
00000018806,1,4,0,20250517: ,20250517: ,2025|기타:1
00000011209,1,2,0,20250517: ,20250517: ,2025|기타:1
00000012511,1,4,0,20250517: ,20250517: ,2025|기타:1
00000015375,1,4,0,20250517: ,20250517: ,2025|기타:1
00000007742,2,4,0,20250517: ,20250517: ,2025|기타:2
00000012643,1,2,0,20250517: ,20250517: ,2025|기타:1
00000011618,1,2,0,20250517: ,20250517: ,2025|기타:1
00000018922,1,4,0,20250517: ,20250517: ,2025|기타:1
00000008682,1,4,0,20250517: ,20250517: ,2025|기타:1
00000012646,1,4,0,20250517: ,20250517: ,2025|기타:1
00000004180,2,4,0,20250517: ,20250517: ,2025|기타:2
00000016345,1,4,0,20250517: ,20250517: ,2025|기타:1
00000001857,1,4,0,20250517: ,20250517: ,2025|기타:1
00000018301,1,4,0,20250517: ,20250517: ,2025|기타:1
00000003667,1,4,0,20250517: ,20250517: ,2025|기타:1
00000009365,1,2,0,20250517: ,20250517: ,2025|기타:1
00000001154,1,2,0,20250517: ,20250517: ,2025|기타:1
00000012471,1,4,0,20250517: ,20250517: ,2025|기타:1
00000008763,1,4,0,20250517: ,20250517: ,2025|기타:1
00000000579,1,4,0,20250517: ,20250517: ,2025|기타:1
00000012493,1,2,0,20250517: ,20250517: ,2025|기타:1
00000016417,2,4,0,20250517: ,20250517: ,2025|기타:2
00000000219,1,4,0,20250517: ,20250517: ,2025|기타:1
00000009840,1,4,0,20250517: ,20250517: ,2025|기타:1
00000007039,1,4,0,20250517: ,20250517: ,2025|기타:1
00000003281,1,1,0,20250517: ,20250517: ,2025|기타:1
00000016675,1,3,0,20250517: ,20250517: ,2025|기타:1
00000014936,1,2,0,20250517: ,20250517: ,2025|기타:1
00000007673,2,4,306000,20250517: ,20251123: ,2025|기타:1;2025|뮤지컬:1
00000015357,1,2,0,20250517: ,20250517: ,2025|기타:1
00000020319,1,4,0,20250517: ,20250517: ,2025|기타:1
00000008132,1,3,0,20250517: ,20250517: ,2025|기타:1
00000008078,1,4,0,20250517: ,20250517: ,2025|기타:1
00000004231,2,2,0,20250517: ,20250517: ,2025|기타:2
00000001017,1,4,0,20250517: ,20250517: ,2025|기타:1
00000002381,1,2,0,20250517: ,20250517: ,2025|기타:1
00000019971,1,3,0,20250517: ,20250517: ,2025|기타:1
00000000777,2,4,0,20250517: ,20250517: ,2025|기타:2
00000017472,1,4,0,20250517: ,20250517: ,2025|기타:1
00000016074,1,4,0,20250517: ,20250517: ,2025|기타:1
00000022511,1,1,0,20250517: ,20250517: ,2025|기타:1
00000018880,1,2,0,20250517: ,20250517: ,2025|기타:1
00000005364,1,4,0,20250517: ,20250517: ,2025|기타:1
00000004129,1,2,0,20250517: ,20250517: ,2025|기타:1
00000006082,1,2,0,20250517: ,20250517: ,2025|기타:1
00000010334,1,4,0,20250517: ,20250517: ,2025|기타:1
00000022561,1,4,0,20250517: ,20250517: ,2025|기타:1
00000006449,1,2,0,20250517: ,20250517: ,2025|기타:1
00000018843,1,2,0,20250517: ,20250517: ,2025|기타:1
00000003998,1,4,0,20250517: ,20250517: ,2025|기타:1
00000001093,1,4,0,20250517: ,20250517: ,2025|기타:1
00000000485,1,2,0,20250517: ,20250517: ,2025|기타:1
00000007081,1,4,0,20250517: ,20250517: ,2025|기타:1
00000001191,1,2,0,20250517: ,20250517: ,2025|기타:1
00000016090,1,2,0,20250517: ,20250517: ,2025|기타:1
00000006232,1,2,0,20250517: ,20250517: ,2025|기타:1
00000020698,1,4,0,20250517: ,20250517: ,2025|기타:1
00000019414,1,1,0,20250517: ,20250517: ,2025|기타:1
00000017613,1,4,0,20250517: ,20250517: ,2025|기타:1
00000010564,1,4,0,20250517: ,20250517: ,2025|기타:1
00000004473,2,2,0,20250517: ,20250517: ,2025|기타:2
00000007683,1,3,0,20250517: ,20250517: ,2025|기타:1
00000007014,2,4,0,20250517: ,20250517: ,2025|기타:2
00000010271,2,4,99000,20250517: ,20251123: ,2025|기타:1;2025|뮤지컬:1
00000002883,1,2,0,20250517: ,20250517: ,2025|기타:1
00000006726,1,4,0,20250517: ,20250517: ,2025|기타:1
00000016971,1,4,0,20250517: ,20250517: ,2025|기타:1
00000010199,1,2,0,20250517: ,20250517: ,2025|기타:1
00000004459,1,1,20000,20250522: ,20250522: ,2025|클래식:1
00000009671,1,2,36000,20250522: ,20250522: ,2025|클래식:1
00000001580,1,1,18000,20250522: ,20250522: ,2025|클래식:1
00000010319,2,5,157800,20250522: ,20250803: ,2025|클래식:1;2025|어린이·가족:1
00000013183,1,2,36000,20250522: ,20250522: ,2025|클래식:1
00000004075,2,6,112000,20250522: ,20251204: ,2025|클래식:2
00000018651,1,1,18000,20250522: ,20250522: ,2025|클래식:1
00000019626,3,6,108000,20250522: ,20250911: ,2025|클래식:3
00000013769,2,2,50000,20250522: ,20251115: ,2025|클래식:2
00000013868,1,4,80000,20250522: ,20250522: ,2025|클래식:1
00000005599,1,2,36000,20250522: ,20250522: ,2025|클래식:1
00000017924,3,3,54000,20250522: ,20251204: ,2025|클래식:3
00000003892,4,11,333600,20250522: ,20250920: ,2025|클래식:2;2025|어린이·가족:2
00000004463,3,6,151200,20250522: ,20250920: ,2025|클래식:2;2025|어린이·가족:1
00000011563,1,2,60000,20250529: ,20250529: ,2025|발레/연극:1
00000015275,1,1,27000,20250529: ,20250529: ,2025|발레/연극:1
00000006129,1,1,27000,20250529: ,20250529: ,2025|발레/연극:1
00000001703,1,3,60000,20250529: ,20250529: ,2025|발레/연극:1
00000009648,3,3,90000,20250529: ,20250529: ,2025|발레/연극:3
00000013351,1,1,20000,20250529: ,20250529: ,2025|발레/연극:1
00000015940,1,1,27000,20250529: ,20250529: ,2025|발레/연극:1
00000006120,1,2,54000,20250529: ,20250529: ,2025|발레/연극:1
00000009583,1,1,30000,20250529: ,20250529: ,2025|발레/연극:1
00000008603,1,2,54000,20250529: ,20250529: ,2025|발레/연극:1
00000005135,5,6,700000,20250529: ,20251123: ,2025|발레/연극:2;2025|뮤지컬:3
00000012826,1,4,90000,20250529: ,20250529: ,2025|발레/연극:1
00000001222,1,3,84000,20250529: ,20250529: ,2025|발레/연극:1
00000008673,2,9,165000,20250529: ,20250529: ,2025|발레/연극:2
00000001571,1,2,40000,20250529: ,20250529: ,2025|발레/연극:1
00000017767,1,1,27000,20250529: ,20250529: ,2025|발레/연극:1
00000021041,2,2,37000,20250529: ,20250529: ,2025|발레/연극:2
00000018338,1,2,54000,20250529: ,20250529: ,2025|발레/연극:1
00000008140,1,1,30000,20250529: ,20250529: ,2025|발레/연극:1
00000011850,1,1,27000,20250529: ,20250529: ,2025|발레/연극:1
00000012514,1,2,54000,20250529: ,20250529: ,2025|발레/연극:1
00000000725,1,2,54000,20250529: ,20250529: ,2025|발레/연극:1
00000006056,1,4,60000,20250529: ,20250529: ,2025|발레/연극:1
00000000776,1,2,36000,20250529: ,20250529: ,2025|발레/연극:1
00000022455,2,2,42000,20250529: ,20250529: ,2025|발레/연극:2
00000006983,1,1,27000,20250529: ,20250529: ,2025|발레/연극:1
00000014695,1,2,42000,20250529: ,20250529: ,2025|발레/연극:1
00000020562,1,4,90000,20250529: ,20250529: ,2025|발레/연극:1
00000015115,1,2,60000,20250529: ,20250529: ,2025|발레/연극:1
00000011579,2,3,105000,20250529: ,20251025: ,2025|발레/연극:1;2025|클래식:1
00000005714,1,2,54000,20250529: ,20250529: ,2025|발레/연극:1
00000005144,1,1,27000,20250529: ,20250529: ,2025|발레/연극:1
00000000249,1,1,30000,20250529: ,20250529: ,2025|발레/연극:1
00000015727,1,2,54000,20250529: ,20250529: ,2025|발레/연극:1
00000003284,3,5,172000,20250529: ,20250720: ,2025|발레/연극:3
00000009963,1,2,60000,20250529: ,20250529: ,2025|발레/연극:1
00000009829,1,2,60000,20250529: ,20250529: ,2025|발레/연극:1
00000002705,2,3,220000,20250529: ,20251123: ,2025|발레/연극:1;2025|뮤지컬:1
00000005546,1,2,60000,20250529: ,20250529: ,2025|발레/연극:1
00000011453,1,1,30000,20250529: ,20250529: ,2025|발레/연극:1
00000020093,1,1,30000,20250529: ,20250529: ,2025|발레/연극:1
00000003254,1,1,30000,20250529: ,20250529: ,2025|발레/연극:1
00000000386,1,2,36000,20250529: ,20250529: ,2025|발레/연극:1
00000001210,1,1,30000,20250529: ,20250529: ,2025|발레/연극:1
00000007377,1,2,54000,20250529: ,20250529: ,2025|발레/연극:1
00000001781,1,2,20000,20250529: ,20250529: ,2025|발레/연극:1
00000001217,2,2,38000,20250529: ,20250904: ,2025|발레/연극:1;2025|클래식:1
00000012757,3,8,518000,20250529: ,20250704: ,2025|발레/연극:1;2025|뮤지컬:2
00000003361,1,1,27000,20250529: ,20250529: ,2025|발레/연극:1
00000003157,1,1,27000,20250529: ,20250529: ,2025|발레/연극:1
00000004604,1,1,30000,20250529: ,20250529: ,2025|발레/연극:1
00000000809,1,2,54000,20250529: ,20250529: ,2025|발레/연극:1
00000016007,1,1,27000,20250529: ,20250529: ,2025|발레/연극:1
00000005294,1,1,30000,20250529: ,20250529: ,2025|발레/연극:1
00000008360,1,2,36000,20250529: ,20250529: ,2025|발레/연극:1
00000013225,1,2,36000,20250529: ,20250529: ,2025|발레/연극:1
00000014856,2,3,84000,20250529: ,20250529: ,2025|발레/연극:2
00000008664,1,2,60000,20250529: ,20250529: ,2025|발레/연극:1
00000011741,1,1,27000,20250529: ,20250529: ,2025|발레/연극:1
00000001369,1,2,30000,20250529: ,20250529: ,2025|발레/연극:1
00000005866,1,1,10000,20250529: ,20250529: ,2025|발레/연극:1
00000008284,1,1,30000,20250529: ,20250529: ,2025|발레/연극:1
00000005506,3,3,144000,20250529: ,20250904: ,2025|발레/연극:1;2025|뮤지컬:1;2025|클래식:1
00000011382,1,1,30000,20250529: ,20250529: ,2025|발레/연극:1
00000020790,1,2,42000,20250529: ,20250529: ,2025|발레/연극:1
00000017164,1,1,27000,20250529: ,20250529: ,2025|발레/연극:1
00000004724,2,3,90000,20250529: ,20250529: ,2025|발레/연극:2
00000002317,1,2,60000,20250529: ,20250529: ,2025|발레/연극:1
00000012149,1,1,30000,20250529: ,20250529: ,2025|발레/연극:1
00000011465,1,2,30000,20250529: ,20250529: ,2025|발레/연극:1
00000002593,2,4,330000,20250529: ,20250705: ,2025|발레/연극:1;2025|뮤지컬:1
00000015823,1,2,60000,20250529: ,20250529: ,2025|발레/연극:1
00000017595,1,1,30000,20250529: ,20250529: ,2025|발레/연극:1
00000021661,1,2,54000,20250529: ,20250529: ,2025|발레/연극:1
00000001896,1,4,90000,20250529: ,20250529: ,2025|발레/연극:1
00000001229,1,1,27000,20250529: ,20250529: ,2025|발레/연극:1
00000012682,1,2,54000,20250529: ,20250529: ,2025|발레/연극:1
00000002373,2,2,45000,20250529: ,20250719: ,2025|발레/연극:2
00000001885,1,1,30000,20250529: ,20250529: ,2025|발레/연극:1
00000002341,3,6,734000,20250529: ,20251123: ,2025|발레/연극:1;2025|뮤지컬:2
00000020079,2,3,90000,20250529: ,20250529: ,2025|발레/연극:2
00000012275,5,9,414000,20250529: ,20250904: ,2025|발레/연극:2;2025|뮤지컬:2;2025|클래식:1
00000011612,1,1,30000,20250529: ,20250529: ,2025|발레/연극:1
00000018607,2,2,60000,20250529: ,20250529: ,2025|발레/연극:2
00000018636,2,4,90000,20250529: ,20250529: ,2025|발레/연극:2
00000019301,2,4,108000,20250529: ,20250719: ,2025|발레/연극:2
00000008606,1,2,60000,20250529: ,20250529: ,2025|발레/연극:1
00000011669,1,2,60000,20250529: ,20250529: ,2025|발레/연극:1
00000013422,2,3,84000,20250529: ,20250529: ,2025|발레/연극:2
00000001619,3,4,192000,20250529: ,20251123: ,2025|발레/연극:2;2025|뮤지컬:1
00000002640,1,1,18000,20250529: ,20250529: ,2025|발레/연극:1
00000014092,1,2,30000,20250529: ,20250529: ,2025|발레/연극:1
00000015665,1,2,42000,20250529: ,20250529: ,2025|발레/연극:1
00000003019,1,2,54000,20250529: ,20250529: ,2025|발레/연극:1
00000021054,1,2,60000,20250529: ,20250529: ,2025|발레/연극:1
00000016668,1,4,56000,20250529: ,20250529: ,2025|발레/연극:1
00000003639,1,2,20000,20250529: ,20250529: ,2025|발레/연극:1
00000021407,1,1,15000,20250529: ,20250529: ,2025|발레/연극:1
00000001023,2,4,114000,20250529: ,20250720: ,2025|발레/연극:2
00000018100,1,1,18000,20250529: ,20250529: ,2025|발레/연극:1
00000014167,3,4,93000,20250529: ,20250720: ,2025|발레/연극:3
00000014257,1,2,45000,20250529: ,20250529: ,2025|발레/연극:1
00000017642,2,3,69000,20250529: ,20250529: ,2025|발레/연극:2
00000020082,1,1,27000,20250529: ,20250529: ,2025|발레/연극:1
00000014496,1,4,60000,20250529: ,20250529: ,2025|발레/연극:1
00000013836,1,1,27000,20250529: ,20250529: ,2025|발레/연극:1
00000021529,1,4,576000,20250704: ,20250704: ,2025|뮤지컬:1
00000000596,1,2,288000,20250704: ,20250704: ,2025|뮤지컬:1
00000009635,1,2,288000,20250704: ,20250704: ,2025|뮤지컬:1
00000021026,1,1,160000,20250704: ,20250704: ,2025|뮤지컬:1
00000016800,1,16,2304000,20250704: ,20250704: ,2025|뮤지컬:1
00000007815,1,2,288000,20250704: ,20250704: ,2025|뮤지컬:1
00000004754,2,4,660000,20250704: ,20251123: ,2025|뮤지컬:2
00000008523,1,4,504000,20250704: ,20250704: ,2025|뮤지컬:1
00000017498,1,1,160000,20250704: ,20250704: ,2025|뮤지컬:1
00000001216,3,4,524000,20250704: ,20251122: ,2025|뮤지컬:2;2025|발레/연극:1
00000019699,1,2,320000,20250704: ,20250704: ,2025|뮤지컬:1
00000008550,1,5,768000,20250704: ,20250704: ,2025|뮤지컬:1
00000005291,3,6,414000,20250704: ,20251129: ,2025|뮤지컬:1;2025|발레/연극:2
00000013686,1,3,253000,20250704: ,20250704: ,2025|뮤지컬:1
00000004360,1,2,252000,20250704: ,20250704: ,2025|뮤지컬:1
00000006870,1,2,288000,20250704: ,20250704: ,2025|뮤지컬:1
00000000019,1,2,252000,20250704: ,20250704: ,2025|뮤지컬:1
00000012467,1,2,252000,20250704: ,20250704: ,2025|뮤지컬:1
00000012926,1,4,374000,20250704: ,20250704: ,2025|뮤지컬:1
00000003476,1,1,160000,20250704: ,20250704: ,2025|뮤지컬:1
00000002784,1,2,252000,20250704: ,20250704: ,2025|뮤지컬:1
00000005238,2,7,606400,20250704: ,20250920: ,2025|뮤지컬:1;2025|어린이·가족:1
00000021767,1,2,320000,20250704: ,20250704: ,2025|뮤지컬:1
00000021551,1,3,448000,20250704: ,20250704: ,2025|뮤지컬:1
00000018011,1,2,320000,20250704: ,20250704: ,2025|뮤지컬:1
00000021884,5,12,756000,20201018: ,20250719: ,2025|뮤지컬:1;2025|발레/연극:1;2020|클래식:3
00000019338,4,7,423000,20250704: ,20251128: ,2025|뮤지컬:1;2025|클래식:2;2025|발레/연극:1
00000008638,2,4,369000,20250704: ,20251128: ,2025|뮤지컬:1;2025|발레/연극:1
00000015525,1,2,198000,20250704: ,20250704: ,2025|뮤지컬:1
00000015858,1,2,252000,20250704: ,20250704: ,2025|뮤지컬:1
00000010017,2,8,822000,20250704: ,20251115: ,2025|뮤지컬:1;2025|클래식:1
00000010738,1,3,448000,20250704: ,20250704: ,2025|뮤지컬:1
00000000250,1,2,320000,20250704: ,20250704: ,2025|뮤지컬:1
00000015150,1,2,252000,20250704: ,20250704: ,2025|뮤지컬:1
00000014038,1,2,288000,20250704: ,20250704: ,2025|뮤지컬:1
00000001106,2,2,320000,20250704: ,20250704: ,2025|뮤지컬:2
00000020717,2,5,355000,20250704: ,20250720: ,2025|뮤지컬:1;2025|발레/연극:1
00000001622,3,6,658000,20250704: ,20251123: ,2025|뮤지컬:2;2025|발레/연극:1
00000012719,1,2,288000,20250704: ,20250704: ,2025|뮤지컬:1
00000021426,1,1,160000,20250704: ,20250704: ,2025|뮤지컬:1
00000015713,1,3,480000,20250704: ,20250704: ,2025|뮤지컬:1
00000013545,1,2,198000,20250704: ,20250704: ,2025|뮤지컬:1
00000012254,1,2,252000,20250704: ,20250704: ,2025|뮤지컬:1
00000013297,1,1,144000,20250704: ,20250704: ,2025|뮤지컬:1
00000003903,1,2,252000,20250704: ,20250704: ,2025|뮤지컬:1
00000009181,1,2,288000,20250704: ,20250704: ,2025|뮤지컬:1
00000016684,1,2,288000,20250704: ,20250704: ,2025|뮤지컬:1
00000007488,1,2,288000,20250704: ,20250704: ,2025|뮤지컬:1
00000007983,1,2,252000,20250704: ,20250704: ,2025|뮤지컬:1
00000018955,1,4,576000,20250704: ,20250704: ,2025|뮤지컬:1
00000010355,1,2,198000,20250704: ,20250704: ,2025|뮤지컬:1
00000010709,2,3,441000,20250704: ,20251123: ,2025|뮤지컬:2
00000014083,2,3,480000,20250704: ,20250704: ,2025|뮤지컬:2
00000006520,3,10,1040400,20250704: ,20251123: ,2025|뮤지컬:2;2025|어린이·가족:1
00000001783,1,2,198000,20250704: ,20250704: ,2025|뮤지컬:1
00000012461,1,3,392000,20250704: ,20250704: ,2025|뮤지컬:1
00000004265,1,3,420000,20250704: ,20250704: ,2025|뮤지컬:1
00000006185,1,2,272000,20250704: ,20250704: ,2025|뮤지컬:1
00000000786,3,8,778400,20250704: ,20251122: ,2025|뮤지컬:2;2025|어린이·가족:1
00000017626,2,2,270000,20250704: ,20250706: ,2025|뮤지컬:2
00000015039,1,2,252000,20250704: ,20250704: ,2025|뮤지컬:1
00000018762,1,1,144000,20250704: ,20250704: ,2025|뮤지컬:1
00000019962,1,2,270000,20250704: ,20250704: ,2025|뮤지컬:1
00000021641,2,4,608000,20250704: ,20250705: ,2025|뮤지컬:2
00000018715,1,2,256000,20250704: ,20250704: ,2025|뮤지컬:1
00000019167,1,3,448000,20250704: ,20250704: ,2025|뮤지컬:1
00000015939,3,7,693800,20250704: ,20251123: ,2025|뮤지컬:2;2025|어린이·가족:1
00000013656,2,6,372000,20250704: ,20250720: ,2025|뮤지컬:1;2025|발레/연극:1
00000014463,1,2,252000,20250704: ,20250704: ,2025|뮤지컬:1
00000009718,1,2,198000,20250704: ,20250704: ,2025|뮤지컬:1
00000002927,1,4,576000,20250704: ,20250704: ,2025|뮤지컬:1
00000003737,1,1,144000,20250704: ,20250704: ,2025|뮤지컬:1
00000004109,1,2,320000,20250704: ,20250704: ,2025|뮤지컬:1
00000017328,1,2,320000,20250704: ,20250704: ,2025|뮤지컬:1
00000005525,1,1,144000,20250704: ,20250704: ,2025|뮤지컬:1
00000003280,1,2,320000,20250704: ,20250704: ,2025|뮤지컬:1
00000016875,1,3,253000,20250704: ,20250704: ,2025|뮤지컬:1
00000007710,1,4,330000,20250704: ,20250704: ,2025|뮤지컬:1
00000010586,2,4,360000,20250704: ,20250719: ,2025|뮤지컬:1;2025|발레/연극:1
00000011033,1,2,252000,20250704: ,20250704: ,2025|뮤지컬:1
00000003006,1,1,160000,20250704: ,20250704: ,2025|뮤지컬:1
00000017105,1,3,448000,20250704: ,20250704: ,2025|뮤지컬:1
00000014239,1,2,320000,20250704: ,20250704: ,2025|뮤지컬:1
00000012126,1,1,160000,20250704: ,20250704: ,2025|뮤지컬:1
00000010393,2,2,200000,20250704: ,20250720: ,2025|뮤지컬:1;2025|발레/연극:1
00000019154,1,4,576000,20250704: ,20250704: ,2025|뮤지컬:1
00000013259,3,4,294000,20200605: ,20250704: ,2025|뮤지컬:2;2020|클래식:1
00000020484,2,4,475000,20250704: ,20250705: ,2025|뮤지컬:2
00000011651,2,3,309000,20250704: ,20250719: ,2025|뮤지컬:1;2025|발레/연극:1
00000018485,1,4,504000,20250704: ,20250704: ,2025|뮤지컬:1
00000020419,1,2,320000,20250704: ,20250704: ,2025|뮤지컬:1
00000021072,1,2,224000,20250704: ,20250704: ,2025|뮤지컬:1
00000014136,3,8,980000,20250704: ,20251122: ,2025|뮤지컬:2;2025|발레/연극:1
00000017810,2,4,608000,20250704: ,20250704: ,2025|뮤지컬:2
00000019720,1,2,288000,20250704: ,20250704: ,2025|뮤지컬:1
00000003176,1,3,448000,20250704: ,20250704: ,2025|뮤지컬:1
00000018298,3,6,506000,20250704: ,20251123: ,2025|뮤지컬:2;2025|발레/연극:1
00000015072,1,4,504000,20250704: ,20250704: ,2025|뮤지컬:1
00000001939,1,1,77000,20250704: ,20250704: ,2025|뮤지컬:1
00000011946,2,2,288000,20250704: ,20250704: ,2025|뮤지컬:2
00000022377,1,2,288000,20250704: ,20250704: ,2025|뮤지컬:1
00000006541,1,4,576000,20250704: ,20250704: ,2025|뮤지컬:1
00000015342,4,4,235000,20250704: ,20251024: ,2025|뮤지컬:1;2025|클래식:3
00000006525,1,2,252000,20250704: ,20250704: ,2025|뮤지컬:1
00000007694,1,4,576000,20250704: ,20250704: ,2025|뮤지컬:1
00000017475,2,6,432000,20250704: ,20250720: ,2025|뮤지컬:1;2025|발레/연극:1
00000000763,3,6,400000,20250704: ,20250719: ,2025|뮤지컬:1;2025|발레/연극:2
00000010792,2,3,207200,20250704: ,20250803: ,2025|뮤지컬:1;2025|어린이·가족:1
00000009255,1,2,252000,20250704: ,20250704: ,2025|뮤지컬:1
00000017354,1,3,420000,20250705: ,20250705: ,2025|뮤지컬:1
00000003161,1,2,288000,20250705: ,20250705: ,2025|뮤지컬:1
00000001485,3,13,992000,20250705: ,20250720: ,2025|뮤지컬:2;2025|발레/연극:1
00000005725,1,2,250000,20250705: ,20250705: ,2025|뮤지컬:1
00000006138,2,4,504000,20250705: ,20251123: ,2025|뮤지컬:2
00000007895,1,2,256000,20250705: ,20250705: ,2025|뮤지컬:1
00000000454,1,2,288000,20250705: ,20250705: ,2025|뮤지컬:1
00000022408,1,2,280000,20250705: ,20250705: ,2025|뮤지컬:1
00000007645,1,3,384000,20250705: ,20250705: ,2025|뮤지컬:1
00000009425,1,2,288000,20250705: ,20250705: ,2025|뮤지컬:1
00000010608,1,2,198000,20250705: ,20250705: ,2025|뮤지컬:1
00000006398,3,3,400000,20250705: ,20250705: ,2025|뮤지컬:3
00000004974,2,4,304000,20250705: ,20250719: ,2025|뮤지컬:1;2025|발레/연극:1
00000009548,1,2,198000,20250705: ,20250705: ,2025|뮤지컬:1
00000022030,1,2,288000,20250705: ,20250705: ,2025|뮤지컬:1
00000000680,1,2,252000,20250705: ,20250705: ,2025|뮤지컬:1
00000020915,1,2,252000,20250705: ,20250705: ,2025|뮤지컬:1
00000018512,1,2,252000,20250705: ,20250705: ,2025|뮤지컬:1
00000002328,1,2,288000,20250705: ,20250705: ,2025|뮤지컬:1
00000020795,1,1,144000,20250705: ,20250705: ,2025|뮤지컬:1
00000020103,1,1,126000,20250705: ,20250705: ,2025|뮤지컬:1
00000000257,2,4,352000,20250705: ,20250705: ,2025|뮤지컬:2
00000000216,1,3,448000,20250705: ,20250705: ,2025|뮤지컬:1
00000014560,2,2,198000,20250705: ,20250705: ,2025|뮤지컬:2
00000000474,1,4,440000,20250705: ,20250705: ,2025|뮤지컬:1
00000021254,2,3,500000,20250705: ,20251123: ,2025|뮤지컬:2
00000002476,1,2,224000,20250705: ,20250705: ,2025|뮤지컬:1
00000019460,1,2,252000,20250705: ,20250705: ,2025|뮤지컬:1
00000020728,1,2,252000,20250705: ,20250705: ,2025|뮤지컬:1
00000022032,1,2,252000,20250705: ,20250705: ,2025|뮤지컬:1
00000009140,1,2,224000,20250705: ,20250705: ,2025|뮤지컬:1
00000002347,1,2,288000,20250705: ,20250705: ,2025|뮤지컬:1
00000012574,1,4,576000,20250705: ,20250705: ,2025|뮤지컬:1
00000015485,1,2,288000,20250705: ,20250705: ,2025|뮤지컬:1
00000018305,1,1,140000,20250705: ,20250705: ,2025|뮤지컬:1
00000007315,1,2,256000,20250705: ,20250705: ,2025|뮤지컬:1
00000021655,2,4,626000,20250705: ,20251122: ,2025|뮤지컬:2
00000021038,1,2,280000,20250705: ,20250705: ,2025|뮤지컬:1
00000020770,1,4,504000,20250705: ,20250705: ,2025|뮤지컬:1
00000019255,1,6,784000,20250705: ,20250705: ,2025|뮤지컬:1
00000010975,1,2,288000,20250705: ,20250705: ,2025|뮤지컬:1
00000001378,1,5,800000,20250705: ,20250705: ,2025|뮤지컬:1
00000000886,2,3,500000,20250705: ,20251123: ,2025|뮤지컬:2
00000009919,1,5,630000,20250705: ,20250705: ,2025|뮤지컬:1
00000013045,1,1,144000,20250705: ,20250705: ,2025|뮤지컬:1
00000002906,2,2,288000,20250705: ,20250705: ,2025|뮤지컬:2
00000018178,1,2,252000,20250705: ,20250705: ,2025|뮤지컬:1
00000014036,1,2,220000,20250705: ,20250705: ,2025|뮤지컬:1
00000017331,1,4,576000,20250705: ,20250705: ,2025|뮤지컬:1
00000013653,1,2,288000,20250705: ,20250705: ,2025|뮤지컬:1
00000006074,1,4,576000,20250705: ,20250705: ,2025|뮤지컬:1
00000005925,1,2,288000,20250705: ,20250705: ,2025|뮤지컬:1
00000021044,3,5,351000,20250705: ,20251129: ,2025|뮤지컬:2;2025|발레/연극:1
00000002500,1,1,144000,20250705: ,20250705: ,2025|뮤지컬:1
00000019484,1,2,288000,20250705: ,20250705: ,2025|뮤지컬:1
00000009795,1,2,288000,20250705: ,20250705: ,2025|뮤지컬:1
00000012341,4,5,738000,20250705: ,20251123: ,2025|뮤지컬:4
00000016050,2,4,339000,20201205: ,20250705: ,2025|뮤지컬:1;2020|클래식:1
00000008500,1,2,288000,20250705: ,20250705: ,2025|뮤지컬:1
00000012134,1,4,576000,20250705: ,20250705: ,2025|뮤지컬:1
00000011290,1,2,288000,20250705: ,20250705: ,2025|뮤지컬:1
00000021697,1,1,160000,20250705: ,20250705: ,2025|뮤지컬:1
00000003860,1,4,576000,20250705: ,20250705: ,2025|뮤지컬:1
00000022122,1,2,288000,20250705: ,20250705: ,2025|뮤지컬:1
00000016821,1,2,288000,20250705: ,20250705: ,2025|뮤지컬:1
00000007281,1,2,288000,20250705: ,20250705: ,2025|뮤지컬:1
00000013243,3,7,649000,20250705: ,20251122: ,2025|뮤지컬:2;2025|발레/연극:1
00000018663,1,3,480000,20250705: ,20250705: ,2025|뮤지컬:1
00000005989,2,6,446400,20250705: ,20250920: ,2025|뮤지컬:1;2025|어린이·가족:1
00000013874,1,2,320000,20250705: ,20250705: ,2025|뮤지컬:1
00000006902,2,2,172000,20250705: ,20250719: ,2025|뮤지컬:1;2025|발레/연극:1
00000001029,1,2,198000,20250705: ,20250705: ,2025|뮤지컬:1
00000012199,1,2,198000,20250705: ,20250705: ,2025|뮤지컬:1
00000000002,1,2,320000,20250705: ,20250705: ,2025|뮤지컬:1
00000000644,1,1,144000,20250705: ,20250705: ,2025|뮤지컬:1
00000006530,2,3,448000,20250705: ,20250705: ,2025|뮤지컬:2
00000006280,2,4,369200,20250705: ,20250802: ,2025|뮤지컬:1;2025|어린이·가족:1
00000003698,1,4,560000,20250705: ,20250705: ,2025|뮤지컬:1
00000011646,1,2,198000,20250705: ,20250705: ,2025|뮤지컬:1
00000008058,1,2,288000,20250705: ,20250705: ,2025|뮤지컬:1
00000004152,1,2,252000,20250705: ,20250705: ,2025|뮤지컬:1
00000009149,1,2,288000,20250705: ,20250705: ,2025|뮤지컬:1
00000020713,1,3,448000,20250705: ,20250705: ,2025|뮤지컬:1
00000003410,1,1,144000,20250705: ,20250705: ,2025|뮤지컬:1
00000015647,1,2,288000,20250705: ,20250705: ,2025|뮤지컬:1
00000000678,2,6,960000,20250705: ,20251123: ,2025|뮤지컬:2
00000014917,1,5,550000,20250705: ,20250705: ,2025|뮤지컬:1
00000021203,1,2,288000,20250705: ,20250705: ,2025|뮤지컬:1
00000015479,1,2,198000,20250705: ,20250705: ,2025|뮤지컬:1
00000008012,2,2,252000,20250705: ,20251122: ,2025|뮤지컬:2
00000004115,2,6,900000,20250705: ,20251122: ,2025|뮤지컬:2
00000021431,1,2,288000,20250705: ,20250705: ,2025|뮤지컬:1
00000014245,1,2,288000,20250705: ,20250705: ,2025|뮤지컬:1
00000011229,4,4,308000,20250705: ,20251123: ,2025|뮤지컬:4
00000000405,2,4,428000,20250705: ,20251123: ,2025|뮤지컬:2
00000000497,1,2,288000,20250705: ,20250705: ,2025|뮤지컬:1
00000022541,1,4,352000,20250705: ,20250705: ,2025|뮤지컬:1
00000005829,1,2,252000,20250705: ,20250705: ,2025|뮤지컬:1
00000010099,1,8,940000,20250705: ,20250705: ,2025|뮤지컬:1
00000008246,1,2,320000,20250705: ,20250705: ,2025|뮤지컬:1
00000020734,1,2,288000,20250705: ,20250705: ,2025|뮤지컬:1
00000008393,2,7,1052000,20250705: ,20251122: ,2025|뮤지컬:2
00000014378,2,3,448000,20250705: ,20250705: ,2025|뮤지컬:2
00000009085,1,3,392000,20250705: ,20250705: ,2025|뮤지컬:1
00000021377,1,2,320000,20250705: ,20250705: ,2025|뮤지컬:1
00000013509,1,2,252000,20250705: ,20250705: ,2025|뮤지컬:1
00000001376,1,2,154000,20250705: ,20250705: ,2025|뮤지컬:1
00000020903,1,1,77000,20250705: ,20250705: ,2025|뮤지컬:1
00000019116,1,3,392000,20250705: ,20250705: ,2025|뮤지컬:1
00000013715,1,3,253000,20250705: ,20250705: ,2025|뮤지컬:1
00000022018,1,1,126000,20250705: ,20250705: ,2025|뮤지컬:1
00000018151,1,2,252000,20250705: ,20250705: ,2025|뮤지컬:1
00000021019,1,1,99000,20250705: ,20250705: ,2025|뮤지컬:1
00000016647,1,2,252000,20250705: ,20250705: ,2025|뮤지컬:1
00000009182,1,4,576000,20250705: ,20250705: ,2025|뮤지컬:1
00000005549,1,2,288000,20250705: ,20250705: ,2025|뮤지컬:1
00000007950,1,3,275000,20250705: ,20250705: ,2025|뮤지컬:1
00000009621,1,2,252000,20250705: ,20250705: ,2025|뮤지컬:1
00000013170,1,2,224000,20250705: ,20250705: ,2025|뮤지컬:1
00000009849,1,4,504000,20250705: ,20250705: ,2025|뮤지컬:1
00000012253,1,4,576000,20250705: ,20250705: ,2025|뮤지컬:1
00000000194,1,1,140000,20250705: ,20250705: ,2025|뮤지컬:1
00000003946,2,4,342000,20250705: ,20251115: ,2025|뮤지컬:1;2025|클래식:1
00000001671,1,3,448000,20250705: ,20250705: ,2025|뮤지컬:1
00000005207,1,1,144000,20250705: ,20250705: ,2025|뮤지컬:1
00000011647,1,2,288000,20250705: ,20250705: ,2025|뮤지컬:1
00000005031,1,1,144000,20250705: ,20250705: ,2025|뮤지컬:1
00000019145,3,6,966000,20250705: ,20251123: ,2025|뮤지컬:3
00000011616,2,3,450000,20250705: ,20251123: ,2025|뮤지컬:2
00000005172,1,2,252000,20250705: ,20250705: ,2025|뮤지컬:1
00000009802,1,2,280000,20250705: ,20250705: ,2025|뮤지컬:1
00000011867,1,1,126000,20250705: ,20250705: ,2025|뮤지컬:1
00000016215,1,2,196000,20250705: ,20250705: ,2025|뮤지컬:1
00000007427,1,1,160000,20250705: ,20250705: ,2025|뮤지컬:1
00000004808,1,2,288000,20250705: ,20250705: ,2025|뮤지컬:1
00000011300,1,3,275000,20250705: ,20250705: ,2025|뮤지컬:1
00000006604,1,2,288000,20250705: ,20250705: ,2025|뮤지컬:1
00000005391,1,3,275000,20250705: ,20250705: ,2025|뮤지컬:1
00000005700,1,3,308000,20250705: ,20250705: ,2025|뮤지컬:1
00000000935,2,3,448000,20250705: ,20250705: ,2025|뮤지컬:2
00000009514,1,3,275000,20250705: ,20250705: ,2025|뮤지컬:1
00000008071,1,1,140000,20250705: ,20250705: ,2025|뮤지컬:1
00000019573,2,6,344000,20250705: ,20250720: ,2025|뮤지컬:1;2025|발레/연극:1
00000004016,1,4,532000,20250705: ,20250705: ,2025|뮤지컬:1
00000021117,1,2,288000,20250705: ,20250705: ,2025|뮤지컬:1
00000010254,2,4,608000,20250705: ,20250705: ,2025|뮤지컬:2
00000017880,1,2,288000,20250705: ,20250705: ,2025|뮤지컬:1
00000009598,1,2,252000,20250705: ,20250705: ,2025|뮤지컬:1
00000006810,1,4,504000,20250705: ,20250705: ,2025|뮤지컬:1
00000011825,1,1,144000,20250705: ,20250705: ,2025|뮤지컬:1
00000017214,5,9,714000,20250705: ,20251129: ,2025|뮤지컬:2;2025|발레/연극:3
00000005073,1,1,140000,20250705: ,20250705: ,2025|뮤지컬:1
00000016862,1,1,77000,20250705: ,20250705: ,2025|뮤지컬:1
00000006703,1,4,418000,20250705: ,20250705: ,2025|뮤지컬:1
00000005456,2,4,360000,20250705: ,20250720: ,2025|뮤지컬:1;2025|발레/연극:1
00000010086,1,2,320000,20250705: ,20250705: ,2025|뮤지컬:1
00000002641,1,2,198000,20250705: ,20250705: ,2025|뮤지컬:1
00000021198,1,2,288000,20250705: ,20250705: ,2025|뮤지컬:1
00000003384,1,4,504000,20250705: ,20250705: ,2025|뮤지컬:1
00000020036,3,12,843000,20250705: ,20251128: ,2025|뮤지컬:1;2025|발레/연극:2
00000016726,2,3,371000,20250705: ,20250705: ,2025|뮤지컬:2
00000022170,1,4,576000,20250705: ,20250705: ,2025|뮤지컬:1
00000009720,1,6,864000,20250705: ,20250705: ,2025|뮤지컬:1
00000006535,1,2,300000,20250705: ,20250705: ,2025|뮤지컬:1
00000019381,1,4,504000,20250705: ,20250705: ,2025|뮤지컬:1
00000001751,2,4,399200,20250705: ,20250920: ,2025|뮤지컬:1;2025|어린이·가족:1
00000015697,1,1,144000,20250705: ,20250705: ,2025|뮤지컬:1
00000017957,1,2,198000,20250705: ,20250705: ,2025|뮤지컬:1
00000000260,1,2,198000,20250705: ,20250705: ,2025|뮤지컬:1
00000009758,3,6,386000,20250705: ,20251017: ,2025|뮤지컬:1;2025|발레/연극:1;2025|클래식:1
00000000162,2,2,288000,20250705: ,20250705: ,2025|뮤지컬:2
00000020642,1,3,275000,20250705: ,20250705: ,2025|뮤지컬:1
00000008073,1,2,320000,20250705: ,20250705: ,2025|뮤지컬:1
00000011314,1,2,220000,20250705: ,20250705: ,2025|뮤지컬:1
00000017178,1,2,320000,20250705: ,20250705: ,2025|뮤지컬:1
00000006909,1,2,252000,20250705: ,20250705: ,2025|뮤지컬:1
00000019820,1,1,144000,20250705: ,20250705: ,2025|뮤지컬:1
00000018463,2,4,324000,20250705: ,20250710: ,2025|뮤지컬:1;2025|클래식:1
00000002030,1,2,320000,20250705: ,20250705: ,2025|뮤지컬:1
00000012247,1,3,319000,20250705: ,20250705: ,2025|뮤지컬:1
00000003089,3,7,387000,20250705: ,20251129: ,2025|뮤지컬:1;2025|발레/연극:2
00000006101,1,3,308000,20250705: ,20250705: ,2025|뮤지컬:1
00000001917,2,4,212000,20250705: ,20251204: ,2025|뮤지컬:1;2025|클래식:1
00000019547,1,2,224000,20250705: ,20250705: ,2025|뮤지컬:1
00000001608,1,2,288000,20250705: ,20250705: ,2025|뮤지컬:1
00000000676,1,4,576000,20250705: ,20250705: ,2025|뮤지컬:1
00000007665,1,2,288000,20250705: ,20250705: ,2025|뮤지컬:1
00000018461,1,2,288000,20250705: ,20250705: ,2025|뮤지컬:1
00000007151,1,1,144000,20250705: ,20250705: ,2025|뮤지컬:1
00000015598,1,3,432000,20250705: ,20250705: ,2025|뮤지컬:1
00000008947,1,2,288000,20250705: ,20250705: ,2025|뮤지컬:1
00000020769,1,1,144000,20250705: ,20250705: ,2025|뮤지컬:1
00000018570,1,1,144000,20250705: ,20250705: ,2025|뮤지컬:1
00000015972,2,4,594000,20250705: ,20251122: ,2025|뮤지컬:2
00000017148,1,4,504000,20250705: ,20250705: ,2025|뮤지컬:1
00000010551,1,2,252000,20250705: ,20250705: ,2025|뮤지컬:1
00000014055,1,2,288000,20250705: ,20250705: ,2025|뮤지컬:1
00000018081,1,1,144000,20250705: ,20250705: ,2025|뮤지컬:1
00000003004,3,4,328000,20250705: ,20250720: ,2025|뮤지컬:2;2025|발레/연극:1
00000001887,1,3,448000,20250705: ,20250705: ,2025|뮤지컬:1
00000020115,1,2,252000,20250705: ,20250705: ,2025|뮤지컬:1
00000015295,1,2,252000,20250705: ,20250705: ,2025|뮤지컬:1
00000018091,1,2,252000,20250705: ,20250705: ,2025|뮤지컬:1
00000002606,1,3,392000,20250705: ,20250705: ,2025|뮤지컬:1
00000019877,1,2,256000,20250705: ,20250705: ,2025|뮤지컬:1
00000005652,1,2,288000,20250705: ,20250705: ,2025|뮤지컬:1
00000006555,1,2,280000,20250705: ,20250705: ,2025|뮤지컬:1
00000000672,1,2,288000,20250705: ,20250705: ,2025|뮤지컬:1
00000007626,1,1,144000,20250705: ,20250705: ,2025|뮤지컬:1
00000004402,1,3,448000,20250705: ,20250705: ,2025|뮤지컬:1
00000020044,1,2,176000,20250705: ,20250705: ,2025|뮤지컬:1
00000010209,1,2,252000,20250705: ,20250705: ,2025|뮤지컬:1
00000006581,1,2,320000,20250705: ,20250705: ,2025|뮤지컬:1
00000011607,1,2,288000,20250705: ,20250705: ,2025|뮤지컬:1
00000006531,2,6,864000,20250705: ,20250705: ,2025|뮤지컬:2
00000006652,2,6,868000,20250705: ,20251122: ,2025|뮤지컬:2
00000013476,1,2,280000,20250705: ,20250705: ,2025|뮤지컬:1
00000003320,2,6,864000,20250705: ,20250705: ,2025|뮤지컬:2
00000010773,1,2,288000,20250705: ,20250705: ,2025|뮤지컬:1
00000006856,1,2,288000,20250705: ,20250705: ,2025|뮤지컬:1
00000018735,1,2,288000,20250705: ,20250705: ,2025|뮤지컬:1
00000004576,1,4,576000,20250705: ,20250705: ,2025|뮤지컬:1
00000014423,1,1,144000,20250705: ,20250705: ,2025|뮤지컬:1
00000002449,3,3,480000,20250705: ,20251123: ,2025|뮤지컬:3
00000021536,1,2,280000,20250705: ,20250705: ,2025|뮤지컬:1
00000013062,2,4,586000,20250705: ,20251123: ,2025|뮤지컬:2
00000009519,1,4,576000,20250705: ,20250705: ,2025|뮤지컬:1
00000008206,2,8,1188000,20250705: ,20251122: ,2025|뮤지컬:2
00000015512,2,2,320000,20250705: ,20250705: ,2025|뮤지컬:2
00000014993,1,1,140000,20250705: ,20250705: ,2025|뮤지컬:1
00000020201,1,2,288000,20250705: ,20250705: ,2025|뮤지컬:1
00000018799,1,7,748000,20250705: ,20250705: ,2025|뮤지컬:1
00000010311,1,2,198000,20250705: ,20250705: ,2025|뮤지컬:1
00000012418,1,2,320000,20250705: ,20250705: ,2025|뮤지컬:1
00000000623,3,3,480000,20250705: ,20250705: ,2025|뮤지컬:3
00000016025,2,6,521800,20250705: ,20250802: ,2025|뮤지컬:1;2025|어린이·가족:1
00000000396,1,1,77000,20250705: ,20250705: ,2025|뮤지컬:1
00000006783,1,2,252000,20250705: ,20250705: ,2025|뮤지컬:1
00000020161,1,2,220000,20250705: ,20250705: ,2025|뮤지컬:1
00000015534,1,4,504000,20250705: ,20250705: ,2025|뮤지컬:1
00000013718,1,2,320000,20250705: ,20250705: ,2025|뮤지컬:1
00000019787,1,2,320000,20250705: ,20250705: ,2025|뮤지컬:1
00000000078,1,3,231000,20250705: ,20250705: ,2025|뮤지컬:1
00000008501,1,2,288000,20250705: ,20250705: ,2025|뮤지컬:1
00000014950,1,2,198000,20250705: ,20250705: ,2025|뮤지컬:1
00000012335,1,2,270000,20250705: ,20250705: ,2025|뮤지컬:1
00000011446,1,1,144000,20250705: ,20250705: ,2025|뮤지컬:1
00000009549,1,2,320000,20250705: ,20250705: ,2025|뮤지컬:1
00000004509,1,2,252000,20250705: ,20250705: ,2025|뮤지컬:1
00000021733,1,2,320000,20250705: ,20250705: ,2025|뮤지컬:1
00000021033,1,1,144000,20250705: ,20250705: ,2025|뮤지컬:1
00000016826,1,2,288000,20250705: ,20250705: ,2025|뮤지컬:1
00000011303,1,4,576000,20250705: ,20250705: ,2025|뮤지컬:1
00000010059,2,4,330000,20250705: ,20250720: ,2025|뮤지컬:1;2025|발레/연극:1
00000003527,2,3,480000,20250706: ,20250706: ,2025|뮤지컬:2
00000018150,1,2,198000,20250706: ,20250706: ,2025|뮤지컬:1
00000016209,1,2,288000,20250706: ,20250706: ,2025|뮤지컬:1
00000007445,1,2,320000,20250706: ,20250706: ,2025|뮤지컬:1
00000017180,1,4,576000,20250706: ,20250706: ,2025|뮤지컬:1
00000014703,1,6,768000,20250706: ,20250706: ,2025|뮤지컬:1
00000021600,1,2,320000,20250706: ,20250706: ,2025|뮤지컬:1
00000012580,1,4,576000,20250706: ,20250706: ,2025|뮤지컬:1
00000000016,1,1,126000,20250706: ,20250706: ,2025|뮤지컬:1
00000017065,1,1,144000,20250706: ,20250706: ,2025|뮤지컬:1
00000000345,1,3,392000,20250706: ,20250706: ,2025|뮤지컬:1
00000014884,1,1,126000,20250706: ,20250706: ,2025|뮤지컬:1
00000000385,1,5,528000,20250706: ,20250706: ,2025|뮤지컬:1
00000018606,1,2,288000,20250706: ,20250706: ,2025|뮤지컬:1
00000015102,1,2,320000,20250706: ,20250706: ,2025|뮤지컬:1
00000020841,1,4,504000,20250706: ,20250706: ,2025|뮤지컬:1
00000013126,1,1,140000,20250706: ,20250706: ,2025|뮤지컬:1
00000013154,1,2,252000,20250706: ,20250706: ,2025|뮤지컬:1
00000010818,1,2,252000,20250706: ,20250706: ,2025|뮤지컬:1
00000009116,1,2,288000,20250706: ,20250706: ,2025|뮤지컬:1
00000010122,1,1,126000,20250706: ,20250706: ,2025|뮤지컬:1
00000011976,1,2,252000,20250706: ,20250706: ,2025|뮤지컬:1
00000009239,1,4,576000,20250706: ,20250706: ,2025|뮤지컬:1
00000020612,2,4,294000,20250706: ,20250720: ,2025|뮤지컬:1;2025|발레/연극:1
00000004931,2,5,451000,20250706: ,20250706: ,2025|뮤지컬:2
00000011748,1,2,288000,20250706: ,20250706: ,2025|뮤지컬:1
00000022621,2,5,439000,20250706: ,20250803: ,2025|뮤지컬:1;2025|어린이·가족:1
00000014637,2,4,356000,20250706: ,20250911: ,2025|뮤지컬:1;2025|클래식:1
00000006543,1,3,253000,20250706: ,20250706: ,2025|뮤지컬:1
00000002541,2,2,266000,20250706: ,20251123: ,2025|뮤지컬:2
00000017318,1,2,288000,20250706: ,20250706: ,2025|뮤지컬:1
00000011149,1,4,576000,20250706: ,20250706: ,2025|뮤지컬:1
00000017440,1,1,144000,20250706: ,20250706: ,2025|뮤지컬:1
00000006776,1,2,198000,20250706: ,20250706: ,2025|뮤지컬:1
00000016599,1,3,480000,20250706: ,20250706: ,2025|뮤지컬:1
00000004103,2,2,320000,20250706: ,20250706: ,2025|뮤지컬:2
00000021590,1,2,288000,20250706: ,20250706: ,2025|뮤지컬:1
00000013752,1,4,576000,20250706: ,20250706: ,2025|뮤지컬:1
00000009537,3,6,280500,20250706: ,20251129: ,2025|뮤지컬:1;2025|클래식:1;2025|발레/연극:1
00000011682,1,4,374000,20250706: ,20250706: ,2025|뮤지컬:1
00000004789,1,2,288000,20250706: ,20250706: ,2025|뮤지컬:1
00000010695,2,4,558000,20250706: ,20251122: ,2025|뮤지컬:2
00000011681,1,2,187000,20250706: ,20250706: ,2025|뮤지컬:1
00000019563,1,2,198000,20250706: ,20250706: ,2025|뮤지컬:1
00000019576,1,4,576000,20250706: ,20250706: ,2025|뮤지컬:1
00000006699,2,2,126000,20250706: ,20250719: ,2025|뮤지컬:1;2025|발레/연극:1
00000010337,1,2,176000,20250706: ,20250706: ,2025|뮤지컬:1
00000017845,2,4,626000,20250706: ,20251123: ,2025|뮤지컬:2
00000021922,1,2,198000,20250706: ,20250706: ,2025|뮤지컬:1
00000022261,1,3,392000,20250706: ,20250706: ,2025|뮤지컬:1
00000011067,1,2,288000,20250706: ,20250706: ,2025|뮤지컬:1
00000014334,2,3,156200,20250706: ,20250920: ,2025|뮤지컬:1;2025|어린이·가족:1
00000011697,1,2,252000,20250706: ,20250706: ,2025|뮤지컬:1
00000010951,2,5,228000,20250706: ,20250720: ,2025|뮤지컬:1;2025|발레/연극:1
00000001456,1,2,288000,20250706: ,20250706: ,2025|뮤지컬:1
00000020315,1,2,288000,20250706: ,20250706: ,2025|뮤지컬:1
00000011683,2,3,286000,20250706: ,20250706: ,2025|뮤지컬:2
00000022451,1,3,480000,20250706: ,20250706: ,2025|뮤지컬:1
00000018746,2,8,688000,20250706: ,20250720: ,2025|뮤지컬:1;2025|발레/연극:1
00000002948,1,2,320000,20250706: ,20250706: ,2025|뮤지컬:1
00000008839,1,1,126000,20250706: ,20250706: ,2025|뮤지컬:1
00000014684,1,2,288000,20250706: ,20250706: ,2025|뮤지컬:1
00000010152,1,2,252000,20250706: ,20250706: ,2025|뮤지컬:1
00000015985,1,1,144000,20250706: ,20250706: ,2025|뮤지컬:1
00000005087,1,2,288000,20250706: ,20250706: ,2025|뮤지컬:1
00000010396,2,8,531600,20250706: ,20250802: ,2025|뮤지컬:1;2025|어린이·가족:1
00000014644,2,2,288000,20250706: ,20250706: ,2025|뮤지컬:2
00000019473,1,2,252000,20250706: ,20250706: ,2025|뮤지컬:1
00000001526,1,2,252000,20250706: ,20250706: ,2025|뮤지컬:1
00000001638,1,1,144000,20250706: ,20250706: ,2025|뮤지컬:1
00000014109,1,2,252000,20250706: ,20250706: ,2025|뮤지컬:1
00000018738,1,2,288000,20250706: ,20250706: ,2025|뮤지컬:1
00000015096,1,3,480000,20250706: ,20250706: ,2025|뮤지컬:1
00000016502,1,1,99000,20250706: ,20250706: ,2025|뮤지컬:1
00000016741,1,3,420000,20250706: ,20250706: ,2025|뮤지컬:1
00000012668,1,2,288000,20250706: ,20250706: ,2025|뮤지컬:1
00000020253,1,4,418000,20250706: ,20250706: ,2025|뮤지컬:1
00000021194,1,2,288000,20250706: ,20250706: ,2025|뮤지컬:1
00000010188,1,1,144000,20250706: ,20250706: ,2025|뮤지컬:1
00000008737,1,2,220000,20250706: ,20250706: ,2025|뮤지컬:1
00000008408,1,2,288000,20250706: ,20250706: ,2025|뮤지컬:1
00000011600,1,2,288000,20250706: ,20250706: ,2025|뮤지컬:1
00000010392,1,4,576000,20250706: ,20250706: ,2025|뮤지컬:1
00000016674,1,2,288000,20250706: ,20250706: ,2025|뮤지컬:1
00000008938,1,2,198000,20250706: ,20250706: ,2025|뮤지컬:1
00000008826,2,4,628000,20250706: ,20251123: ,2025|뮤지컬:2
00000013785,2,3,208000,20250706: ,20250720: ,2025|뮤지컬:1;2025|발레/연극:1
00000001127,2,3,460000,20250706: ,20250706: ,2025|뮤지컬:2
00000004675,2,6,569800,20250706: ,20250802: ,2025|뮤지컬:1;2025|어린이·가족:1
00000003201,2,4,212500,20250706: ,20251129: ,2025|뮤지컬:1;2025|발레/연극:1
00000015434,3,4,594000,20250706: ,20251123: ,2025|뮤지컬:3
00000009237,1,2,320000,20250706: ,20250706: ,2025|뮤지컬:1
00000019491,1,1,144000,20250706: ,20250706: ,2025|뮤지컬:1
00000000626,1,2,252000,20250706: ,20250706: ,2025|뮤지컬:1
00000008696,1,2,288000,20250706: ,20250706: ,2025|뮤지컬:1
00000001563,1,2,300000,20250706: ,20250706: ,2025|뮤지컬:1
00000008217,1,2,176000,20250706: ,20250706: ,2025|뮤지컬:1
00000016618,3,9,576600,20250706: ,20250920: ,2025|뮤지컬:1;2025|어린이·가족:2
00000001219,3,3,275000,20250706: ,20250706: ,2025|뮤지컬:3
00000002107,1,2,288000,20250706: ,20250706: ,2025|뮤지컬:1
00000019361,1,2,288000,20250706: ,20250706: ,2025|뮤지컬:1
00000014130,1,1,160000,20250706: ,20250706: ,2025|뮤지컬:1
00000006370,1,2,288000,20250706: ,20250706: ,2025|뮤지컬:1
00000012289,2,6,400000,20250706: ,20250720: ,2025|뮤지컬:1;2025|발레/연극:1
00000021411,1,2,209000,20250706: ,20250706: ,2025|뮤지컬:1
00000020104,2,2,297000,20250706: ,20251123: ,2025|뮤지컬:2
00000017080,1,2,320000,20250706: ,20250706: ,2025|뮤지컬:1
00000004713,1,2,252000,20250706: ,20250706: ,2025|뮤지컬:1
00000006765,1,3,392000,20250706: ,20250706: ,2025|뮤지컬:1
00000012667,1,2,252000,20250706: ,20250706: ,2025|뮤지컬:1
00000022395,1,3,480000,20250706: ,20250706: ,2025|뮤지컬:1
00000017003,1,2,252000,20250706: ,20250706: ,2025|뮤지컬:1
00000014189,1,3,308000,20250706: ,20250706: ,2025|뮤지컬:1
00000013844,1,1,160000,20250706: ,20250706: ,2025|뮤지컬:1
00000003726,3,5,520000,20250706: ,20250719: ,2025|뮤지컬:2;2025|발레/연극:1
00000003452,1,2,198000,20250706: ,20250706: ,2025|뮤지컬:1
00000008873,1,4,352000,20250706: ,20250706: ,2025|뮤지컬:1
00000001499,1,2,288000,20250706: ,20250706: ,2025|뮤지컬:1
00000020358,1,3,480000,20250706: ,20250706: ,2025|뮤지컬:1
00000017151,1,2,288000,20250706: ,20250706: ,2025|뮤지컬:1
00000015756,2,4,238500,20250706: ,20251129: ,2025|뮤지컬:1;2025|발레/연극:1
00000006002,1,2,320000,20250706: ,20250706: ,2025|뮤지컬:1
00000007678,1,2,288000,20250706: ,20250706: ,2025|뮤지컬:1
00000006671,2,4,400000,20250706: ,20250720: ,2025|뮤지컬:1;2025|발레/연극:1
00000002352,2,3,441000,20250706: ,20251123: ,2025|뮤지컬:2
00000010950,1,2,320000,20250706: ,20250706: ,2025|뮤지컬:1
00000002587,3,4,640000,20250706: ,20250706: ,2025|뮤지컬:3
00000003131,1,3,392000,20250706: ,20250706: ,2025|뮤지컬:1
00000019059,1,1,126000,20250706: ,20250706: ,2025|뮤지컬:1
00000016467,1,2,198000,20250706: ,20250706: ,2025|뮤지컬:1
00000015134,4,4,670000,20250706: ,20251123: ,2025|뮤지컬:4
00000012527,2,4,558000,20250706: ,20251123: ,2025|뮤지컬:2
00000000885,2,6,874000,20250706: ,20251122: ,2025|뮤지컬:2
00000021553,1,13,0,20250710: ,20250710: ,2025|클래식:1
00000007381,1,2,70000,20250710: ,20250710: ,2025|클래식:1
00000018666,1,1,20000,20250710: ,20250710: ,2025|클래식:1
00000007193,6,12,340000,20250710: ,20250919: ,2025|클래식:2;2025|어린이·가족:4
00000014146,2,5,157800,20250710: ,20250802: ,2025|클래식:1;2025|어린이·가족:1
00000011125,1,1,20000,20250710: ,20250710: ,2025|클래식:1
00000012223,1,2,36000,20250710: ,20250710: ,2025|클래식:1
00000010011,1,2,36000,20250710: ,20250710: ,2025|클래식:1
00000018868,2,2,36000,20250710: ,20251204: ,2025|클래식:2
00000003642,2,4,72000,20250710: ,20250911: ,2025|클래식:2
00000009073,4,6,175800,20250710: ,20251204: ,2025|클래식:3;2025|어린이·가족:1
00000002077,1,1,18000,20250710: ,20250710: ,2025|클래식:1
00000011520,1,2,36000,20250710: ,20250710: ,2025|클래식:1
00000000687,1,2,28000,20250710: ,20250710: ,2025|클래식:1
00000006465,1,1,18000,20250710: ,20250710: ,2025|클래식:1
00000009926,1,2,36000,20250710: ,20250710: ,2025|클래식:1
00000013661,2,16,200000,20250710: ,20250720: ,2025|클래식:1;2025|발레/연극:1
00000022255,1,2,36000,20250710: ,20250710: ,2025|클래식:1
00000009644,1,2,36000,20250710: ,20250710: ,2025|클래식:1
00000019814,2,2,40000,20250710: ,20250911: ,2025|클래식:2
00000012257,1,2,36000,20250710: ,20250710: ,2025|클래식:1
00000021782,3,6,108000,20250710: ,20251204: ,2025|클래식:3
00000011416,1,2,36000,20250710: ,20250710: ,2025|클래식:1
00000012817,2,4,90000,20250710: ,20251017: ,2025|클래식:2
00000015384,1,2,36000,20250710: ,20250710: ,2025|클래식:1
00000012122,1,2,36000,20250710: ,20250710: ,2025|클래식:1
00000021557,1,2,40000,20250710: ,20250710: ,2025|클래식:1
00000011481,3,8,150000,20250710: ,20251204: ,2025|클래식:3
00000014052,2,4,72000,20250710: ,20250911: ,2025|클래식:2
00000001165,3,3,56000,20250710: ,20251204: ,2025|클래식:3
00000012552,1,1,27000,20250719: ,20250719: ,2025|발레/연극:1
00000004610,1,2,54000,20250719: ,20250719: ,2025|발레/연극:1
00000014201,1,2,42000,20250719: ,20250719: ,2025|발레/연극:1
00000008513,2,4,140000,20250719: ,20250720: ,2025|발레/연극:2
00000019313,1,2,54000,20250719: ,20250719: ,2025|발레/연극:1
00000002463,1,2,42000,20250719: ,20250719: ,2025|발레/연극:1
00000017145,1,1,30000,20250719: ,20250719: ,2025|발레/연극:1
00000011775,1,4,112000,20250719: ,20250719: ,2025|발레/연극:1
00000006214,2,6,424000,20250719: ,20251122: ,2025|발레/연극:1;2025|뮤지컬:1
00000012577,1,4,84000,20250719: ,20250719: ,2025|발레/연극:1
00000012971,1,4,112000,20250719: ,20250719: ,2025|발레/연극:1
00000006422,1,2,72000,20250719: ,20250719: ,2025|발레/연극:1
00000001987,1,2,42000,20250719: ,20250719: ,2025|발레/연극:1
00000017283,1,2,63000,20250719: ,20250719: ,2025|발레/연극:1
00000007444,1,4,112000,20250719: ,20250719: ,2025|발레/연극:1
00000004282,1,2,54000,20250719: ,20250719: ,2025|발레/연극:1
00000013467,1,2,54000,20250719: ,20250719: ,2025|발레/연극:1
00000004520,1,2,54000,20250719: ,20250719: ,2025|발레/연극:1
00000013330,1,2,72000,20250719: ,20250719: ,2025|발레/연극:1
00000007680,1,4,84000,20250719: ,20250719: ,2025|발레/연극:1
00000021489,1,3,57000,20250719: ,20250719: ,2025|발레/연극:1
00000007529,1,2,54000,20250719: ,20250719: ,2025|발레/연극:1
00000000069,1,1,20000,20250719: ,20250719: ,2025|발레/연극:1
00000008226,1,2,42000,20250719: ,20250719: ,2025|발레/연극:1
00000020476,1,2,60000,20250719: ,20250719: ,2025|발레/연극:1
00000005918,1,4,112000,20250719: ,20250719: ,2025|발레/연극:1
00000019349,1,4,84000,20250719: ,20250719: ,2025|발레/연극:1
00000002891,1,1,15000,20250719: ,20250719: ,2025|발레/연극:1
00000001688,1,2,60000,20250719: ,20250719: ,2025|발레/연극:1
00000001527,1,2,42000,20250719: ,20250719: ,2025|발레/연극:1
00000022527,1,2,54000,20250719: ,20250719: ,2025|발레/연극:1
00000019337,2,4,36000,20250719: ,20251204: ,2025|발레/연극:1;2025|클래식:1
00000007064,1,4,112000,20250719: ,20250719: ,2025|발레/연극:1
00000018326,1,4,112000,20250719: ,20250719: ,2025|발레/연극:1
00000006039,3,5,234200,20250719: ,20251123: ,2025|발레/연극:1;2025|어린이·가족:1;2025|뮤지컬:1
00000002428,1,2,54000,20250719: ,20250719: ,2025|발레/연극:1
00000006824,3,6,230000,20250719: ,20251129: ,2025|발레/연극:3
00000019333,1,2,54000,20250719: ,20250719: ,2025|발레/연극:1
00000019143,1,2,42000,20250719: ,20250719: ,2025|발레/연극:1
00000016175,1,1,30000,20250719: ,20250719: ,2025|발레/연극:1
00000001043,1,2,54000,20250719: ,20250719: ,2025|발레/연극:1
00000019815,2,6,418000,20250719: ,20251122: ,2025|발레/연극:1;2025|뮤지컬:1
00000009336,1,4,84000,20250719: ,20250719: ,2025|발레/연극:1
00000008760,1,4,112000,20250719: ,20250719: ,2025|발레/연극:1
00000014554,1,3,120000,20250719: ,20250719: ,2025|발레/연극:1
00000005154,1,5,114000,20250719: ,20250719: ,2025|발레/연극:1
00000009628,1,2,72000,20250719: ,20250719: ,2025|발레/연극:1
00000005990,1,8,144000,20250719: ,20250719: ,2025|발레/연극:1
00000019829,2,3,195000,20250719: ,20251122: ,2025|발레/연극:1;2025|뮤지컬:1
00000016735,2,6,259200,20250719: ,20250802: ,2025|발레/연극:1;2025|어린이·가족:1
00000009910,1,8,132000,20250719: ,20250719: ,2025|발레/연극:1
00000017167,2,2,151000,20250719: ,20251122: ,2025|발레/연극:1;2025|뮤지컬:1
00000015350,1,2,30000,20250719: ,20250719: ,2025|발레/연극:1
00000006789,1,4,96000,20250719: ,20250719: ,2025|발레/연극:1
00000021359,1,2,54000,20250719: ,20250719: ,2025|발레/연극:1
00000012302,2,2,72000,20250719: ,20250720: ,2025|발레/연극:2
00000010833,1,1,21000,20250719: ,20250719: ,2025|발레/연극:1
00000013087,2,6,126000,20250719: ,20251115: ,2025|발레/연극:1;2025|클래식:1
00000013415,2,4,114000,20250719: ,20251129: ,2025|발레/연극:2
00000017182,1,2,56000,20250719: ,20250719: ,2025|발레/연극:1
00000021230,1,2,80000,20250719: ,20250719: ,2025|발레/연극:1
00000006163,1,2,48000,20250719: ,20250719: ,2025|발레/연극:1
00000010374,2,7,192000,20250719: ,20251129: ,2025|발레/연극:2
00000011050,1,4,84000,20250719: ,20250719: ,2025|발레/연극:1
00000018644,1,2,54000,20250719: ,20250719: ,2025|발레/연극:1
00000001448,2,3,102000,20250719: ,20250719: ,2025|발레/연극:2
00000019109,1,2,54000,20250719: ,20250719: ,2025|발레/연극:1
00000010296,1,4,84000,20250719: ,20250719: ,2025|발레/연극:1
00000009704,1,2,54000,20250719: ,20250719: ,2025|발레/연극:1
00000019078,1,2,30000,20250719: ,20250719: ,2025|발레/연극:1
00000010267,1,2,54000,20250719: ,20250719: ,2025|발레/연극:1
00000022500,1,2,80000,20250719: ,20250719: ,2025|발레/연극:1
00000018130,1,2,54000,20250719: ,20250719: ,2025|발레/연극:1
00000017232,2,7,153000,20250719: ,20250719: ,2025|발레/연극:2
00000010871,1,1,30000,20250719: ,20250719: ,2025|발레/연극:1
00000020102,1,3,90000,20250719: ,20250719: ,2025|발레/연극:1
00000018143,1,2,54000,20250719: ,20250719: ,2025|발레/연극:1
00000012725,1,2,72000,20250719: ,20250719: ,2025|발레/연극:1
00000017013,1,1,21000,20250719: ,20250719: ,2025|발레/연극:1
00000008025,2,80,1300000,20250719: ,20250720: ,2025|발레/연극:2
00000010530,2,5,172000,20250719: ,20251129: ,2025|발레/연극:2
00000003077,3,3,84000,20250719: ,20250719: ,2025|발레/연극:3
00000011227,2,4,396000,20250719: ,20251123: ,2025|발레/연극:1;2025|뮤지컬:1
00000006741,1,2,42000,20250719: ,20250719: ,2025|발레/연극:1
00000001837,1,2,54000,20250719: ,20250719: ,2025|발레/연극:1
00000021053,1,4,112000,20250719: ,20250719: ,2025|발레/연극:1
00000012893,1,2,56000,20250719: ,20250719: ,2025|발레/연극:1
00000008466,1,2,60000,20250719: ,20250719: ,2025|발레/연극:1
00000001330,1,2,42000,20250719: ,20250719: ,2025|발레/연극:1
00000004203,2,4,128000,20250719: ,20251129: ,2025|발레/연극:2
00000012104,1,2,72000,20250719: ,20250719: ,2025|발레/연극:1
00000018382,1,2,54000,20250719: ,20250719: ,2025|발레/연극:1
00000008581,2,7,230800,20250719: ,20250920: ,2025|발레/연극:1;2025|어린이·가족:1
00000017961,2,4,378000,20250719: ,20251122: ,2025|발레/연극:1;2025|뮤지컬:1
00000004037,2,7,194000,20250719: ,20250719: ,2025|발레/연극:2
00000006793,1,2,42000,20250719: ,20250719: ,2025|발레/연극:1
00000006169,1,2,42000,20250719: ,20250719: ,2025|발레/연극:1
00000019476,1,2,54000,20250719: ,20250719: ,2025|발레/연극:1
00000014688,1,2,72000,20250719: ,20250719: ,2025|발레/연극:1
00000008167,1,1,27000,20250719: ,20250719: ,2025|발레/연극:1
00000017347,1,4,84000,20250719: ,20250719: ,2025|발레/연극:1
00000002147,1,2,54000,20250719: ,20250719: ,2025|발레/연극:1
00000018534,1,5,128000,20250719: ,20250719: ,2025|발레/연극:1
00000000618,1,2,56000,20250719: ,20250719: ,2025|발레/연극:1
00000018763,1,2,72000,20250719: ,20250719: ,2025|발레/연극:1
00000010350,1,6,172000,20250719: ,20250719: ,2025|발레/연극:1
00000017117,1,3,112000,20250719: ,20250719: ,2025|발레/연극:1
00000004513,1,2,54000,20250719: ,20250719: ,2025|발레/연극:1
00000016259,2,4,134000,20250719: ,20251115: ,2025|발레/연극:1;2025|클래식:1
00000011515,4,11,215000,20250719: ,20251115: ,2025|발레/연극:2;2025|클래식:2
00000016001,1,2,72000,20250719: ,20250719: ,2025|발레/연극:1
00000021564,5,14,405600,20250719: ,20250920: ,2025|발레/연극:3;2025|어린이·가족:2
00000011654,1,2,60000,20250719: ,20250719: ,2025|발레/연극:1
00000010237,1,2,60000,20250719: ,20250719: ,2025|발레/연극:1
00000011809,1,2,60000,20250719: ,20250719: ,2025|발레/연극:1
00000002162,1,2,56000,20250719: ,20250719: ,2025|발레/연극:1
00000010584,1,4,84000,20250719: ,20250719: ,2025|발레/연극:1
00000003704,1,2,54000,20250719: ,20250719: ,2025|발레/연극:1
00000021195,5,12,373200,20250719: ,20251129: ,2025|발레/연극:3;2025|어린이·가족:2
00000011155,2,3,230000,20250719: ,20251123: ,2025|발레/연극:1;2025|뮤지컬:1
00000009579,1,2,42000,20250719: ,20250719: ,2025|발레/연극:1
00000005035,1,3,57000,20250719: ,20250719: ,2025|발레/연극:1
00000019466,1,1,21000,20250719: ,20250719: ,2025|발레/연극:1
00000000104,1,2,72000,20250719: ,20250719: ,2025|발레/연극:1
00000002266,1,2,80000,20250719: ,20250719: ,2025|발레/연극:1
00000017789,1,2,54000,20250719: ,20250719: ,2025|발레/연극:1
00000016699,2,4,116000,20250719: ,20250904: ,2025|발레/연극:1;2025|클래식:1
00000007671,1,2,30000,20250719: ,20250719: ,2025|발레/연극:1
00000019886,1,2,42000,20250719: ,20250719: ,2025|발레/연극:1
00000021166,1,2,80000,20250719: ,20250719: ,2025|발레/연극:1
00000002024,1,2,54000,20250719: ,20250719: ,2025|발레/연극:1
00000000931,1,4,112000,20250719: ,20250719: ,2025|발레/연극:1
00000001388,1,2,56000,20250719: ,20250719: ,2025|발레/연극:1
00000001489,3,3,342000,20250720: ,20251123: ,2025|발레/연극:1;2025|뮤지컬:2
00000010573,1,2,40000,20250720: ,20250720: ,2025|발레/연극:1
00000006153,1,4,84000,20250720: ,20250720: ,2025|발레/연극:1
00000017745,1,2,54000,20250720: ,20250720: ,2025|발레/연극:1
00000015912,1,2,54000,20250720: ,20250720: ,2025|발레/연극:1
00000020107,1,2,54000,20250720: ,20250720: ,2025|발레/연극:1
00000003378,1,2,54000,20250720: ,20250720: ,2025|발레/연극:1
00000014545,1,3,69000,20250720: ,20250720: ,2025|발레/연극:1
00000007828,1,4,112000,20250720: ,20250720: ,2025|발레/연극:1
00000010081,2,2,45000,20201202: ,20250720: ,2025|발레/연극:1;2020|클래식:1
00000010342,2,4,120000,20250720: ,20250720: ,2025|발레/연극:2
00000008671,1,2,42000,20250720: ,20250720: ,2025|발레/연극:1
00000001773,4,4,339000,20250720: ,20251123: ,2025|발레/연극:1;2025|뮤지컬:3
00000012333,2,4,162000,20250720: ,20251129: ,2025|발레/연극:2
00000000492,1,2,72000,20250720: ,20250720: ,2025|발레/연극:1
00000018335,1,2,48000,20250720: ,20250720: ,2025|발레/연극:1
00000004240,1,2,54000,20250720: ,20250720: ,2025|발레/연극:1
00000011444,1,1,27000,20250720: ,20250720: ,2025|발레/연극:1
00000015568,1,1,40000,20250720: ,20250720: ,2025|발레/연극:1
00000014086,1,1,27000,20250720: ,20250720: ,2025|발레/연극:1
00000000118,1,2,60000,20250720: ,20250720: ,2025|발레/연극:1
00000014580,1,2,54000,20250720: ,20250720: ,2025|발레/연극:1
00000016635,1,2,54000,20250720: ,20250720: ,2025|발레/연극:1
00000019722,1,2,60000,20250720: ,20250720: ,2025|발레/연극:1
00000017141,2,3,225000,20250720: ,20251123: ,2025|발레/연극:1;2025|뮤지컬:1
00000007807,1,2,54000,20250720: ,20250720: ,2025|발레/연극:1
00000009112,1,1,30000,20250720: ,20250720: ,2025|발레/연극:1
00000006889,1,2,80000,20250720: ,20250720: ,2025|발레/연극:1
00000019367,1,2,72000,20250720: ,20250720: ,2025|발레/연극:1
00000018270,3,5,93000,20250720: ,20250911: ,2025|발레/연극:2;2025|클래식:1
00000019316,1,2,72000,20250720: ,20250720: ,2025|발레/연극:1
00000019280,1,2,42000,20250720: ,20250720: ,2025|발레/연극:1
00000017162,2,3,333000,20250720: ,20251123: ,2025|발레/연극:1;2025|뮤지컬:1
00000004367,1,4,84000,20250720: ,20250720: ,2025|발레/연극:1
00000020978,1,2,54000,20250720: ,20250720: ,2025|발레/연극:1
00000020749,1,3,100000,20250720: ,20250720: ,2025|발레/연극:1
00000012627,1,1,40000,20250720: ,20250720: ,2025|발레/연극:1
00000014534,1,2,54000,20250720: ,20250720: ,2025|발레/연극:1
00000013558,2,5,530000,20250720: ,20251123: ,2025|발레/연극:1;2025|뮤지컬:1
00000007076,1,1,21000,20250720: ,20250720: ,2025|발레/연극:1
00000018279,2,8,219000,20250720: ,20251128: ,2025|발레/연극:2
00000016678,1,2,60000,20250720: ,20250720: ,2025|발레/연극:1
00000013308,1,1,21000,20250720: ,20250720: ,2025|발레/연극:1
00000009752,1,2,72000,20250720: ,20250720: ,2025|발레/연극:1
00000019838,1,4,84000,20250720: ,20250720: ,2025|발레/연극:1
00000010330,2,6,216400,20250720: ,20250803: ,2025|발레/연극:1;2025|어린이·가족:1
00000019376,1,2,80000,20250720: ,20250720: ,2025|발레/연극:1
00000018972,1,2,54000,20250720: ,20250720: ,2025|발레/연극:1
00000004381,1,2,72000,20250720: ,20250720: ,2025|발레/연극:1
00000019515,1,2,72000,20250720: ,20250720: ,2025|발레/연극:1
00000020578,1,2,54000,20250720: ,20250720: ,2025|발레/연극:1
00000007566,2,4,316000,20250720: ,20251123: ,2025|발레/연극:1;2025|뮤지컬:1
00000022521,1,2,42000,20250720: ,20250720: ,2025|발레/연극:1
00000014531,1,4,84000,20250720: ,20250720: ,2025|발레/연극:1
00000003898,2,3,225000,20250720: ,20251123: ,2025|발레/연극:1;2025|뮤지컬:1
00000016532,1,2,80000,20250720: ,20250720: ,2025|발레/연극:1
00000015230,1,2,48000,20250720: ,20250720: ,2025|발레/연극:1
00000021403,2,2,72000,20250720: ,20250720: ,2025|발레/연극:2
00000012139,1,2,54000,20250720: ,20250720: ,2025|발레/연극:1
00000013496,1,4,84000,20250720: ,20250720: ,2025|발레/연극:1
00000014744,4,13,718400,20250720: ,20251129: ,2025|발레/연극:2;2025|어린이·가족:1;2025|뮤지컬:1
00000003181,1,16,264000,20250720: ,20250720: ,2025|발레/연극:1
00000011830,1,4,84000,20250720: ,20250720: ,2025|발레/연극:1
00000010528,1,2,72000,20250720: ,20250720: ,2025|발레/연극:1
00000011277,1,2,54000,20250720: ,20250720: ,2025|발레/연극:1
00000019422,1,1,15000,20250720: ,20250720: ,2025|발레/연극:1
00000011128,1,4,84000,20250720: ,20250720: ,2025|발레/연극:1
00000009649,1,4,112000,20250720: ,20250720: ,2025|발레/연극:1
00000001790,1,4,84000,20250720: ,20250720: ,2025|발레/연극:1
00000017528,1,2,36000,20250720: ,20250720: ,2025|발레/연극:1
00000008401,1,4,84000,20250720: ,20250720: ,2025|발레/연극:1
00000015622,1,2,56000,20250720: ,20250720: ,2025|발레/연극:1
00000008732,2,7,192000,20250720: ,20251129: ,2025|발레/연극:2
00000004371,1,1,36000,20250720: ,20250720: ,2025|발레/연극:1
00000016077,1,2,60000,20250720: ,20250720: ,2025|발레/연극:1
00000011754,1,2,54000,20250720: ,20250720: ,2025|발레/연극:1
00000014668,1,2,80000,20250720: ,20250720: ,2025|발레/연극:1
00000003363,1,1,30000,20250720: ,20250720: ,2025|발레/연극:1
00000013692,1,2,54000,20250720: ,20250720: ,2025|발레/연극:1
00000015557,1,1,27000,20250720: ,20250720: ,2025|발레/연극:1
00000003501,1,4,120000,20250720: ,20250720: ,2025|발레/연극:1
00000012827,1,1,27000,20250720: ,20250720: ,2025|발레/연극:1
00000004644,1,2,54000,20250720: ,20250720: ,2025|발레/연극:1
00000011234,2,8,274400,20250720: ,20250802: ,2025|발레/연극:1;2025|어린이·가족:1
00000002573,2,4,366000,20250720: ,20251123: ,2025|발레/연극:1;2025|뮤지컬:1
00000000993,1,4,112000,20250720: ,20250720: ,2025|발레/연극:1
00000011874,1,2,42000,20250720: ,20250720: ,2025|발레/연극:1
00000019948,1,2,36000,20250720: ,20250720: ,2025|발레/연극:1
00000020380,1,1,27000,20250720: ,20250720: ,2025|발레/연극:1
00000003606,1,2,54000,20250720: ,20250720: ,2025|발레/연극:1
00000018946,1,1,40000,20250720: ,20250720: ,2025|발레/연극:1
00000012336,1,2,54000,20250720: ,20250720: ,2025|발레/연극:1
00000001665,1,2,48000,20250720: ,20250720: ,2025|발레/연극:1
00000003457,1,2,42000,20250720: ,20250720: ,2025|발레/연극:1
00000001705,1,4,84000,20250720: ,20250720: ,2025|발레/연극:1
00000019850,1,2,54000,20250720: ,20250720: ,2025|발레/연극:1
00000006926,1,1,40000,20250720: ,20250720: ,2025|발레/연극:1
00000017842,1,2,54000,20250720: ,20250720: ,2025|발레/연극:1
00000015149,1,3,80000,20250720: ,20250720: ,2025|발레/연극:1
00000002199,2,2,39000,20250720: ,20250904: ,2025|발레/연극:1;2025|클래식:1
00000011380,1,6,126000,20250720: ,20250720: ,2025|발레/연극:1
00000013060,1,4,112000,20250720: ,20250720: ,2025|발레/연극:1
00000003464,1,1,15000,20250720: ,20250720: ,2025|발레/연극:1
00000010683,1,2,60000,20250720: ,20250720: ,2025|발레/연극:1
00000016927,2,7,147000,20250720: ,20250720: ,2025|발레/연극:2
00000005344,1,2,42000,20250720: ,20250720: ,2025|발레/연극:1
00000003778,1,2,56000,20250720: ,20250720: ,2025|발레/연극:1
00000014246,1,2,56000,20250720: ,20250720: ,2025|발레/연극:1
00000006906,1,3,76000,20250720: ,20250720: ,2025|발레/연극:1
00000004326,1,3,75000,20250720: ,20250720: ,2025|발레/연극:1
00000008193,1,2,42000,20250720: ,20250720: ,2025|발레/연극:1
00000001894,1,2,48000,20250720: ,20250720: ,2025|발레/연극:1
00000011346,1,2,54000,20250720: ,20250720: ,2025|발레/연극:1
00000000823,1,2,48000,20250720: ,20250720: ,2025|발레/연극:1
00000002141,2,6,452000,20250720: ,20251123: ,2025|발레/연극:1;2025|뮤지컬:1
00000004413,1,4,84000,20250720: ,20250720: ,2025|발레/연극:1
00000011594,1,2,42000,20250720: ,20250720: ,2025|발레/연극:1
00000002012,3,10,265500,20250720: ,20251128: ,2025|발레/연극:3
00000001002,1,2,56000,20250720: ,20250720: ,2025|발레/연극:1
00000004343,1,2,81200,20250802: ,20250802: ,2025|어린이·가족:1
00000006111,1,3,168000,20250802: ,20250802: ,2025|어린이·가족:1
00000021952,1,2,81200,20250802: ,20250802: ,2025|어린이·가족:1
00000002191,1,2,81200,20250802: ,20250802: ,2025|어린이·가족:1
00000013508,1,2,81200,20250802: ,20250802: ,2025|어린이·가족:1
00000004167,1,3,121800,20250802: ,20250802: ,2025|어린이·가족:1
00000016169,1,2,81200,20250802: ,20250802: ,2025|어린이·가족:1
00000010714,1,3,121800,20250802: ,20250802: ,2025|어린이·가족:1
00000008053,2,4,387200,20250802: ,20251122: ,2025|어린이·가족:1;2025|뮤지컬:1
00000008020,1,2,81200,20250802: ,20250802: ,2025|어린이·가족:1
00000015224,1,3,121800,20250802: ,20250802: ,2025|어린이·가족:1
00000007487,1,2,81200,20250802: ,20250802: ,2025|어린이·가족:1
00000006114,2,4,153800,20250802: ,20250920: ,2025|어린이·가족:2
00000004763,1,3,121800,20250802: ,20250802: ,2025|어린이·가족:1
00000000796,1,2,81200,20250802: ,20250802: ,2025|어린이·가족:1
00000014797,1,2,81200,20250802: ,20250802: ,2025|어린이·가족:1
00000015075,1,6,243600,20250802: ,20250802: ,2025|어린이·가족:1
00000009929,1,2,81200,20250802: ,20250802: ,2025|어린이·가족:1
00000021797,1,3,121800,20250802: ,20250802: ,2025|어린이·가족:1
00000004348,1,2,98000,20250802: ,20250802: ,2025|어린이·가족:1
00000009484,1,4,162400,20250802: ,20250802: ,2025|어린이·가족:1
00000005824,1,2,81200,20250802: ,20250802: ,2025|어린이·가족:1
00000001341,1,2,81200,20250802: ,20250802: ,2025|어린이·가족:1
00000014200,1,4,162400,20250802: ,20250802: ,2025|어린이·가족:1
00000002825,2,5,100000,20250802: ,20250802: ,2025|어린이·가족:2
00000003270,1,2,81200,20250802: ,20250802: ,2025|어린이·가족:1
00000005300,1,3,121800,20250802: ,20250802: ,2025|어린이·가족:1
00000018749,1,6,243600,20250802: ,20250802: ,2025|어린이·가족:1
00000007799,1,2,81200,20250802: ,20250802: ,2025|어린이·가족:1
00000006085,1,2,98000,20250802: ,20250802: ,2025|어린이·가족:1
00000014749,1,4,162400,20250802: ,20250802: ,2025|어린이·가족:1
00000009777,2,5,100000,20250802: ,20250802: ,2025|어린이·가족:2
00000003604,1,2,81200,20250802: ,20250802: ,2025|어린이·가족:1
00000020457,1,3,121800,20250802: ,20250802: ,2025|어린이·가족:1
00000008759,1,2,81200,20250802: ,20250802: ,2025|어린이·가족:1
00000014890,1,3,130200,20250802: ,20250802: ,2025|어린이·가족:1
00000003669,1,2,81200,20250802: ,20250802: ,2025|어린이·가족:1
00000002292,4,8,609200,20201225: ,20251123: ,2025|어린이·가족:1;2025|뮤지컬:1;2020|클래식:2
00000001582,1,2,81200,20250802: ,20250802: ,2025|어린이·가족:1
00000009187,1,2,81200,20250802: ,20250802: ,2025|어린이·가족:1
00000003195,1,2,81200,20250802: ,20250802: ,2025|어린이·가족:1
00000000370,1,2,81200,20250802: ,20250802: ,2025|어린이·가족:1
00000011550,1,3,121800,20250802: ,20250802: ,2025|어린이·가족:1
00000005141,1,3,121800,20250802: ,20250802: ,2025|어린이·가족:1
00000019998,1,2,140000,20250802: ,20250802: ,2025|어린이·가족:1
00000021979,1,2,81200,20250802: ,20250802: ,2025|어린이·가족:1
00000011265,1,1,49000,20250802: ,20250802: ,2025|어린이·가족:1
00000008816,1,2,98000,20250802: ,20250802: ,2025|어린이·가족:1
00000009920,1,3,121800,20250802: ,20250802: ,2025|어린이·가족:1
00000021649,1,2,98000,20250802: ,20250802: ,2025|어린이·가족:1
00000021828,1,2,81200,20250802: ,20250802: ,2025|어린이·가족:1
00000017947,2,4,179200,20250802: ,20250802: ,2025|어린이·가족:2
00000010690,1,2,81200,20250802: ,20250802: ,2025|어린이·가족:1
00000013529,2,3,121800,20250802: ,20250802: ,2025|어린이·가족:2
00000016973,1,2,81200,20250802: ,20250802: ,2025|어린이·가족:1
00000020579,1,2,81200,20250802: ,20250802: ,2025|어린이·가족:1
00000007615,1,3,121800,20250802: ,20250802: ,2025|어린이·가족:1
00000007037,1,3,121800,20250802: ,20250802: ,2025|어린이·가족:1
00000003110,1,2,81200,20250802: ,20250802: ,2025|어린이·가족:1
00000016887,1,2,81200,20250802: ,20250802: ,2025|어린이·가족:1
00000010535,1,3,121800,20250802: ,20250802: ,2025|어린이·가족:1
00000001736,1,2,98000,20250802: ,20250802: ,2025|어린이·가족:1
00000007352,1,6,243600,20250802: ,20250802: ,2025|어린이·가족:1
00000014151,1,2,81200,20250802: ,20250802: ,2025|어린이·가족:1
00000020848,1,2,81200,20250802: ,20250802: ,2025|어린이·가족:1
00000003111,1,2,81200,20250802: ,20250802: ,2025|어린이·가족:1
00000008505,1,2,98000,20250802: ,20250802: ,2025|어린이·가족:1
00000002900,1,2,81200,20250802: ,20250802: ,2025|어린이·가족:1
00000018879,1,2,98000,20250802: ,20250802: ,2025|어린이·가족:1
00000006110,1,2,81200,20250802: ,20250802: ,2025|어린이·가족:1
00000021875,1,2,81200,20250802: ,20250802: ,2025|어린이·가족:1
00000000404,1,3,121800,20250802: ,20250802: ,2025|어린이·가족:1
00000002808,1,2,81200,20250802: ,20250802: ,2025|어린이·가족:1
00000000953,1,4,162400,20250802: ,20250802: ,2025|어린이·가족:1
00000016576,1,2,98000,20250802: ,20250802: ,2025|어린이·가족:1
00000001574,1,3,119700,20250802: ,20250802: ,2025|어린이·가족:1
00000001913,1,2,81200,20250802: ,20250802: ,2025|어린이·가족:1
00000012035,2,4,162400,20250802: ,20250802: ,2025|어린이·가족:2
00000018026,2,5,201000,20250802: ,20250920: ,2025|어린이·가족:2
00000013082,1,2,81200,20250802: ,20250802: ,2025|어린이·가족:1
00000017763,1,3,121800,20250802: ,20250802: ,2025|어린이·가족:1
00000018351,1,2,81200,20250802: ,20250802: ,2025|어린이·가족:1
00000018622,1,2,81200,20250802: ,20250802: ,2025|어린이·가족:1
00000004522,1,4,156800,20250802: ,20250802: ,2025|어린이·가족:1
00000014575,1,3,121800,20250802: ,20250802: ,2025|어린이·가족:1
00000006065,1,2,81200,20250802: ,20250802: ,2025|어린이·가족:1
00000013671,1,4,162400,20250802: ,20250802: ,2025|어린이·가족:1
00000019678,1,3,121800,20250802: ,20250802: ,2025|어린이·가족:1
00000005558,1,2,81200,20250802: ,20250802: ,2025|어린이·가족:1
00000014325,2,4,162400,20250802: ,20250803: ,2025|어린이·가족:2
00000016311,1,1,49000,20250802: ,20250802: ,2025|어린이·가족:1
00000005857,1,3,121800,20250802: ,20250802: ,2025|어린이·가족:1
00000014985,1,2,98000,20250802: ,20250802: ,2025|어린이·가족:1
00000015119,1,2,81200,20250802: ,20250802: ,2025|어린이·가족:1
00000013588,1,3,121800,20250802: ,20250802: ,2025|어린이·가족:1
00000019095,1,2,98000,20250802: ,20250802: ,2025|어린이·가족:1
00000021089,1,2,81200,20250802: ,20250802: ,2025|어린이·가족:1
00000019642,1,3,121800,20250802: ,20250802: ,2025|어린이·가족:1
00000008425,1,3,121800,20250802: ,20250802: ,2025|어린이·가족:1
00000006477,1,2,70000,20250802: ,20250802: ,2025|어린이·가족:1
00000007509,1,2,81200,20250802: ,20250802: ,2025|어린이·가족:1
00000011108,1,4,179200,20250802: ,20250802: ,2025|어린이·가족:1
00000021180,1,5,203000,20250802: ,20250802: ,2025|어린이·가족:1
00000002620,1,3,121800,20250802: ,20250802: ,2025|어린이·가족:1
00000013177,1,3,121800,20250802: ,20250802: ,2025|어린이·가족:1
00000013437,1,2,81200,20250802: ,20250802: ,2025|어린이·가족:1
00000021238,1,3,121800,20250802: ,20250802: ,2025|어린이·가족:1
00000019420,2,4,160400,20250802: ,20250920: ,2025|어린이·가족:2
00000010750,1,2,81200,20250802: ,20250802: ,2025|어린이·가족:1
00000019857,1,3,121800,20250802: ,20250802: ,2025|어린이·가족:1
00000006537,1,2,81200,20250802: ,20250802: ,2025|어린이·가족:1
00000007516,1,2,81200,20250802: ,20250802: ,2025|어린이·가족:1
00000019992,1,2,81200,20250802: ,20250802: ,2025|어린이·가족:1
00000008475,1,3,121800,20250802: ,20250802: ,2025|어린이·가족:1
00000002330,1,4,162400,20250802: ,20250802: ,2025|어린이·가족:1
00000002203,1,3,121800,20250802: ,20250802: ,2025|어린이·가족:1
00000018542,1,4,162400,20250802: ,20250802: ,2025|어린이·가족:1
00000010954,1,2,81200,20250802: ,20250802: ,2025|어린이·가족:1
00000019457,1,3,168000,20250802: ,20250802: ,2025|어린이·가족:1
00000015575,2,4,387200,20250802: ,20251123: ,2025|어린이·가족:1;2025|뮤지컬:1
00000016493,1,3,121800,20250802: ,20250802: ,2025|어린이·가족:1
00000001374,1,2,81200,20250802: ,20250802: ,2025|어린이·가족:1
00000000021,1,2,81200,20250802: ,20250802: ,2025|어린이·가족:1
00000014976,1,2,81200,20250802: ,20250802: ,2025|어린이·가족:1
00000016293,3,5,157800,20250802: ,20251204: ,2025|어린이·가족:1;2025|클래식:2
00000005900,1,4,162400,20250802: ,20250802: ,2025|어린이·가족:1
00000001868,1,2,98000,20250802: ,20250802: ,2025|어린이·가족:1
00000000985,1,2,81200,20250802: ,20250802: ,2025|어린이·가족:1
00000012262,1,3,121800,20250802: ,20250802: ,2025|어린이·가족:1
00000003092,1,2,81200,20250802: ,20250802: ,2025|어린이·가족:1
00000017349,1,2,81200,20250802: ,20250802: ,2025|어린이·가족:1
00000016642,1,4,162400,20250802: ,20250802: ,2025|어린이·가족:1
00000000316,1,2,98000,20250802: ,20250802: ,2025|어린이·가족:1
00000016687,1,2,81200,20250802: ,20250802: ,2025|어린이·가족:1
00000010977,1,3,121800,20250802: ,20250802: ,2025|어린이·가족:1
00000018307,1,3,121800,20250802: ,20250802: ,2025|어린이·가족:1
00000005672,1,2,81200,20250802: ,20250802: ,2025|어린이·가족:1
00000021257,1,3,121800,20250802: ,20250802: ,2025|어린이·가족:1
00000008728,1,3,121800,20250802: ,20250802: ,2025|어린이·가족:1
00000011212,1,3,121800,20250802: ,20250802: ,2025|어린이·가족:1
00000015811,1,3,121800,20250802: ,20250802: ,2025|어린이·가족:1
00000003335,1,2,81200,20250802: ,20250802: ,2025|어린이·가족:1
00000007968,2,7,280200,20250802: ,20250918: ,2025|어린이·가족:2
00000008156,1,2,98000,20250802: ,20250802: ,2025|어린이·가족:1
00000019700,1,2,79800,20250802: ,20250802: ,2025|어린이·가족:1
00000009305,1,2,81200,20250802: ,20250802: ,2025|어린이·가족:1
00000012034,1,2,81200,20250802: ,20250802: ,2025|어린이·가족:1
00000009660,2,4,301200,20250802: ,20251123: ,2025|어린이·가족:1;2025|뮤지컬:1
00000000719,1,2,81200,20250802: ,20250802: ,2025|어린이·가족:1
00000009559,1,2,81200,20250802: ,20250802: ,2025|어린이·가족:1
00000012362,1,2,81200,20250802: ,20250802: ,2025|어린이·가족:1
00000018186,1,2,81200,20250802: ,20250802: ,2025|어린이·가족:1
00000000203,1,2,81200,20250802: ,20250802: ,2025|어린이·가족:1
00000008338,1,2,98000,20250802: ,20250802: ,2025|어린이·가족:1
00000019092,2,5,201000,20250802: ,20250920: ,2025|어린이·가족:2
00000004256,1,2,81200,20250802: ,20250802: ,2025|어린이·가족:1
00000019168,1,2,81200,20250802: ,20250802: ,2025|어린이·가족:1
00000011464,1,2,98000,20250802: ,20250802: ,2025|어린이·가족:1
00000022545,1,2,81200,20250802: ,20250802: ,2025|어린이·가족:1
00000015895,1,3,121800,20250802: ,20250802: ,2025|어린이·가족:1
00000005149,1,2,98000,20250802: ,20250802: ,2025|어린이·가족:1
00000007867,1,3,121800,20250802: ,20250802: ,2025|어린이·가족:1
00000012742,1,4,162400,20250802: ,20250802: ,2025|어린이·가족:1
00000013760,1,2,81200,20250802: ,20250802: ,2025|어린이·가족:1
00000015708,1,2,81200,20250802: ,20250802: ,2025|어린이·가족:1
00000013778,1,2,81200,20250802: ,20250802: ,2025|어린이·가족:1
00000018110,1,4,162400,20250802: ,20250802: ,2025|어린이·가족:1
00000000151,1,4,162400,20250802: ,20250802: ,2025|어린이·가족:1
00000021861,1,3,121800,20250802: ,20250802: ,2025|어린이·가족:1
00000015951,1,2,81200,20250802: ,20250802: ,2025|어린이·가족:1
00000014946,1,2,81200,20250802: ,20250802: ,2025|어린이·가족:1
00000006249,1,3,121800,20250802: ,20250802: ,2025|어린이·가족:1
00000006159,1,2,81200,20250802: ,20250802: ,2025|어린이·가족:1
00000017775,1,3,121800,20250802: ,20250802: ,2025|어린이·가족:1
00000006467,1,3,121800,20250802: ,20250802: ,2025|어린이·가족:1
00000000962,1,3,121800,20250802: ,20250802: ,2025|어린이·가족:1
00000019917,1,2,81200,20250802: ,20250802: ,2025|어린이·가족:1
00000016843,1,2,81200,20250802: ,20250802: ,2025|어린이·가족:1
00000000995,1,2,98000,20250802: ,20250802: ,2025|어린이·가족:1
00000003192,1,3,121800,20250802: ,20250802: ,2025|어린이·가족:1
00000018989,1,3,168000,20250802: ,20250802: ,2025|어린이·가족:1
00000019128,1,2,81200,20250802: ,20250802: ,2025|어린이·가족:1
00000011715,1,4,162400,20250802: ,20250802: ,2025|어린이·가족:1
00000002146,1,2,81200,20250802: ,20250802: ,2025|어린이·가족:1
00000005848,2,6,240600,20250802: ,20250918: ,2025|어린이·가족:2
00000008372,1,2,98000,20250802: ,20250802: ,2025|어린이·가족:1
00000007481,1,2,98000,20250802: ,20250802: ,2025|어린이·가족:1
00000013372,1,4,162400,20250802: ,20250802: ,2025|어린이·가족:1
00000020095,1,2,98000,20250802: ,20250802: ,2025|어린이·가족:1
00000017049,1,4,162400,20250802: ,20250802: ,2025|어린이·가족:1
00000001478,2,6,448600,20250802: ,20251123: ,2025|어린이·가족:1;2025|뮤지컬:1
00000022023,1,2,40000,20250802: ,20250802: ,2025|어린이·가족:1
00000001601,1,2,98000,20250802: ,20250802: ,2025|어린이·가족:1
00000009552,1,3,121800,20250802: ,20250802: ,2025|어린이·가족:1
00000007929,1,3,121800,20250802: ,20250802: ,2025|어린이·가족:1
00000007454,1,2,81200,20250802: ,20250802: ,2025|어린이·가족:1
00000006017,1,2,98000,20250802: ,20250802: ,2025|어린이·가족:1
00000010668,1,2,81200,20250802: ,20250802: ,2025|어린이·가족:1
00000015259,1,3,121800,20250802: ,20250802: ,2025|어린이·가족:1
00000005683,1,2,81200,20250802: ,20250802: ,2025|어린이·가족:1
00000001606,1,1,49000,20250802: ,20250802: ,2025|어린이·가족:1
00000002035,1,2,81200,20250802: ,20250802: ,2025|어린이·가족:1
00000003419,1,1,49000,20250802: ,20250802: ,2025|어린이·가족:1
00000017571,1,2,98000,20250802: ,20250802: ,2025|어린이·가족:1
00000003024,1,3,121800,20250802: ,20250802: ,2025|어린이·가족:1
00000009167,1,4,162400,20250802: ,20250802: ,2025|어린이·가족:1
00000014537,1,2,98000,20250802: ,20250802: ,2025|어린이·가족:1
00000011816,1,2,98000,20250802: ,20250802: ,2025|어린이·가족:1
00000014340,1,3,121800,20250802: ,20250802: ,2025|어린이·가족:1
00000006395,1,1,40600,20250802: ,20250802: ,2025|어린이·가족:1
00000012497,1,3,121800,20250802: ,20250802: ,2025|어린이·가족:1
00000002953,1,1,40600,20250802: ,20250802: ,2025|어린이·가족:1
00000019488,1,2,81200,20250802: ,20250802: ,2025|어린이·가족:1
00000008019,1,2,81200,20250802: ,20250802: ,2025|어린이·가족:1
00000010649,2,5,201000,20250802: ,20250920: ,2025|어린이·가족:2
00000011613,1,3,121800,20250802: ,20250802: ,2025|어린이·가족:1
00000004080,1,2,81200,20250802: ,20250802: ,2025|어린이·가족:1
00000000835,1,2,98000,20250802: ,20250802: ,2025|어린이·가족:1
00000010942,1,2,98000,20250802: ,20250802: ,2025|어린이·가족:1
00000002810,1,2,81200,20250802: ,20250802: ,2025|어린이·가족:1
00000020199,1,2,81200,20250802: ,20250802: ,2025|어린이·가족:1
00000000894,1,1,49000,20250802: ,20250802: ,2025|어린이·가족:1
00000001384,1,4,162400,20250802: ,20250802: ,2025|어린이·가족:1
00000000621,1,2,98000,20250802: ,20250802: ,2025|어린이·가족:1
00000020939,1,2,98000,20250802: ,20250802: ,2025|어린이·가족:1
00000017166,1,2,81200,20250802: ,20250802: ,2025|어린이·가족:1
00000012476,1,2,81200,20250802: ,20250802: ,2025|어린이·가족:1
00000007784,1,3,121800,20250802: ,20250802: ,2025|어린이·가족:1
00000014864,1,3,121800,20250802: ,20250802: ,2025|어린이·가족:1
00000018206,1,3,121800,20250802: ,20250802: ,2025|어린이·가족:1
00000012436,1,4,162400,20250802: ,20250802: ,2025|어린이·가족:1
00000019741,1,2,98000,20250802: ,20250802: ,2025|어린이·가족:1
00000016867,1,4,162400,20250802: ,20250802: ,2025|어린이·가족:1
00000021796,1,4,162400,20250802: ,20250802: ,2025|어린이·가족:1
00000022515,1,2,81200,20250802: ,20250802: ,2025|어린이·가족:1
00000012611,1,3,121800,20250802: ,20250802: ,2025|어린이·가족:1
00000000065,1,2,81200,20250802: ,20250802: ,2025|어린이·가족:1
00000021136,1,2,79800,20250802: ,20250802: ,2025|어린이·가족:1
00000008561,1,4,162400,20250802: ,20250802: ,2025|어린이·가족:1
00000000999,1,2,81200,20250802: ,20250802: ,2025|어린이·가족:1
00000003926,1,2,81200,20250802: ,20250802: ,2025|어린이·가족:1
00000020660,1,3,121800,20250802: ,20250802: ,2025|어린이·가족:1
00000017473,1,2,81200,20250802: ,20250802: ,2025|어린이·가족:1
00000007326,1,3,121800,20250802: ,20250802: ,2025|어린이·가족:1
00000002836,1,2,81200,20250802: ,20250802: ,2025|어린이·가족:1
00000009877,1,1,70000,20250802: ,20250802: ,2025|어린이·가족:1
00000015988,1,3,121800,20250802: ,20250802: ,2025|어린이·가족:1
00000005886,2,4,162400,20250802: ,20250802: ,2025|어린이·가족:2
00000019373,1,4,162400,20250802: ,20250802: ,2025|어린이·가족:1
00000018010,1,3,121800,20250802: ,20250802: ,2025|어린이·가족:1
00000008773,1,3,121800,20250802: ,20250802: ,2025|어린이·가족:1
00000005328,1,2,81200,20250803: ,20250803: ,2025|어린이·가족:1
00000005055,1,2,81200,20250803: ,20250803: ,2025|어린이·가족:1
00000021823,1,4,162400,20250803: ,20250803: ,2025|어린이·가족:1
00000002646,1,2,81200,20250803: ,20250803: ,2025|어린이·가족:1
00000018950,1,2,98000,20250803: ,20250803: ,2025|어린이·가족:1
00000016318,1,2,81200,20250803: ,20250803: ,2025|어린이·가족:1
00000010421,1,2,81200,20250803: ,20250803: ,2025|어린이·가족:1
00000014188,1,2,81200,20250803: ,20250803: ,2025|어린이·가족:1
00000003248,1,3,121800,20250803: ,20250803: ,2025|어린이·가족:1
00000009507,1,2,81200,20250803: ,20250803: ,2025|어린이·가족:1
00000003179,1,2,81200,20250803: ,20250803: ,2025|어린이·가족:1
00000013568,1,3,210000,20250803: ,20250803: ,2025|어린이·가족:1
00000013483,1,2,81200,20250803: ,20250803: ,2025|어린이·가족:1
00000005937,1,2,81200,20250803: ,20250803: ,2025|어린이·가족:1
00000015809,1,2,81200,20250803: ,20250803: ,2025|어린이·가족:1
00000007324,1,2,81200,20250803: ,20250803: ,2025|어린이·가족:1
00000006670,1,3,121800,20250803: ,20250803: ,2025|어린이·가족:1
00000010748,1,2,81200,20250803: ,20250803: ,2025|어린이·가족:1
00000009909,1,3,121800,20250803: ,20250803: ,2025|어린이·가족:1
00000014448,1,2,81200,20250803: ,20250803: ,2025|어린이·가족:1
00000016443,1,2,81200,20250803: ,20250803: ,2025|어린이·가족:1
00000020582,1,2,81200,20250803: ,20250803: ,2025|어린이·가족:1
00000002996,1,2,81200,20250803: ,20250803: ,2025|어린이·가족:1
00000008339,2,6,220800,20250803: ,20250920: ,2025|어린이·가족:2
00000019652,1,2,98000,20250803: ,20250803: ,2025|어린이·가족:1
00000006277,1,2,81200,20250803: ,20250803: ,2025|어린이·가족:1
00000012237,1,2,81200,20250803: ,20250803: ,2025|어린이·가족:1
00000005647,1,2,98000,20250803: ,20250803: ,2025|어린이·가족:1
00000015610,1,2,81200,20250803: ,20250803: ,2025|어린이·가족:1
00000013362,1,3,121800,20250803: ,20250803: ,2025|어린이·가족:1
00000003651,1,2,81200,20250803: ,20250803: ,2025|어린이·가족:1
00000004757,1,2,98000,20250803: ,20250803: ,2025|어린이·가족:1
00000016114,2,4,160400,20250803: ,20250918: ,2025|어린이·가족:2
00000005985,1,4,162400,20250803: ,20250803: ,2025|어린이·가족:1
00000002051,1,3,121800,20250803: ,20250803: ,2025|어린이·가족:1
00000001845,1,3,121800,20250803: ,20250803: ,2025|어린이·가족:1
00000010480,1,3,121800,20250803: ,20250803: ,2025|어린이·가족:1
00000019010,1,3,121800,20250803: ,20250803: ,2025|어린이·가족:1
00000018579,1,3,121800,20250803: ,20250803: ,2025|어린이·가족:1
00000009355,1,2,81200,20250803: ,20250803: ,2025|어린이·가족:1
00000003470,1,2,81200,20250803: ,20250803: ,2025|어린이·가족:1
00000006577,1,2,81200,20250803: ,20250803: ,2025|어린이·가족:1
00000004812,1,3,121800,20250803: ,20250803: ,2025|어린이·가족:1
00000014659,1,2,81200,20250803: ,20250803: ,2025|어린이·가족:1
00000008329,1,2,81200,20250803: ,20250803: ,2025|어린이·가족:1
00000005633,1,2,81200,20250803: ,20250803: ,2025|어린이·가족:1
00000020042,1,3,121800,20250803: ,20250803: ,2025|어린이·가족:1
00000011760,1,2,81200,20250803: ,20250803: ,2025|어린이·가족:1
00000012037,1,3,121800,20250803: ,20250803: ,2025|어린이·가족:1
00000012171,1,2,98000,20250803: ,20250803: ,2025|어린이·가족:1
00000007897,1,4,162400,20250803: ,20250803: ,2025|어린이·가족:1
00000006725,1,3,121800,20250803: ,20250803: ,2025|어린이·가족:1
00000015942,1,3,121800,20250803: ,20250803: ,2025|어린이·가족:1
00000004900,1,2,81200,20250803: ,20250803: ,2025|어린이·가족:1
00000011074,2,5,200000,20250803: ,20250918: ,2025|어린이·가족:2
00000019054,1,2,81200,20250803: ,20250803: ,2025|어린이·가족:1
00000016390,1,2,98000,20250803: ,20250803: ,2025|어린이·가족:1
00000018906,1,2,81200,20250803: ,20250803: ,2025|어린이·가족:1
00000013235,3,7,224400,20250803: ,20251115: ,2025|어린이·가족:2;2025|클래식:1
00000000785,1,2,98000,20250803: ,20250803: ,2025|어린이·가족:1
00000009486,1,2,81200,20250803: ,20250803: ,2025|어린이·가족:1
00000020537,1,2,98000,20250803: ,20250803: ,2025|어린이·가족:1
00000018148,1,4,162400,20250803: ,20250803: ,2025|어린이·가족:1
00000005088,1,2,98000,20250803: ,20250803: ,2025|어린이·가족:1
00000022064,1,2,81200,20250803: ,20250803: ,2025|어린이·가족:1
00000006178,1,2,81200,20250803: ,20250803: ,2025|어린이·가족:1
00000000441,2,4,160400,20250803: ,20250920: ,2025|어린이·가족:2
00000014726,1,2,81200,20250803: ,20250803: ,2025|어린이·가족:1
00000000572,1,2,81200,20250803: ,20250803: ,2025|어린이·가족:1
00000013942,1,2,81200,20250803: ,20250803: ,2025|어린이·가족:1
00000015008,1,2,81200,20250803: ,20250803: ,2025|어린이·가족:1
00000009015,1,2,81200,20250803: ,20250803: ,2025|어린이·가족:1
00000002354,1,3,121800,20250803: ,20250803: ,2025|어린이·가족:1
00000007003,1,4,156800,20250803: ,20250803: ,2025|어린이·가족:1
00000007592,1,2,98000,20250803: ,20250803: ,2025|어린이·가족:1
00000010399,1,3,121800,20250803: ,20250803: ,2025|어린이·가족:1
00000017171,1,2,81200,20250803: ,20250803: ,2025|어린이·가족:1
00000015380,1,2,98000,20250803: ,20250803: ,2025|어린이·가족:1
00000002753,1,4,162400,20250803: ,20250803: ,2025|어린이·가족:1
00000010945,1,2,98000,20250803: ,20250803: ,2025|어린이·가족:1
00000013079,1,3,210000,20250803: ,20250803: ,2025|어린이·가족:1
00000000274,1,4,162400,20250803: ,20250803: ,2025|어린이·가족:1
00000009204,1,2,98000,20250803: ,20250803: ,2025|어린이·가족:1
00000004446,1,2,81200,20250803: ,20250803: ,2025|어린이·가족:1
00000000919,1,2,81200,20250803: ,20250803: ,2025|어린이·가족:1
00000005455,2,6,243600,20250803: ,20250803: ,2025|어린이·가족:2
00000016219,1,5,203000,20250803: ,20250803: ,2025|어린이·가족:1
00000001327,1,4,162400,20250803: ,20250803: ,2025|어린이·가족:1
00000001336,1,2,81200,20250803: ,20250803: ,2025|어린이·가족:1
00000002427,1,2,81200,20250803: ,20250803: ,2025|어린이·가족:1
00000001604,1,2,98000,20250803: ,20250803: ,2025|어린이·가족:1
00000015101,1,2,81200,20250803: ,20250803: ,2025|어린이·가족:1
00000000929,1,2,98000,20250803: ,20250803: ,2025|어린이·가족:1
00000000362,1,3,121800,20250803: ,20250803: ,2025|어린이·가족:1
00000005449,1,2,81200,20250803: ,20250803: ,2025|어린이·가족:1
00000020360,1,2,81200,20250803: ,20250803: ,2025|어린이·가족:1
00000015906,1,2,98000,20250803: ,20250803: ,2025|어린이·가족:1
00000017094,1,2,81200,20250803: ,20250803: ,2025|어린이·가족:1
00000000413,1,3,121800,20250803: ,20250803: ,2025|어린이·가족:1
00000015733,1,2,98000,20250803: ,20250803: ,2025|어린이·가족:1
00000009406,1,2,81200,20250803: ,20250803: ,2025|어린이·가족:1
00000007660,1,5,203000,20250803: ,20250803: ,2025|어린이·가족:1
00000013755,1,4,162400,20250803: ,20250803: ,2025|어린이·가족:1
00000000741,1,2,98000,20250803: ,20250803: ,2025|어린이·가족:1
00000020522,2,3,234200,20250803: ,20251123: ,2025|어린이·가족:1;2025|뮤지컬:1
00000007253,1,2,98000,20250803: ,20250803: ,2025|어린이·가족:1
00000019436,1,3,121800,20250803: ,20250803: ,2025|어린이·가족:1
00000008469,1,2,81200,20250803: ,20250803: ,2025|어린이·가족:1
00000015435,1,4,162400,20250803: ,20250803: ,2025|어린이·가족:1
00000013948,1,2,81200,20250803: ,20250803: ,2025|어린이·가족:1
00000004672,1,3,60000,20250803: ,20250803: ,2025|어린이·가족:1
00000021085,1,2,81200,20250803: ,20250803: ,2025|어린이·가족:1
00000006592,1,2,81200,20250803: ,20250803: ,2025|어린이·가족:1
00000020681,1,4,162400,20250803: ,20250803: ,2025|어린이·가족:1
00000015231,1,2,81200,20250803: ,20250803: ,2025|어린이·가족:1
00000008998,2,5,201000,20250803: ,20250920: ,2025|어린이·가족:2
00000005962,1,2,81200,20250803: ,20250803: ,2025|어린이·가족:1
00000009623,1,3,121800,20250803: ,20250803: ,2025|어린이·가족:1
00000006827,1,2,81200,20250803: ,20250803: ,2025|어린이·가족:1
00000020722,1,3,121800,20250803: ,20250803: ,2025|어린이·가족:1
00000003966,1,2,81200,20250803: ,20250803: ,2025|어린이·가족:1
00000006819,1,2,81200,20250803: ,20250803: ,2025|어린이·가족:1
00000022173,1,2,81200,20250803: ,20250803: ,2025|어린이·가족:1
00000019281,1,4,162400,20250803: ,20250803: ,2025|어린이·가족:1
00000009337,1,2,140000,20250803: ,20250803: ,2025|어린이·가족:1
00000005086,1,4,162400,20250803: ,20250803: ,2025|어린이·가족:1
00000020679,1,2,81200,20250803: ,20250803: ,2025|어린이·가족:1
00000010439,1,2,98000,20250803: ,20250803: ,2025|어린이·가족:1
00000010711,1,2,81200,20250803: ,20250803: ,2025|어린이·가족:1
00000006685,1,3,121800,20250803: ,20250803: ,2025|어린이·가족:1
00000005102,1,3,121800,20250803: ,20250803: ,2025|어린이·가족:1
00000006640,1,2,81200,20250803: ,20250803: ,2025|어린이·가족:1
00000007477,1,2,98000,20250803: ,20250803: ,2025|어린이·가족:1
00000010775,1,2,81200,20250803: ,20250803: ,2025|어린이·가족:1
00000007154,1,2,81200,20250803: ,20250803: ,2025|어린이·가족:1
00000021856,1,4,162400,20250803: ,20250803: ,2025|어린이·가족:1
00000018132,1,2,81200,20250803: ,20250803: ,2025|어린이·가족:1
00000021640,1,2,81200,20250803: ,20250803: ,2025|어린이·가족:1
00000002940,1,4,162400,20250803: ,20250803: ,2025|어린이·가족:1
00000016715,2,7,284200,20250803: ,20250803: ,2025|어린이·가족:2
00000014558,1,2,81200,20250803: ,20250803: ,2025|어린이·가족:1
00000019027,1,2,81200,20250803: ,20250803: ,2025|어린이·가족:1
00000005347,1,2,81200,20250803: ,20250803: ,2025|어린이·가족:1
00000010045,1,3,210000,20250803: ,20250803: ,2025|어린이·가족:1
00000017020,1,3,121800,20250803: ,20250803: ,2025|어린이·가족:1
00000012822,1,2,81200,20250803: ,20250803: ,2025|어린이·가족:1
00000019160,1,2,81200,20250803: ,20250803: ,2025|어린이·가족:1
00000005717,1,3,121800,20250803: ,20250803: ,2025|어린이·가족:1
00000005915,1,2,81200,20250803: ,20250803: ,2025|어린이·가족:1
00000004108,1,2,81200,20250803: ,20250803: ,2025|어린이·가족:1
00000017356,1,2,81200,20250803: ,20250803: ,2025|어린이·가족:1
00000002671,1,2,81200,20250803: ,20250803: ,2025|어린이·가족:1
00000001301,1,3,121800,20250803: ,20250803: ,2025|어린이·가족:1
00000017040,1,2,81200,20250803: ,20250803: ,2025|어린이·가족:1
00000011028,1,2,81200,20250803: ,20250803: ,2025|어린이·가족:1
00000016235,1,2,79800,20250803: ,20250803: ,2025|어린이·가족:1
00000006499,1,2,81200,20250803: ,20250803: ,2025|어린이·가족:1
00000008468,1,2,81200,20250803: ,20250803: ,2025|어린이·가족:1
00000021794,1,2,81200,20250803: ,20250803: ,2025|어린이·가족:1
00000004275,1,4,162400,20250803: ,20250803: ,2025|어린이·가족:1
00000014080,1,3,121800,20250803: ,20250803: ,2025|어린이·가족:1
00000001567,1,2,81200,20250803: ,20250803: ,2025|어린이·가족:1
00000008559,1,2,81200,20250803: ,20250803: ,2025|어린이·가족:1
00000022057,1,2,81200,20250803: ,20250803: ,2025|어린이·가족:1
00000019015,1,3,121800,20250803: ,20250803: ,2025|어린이·가족:1
00000003640,1,2,98000,20250803: ,20250803: ,2025|어린이·가족:1
00000007439,1,2,81200,20250803: ,20250803: ,2025|어린이·가족:1
00000001727,2,4,160400,20250803: ,20250920: ,2025|어린이·가족:2
00000009031,1,2,81200,20250803: ,20250803: ,2025|어린이·가족:1
00000004639,1,2,81200,20250803: ,20250803: ,2025|어린이·가족:1
00000018687,1,2,98000,20250803: ,20250803: ,2025|어린이·가족:1
00000018452,1,2,81200,20250803: ,20250803: ,2025|어린이·가족:1
00000017821,1,2,81200,20250803: ,20250803: ,2025|어린이·가족:1
00000010767,1,4,162400,20250803: ,20250803: ,2025|어린이·가족:1
00000013889,1,2,81200,20250803: ,20250803: ,2025|어린이·가족:1
00000003043,1,3,168000,20250803: ,20250803: ,2025|어린이·가족:1
00000010671,1,4,162400,20250803: ,20250803: ,2025|어린이·가족:1
00000000756,3,11,892200,20250803: ,20251122: ,2025|어린이·가족:2;2025|뮤지컬:1
00000001544,1,2,81200,20250803: ,20250803: ,2025|어린이·가족:1
00000022060,1,3,116200,20250803: ,20250803: ,2025|어린이·가족:1
00000014774,1,2,98000,20250803: ,20250803: ,2025|어린이·가족:1
00000006234,1,4,162400,20250803: ,20250803: ,2025|어린이·가족:1
00000013503,1,6,243600,20250803: ,20250803: ,2025|어린이·가족:1
00000004693,1,3,121800,20250803: ,20250803: ,2025|어린이·가족:1
00000005729,1,4,162400,20250803: ,20250803: ,2025|어린이·가족:1
00000022422,1,2,81200,20250803: ,20250803: ,2025|어린이·가족:1
00000006314,1,3,121800,20250803: ,20250803: ,2025|어린이·가족:1
00000005570,1,2,81200,20250803: ,20250803: ,2025|어린이·가족:1
00000007705,1,3,121800,20250803: ,20250803: ,2025|어린이·가족:1
00000008112,1,2,81200,20250803: ,20250803: ,2025|어린이·가족:1
00000005131,1,3,121800,20250803: ,20250803: ,2025|어린이·가족:1
00000018984,1,2,81200,20250803: ,20250803: ,2025|어린이·가족:1
00000011922,1,2,81200,20250803: ,20250803: ,2025|어린이·가족:1
00000021663,1,3,121800,20250803: ,20250803: ,2025|어린이·가족:1
00000018978,1,4,162400,20250803: ,20250803: ,2025|어린이·가족:1
00000010744,1,3,121800,20250803: ,20250803: ,2025|어린이·가족:1
00000003798,1,2,81200,20250803: ,20250803: ,2025|어린이·가족:1
00000013965,1,2,98000,20250803: ,20250803: ,2025|어린이·가족:1
00000004373,1,4,162400,20250803: ,20250803: ,2025|어린이·가족:1
00000006296,1,2,98000,20250803: ,20250803: ,2025|어린이·가족:1
00000006715,1,2,81200,20250803: ,20250803: ,2025|어린이·가족:1
00000009653,1,3,121800,20250803: ,20250803: ,2025|어린이·가족:1
00000005452,1,2,81200,20250803: ,20250803: ,2025|어린이·가족:1
00000013125,1,3,121800,20250803: ,20250803: ,2025|어린이·가족:1
00000021246,2,7,283200,20250803: ,20250920: ,2025|어린이·가족:2
00000020560,2,4,160400,20250803: ,20250920: ,2025|어린이·가족:2
00000004070,1,5,203000,20250803: ,20250803: ,2025|어린이·가족:1
00000002672,1,3,121800,20250803: ,20250803: ,2025|어린이·가족:1
00000018308,1,3,121800,20250803: ,20250803: ,2025|어린이·가족:1
00000013516,2,6,240600,20250803: ,20250920: ,2025|어린이·가족:2
00000012959,1,5,203000,20250803: ,20250803: ,2025|어린이·가족:1
00000006454,1,2,81200,20250803: ,20250803: ,2025|어린이·가족:1
00000018948,1,2,98000,20250803: ,20250803: ,2025|어린이·가족:1
00000002531,1,2,81200,20250803: ,20250803: ,2025|어린이·가족:1
00000017647,1,2,81200,20250803: ,20250803: ,2025|어린이·가족:1
00000001865,1,3,121800,20250803: ,20250803: ,2025|어린이·가족:1
00000012829,1,2,81200,20250803: ,20250803: ,2025|어린이·가족:1
00000004127,1,3,121800,20250803: ,20250803: ,2025|어린이·가족:1
00000014879,1,2,81200,20250803: ,20250803: ,2025|어린이·가족:1
00000002647,1,2,81200,20250803: ,20250803: ,2025|어린이·가족:1
00000010125,1,2,81200,20250803: ,20250803: ,2025|어린이·가족:1
00000002272,1,3,121800,20250803: ,20250803: ,2025|어린이·가족:1
00000019007,1,2,81200,20250803: ,20250803: ,2025|어린이·가족:1
00000009883,1,2,81200,20250803: ,20250803: ,2025|어린이·가족:1
00000021493,1,2,98000,20250803: ,20250803: ,2025|어린이·가족:1
00000016053,1,1,49000,20250803: ,20250803: ,2025|어린이·가족:1
00000022582,1,2,81200,20250803: ,20250803: ,2025|어린이·가족:1
00000007025,1,2,81200,20250803: ,20250803: ,2025|어린이·가족:1
00000014690,1,1,49000,20250803: ,20250803: ,2025|어린이·가족:1
00000005753,1,3,121800,20250803: ,20250803: ,2025|어린이·가족:1
00000016661,1,2,81200,20250803: ,20250803: ,2025|어린이·가족:1
00000006378,1,3,121800,20250803: ,20250803: ,2025|어린이·가족:1
00000002202,1,2,81200,20250803: ,20250803: ,2025|어린이·가족:1
00000011710,1,1,49000,20250803: ,20250803: ,2025|어린이·가족:1
00000004136,1,2,81200,20250803: ,20250803: ,2025|어린이·가족:1
00000001439,1,2,81200,20250803: ,20250803: ,2025|어린이·가족:1
00000002735,1,4,168000,20250803: ,20250803: ,2025|어린이·가족:1
00000005948,1,2,81200,20250803: ,20250803: ,2025|어린이·가족:1
00000004677,2,4,162400,20250803: ,20250803: ,2025|어린이·가족:2
00000004621,1,3,121800,20250803: ,20250803: ,2025|어린이·가족:1
00000015898,2,3,99200,20250803: ,20250911: ,2025|어린이·가족:1;2025|클래식:1
00000010623,1,4,162400,20250803: ,20250803: ,2025|어린이·가족:1
00000000168,1,2,81200,20250803: ,20250803: ,2025|어린이·가족:1
00000021037,1,4,162400,20250803: ,20250803: ,2025|어린이·가족:1
00000005137,2,7,284200,20250803: ,20250803: ,2025|어린이·가족:2
00000021128,1,2,81200,20250803: ,20250803: ,2025|어린이·가족:1
00000003306,1,4,162400,20250803: ,20250803: ,2025|어린이·가족:1
00000005748,2,4,162400,20250803: ,20250803: ,2025|어린이·가족:2
00000005071,1,4,162400,20250803: ,20250803: ,2025|어린이·가족:1
00000000887,1,2,81200,20250803: ,20250803: ,2025|어린이·가족:1
00000009668,2,4,135200,20201018: ,20250803: ,2025|어린이·가족:1;2020|클래식:1
00000001441,1,1,49000,20250803: ,20250803: ,2025|어린이·가족:1
00000017268,1,3,121800,20250803: ,20250803: ,2025|어린이·가족:1
00000012365,1,3,121800,20250803: ,20250803: ,2025|어린이·가족:1
00000018177,1,3,121800,20250803: ,20250803: ,2025|어린이·가족:1
00000018484,1,2,81200,20250803: ,20250803: ,2025|어린이·가족:1
00000017015,1,2,98000,20250803: ,20250803: ,2025|어린이·가족:1
00000003728,1,3,121800,20250803: ,20250803: ,2025|어린이·가족:1
00000009345,1,3,121800,20250803: ,20250803: ,2025|어린이·가족:1
00000018940,1,1,30000,20250904: ,20250904: ,2025|클래식:1
00000012560,3,3,90000,20250904: ,20251023: ,2025|클래식:3
00000000855,1,4,90000,20250904: ,20250904: ,2025|클래식:1
00000006172,1,1,18000,20250904: ,20250904: ,2025|클래식:1
00000002139,1,2,54000,20250904: ,20250904: ,2025|클래식:1
00000012491,2,4,234000,20250904: ,20251123: ,2025|클래식:1;2025|뮤지컬:1
00000002648,1,2,36000,20250904: ,20250904: ,2025|클래식:1
00000019667,1,1,18000,20250904: ,20250904: ,2025|클래식:1
00000009693,1,1,30000,20250904: ,20250904: ,2025|클래식:1
00000008093,1,1,30000,20250904: ,20250904: ,2025|클래식:1
00000015278,2,2,45000,20250904: ,20250911: ,2025|클래식:2
00000011089,1,2,36000,20250904: ,20250904: ,2025|클래식:1
00000020347,1,2,36000,20250904: ,20250904: ,2025|클래식:1
00000012992,1,1,15000,20250904: ,20250904: ,2025|클래식:1
00000004627,1,1,27000,20250904: ,20250904: ,2025|클래식:1
00000006177,2,2,20000,20250904: ,20250904: ,2025|클래식:2
00000020516,1,2,54000,20250904: ,20250904: ,2025|클래식:1
00000008007,1,2,54000,20250904: ,20250904: ,2025|클래식:1
00000005322,1,2,36000,20250904: ,20250904: ,2025|클래식:1
00000010532,2,8,174000,20250904: ,20251115: ,2025|클래식:2
00000018092,1,1,15000,20250904: ,20250904: ,2025|클래식:1
00000020976,1,1,27000,20250904: ,20250904: ,2025|클래식:1
00000019509,2,7,138000,20250904: ,20251115: ,2025|클래식:2
00000000525,2,3,97000,20250904: ,20251204: ,2025|클래식:2
00000018920,3,5,185000,20221015: ,20251024: ,2025|클래식:2;2022|클래식:1
00000016484,1,1,30000,20250904: ,20250904: ,2025|클래식:1
00000011247,1,2,36000,20250904: ,20250904: ,2025|클래식:1
00000016149,1,1,27000,20250904: ,20250904: ,2025|클래식:1
00000009148,1,1,30000,20250904: ,20250904: ,2025|클래식:1
00000016269,2,17,587000,20250904: ,20251204: ,2025|클래식:2
00000022138,1,2,36000,20250904: ,20250904: ,2025|클래식:1
00000017871,1,3,47000,20250904: ,20250904: ,2025|클래식:1
00000012092,1,2,54000,20250904: ,20250904: ,2025|클래식:1
00000009564,9,9,271000,20250904: ,20251115: ,2025|클래식:9
00000006248,1,2,42000,20250904: ,20250904: ,2025|클래식:1
00000003905,2,2,66000,20221015: ,20250904: ,2025|클래식:1;2022|클래식:1
00000011360,7,12,308000,20250904: ,20251115: ,2025|클래식:7
00000018066,1,3,84000,20250904: ,20250904: ,2025|클래식:1
00000021854,1,2,54000,20250904: ,20250904: ,2025|클래식:1
00000021591,1,1,30000,20250904: ,20250904: ,2025|클래식:1
00000019554,1,2,54000,20250904: ,20250904: ,2025|클래식:1
00000014745,1,1,27000,20250904: ,20250904: ,2025|클래식:1
00000022524,1,3,64000,20250904: ,20250904: ,2025|클래식:1
00000007664,1,1,27000,20250904: ,20250904: ,2025|클래식:1
00000020521,2,4,74000,20250904: ,20251115: ,2025|클래식:2
00000021538,1,2,54000,20250904: ,20250904: ,2025|클래식:1
00000002256,3,12,326800,20250904: ,20251115: ,2025|클래식:2;2025|어린이·가족:1
00000014992,1,1,30000,20250904: ,20250904: ,2025|클래식:1
00000004666,1,2,54000,20250904: ,20250904: ,2025|클래식:1
00000018645,1,1,20000,20250911: ,20250911: ,2025|클래식:1
00000002222,2,4,72000,20250911: ,20251204: ,2025|클래식:2
00000014029,1,2,36000,20250911: ,20250911: ,2025|클래식:1
00000018104,1,1,20000,20250911: ,20250911: ,2025|클래식:1
00000010753,1,1,18000,20250911: ,20250911: ,2025|클래식:1
00000016882,1,2,70000,20250911: ,20250911: ,2025|클래식:1
00000010936,1,2,36000,20250911: ,20250911: ,2025|클래식:1
00000009917,1,1,18000,20250911: ,20250911: ,2025|클래식:1
00000001993,2,3,63000,20250911: ,20251115: ,2025|클래식:2
00000001729,2,3,99200,20250911: ,20250920: ,2025|클래식:1;2025|어린이·가족:1
00000022291,1,1,18000,20250911: ,20250911: ,2025|클래식:1
00000008233,1,1,18000,20250911: ,20250911: ,2025|클래식:1
00000014338,1,9,176000,20250911: ,20250911: ,2025|클래식:1
00000001276,3,3,54000,20250911: ,20251204: ,2025|클래식:3
00000008940,1,2,36000,20250911: ,20250911: ,2025|클래식:1
00000001387,1,2,36000,20250911: ,20250911: ,2025|클래식:1
00000018093,1,1,18000,20250911: ,20250911: ,2025|클래식:1
00000017252,1,2,20000,20250911: ,20250911: ,2025|클래식:1
00000012060,3,7,180900,20250911: ,20251204: ,2025|클래식:2;2025|어린이·가족:1
00000001184,2,3,54000,20250911: ,20251204: ,2025|클래식:2
00000005021,1,3,118800,20250920: ,20250920: ,2025|어린이·가족:1
00000016101,1,3,118800,20250920: ,20250920: ,2025|어린이·가족:1
00000000364,1,3,165000,20250920: ,20250920: ,2025|어린이·가족:1
00000015046,1,4,158400,20250920: ,20250920: ,2025|어린이·가족:1
00000010980,1,2,66000,20250920: ,20250920: ,2025|어린이·가족:1
00000015551,1,2,79200,20250920: ,20250920: ,2025|어린이·가족:1
00000010697,1,1,39600,20250920: ,20250920: ,2025|어린이·가족:1
00000002372,1,3,118800,20250920: ,20250920: ,2025|어린이·가족:1
00000008508,1,2,79200,20250920: ,20250920: ,2025|어린이·가족:1
00000017841,2,7,257400,20250920: ,20251129: ,2025|어린이·가족:1;2025|발레/연극:1
00000002547,1,3,118800,20250919: ,20250919: ,2025|어린이·가족:1
00000021698,1,2,79200,20250919: ,20250919: ,2025|어린이·가족:1
00000004233,1,3,118800,20250920: ,20250920: ,2025|어린이·가족:1
00000002106,1,2,79200,20250920: ,20250920: ,2025|어린이·가족:1
00000003763,1,2,79200,20250920: ,20250920: ,2025|어린이·가족:1
00000015543,1,3,118800,20250919: ,20250919: ,2025|어린이·가족:1
00000020547,2,2,79200,20250920: ,20250920: ,2025|어린이·가족:2
00000001123,1,3,118800,20250918: ,20250918: ,2025|어린이·가족:1
00000020365,2,11,363000,20250920: ,20250920: ,2025|어린이·가족:2
00000010846,1,3,118800,20250918: ,20250918: ,2025|어린이·가족:1
00000004525,1,2,79200,20250919: ,20250919: ,2025|어린이·가족:1
00000002397,1,4,151800,20250920: ,20250920: ,2025|어린이·가족:1
00000010403,1,3,165000,20250920: ,20250920: ,2025|어린이·가족:1
00000006350,1,2,79200,20250920: ,20250920: ,2025|어린이·가족:1
00000015915,1,4,158400,20250920: ,20250920: ,2025|어린이·가족:1
00000013770,1,63,2286900,20250920: ,20250920: ,2025|어린이·가족:1
00000021429,1,3,118800,20250918: ,20250918: ,2025|어린이·가족:1
00000011397,1,1,39600,20250920: ,20250920: ,2025|어린이·가족:1
00000016299,1,2,79200,20250920: ,20250920: ,2025|어린이·가족:1
00000021996,1,2,132000,20250920: ,20250920: ,2025|어린이·가족:1
00000012158,1,1,55000,20250918: ,20250918: ,2025|어린이·가족:1
00000005842,1,2,79200,20250920: ,20250920: ,2025|어린이·가족:1
00000009021,1,2,132000,20250918: ,20250918: ,2025|어린이·가족:1
00000014730,1,2,79200,20250920: ,20250920: ,2025|어린이·가족:1
00000018824,1,3,118800,20250918: ,20250918: ,2025|어린이·가족:1
00000009141,1,1,39600,20250918: ,20250918: ,2025|어린이·가족:1
00000008234,1,2,79200,20250919: ,20250919: ,2025|어린이·가족:1
00000012088,1,2,79200,20250920: ,20250920: ,2025|어린이·가족:1
00000019434,1,3,118800,20250918: ,20250918: ,2025|어린이·가족:1
00000005994,1,3,118800,20250920: ,20250920: ,2025|어린이·가족:1
00000002409,1,3,118800,20250918: ,20250918: ,2025|어린이·가족:1
00000001859,1,2,72600,20250920: ,20250920: ,2025|어린이·가족:1
00000020080,1,2,79200,20250920: ,20250920: ,2025|어린이·가족:1
00000015189,1,2,79200,20250920: ,20250920: ,2025|어린이·가족:1
00000020478,1,2,132000,20250920: ,20250920: ,2025|어린이·가족:1
00000014187,1,6,198000,20250920: ,20250920: ,2025|어린이·가족:1
00000008300,1,2,79200,20250920: ,20250920: ,2025|어린이·가족:1
00000014544,1,3,118800,20250920: ,20250920: ,2025|어린이·가족:1
00000015690,1,2,66000,20250920: ,20250920: ,2025|어린이·가족:1
00000001356,1,2,79200,20250918: ,20250918: ,2025|어린이·가족:1
00000018901,1,2,79200,20250920: ,20250920: ,2025|어린이·가족:1
00000021865,4,4,158400,20250920: ,20250920: ,2025|어린이·가족:4
00000007767,1,3,118800,20250918: ,20250918: ,2025|어린이·가족:1
00000015309,1,1,39600,20250918: ,20250918: ,2025|어린이·가족:1
00000004312,1,2,79200,20250918: ,20250918: ,2025|어린이·가족:1
00000006265,1,4,158400,20250918: ,20250918: ,2025|어린이·가족:1
00000013112,1,3,99000,20250920: ,20250920: ,2025|어린이·가족:1
00000002602,1,3,118800,20250920: ,20250920: ,2025|어린이·가족:1
00000004494,1,3,99000,20250920: ,20250920: ,2025|어린이·가족:1
00000001690,1,3,118800,20250918: ,20250918: ,2025|어린이·가족:1
00000015820,2,6,214200,20250918: ,20251128: ,2025|어린이·가족:1;2025|발레/연극:1
00000005591,1,2,79200,20250918: ,20250918: ,2025|어린이·가족:1
00000002590,1,1,39600,20250920: ,20250920: ,2025|어린이·가족:1
00000014065,1,3,118800,20250918: ,20250918: ,2025|어린이·가족:1
00000010282,1,3,118800,20250920: ,20250920: ,2025|어린이·가족:1
00000011336,1,2,79200,20250918: ,20250918: ,2025|어린이·가족:1
00000018476,1,3,118800,20250918: ,20250918: ,2025|어린이·가족:1
00000020405,1,5,198000,20250918: ,20250918: ,2025|어린이·가족:1
00000013364,1,4,158400,20250920: ,20250920: ,2025|어린이·가족:1
00000015614,1,9,356400,20250920: ,20250920: ,2025|어린이·가족:1
00000002236,1,4,158400,20250918: ,20250918: ,2025|어린이·가족:1
00000021256,1,2,79200,20250920: ,20250920: ,2025|어린이·가족:1
00000000932,1,2,79200,20250920: ,20250920: ,2025|어린이·가족:1
00000016671,2,4,158400,20250920: ,20250920: ,2025|어린이·가족:2
00000013440,1,4,158400,20250920: ,20250920: ,2025|어린이·가족:1
00000011819,1,1,39600,20250920: ,20250920: ,2025|어린이·가족:1
00000022220,1,3,118800,20250920: ,20250920: ,2025|어린이·가족:1
00000006457,1,2,110000,20250920: ,20250920: ,2025|어린이·가족:1
00000018992,1,3,99000,20250920: ,20250920: ,2025|어린이·가족:1
00000022073,1,8,316800,20250920: ,20250920: ,2025|어린이·가족:1
00000007720,1,5,198000,20250920: ,20250920: ,2025|어린이·가족:1
00000005394,1,2,79200,20250920: ,20250920: ,2025|어린이·가족:1
00000009571,1,4,132000,20250920: ,20250920: ,2025|어린이·가족:1
00000017045,1,4,132000,20250920: ,20250920: ,2025|어린이·가족:1
00000005856,1,2,79200,20250920: ,20250920: ,2025|어린이·가족:1
00000012437,1,2,79200,20250920: ,20250920: ,2025|어린이·가족:1
00000014111,1,2,79200,20250920: ,20250920: ,2025|어린이·가족:1
00000002327,1,3,118800,20250920: ,20250920: ,2025|어린이·가족:1
00000000301,1,3,118800,20250920: ,20250920: ,2025|어린이·가족:1
00000011738,1,2,79200,20250920: ,20250920: ,2025|어린이·가족:1
00000003243,1,1,39600,20250920: ,20250920: ,2025|어린이·가족:1
00000012219,1,2,79200,20250920: ,20250920: ,2025|어린이·가족:1
00000011157,1,4,158400,20250920: ,20250920: ,2025|어린이·가족:1
00000004889,1,4,158400,20250920: ,20250920: ,2025|어린이·가족:1
00000016379,1,3,118800,20250920: ,20250920: ,2025|어린이·가족:1
00000014155,2,4,151200,20250920: ,20251129: ,2025|어린이·가족:1;2025|발레/연극:1
00000015969,1,2,79200,20250920: ,20250920: ,2025|어린이·가족:1
00000008282,1,2,79200,20250920: ,20250920: ,2025|어린이·가족:1
00000015738,1,2,79200,20250920: ,20250920: ,2025|어린이·가족:1
00000006473,1,50,1815000,20250919: ,20250919: ,2025|어린이·가족:1
00000016798,1,2,72600,20250920: ,20250920: ,2025|어린이·가족:1
00000021158,1,2,79200,20250920: ,20250920: ,2025|어린이·가족:1
00000001836,1,2,79200,20250920: ,20250920: ,2025|어린이·가족:1
00000014194,1,3,118800,20250920: ,20250920: ,2025|어린이·가족:1
00000020235,1,2,79200,20250920: ,20250920: ,2025|어린이·가족:1
00000012090,1,2,132000,20250920: ,20250920: ,2025|어린이·가족:1
00000012966,1,2,79200,20250920: ,20250920: ,2025|어린이·가족:1
00000013629,1,4,158400,20250920: ,20250920: ,2025|어린이·가족:1
00000004478,1,2,79200,20250920: ,20250920: ,2025|어린이·가족:1
00000002528,2,2,132000,20250920: ,20250920: ,2025|어린이·가족:2
00000001699,2,6,214200,20250920: ,20251128: ,2025|어린이·가족:1;2025|발레/연극:1
00000022007,1,2,79200,20250920: ,20250920: ,2025|어린이·가족:1
00000018567,1,2,79200,20250920: ,20250920: ,2025|어린이·가족:1
00000012270,1,4,158400,20250920: ,20250920: ,2025|어린이·가족:1
00000016913,1,2,79200,20250920: ,20250920: ,2025|어린이·가족:1
00000011093,1,4,158400,20250920: ,20250920: ,2025|어린이·가족:1
00000008149,1,3,118800,20250920: ,20250920: ,2025|어린이·가족:1
00000003609,4,9,356400,20250920: ,20250920: ,2025|어린이·가족:4
00000014090,1,2,79200,20250920: ,20250920: ,2025|어린이·가족:1
00000008449,1,2,79200,20250920: ,20250920: ,2025|어린이·가족:1
00000010807,1,3,118800,20250920: ,20250920: ,2025|어린이·가족:1
00000016487,1,4,158400,20250920: ,20250920: ,2025|어린이·가족:1
00000012604,1,2,79200,20250920: ,20250920: ,2025|어린이·가족:1
00000006250,1,2,79200,20250920: ,20250920: ,2025|어린이·가족:1
00000000298,1,2,79200,20250920: ,20250920: ,2025|어린이·가족:1
00000017433,1,2,79200,20250920: ,20250920: ,2025|어린이·가족:1
00000020013,1,3,118800,20250920: ,20250920: ,2025|어린이·가족:1
00000019380,1,1,39600,20250920: ,20250920: ,2025|어린이·가족:1
00000007648,1,2,79200,20250920: ,20250920: ,2025|어린이·가족:1
00000012838,1,2,79200,20250920: ,20250920: ,2025|어린이·가족:1
00000016817,1,4,158400,20250920: ,20250920: ,2025|어린이·가족:1
00000020069,1,2,79200,20250920: ,20250920: ,2025|어린이·가족:1
00000005416,1,2,79200,20250920: ,20250920: ,2025|어린이·가족:1
00000013898,1,4,158400,20250920: ,20250920: ,2025|어린이·가족:1
00000001412,1,3,118800,20250920: ,20250920: ,2025|어린이·가족:1
00000019149,1,3,112200,20250920: ,20250920: ,2025|어린이·가족:1
00000003900,1,2,79200,20250920: ,20250920: ,2025|어린이·가족:1
00000011535,1,4,158400,20250920: ,20250920: ,2025|어린이·가족:1
00000017479,1,2,79200,20250920: ,20250920: ,2025|어린이·가족:1
00000016509,1,3,99000,20250920: ,20250920: ,2025|어린이·가족:1
00000022102,1,3,118800,20250920: ,20250920: ,2025|어린이·가족:1
00000018241,1,3,118800,20250920: ,20250920: ,2025|어린이·가족:1
00000014791,1,3,118800,20250920: ,20250920: ,2025|어린이·가족:1
00000015890,1,2,79200,20250920: ,20250920: ,2025|어린이·가족:1
00000017238,1,2,79200,20250920: ,20250920: ,2025|어린이·가족:1
00000006642,1,4,158400,20250920: ,20250920: ,2025|어린이·가족:1
00000014210,1,2,79200,20250920: ,20250920: ,2025|어린이·가족:1
00000013134,1,2,79200,20250920: ,20250920: ,2025|어린이·가족:1
00000019082,1,3,118800,20250920: ,20250920: ,2025|어린이·가족:1
00000012371,1,3,118800,20250920: ,20250920: ,2025|어린이·가족:1
00000004299,1,4,158400,20250920: ,20250920: ,2025|어린이·가족:1
00000019724,1,2,79200,20250920: ,20250920: ,2025|어린이·가족:1
00000014852,1,4,158400,20250920: ,20250920: ,2025|어린이·가족:1
00000020221,2,4,384000,20250920: ,20251123: ,2025|어린이·가족:1;2025|뮤지컬:1
00000016332,1,2,79200,20250920: ,20250920: ,2025|어린이·가족:1
00000018244,1,2,79200,20250920: ,20250920: ,2025|어린이·가족:1
00000006532,1,2,132000,20250920: ,20250920: ,2025|어린이·가족:1
00000006511,1,3,118800,20250920: ,20250920: ,2025|어린이·가족:1
00000012566,1,2,79200,20250920: ,20250920: ,2025|어린이·가족:1
00000012046,2,4,124200,20250920: ,20251024: ,2025|어린이·가족:1;2025|클래식:1
00000013895,1,4,158400,20250920: ,20250920: ,2025|어린이·가족:1
00000011914,1,6,237600,20250920: ,20250920: ,2025|어린이·가족:1
00000006151,1,2,79200,20250920: ,20250920: ,2025|어린이·가족:1
00000016752,2,4,331200,20250920: ,20251123: ,2025|어린이·가족:1;2025|뮤지컬:1
00000019683,1,2,79200,20250920: ,20250920: ,2025|어린이·가족:1
00000010685,1,3,118800,20250920: ,20250920: ,2025|어린이·가족:1
00000011574,1,2,54000,20251017: ,20251017: ,2025|클래식:1
00000017322,2,2,54000,20201016: ,20251017: ,2025|클래식:1;2020|클래식:1
00000007736,1,2,54000,20251017: ,20251017: ,2025|클래식:1
00000005887,1,1,27000,20251017: ,20251017: ,2025|클래식:1
00000001086,1,1,10000,20251017: ,20251017: ,2025|클래식:1
00000016545,1,1,27000,20251017: ,20251017: ,2025|클래식:1
00000002511,1,1,27000,20251017: ,20251017: ,2025|클래식:1
00000011345,1,2,54000,20251017: ,20251017: ,2025|클래식:1
00000021455,1,1,27000,20251017: ,20251017: ,2025|클래식:1
00000011671,1,2,42000,20251017: ,20251017: ,2025|클래식:1
00000019006,2,4,84000,20251017: ,20251023: ,2025|클래식:2
00000000363,3,6,182000,20251017: ,20251026: ,2025|클래식:3
00000002854,6,12,662000,20251017: ,20251123: ,2025|클래식:5;2025|뮤지컬:1
00000000287,1,2,37000,20251026: ,20251026: ,2025|클래식:1
00000004720,1,1,45000,20251024: ,20251024: ,2025|클래식:1
00000001430,2,2,72000,20251023: ,20251115: ,2025|클래식:2
00000007091,1,2,37000,20251026: ,20251026: ,2025|클래식:1
00000018808,1,1,30000,20251024: ,20251024: ,2025|클래식:1
00000021400,1,2,54000,20251026: ,20251026: ,2025|클래식:1
00000016818,1,2,55000,20251026: ,20251026: ,2025|클래식:1
00000001244,1,1,45000,20251024: ,20251024: ,2025|클래식:1
00000017193,1,1,45000,20251024: ,20251024: ,2025|클래식:1
00000016625,1,1,45000,20251025: ,20251025: ,2025|클래식:1
00000016376,1,4,140000,20251026: ,20251026: ,2025|클래식:1
00000003779,1,1,50000,20251024: ,20251024: ,2025|클래식:1
00000005469,1,1,30000,20251024: ,20251024: ,2025|클래식:1
00000022420,2,7,248000,20251023: ,20251128: ,2025|클래식:1;2025|발레/연극:1
00000017508,2,4,180000,20251024: ,20251025: ,2025|클래식:2
00000017173,1,2,37000,20251024: ,20251024: ,2025|클래식:1
00000001328,1,1,27000,20251025: ,20251025: ,2025|클래식:1
00000002875,1,2,100000,20251025: ,20251025: ,2025|클래식:1
00000018254,1,2,100000,20251026: ,20251026: ,2025|클래식:1
00000001810,1,2,90000,20251025: ,20251025: ,2025|클래식:1
00000003078,1,2,90000,20251025: ,20251025: ,2025|클래식:1
00000013777,2,4,171000,20251025: ,20251129: ,2025|클래식:1;2025|발레/연극:1
00000006472,1,2,90000,20251024: ,20251024: ,2025|클래식:1
00000012788,1,2,90000,20251025: ,20251025: ,2025|클래식:1
00000000487,1,2,90000,20251025: ,20251025: ,2025|클래식:1
00000011801,1,2,20000,20251026: ,20251026: ,2025|클래식:1
00000009821,1,2,90000,20251024: ,20251024: ,2025|클래식:1
00000009178,1,2,90000,20251026: ,20251026: ,2025|클래식:1
00000001193,1,2,90000,20251025: ,20251025: ,2025|클래식:1
00000019691,1,2,90000,20251025: ,20251025: ,2025|클래식:1
00000005550,1,2,90000,20251024: ,20251024: ,2025|클래식:1
00000014717,1,4,120000,20251025: ,20251025: ,2025|클래식:1
00000018632,1,4,40000,20251025: ,20251025: ,2025|클래식:1
00000013499,1,2,90000,20251025: ,20251025: ,2025|클래식:1
00000018306,1,2,90000,20251025: ,20251025: ,2025|클래식:1
00000006290,2,4,180000,20251023: ,20251024: ,2025|클래식:2
00000017656,1,2,90000,20251023: ,20251023: ,2025|클래식:1
00000022087,1,2,90000,20251024: ,20251024: ,2025|클래식:1
00000005074,1,2,90000,20251025: ,20251025: ,2025|클래식:1
00000002579,1,2,90000,20251025: ,20251025: ,2025|클래식:1
00000003032,1,2,90000,20251025: ,20251025: ,2025|클래식:1
00000013155,1,4,110000,20251026: ,20251026: ,2025|클래식:1
00000013764,1,2,90000,20251023: ,20251023: ,2025|클래식:1
00000015248,1,2,100000,20251025: ,20251025: ,2025|클래식:1
00000004375,1,2,90000,20251024: ,20251024: ,2025|클래식:1
00000000560,1,2,90000,20251025: ,20251025: ,2025|클래식:1
00000007598,1,2,90000,20251026: ,20251026: ,2025|클래식:1
00000017017,1,2,90000,20251024: ,20251024: ,2025|클래식:1
00000015002,1,2,90000,20251023: ,20251023: ,2025|클래식:1
00000013151,1,2,90000,20251025: ,20251025: ,2025|클래식:1
00000002130,1,2,90000,20251024: ,20251024: ,2025|클래식:1
00000004087,1,2,90000,20251025: ,20251025: ,2025|클래식:1
00000002812,1,3,140000,20251025: ,20251025: ,2025|클래식:1
00000021754,1,2,90000,20251024: ,20251024: ,2025|클래식:1
00000005933,1,2,90000,20251024: ,20251024: ,2025|클래식:1
00000007522,1,2,90000,20251024: ,20251024: ,2025|클래식:1
00000014951,1,2,90000,20251024: ,20251024: ,2025|클래식:1
00000003906,1,2,90000,20251025: ,20251025: ,2025|클래식:1
00000004716,1,2,90000,20251023: ,20251023: ,2025|클래식:1
00000015608,1,2,90000,20251025: ,20251025: ,2025|클래식:1
00000014207,1,2,90000,20251025: ,20251025: ,2025|클래식:1
00000001706,1,2,90000,20251024: ,20251024: ,2025|클래식:1
00000005204,1,1,45000,20251025: ,20251025: ,2025|클래식:1
00000004613,2,2,54000,20251025: ,20251026: ,2025|클래식:2
00000016497,2,4,144000,20251025: ,20251026: ,2025|클래식:2
00000003972,1,2,90000,20251025: ,20251025: ,2025|클래식:1
00000006529,2,2,215000,20251024: ,20251122: ,2025|클래식:1;2025|뮤지컬:1
00000004057,2,3,115000,20251023: ,20251023: ,2025|클래식:2
00000000369,1,1,45000,20251026: ,20251026: ,2025|클래식:1
00000011927,1,2,70000,20251025: ,20251025: ,2025|클래식:1
00000019093,1,2,70000,20251024: ,20251024: ,2025|클래식:1
00000008709,1,1,35000,20251023: ,20251023: ,2025|클래식:1
00000016793,1,18,630000,20251023: ,20251023: ,2025|클래식:1
00000010444,1,1,35000,20251024: ,20251024: ,2025|클래식:1
00000019965,1,1,35000,20251024: ,20251024: ,2025|클래식:1
00000021430,1,2,70000,20251023: ,20251023: ,2025|클래식:1
00000015467,1,2,70000,20251023: ,20251023: ,2025|클래식:1
00000005930,1,2,45000,20251025: ,20251025: ,2025|클래식:1
00000002038,2,3,333000,20251115: ,20251123: ,2025|클래식:1;2025|뮤지컬:1
00000004415,2,4,72000,20201017: ,20251115: ,2025|클래식:1;2020|클래식:1
00000015769,1,2,54000,20251115: ,20251115: ,2025|클래식:1
00000020162,1,4,84000,20251115: ,20251115: ,2025|클래식:1
00000016008,1,2,20000,20251115: ,20251115: ,2025|클래식:1
00000011259,1,2,60000,20251115: ,20251115: ,2025|클래식:1
00000019726,2,3,97000,20251115: ,20251204: ,2025|클래식:2
00000008485,2,3,114000,20251115: ,20251123: ,2025|클래식:1;2025|뮤지컬:1
00000020554,1,1,10000,20251115: ,20251115: ,2025|클래식:1
00000020361,2,4,94000,20251115: ,20251115: ,2025|클래식:2
00000010974,1,1,27000,20251115: ,20251115: ,2025|클래식:1
00000001520,1,4,74000,20251115: ,20251115: ,2025|클래식:1
00000016542,1,2,40000,20251115: ,20251115: ,2025|클래식:1
00000012239,1,2,54000,20251115: ,20251115: ,2025|클래식:1
00000014337,1,2,54000,20251115: ,20251115: ,2025|클래식:1
00000015071,1,2,54000,20251115: ,20251115: ,2025|클래식:1
00000003350,1,1,27000,20251115: ,20251115: ,2025|클래식:1
00000006013,1,2,54000,20251115: ,20251115: ,2025|클래식:1
00000013952,1,2,60000,20251115: ,20251115: ,2025|클래식:1
00000021842,1,3,84000,20251115: ,20251115: ,2025|클래식:1
00000001472,2,6,176500,20251115: ,20251129: ,2025|클래식:1;2025|발레/연극:1
00000017725,1,2,54000,20251115: ,20251115: ,2025|클래식:1
00000003571,1,2,54000,20251115: ,20251115: ,2025|클래식:1
00000011195,1,2,60000,20251115: ,20251115: ,2025|클래식:1
00000011871,1,2,37000,20251115: ,20251115: ,2025|클래식:1
00000019360,1,2,54000,20251115: ,20251115: ,2025|클래식:1
00000008151,1,2,37000,20251115: ,20251115: ,2025|클래식:1
00000011952,1,1,21000,20251115: ,20251115: ,2025|클래식:1
00000019756,1,3,50000,20251115: ,20251115: ,2025|클래식:1
00000000011,2,4,37000,20251115: ,20251129: ,2025|클래식:1;2025|발레/연극:1
00000010971,2,5,120000,20251115: ,20251129: ,2025|클래식:1;2025|발레/연극:1
00000022244,1,2,54000,20251115: ,20251115: ,2025|클래식:1
00000016891,1,2,37000,20251115: ,20251115: ,2025|클래식:1
00000022497,1,2,54000,20251115: ,20251115: ,2025|클래식:1
00000011262,1,2,37000,20251115: ,20251115: ,2025|클래식:1
00000014392,1,3,64000,20251115: ,20251115: ,2025|클래식:1
00000017540,2,4,360000,20251115: ,20251122: ,2025|클래식:1;2025|뮤지컬:1
00000003574,1,2,54000,20251115: ,20251115: ,2025|클래식:1
00000007474,1,4,84000,20251115: ,20251115: ,2025|클래식:1
00000011666,1,6,138000,20251115: ,20251115: ,2025|클래식:1
00000017027,2,8,168000,20251115: ,20251115: ,2025|클래식:2
00000001038,1,2,289000,20251123: ,20251123: ,2025|뮤지컬:1
00000010784,1,1,153000,20251123: ,20251123: ,2025|뮤지컬:1
00000008572,1,3,476000,20251123: ,20251123: ,2025|뮤지컬:1
00000007502,1,2,280000,20251123: ,20251123: ,2025|뮤지컬:1
00000001323,1,2,306000,20251122: ,20251122: ,2025|뮤지컬:1
00000018572,1,4,680000,20251123: ,20251123: ,2025|뮤지컬:1
00000007631,1,4,308000,20251123: ,20251123: ,2025|뮤지컬:1
00000019970,2,2,306000,20251122: ,20251122: ,2025|뮤지컬:2
00000019822,1,2,306000,20251123: ,20251123: ,2025|뮤지컬:1
00000003434,1,1,153000,20251122: ,20251122: ,2025|뮤지컬:1
00000016466,2,2,266000,20251123: ,20251123: ,2025|뮤지컬:2
00000020788,1,1,153000,20251122: ,20251122: ,2025|뮤지컬:1
00000018928,1,3,231000,20251122: ,20251122: ,2025|뮤지컬:1
00000013401,1,2,252000,20251122: ,20251122: ,2025|뮤지컬:1
00000011335,1,1,153000,20251123: ,20251123: ,2025|뮤지컬:1
00000019651,1,3,476000,20251122: ,20251122: ,2025|뮤지컬:1
00000002604,1,1,140000,20251123: ,20251123: ,2025|뮤지컬:1
00000009238,1,4,504000,20251122: ,20251122: ,2025|뮤지컬:1
00000013153,1,1,170000,20251122: ,20251122: ,2025|뮤지컬:1
00000020468,1,1,153000,20251122: ,20251122: ,2025|뮤지컬:1
00000017794,1,2,306000,20251123: ,20251123: ,2025|뮤지컬:1
00000006170,1,1,170000,20251122: ,20251122: ,2025|뮤지컬:1
00000022329,1,4,504000,20251123: ,20251123: ,2025|뮤지컬:1
00000001130,1,2,198000,20251122: ,20251122: ,2025|뮤지컬:1
00000009970,1,2,252000,20251122: ,20251122: ,2025|뮤지컬:1
00000014199,1,1,153000,20251122: ,20251122: ,2025|뮤지컬:1
00000001681,1,1,170000,20251122: ,20251122: ,2025|뮤지컬:1
00000019936,1,30,3780000,20251122: ,20251122: ,2025|뮤지컬:1
00000005766,1,4,352000,20251122: ,20251122: ,2025|뮤지컬:1
00000004358,1,1,140000,20251123: ,20251123: ,2025|뮤지컬:1
00000006264,1,1,77000,20251123: ,20251123: ,2025|뮤지컬:1
00000017275,1,1,153000,20251122: ,20251122: ,2025|뮤지컬:1
00000002321,1,2,340000,20251122: ,20251122: ,2025|뮤지컬:1
00000015578,2,2,239000,20251123: ,20251123: ,2025|뮤지컬:2
00000012311,1,2,340000,20251123: ,20251123: ,2025|뮤지컬:1
00000017824,1,3,476000,20251122: ,20251122: ,2025|뮤지컬:1
00000011668,1,2,306000,20251122: ,20251122: ,2025|뮤지컬:1
00000013930,1,2,306000,20251122: ,20251122: ,2025|뮤지컬:1
00000017256,1,2,198000,20251123: ,20251123: ,2025|뮤지컬:1
00000007625,1,2,306000,20251122: ,20251122: ,2025|뮤지컬:1
00000008840,1,1,153000,20251122: ,20251122: ,2025|뮤지컬:1
00000016739,1,2,306000,20251123: ,20251123: ,2025|뮤지컬:1
00000004092,1,4,396000,20251122: ,20251122: ,2025|뮤지컬:1
00000001805,1,2,340000,20251122: ,20251122: ,2025|뮤지컬:1
00000004548,2,3,510000,20251122: ,20251122: ,2025|뮤지컬:2
00000005934,1,1,153000,20251123: ,20251123: ,2025|뮤지컬:1
00000016419,1,1,99000,20251123: ,20251123: ,2025|뮤지컬:1
00000020427,1,1,99000,20251123: ,20251123: ,2025|뮤지컬:1
00000003298,1,2,306000,20251122: ,20251122: ,2025|뮤지컬:1
00000008847,1,2,280000,20251123: ,20251123: ,2025|뮤지컬:1
00000008859,1,2,340000,20251122: ,20251122: ,2025|뮤지컬:1
00000000940,1,1,170000,20251122: ,20251122: ,2025|뮤지컬:1
00000012079,2,3,476000,20251122: ,20251122: ,2025|뮤지컬:2
00000006108,1,2,289000,20251123: ,20251123: ,2025|뮤지컬:1
00000007054,1,1,153000,20251122: ,20251122: ,2025|뮤지컬:1
00000015292,1,2,306000,20251122: ,20251122: ,2025|뮤지컬:1
00000017076,1,2,252000,20251122: ,20251122: ,2025|뮤지컬:1
00000013648,1,2,340000,20251123: ,20251123: ,2025|뮤지컬:1
00000015421,1,4,612000,20251122: ,20251122: ,2025|뮤지컬:1
00000013361,1,4,578000,20251123: ,20251123: ,2025|뮤지컬:1
00000003764,1,2,289000,20251123: ,20251123: ,2025|뮤지컬:1
00000012494,1,2,252000,20251123: ,20251123: ,2025|뮤지컬:1
00000006003,1,1,153000,20251122: ,20251122: ,2025|뮤지컬:1
00000002297,1,2,252000,20251122: ,20251122: ,2025|뮤지컬:1
00000006844,2,2,154000,20251122: ,20251122: ,2025|뮤지컬:2
00000016567,1,2,220000,20251123: ,20251123: ,2025|뮤지컬:1
00000013585,1,2,340000,20251122: ,20251122: ,2025|뮤지컬:1
00000013595,3,4,680000,20251123: ,20251123: ,2025|뮤지컬:3
00000018054,1,1,126000,20251123: ,20251123: ,2025|뮤지컬:1
00000001535,1,2,280000,20251122: ,20251122: ,2025|뮤지컬:1
00000005287,1,2,198000,20251123: ,20251123: ,2025|뮤지컬:1
00000008101,1,4,612000,20251123: ,20251123: ,2025|뮤지컬:1
00000014429,1,4,612000,20251123: ,20251123: ,2025|뮤지컬:1
00000016697,1,1,110000,20251123: ,20251123: ,2025|뮤지컬:1
00000003799,1,1,126000,20251123: ,20251123: ,2025|뮤지컬:1
00000006195,1,2,154000,20251122: ,20251122: ,2025|뮤지컬:1
00000013108,1,1,170000,20251123: ,20251123: ,2025|뮤지컬:1
00000009005,2,2,323000,20251122: ,20251123: ,2025|뮤지컬:2
00000005029,1,2,198000,20251123: ,20251123: ,2025|뮤지컬:1
00000017662,2,3,392000,20251122: ,20251122: ,2025|뮤지컬:2
00000020477,1,2,306000,20251122: ,20251122: ,2025|뮤지컬:1
00000010930,1,1,126000,20251122: ,20251122: ,2025|뮤지컬:1
00000010567,2,3,368000,20251123: ,20251123: ,2025|뮤지컬:2
00000013266,1,2,252000,20251122: ,20251122: ,2025|뮤지컬:1
00000017466,1,1,99000,20251122: ,20251122: ,2025|뮤지컬:1
00000013990,1,1,110000,20251122: ,20251122: ,2025|뮤지컬:1
00000002649,2,8,473500,20251122: ,20251129: ,2025|뮤지컬:1;2025|발레/연극:1
00000007741,2,2,206000,20251123: ,20251129: ,2025|뮤지컬:1;2025|발레/연극:1
00000001379,1,2,306000,20251122: ,20251122: ,2025|뮤지컬:1
00000012359,1,2,198000,20251123: ,20251123: ,2025|뮤지컬:1
00000018482,2,4,663000,20251122: ,20251122: ,2025|뮤지컬:2
00000013833,2,5,630000,20251123: ,20251123: ,2025|뮤지컬:2
00000000922,1,2,220000,20251123: ,20251123: ,2025|뮤지컬:1
00000002170,1,2,306000,20251122: ,20251122: ,2025|뮤지컬:1
00000005597,1,1,170000,20251123: ,20251123: ,2025|뮤지컬:1
00000012658,1,4,612000,20251122: ,20251122: ,2025|뮤지컬:1
00000010298,1,1,77000,20251122: ,20251122: ,2025|뮤지컬:1
00000007951,1,2,306000,20251122: ,20251122: ,2025|뮤지컬:1
00000014819,1,2,306000,20251123: ,20251123: ,2025|뮤지컬:1
00000009270,1,2,306000,20251122: ,20251122: ,2025|뮤지컬:1
00000010794,1,2,306000,20251123: ,20251123: ,2025|뮤지컬:1
00000017054,1,1,153000,20251123: ,20251123: ,2025|뮤지컬:1
00000010723,1,1,99000,20251122: ,20251122: ,2025|뮤지컬:1
00000013704,1,2,306000,20251123: ,20251123: ,2025|뮤지컬:1
00000013593,1,3,392000,20251122: ,20251122: ,2025|뮤지컬:1
00000001730,1,2,340000,20251122: ,20251122: ,2025|뮤지컬:1
00000000898,1,2,306000,20251122: ,20251122: ,2025|뮤지컬:1
00000019907,1,3,476000,20251122: ,20251122: ,2025|뮤지컬:1
00000009658,1,4,612000,20251122: ,20251122: ,2025|뮤지컬:1
00000008410,1,2,176000,20251123: ,20251123: ,2025|뮤지컬:1
00000014746,1,1,153000,20251122: ,20251122: ,2025|뮤지컬:1
00000012389,1,2,306000,20251123: ,20251123: ,2025|뮤지컬:1
00000017459,1,2,306000,20251123: ,20251123: ,2025|뮤지컬:1
00000014138,1,3,476000,20251122: ,20251122: ,2025|뮤지컬:1
00000020561,2,3,476000,20251123: ,20251123: ,2025|뮤지컬:2
00000021635,1,1,153000,20251123: ,20251123: ,2025|뮤지컬:1
00000004854,1,2,280000,20251123: ,20251123: ,2025|뮤지컬:1
00000016253,1,1,170000,20251122: ,20251122: ,2025|뮤지컬:1
00000012281,1,2,252000,20251122: ,20251122: ,2025|뮤지컬:1
00000006121,2,2,263500,20251122: ,20251123: ,2025|뮤지컬:2
00000020948,1,1,170000,20251122: ,20251122: ,2025|뮤지컬:1
00000002702,1,2,289000,20251123: ,20251123: ,2025|뮤지컬:1
00000019915,2,2,323000,20251122: ,20251123: ,2025|뮤지컬:2
00000007774,1,2,252000,20251123: ,20251123: ,2025|뮤지컬:1
00000007188,1,1,153000,20251122: ,20251122: ,2025|뮤지컬:1
00000003438,2,2,306000,20251123: ,20251123: ,2025|뮤지컬:2
00000010291,3,4,406000,20201126: ,20251123: ,2025|뮤지컬:1;2020|클래식:2
00000021219,1,1,99000,20251123: ,20251123: ,2025|뮤지컬:1
00000021144,1,2,306000,20251123: ,20251123: ,2025|뮤지컬:1
00000017242,2,2,340000,20251122: ,20251122: ,2025|뮤지컬:2
00000000951,1,3,392000,20251122: ,20251122: ,2025|뮤지컬:1
00000014362,1,2,306000,20251122: ,20251122: ,2025|뮤지컬:1
00000011151,1,2,252000,20251122: ,20251122: ,2025|뮤지컬:1
00000010042,1,3,275000,20251122: ,20251122: ,2025|뮤지컬:1
00000000265,1,2,220000,20251122: ,20251122: ,2025|뮤지컬:1
00000001427,1,2,306000,20251123: ,20251123: ,2025|뮤지컬:1
00000020590,1,3,392000,20251122: ,20251122: ,2025|뮤지컬:1
00000001120,1,4,612000,20251122: ,20251122: ,2025|뮤지컬:1
00000010101,1,2,306000,20251122: ,20251122: ,2025|뮤지컬:1
00000006982,1,2,198000,20251123: ,20251123: ,2025|뮤지컬:1
00000019529,1,1,170000,20251123: ,20251123: ,2025|뮤지컬:1
00000007814,1,1,153000,20251122: ,20251122: ,2025|뮤지컬:1
00000011497,1,2,306000,20251123: ,20251123: ,2025|뮤지컬:1
00000017405,1,2,306000,20251122: ,20251122: ,2025|뮤지컬:1
00000015995,1,4,612000,20251122: ,20251122: ,2025|뮤지컬:1
00000022453,1,2,306000,20251123: ,20251123: ,2025|뮤지컬:1
00000018900,1,1,170000,20251122: ,20251122: ,2025|뮤지컬:1
00000001322,1,1,170000,20251122: ,20251122: ,2025|뮤지컬:1
00000011495,1,1,170000,20251122: ,20251122: ,2025|뮤지컬:1
00000001173,1,1,153000,20251122: ,20251122: ,2025|뮤지컬:1
00000022335,1,1,126000,20251122: ,20251122: ,2025|뮤지컬:1
00000021457,1,4,504000,20251122: ,20251122: ,2025|뮤지컬:1
00000022443,1,1,153000,20251122: ,20251122: ,2025|뮤지컬:1
00000019536,1,2,252000,20251123: ,20251123: ,2025|뮤지컬:1
00000004290,1,4,612000,20251122: ,20251122: ,2025|뮤지컬:1
00000018832,1,4,612000,20251123: ,20251123: ,2025|뮤지컬:1
00000015659,1,3,308000,20251122: ,20251122: ,2025|뮤지컬:1
00000022248,1,1,153000,20251122: ,20251122: ,2025|뮤지컬:1
00000000767,1,2,280000,20251122: ,20251122: ,2025|뮤지컬:1
00000012019,1,4,612000,20251122: ,20251122: ,2025|뮤지컬:1
00000021942,1,2,306000,20251122: ,20251122: ,2025|뮤지컬:1
00000016730,1,2,306000,20251123: ,20251123: ,2025|뮤지컬:1
00000020061,1,2,306000,20251122: ,20251122: ,2025|뮤지컬:1
00000001507,1,1,170000,20251122: ,20251122: ,2025|뮤지컬:1
00000020137,1,2,306000,20251122: ,20251122: ,2025|뮤지컬:1
00000020210,1,2,252000,20251123: ,20251123: ,2025|뮤지컬:1
00000019377,2,2,279000,20251122: ,20251123: ,2025|뮤지컬:2
00000021937,2,2,289000,20251123: ,20251123: ,2025|뮤지컬:2
00000021746,1,1,170000,20251122: ,20251122: ,2025|뮤지컬:1
00000016279,1,2,306000,20251123: ,20251123: ,2025|뮤지컬:1
00000002308,1,2,306000,20251122: ,20251122: ,2025|뮤지컬:1
00000018602,1,2,252000,20251122: ,20251122: ,2025|뮤지컬:1
00000016055,1,1,153000,20251123: ,20251123: ,2025|뮤지컬:1
00000001443,1,1,136000,20251122: ,20251122: ,2025|뮤지컬:1
00000008090,1,1,153000,20251123: ,20251123: ,2025|뮤지컬:1
00000014732,1,2,306000,20251122: ,20251122: ,2025|뮤지컬:1
00000022047,1,2,306000,20251123: ,20251123: ,2025|뮤지컬:1
00000013860,1,1,170000,20251122: ,20251122: ,2025|뮤지컬:1
00000007965,1,1,170000,20251122: ,20251122: ,2025|뮤지컬:1
00000019012,1,2,306000,20251123: ,20251123: ,2025|뮤지컬:1
00000012425,1,2,306000,20251123: ,20251123: ,2025|뮤지컬:1
00000022254,1,3,476000,20251122: ,20251122: ,2025|뮤지컬:1
00000018134,1,2,306000,20251123: ,20251123: ,2025|뮤지컬:1
00000012148,2,2,340000,20251123: ,20251123: ,2025|뮤지컬:2
00000014159,1,2,340000,20251123: ,20251123: ,2025|뮤지컬:1
00000004776,1,2,306000,20251123: ,20251123: ,2025|뮤지컬:1
00000020111,1,1,170000,20251123: ,20251123: ,2025|뮤지컬:1
00000007905,1,2,306000,20251122: ,20251122: ,2025|뮤지컬:1
00000011102,1,2,340000,20251123: ,20251123: ,2025|뮤지컬:1
00000021715,2,2,340000,20251122: ,20251123: ,2025|뮤지컬:2
00000004840,1,2,252000,20251123: ,20251123: ,2025|뮤지컬:1
00000017340,1,2,340000,20251123: ,20251123: ,2025|뮤지컬:1
00000012339,1,2,198000,20251123: ,20251123: ,2025|뮤지컬:1
00000019968,1,2,176000,20251123: ,20251123: ,2025|뮤지컬:1
00000015041,1,2,198000,20251123: ,20251123: ,2025|뮤지컬:1
00000019482,2,2,198000,20251123: ,20251123: ,2025|뮤지컬:2
00000003782,1,2,306000,20251123: ,20251123: ,2025|뮤지컬:1
00000014909,1,1,153000,20251123: ,20251123: ,2025|뮤지컬:1
00000006932,1,4,396000,20251123: ,20251123: ,2025|뮤지컬:1
00000007323,1,2,306000,20251122: ,20251122: ,2025|뮤지컬:1
00000000294,1,2,340000,20251122: ,20251122: ,2025|뮤지컬:1
00000016254,1,2,252000,20251123: ,20251123: ,2025|뮤지컬:1
00000001477,1,2,306000,20251123: ,20251123: ,2025|뮤지컬:1
00000020440,1,2,340000,20251123: ,20251123: ,2025|뮤지컬:1
00000004711,1,2,252000,20251123: ,20251123: ,2025|뮤지컬:1
00000019121,3,8,1224000,20251122: ,20251122: ,2025|뮤지컬:3
00000019220,1,2,306000,20251123: ,20251123: ,2025|뮤지컬:1
00000017041,1,3,476000,20251122: ,20251122: ,2025|뮤지컬:1
00000019883,1,2,306000,20251122: ,20251122: ,2025|뮤지컬:1
00000007608,1,2,306000,20251123: ,20251123: ,2025|뮤지컬:1
00000009038,1,1,153000,20251122: ,20251122: ,2025|뮤지컬:1
00000012098,1,1,153000,20251122: ,20251122: ,2025|뮤지컬:1
00000021121,1,2,306000,20251123: ,20251123: ,2025|뮤지컬:1
00000018052,1,2,340000,20251123: ,20251123: ,2025|뮤지컬:1
00000017429,1,2,306000,20251123: ,20251123: ,2025|뮤지컬:1
00000004105,1,1,170000,20251122: ,20251122: ,2025|뮤지컬:1
00000000124,1,2,252000,20251123: ,20251123: ,2025|뮤지컬:1
00000006967,1,2,306000,20251123: ,20251123: ,2025|뮤지컬:1
00000020328,1,1,153000,20251123: ,20251123: ,2025|뮤지컬:1
00000002850,1,1,153000,20251122: ,20251122: ,2025|뮤지컬:1
00000020483,1,1,170000,20251122: ,20251122: ,2025|뮤지컬:1
00000020701,1,2,306000,20251122: ,20251122: ,2025|뮤지컬:1
00000003309,2,2,306000,20251122: ,20251122: ,2025|뮤지컬:2
00000016731,1,2,306000,20251123: ,20251123: ,2025|뮤지컬:1
00000007890,1,2,306000,20251123: ,20251123: ,2025|뮤지컬:1
00000015878,1,2,306000,20251123: ,20251123: ,2025|뮤지컬:1
00000011463,2,2,306000,20251122: ,20251123: ,2025|뮤지컬:2
00000012326,1,3,510000,20251122: ,20251122: ,2025|뮤지컬:1
00000005914,1,1,126000,20251123: ,20251123: ,2025|뮤지컬:1
00000020174,1,2,198000,20251123: ,20251123: ,2025|뮤지컬:1
00000010039,1,2,306000,20251123: ,20251123: ,2025|뮤지컬:1
00000022440,1,2,306000,20251122: ,20251122: ,2025|뮤지컬:1
00000011370,1,2,340000,20251122: ,20251122: ,2025|뮤지컬:1
00000004923,1,2,306000,20251122: ,20251122: ,2025|뮤지컬:1
00000003109,1,1,153000,20251123: ,20251123: ,2025|뮤지컬:1
00000021313,1,2,289000,20251123: ,20251123: ,2025|뮤지컬:1
00000004400,2,3,476000,20251122: ,20251122: ,2025|뮤지컬:2
00000019274,1,2,340000,20251123: ,20251123: ,2025|뮤지컬:1
00000012726,1,2,340000,20251123: ,20251123: ,2025|뮤지컬:1
00000008089,1,2,306000,20251122: ,20251122: ,2025|뮤지컬:1
00000015426,1,1,170000,20251122: ,20251122: ,2025|뮤지컬:1
00000007916,1,2,306000,20251122: ,20251122: ,2025|뮤지컬:1
00000017149,1,2,306000,20251123: ,20251123: ,2025|뮤지컬:1
00000016954,1,2,306000,20251123: ,20251123: ,2025|뮤지컬:1
00000017588,1,2,306000,20251123: ,20251123: ,2025|뮤지컬:1
00000016070,1,2,280000,20251123: ,20251123: ,2025|뮤지컬:1
00000009006,2,3,476000,20251122: ,20251122: ,2025|뮤지컬:2
00000011703,1,1,153000,20251123: ,20251123: ,2025|뮤지컬:1
00000022123,1,1,153000,20251122: ,20251122: ,2025|뮤지컬:1
00000003756,3,3,510000,20251122: ,20251122: ,2025|뮤지컬:3
00000000325,1,2,340000,20251123: ,20251123: ,2025|뮤지컬:1
00000013429,2,4,646000,20251122: ,20251123: ,2025|뮤지컬:2
00000007170,1,1,153000,20251122: ,20251122: ,2025|뮤지컬:1
00000006305,2,2,306000,20251122: ,20251123: ,2025|뮤지컬:2
00000006551,1,2,280000,20251123: ,20251123: ,2025|뮤지컬:1
00000013224,1,1,99000,20251123: ,20251123: ,2025|뮤지컬:1
00000015976,2,3,510000,20251123: ,20251123: ,2025|뮤지컬:2
00000021107,1,2,198000,20251123: ,20251123: ,2025|뮤지컬:1
00000005301,1,1,170000,20251122: ,20251122: ,2025|뮤지컬:1
00000019621,1,1,153000,20251123: ,20251123: ,2025|뮤지컬:1
00000002690,1,2,306000,20251123: ,20251123: ,2025|뮤지컬:1
00000012442,1,4,612000,20251122: ,20251122: ,2025|뮤지컬:1
00000021112,1,2,289000,20251123: ,20251123: ,2025|뮤지컬:1
00000019268,1,1,170000,20251122: ,20251122: ,2025|뮤지컬:1
00000009698,1,3,433500,20251122: ,20251122: ,2025|뮤지컬:1
00000012055,1,2,306000,20251123: ,20251123: ,2025|뮤지컬:1
00000009612,1,1,153000,20251123: ,20251123: ,2025|뮤지컬:1
00000002625,1,3,433500,20251122: ,20251122: ,2025|뮤지컬:1
00000004026,1,2,340000,20251123: ,20251123: ,2025|뮤지컬:1
00000021589,1,1,153000,20251122: ,20251122: ,2025|뮤지컬:1
00000021626,1,2,306000,20251122: ,20251122: ,2025|뮤지컬:1
00000000230,2,3,510000,20251123: ,20251123: ,2025|뮤지컬:2
00000015372,1,1,153000,20251122: ,20251122: ,2025|뮤지컬:1
00000014672,1,2,306000,20251122: ,20251122: ,2025|뮤지컬:1
00000010204,2,2,340000,20251122: ,20251122: ,2025|뮤지컬:2
00000005582,1,1,170000,20251123: ,20251123: ,2025|뮤지컬:1
00000003431,2,2,306000,20251122: ,20251122: ,2025|뮤지컬:2
00000008655,1,1,153000,20251122: ,20251122: ,2025|뮤지컬:1
00000001910,1,1,153000,20251122: ,20251122: ,2025|뮤지컬:1
00000016132,1,2,340000,20251122: ,20251122: ,2025|뮤지컬:1
00000016583,1,4,612000,20251123: ,20251123: ,2025|뮤지컬:1
00000008787,2,2,323000,20251122: ,20251122: ,2025|뮤지컬:2
00000022517,1,1,170000,20251122: ,20251122: ,2025|뮤지컬:1
00000007020,1,1,170000,20251123: ,20251123: ,2025|뮤지컬:1
00000016191,1,2,340000,20251122: ,20251122: ,2025|뮤지컬:1
00000007022,2,2,340000,20251122: ,20251122: ,2025|뮤지컬:2
00000013917,1,4,476000,20251122: ,20251122: ,2025|뮤지컬:1
00000020381,1,1,99000,20251122: ,20251122: ,2025|뮤지컬:1
00000013606,1,1,170000,20251123: ,20251123: ,2025|뮤지컬:1
00000017761,2,2,340000,20251123: ,20251123: ,2025|뮤지컬:2
00000001264,1,1,153000,20251123: ,20251123: ,2025|뮤지컬:1
00000016994,1,2,306000,20251122: ,20251122: ,2025|뮤지컬:1
00000015179,1,2,306000,20251122: ,20251122: ,2025|뮤지컬:1
00000013430,1,2,340000,20251122: ,20251122: ,2025|뮤지컬:1
00000011109,1,4,612000,20251122: ,20251122: ,2025|뮤지컬:1
00000006338,1,3,476000,20251122: ,20251122: ,2025|뮤지컬:1
00000017795,1,2,306000,20251122: ,20251122: ,2025|뮤지컬:1
00000016237,2,2,306000,20251123: ,20251123: ,2025|뮤지컬:2
00000003147,1,2,306000,20251122: ,20251122: ,2025|뮤지컬:1
00000000079,1,2,306000,20251123: ,20251123: ,2025|뮤지컬:1
00000012797,1,1,99000,20251123: ,20251123: ,2025|뮤지컬:1
00000012634,1,3,510000,20251123: ,20251123: ,2025|뮤지컬:1
00000019266,1,2,340000,20251123: ,20251123: ,2025|뮤지컬:1
00000018554,1,2,306000,20251122: ,20251122: ,2025|뮤지컬:1
00000019180,1,1,153000,20251123: ,20251123: ,2025|뮤지컬:1
00000002563,1,2,306000,20251122: ,20251122: ,2025|뮤지컬:1
00000019716,1,4,612000,20251122: ,20251122: ,2025|뮤지컬:1
00000010129,1,4,504000,20251122: ,20251122: ,2025|뮤지컬:1
00000012481,1,2,306000,20251122: ,20251122: ,2025|뮤지컬:1
00000014222,1,1,153000,20251122: ,20251122: ,2025|뮤지컬:1
00000009253,1,2,306000,20251122: ,20251122: ,2025|뮤지컬:1
00000018919,1,3,307000,20251123: ,20251123: ,2025|뮤지컬:1
00000002725,1,2,280000,20251122: ,20251122: ,2025|뮤지컬:1
00000000805,1,1,170000,20251122: ,20251122: ,2025|뮤지컬:1
00000008605,1,2,323000,20251123: ,20251123: ,2025|뮤지컬:1
00000012291,1,1,153000,20251122: ,20251122: ,2025|뮤지컬:1
00000019714,1,2,198000,20251122: ,20251122: ,2025|뮤지컬:1
00000002489,1,3,476000,20251122: ,20251122: ,2025|뮤지컬:1
00000006875,2,4,270000,20200619: ,20251123: ,2025|뮤지컬:1;2020|클래식:1
00000003458,1,2,306000,20251122: ,20251122: ,2025|뮤지컬:1
00000022398,1,2,340000,20251123: ,20251123: ,2025|뮤지컬:1
00000002072,3,12,718500,20201024: ,20251129: ,2025|뮤지컬:1;2025|발레/연극:1;2020|뮤지컬:1
00000011450,1,2,306000,20251123: ,20251123: ,2025|뮤지컬:1
00000020826,1,2,306000,20251123: ,20251123: ,2025|뮤지컬:1
00000020051,1,1,126000,20251123: ,20251123: ,2025|뮤지컬:1
00000004849,2,3,476000,20251122: ,20251122: ,2025|뮤지컬:2
00000022193,1,2,306000,20251122: ,20251122: ,2025|뮤지컬:1
00000018613,1,2,306000,20251123: ,20251123: ,2025|뮤지컬:1
00000017748,1,2,340000,20251123: ,20251123: ,2025|뮤지컬:1
00000015228,1,1,153000,20251122: ,20251122: ,2025|뮤지컬:1
00000021911,1,2,306000,20251123: ,20251123: ,2025|뮤지컬:1
00000003775,1,2,306000,20251122: ,20251122: ,2025|뮤지컬:1
00000014929,2,2,340000,20251123: ,20251123: ,2025|뮤지컬:2
00000010630,2,3,493000,20251123: ,20251123: ,2025|뮤지컬:2
00000016024,1,2,306000,20251123: ,20251123: ,2025|뮤지컬:1
00000012118,1,2,280000,20251123: ,20251123: ,2025|뮤지컬:1
00000004544,1,1,110000,20251123: ,20251123: ,2025|뮤지컬:1
00000004779,1,1,136000,20251123: ,20251123: ,2025|뮤지컬:1
00000004573,1,2,306000,20251122: ,20251122: ,2025|뮤지컬:1
00000001719,1,2,340000,20251122: ,20251122: ,2025|뮤지컬:1
00000008974,1,2,306000,20251122: ,20251122: ,2025|뮤지컬:1
00000018791,1,2,340000,20251122: ,20251122: ,2025|뮤지컬:1
00000013085,2,4,646000,20251122: ,20251123: ,2025|뮤지컬:2
00000007743,1,2,252000,20251123: ,20251123: ,2025|뮤지컬:1
00000011483,1,2,340000,20251122: ,20251122: ,2025|뮤지컬:1
00000018070,1,1,170000,20251122: ,20251122: ,2025|뮤지컬:1
00000007622,1,2,306000,20251122: ,20251122: ,2025|뮤지컬:1
00000015874,1,2,306000,20251123: ,20251123: ,2025|뮤지컬:1
00000021556,1,2,306000,20251123: ,20251123: ,2025|뮤지컬:1
00000012623,1,2,198000,20251123: ,20251123: ,2025|뮤지컬:1
00000002048,1,4,680000,20251122: ,20251122: ,2025|뮤지컬:1
00000013526,1,1,153000,20251122: ,20251122: ,2025|뮤지컬:1
00000003054,1,1,153000,20251123: ,20251123: ,2025|뮤지컬:1
00000011660,1,2,340000,20251123: ,20251123: ,2025|뮤지컬:1
00000004150,1,3,275000,20251123: ,20251123: ,2025|뮤지컬:1
00000014713,1,1,153000,20251123: ,20251123: ,2025|뮤지컬:1
00000008040,1,2,252000,20251122: ,20251122: ,2025|뮤지컬:1
00000004775,1,2,252000,20251123: ,20251123: ,2025|뮤지컬:1
00000008444,1,2,306000,20251123: ,20251123: ,2025|뮤지컬:1
00000017030,1,2,252000,20251123: ,20251123: ,2025|뮤지컬:1
00000008856,1,2,306000,20251122: ,20251122: ,2025|뮤지컬:1
00000011200,1,1,153000,20251123: ,20251123: ,2025|뮤지컬:1
00000000565,1,2,340000,20251122: ,20251122: ,2025|뮤지컬:1
00000004941,2,6,952000,20251122: ,20251123: ,2025|뮤지컬:2
00000005324,1,1,126000,20251123: ,20251123: ,2025|뮤지컬:1
00000005150,1,2,252000,20251123: ,20251123: ,2025|뮤지컬:1
00000021145,1,1,153000,20251123: ,20251123: ,2025|뮤지컬:1
00000014479,1,2,306000,20251123: ,20251123: ,2025|뮤지컬:1
00000012541,1,4,612000,20251122: ,20251122: ,2025|뮤지컬:1
00000022238,1,1,126000,20251123: ,20251123: ,2025|뮤지컬:1
00000007021,1,1,170000,20251123: ,20251123: ,2025|뮤지컬:1
00000008278,1,2,252000,20251123: ,20251123: ,2025|뮤지컬:1
00000022189,1,2,340000,20251123: ,20251123: ,2025|뮤지컬:1
00000000616,1,2,306000,20251123: ,20251123: ,2025|뮤지컬:1
00000000861,1,2,340000,20251123: ,20251123: ,2025|뮤지컬:1
00000012639,1,1,153000,20251123: ,20251123: ,2025|뮤지컬:1
00000013800,1,2,306000,20251123: ,20251123: ,2025|뮤지컬:1
00000014983,1,2,198000,20251123: ,20251123: ,2025|뮤지컬:1
00000015883,1,2,306000,20251122: ,20251122: ,2025|뮤지컬:1
00000019286,1,2,340000,20251122: ,20251122: ,2025|뮤지컬:1
00000021605,2,2,340000,20251123: ,20251123: ,2025|뮤지컬:2
00000010507,1,2,198000,20251123: ,20251123: ,2025|뮤지컬:1
00000017190,1,2,340000,20251123: ,20251123: ,2025|뮤지컬:1
00000016570,1,2,306000,20251123: ,20251123: ,2025|뮤지컬:1
00000008677,1,2,252000,20251123: ,20251123: ,2025|뮤지컬:1
00000016714,1,2,306000,20251123: ,20251123: ,2025|뮤지컬:1
00000000712,2,8,508500,20251123: ,20251128: ,2025|뮤지컬:1;2025|발레/연극:1
00000016914,2,3,510000,20251123: ,20251123: ,2025|뮤지컬:2
00000010997,1,2,340000,20251123: ,20251123: ,2025|뮤지컬:1
00000001944,1,1,170000,20251122: ,20251122: ,2025|뮤지컬:1
00000022551,1,2,252000,20251122: ,20251122: ,2025|뮤지컬:1
00000014971,1,2,252000,20251123: ,20251123: ,2025|뮤지컬:1
00000002472,1,4,612000,20251123: ,20251123: ,2025|뮤지컬:1
00000022235,1,2,306000,20251123: ,20251123: ,2025|뮤지컬:1
00000011237,1,2,306000,20251123: ,20251123: ,2025|뮤지컬:1
00000016985,1,2,340000,20251122: ,20251122: ,2025|뮤지컬:1
00000016433,1,2,340000,20251123: ,20251123: ,2025|뮤지컬:1
00000003545,1,4,612000,20251123: ,20251123: ,2025|뮤지컬:1
00000007718,1,2,340000,20251123: ,20251123: ,2025|뮤지컬:1
00000013818,1,2,340000,20251123: ,20251123: ,2025|뮤지컬:1
00000014132,1,2,340000,20251123: ,20251123: ,2025|뮤지컬:1
00000014071,1,3,476000,20251123: ,20251123: ,2025|뮤지컬:1
00000009416,1,2,306000,20251123: ,20251123: ,2025|뮤지컬:1
00000001284,1,3,433500,20251123: ,20251123: ,2025|뮤지컬:1
00000004428,1,2,306000,20251123: ,20251123: ,2025|뮤지컬:1
00000010338,1,2,340000,20251123: ,20251123: ,2025|뮤지컬:1
00000010855,1,2,252000,20251123: ,20251123: ,2025|뮤지컬:1
00000020054,1,2,306000,20251123: ,20251123: ,2025|뮤지컬:1
00000011230,1,2,340000,20251123: ,20251123: ,2025|뮤지컬:1
00000017698,1,2,340000,20251123: ,20251123: ,2025|뮤지컬:1
00000013628,1,2,340000,20251123: ,20251123: ,2025|뮤지컬:1
00000013274,1,2,340000,20251123: ,20251123: ,2025|뮤지컬:1
00000013988,1,2,306000,20251123: ,20251123: ,2025|뮤지컬:1
00000008576,1,2,340000,20251123: ,20251123: ,2025|뮤지컬:1
00000009823,1,2,306000,20251122: ,20251122: ,2025|뮤지컬:1
00000001071,1,2,340000,20251123: ,20251123: ,2025|뮤지컬:1
00000017218,1,1,170000,20251122: ,20251122: ,2025|뮤지컬:1
00000012152,1,1,170000,20251123: ,20251123: ,2025|뮤지컬:1
00000017809,1,2,340000,20251123: ,20251123: ,2025|뮤지컬:1
00000000782,1,2,340000,20251123: ,20251123: ,2025|뮤지컬:1
00000017535,1,2,340000,20251122: ,20251122: ,2025|뮤지컬:1
00000002060,1,4,612000,20251123: ,20251123: ,2025|뮤지컬:1
00000020689,1,2,340000,20251123: ,20251123: ,2025|뮤지컬:1
00000012061,1,2,252000,20251123: ,20251123: ,2025|뮤지컬:1
00000010381,1,2,306000,20251123: ,20251123: ,2025|뮤지컬:1
00000014882,1,2,340000,20251122: ,20251122: ,2025|뮤지컬:1
00000001449,1,2,340000,20251123: ,20251123: ,2025|뮤지컬:1
00000016325,1,1,77000,20251123: ,20251123: ,2025|뮤지컬:1
00000006371,1,2,340000,20251123: ,20251123: ,2025|뮤지컬:1
00000012300,1,1,170000,20251123: ,20251123: ,2025|뮤지컬:1
00000012786,1,2,340000,20251123: ,20251123: ,2025|뮤지컬:1
00000006018,1,2,340000,20251123: ,20251123: ,2025|뮤지컬:1
00000010736,1,1,170000,20251123: ,20251123: ,2025|뮤지컬:1
00000019283,1,2,340000,20251123: ,20251123: ,2025|뮤지컬:1
00000004993,1,1,170000,20251123: ,20251123: ,2025|뮤지컬:1
00000021495,1,1,77000,20251123: ,20251123: ,2025|뮤지컬:1
00000008052,1,1,170000,20251123: ,20251123: ,2025|뮤지컬:1
00000000753,1,2,340000,20251123: ,20251123: ,2025|뮤지컬:1
00000001018,1,2,340000,20251123: ,20251123: ,2025|뮤지컬:1
00000006917,1,1,170000,20251122: ,20251122: ,2025|뮤지컬:1
00000020691,1,1,170000,20251123: ,20251123: ,2025|뮤지컬:1
00000001223,1,1,77000,20251122: ,20251122: ,2025|뮤지컬:1
00000017394,1,2,340000,20251122: ,20251122: ,2025|뮤지컬:1
00000019138,1,4,612000,20251122: ,20251122: ,2025|뮤지컬:1
00000020121,1,2,340000,20251122: ,20251122: ,2025|뮤지컬:1
00000015734,1,2,272000,20251122: ,20251122: ,2025|뮤지컬:1
00000019611,1,2,340000,20251122: ,20251122: ,2025|뮤지컬:1
00000015018,1,2,340000,20251123: ,20251123: ,2025|뮤지컬:1
00000000171,1,1,170000,20251123: ,20251123: ,2025|뮤지컬:1
00000017025,1,2,340000,20251122: ,20251122: ,2025|뮤지컬:1
00000000656,1,2,340000,20251123: ,20251123: ,2025|뮤지컬:1
00000010107,1,3,510000,20251123: ,20251123: ,2025|뮤지컬:1
00000000675,1,1,77000,20251123: ,20251123: ,2025|뮤지컬:1
00000019137,1,1,170000,20251123: ,20251123: ,2025|뮤지컬:1
00000022487,1,4,612000,20251123: ,20251123: ,2025|뮤지컬:1
00000014712,1,1,170000,20251122: ,20251122: ,2025|뮤지컬:1
00000013221,1,2,340000,20251123: ,20251123: ,2025|뮤지컬:1
00000010510,1,3,264000,20251122: ,20251122: ,2025|뮤지컬:1
00000005302,1,2,340000,20251122: ,20251122: ,2025|뮤지컬:1
00000007475,1,1,170000,20251122: ,20251122: ,2025|뮤지컬:1
00000010588,1,2,340000,20251123: ,20251123: ,2025|뮤지컬:1
00000007459,1,1,170000,20251122: ,20251122: ,2025|뮤지컬:1
00000010071,1,1,170000,20251123: ,20251123: ,2025|뮤지컬:1
00000022508,1,2,340000,20251123: ,20251123: ,2025|뮤지컬:1
00000015302,1,2,340000,20251123: ,20251123: ,2025|뮤지컬:1
00000010658,1,2,340000,20251123: ,20251123: ,2025|뮤지컬:1
00000008801,1,1,170000,20251123: ,20251123: ,2025|뮤지컬:1
00000008045,1,2,289000,20251123: ,20251123: ,2025|뮤지컬:1
00000021494,1,13,409500,20251128: ,20251128: ,2025|발레/연극:1
00000007496,1,1,45000,20251128: ,20251128: ,2025|발레/연극:1
00000018793,1,2,81000,20251129: ,20251129: ,2025|발레/연극:1
00000008624,1,2,63000,20251128: ,20251128: ,2025|발레/연극:1
00000015849,1,2,81000,20251129: ,20251129: ,2025|발레/연극:1
00000021163,1,2,81000,20251128: ,20251128: ,2025|발레/연극:1
00000020794,1,13,409500,20251128: ,20251128: ,2025|발레/연극:1
00000010651,3,139,3753000,20251128: ,20251128: ,2025|발레/연극:3
00000007627,1,2,67500,20251128: ,20251128: ,2025|발레/연극:1
00000015385,1,2,81000,20251129: ,20251129: ,2025|발레/연극:1
00000020193,1,3,112500,20251129: ,20251129: ,2025|발레/연극:1
00000019191,1,3,103500,20251129: ,20251129: ,2025|발레/연극:1
00000016794,1,75,2362500,20251127: ,20251127: ,2025|발레/연극:1
00000019874,1,10,324000,20251129: ,20251129: ,2025|발레/연극:1
00000006985,1,47,1480500,20251129: ,20251129: ,2025|발레/연극:1
00000001591,2,6,180000,20251129: ,20251204: ,2025|발레/연극:1;2025|클래식:1
00000020252,2,199,5373000,20251128: ,20251128: ,2025|발레/연극:2
00000021843,1,32,1008000,20251129: ,20251129: ,2025|발레/연극:1
00000022550,1,23,724500,20251127: ,20251127: ,2025|발레/연극:1
00000015505,1,100,2700000,20251129: ,20251129: ,2025|발레/연극:1
00000015377,1,16,648000,20251128: ,20251128: ,2025|발레/연극:1
00000006367,1,13,585000,20251129: ,20251129: ,2025|발레/연극:1
00000003981,3,7,247500,20251129: ,20251129: ,2025|발레/연극:3
00000007957,2,18,810000,20251129: ,20251129: ,2025|발레/연극:2
00000004040,2,11,495000,20251128: ,20251128: ,2025|발레/연극:2
00000016692,1,4,126000,20251128: ,20251128: ,2025|발레/연극:1
00000005916,1,2,81000,20251129: ,20251129: ,2025|발레/연극:1
00000010615,1,2,72000,20251129: ,20251129: ,2025|발레/연극:1
00000021931,1,2,72000,20251129: ,20251129: ,2025|발레/연극:1
00000013015,1,3,112500,20251129: ,20251129: ,2025|발레/연극:1
00000015806,1,2,76500,20251129: ,20251129: ,2025|발레/연극:1
00000005229,1,3,112500,20251129: ,20251129: ,2025|발레/연극:1
00000022371,1,10,450000,20251128: ,20251128: ,2025|발레/연극:1
00000005164,1,4,139500,20251129: ,20251129: ,2025|발레/연극:1
00000004307,2,4,135000,20251128: ,20251128: ,2025|발레/연극:2
00000008752,1,3,99000,20251129: ,20251129: ,2025|발레/연극:1
00000010730,1,6,198000,20251129: ,20251129: ,2025|발레/연극:1
00000013178,1,1,36000,20251129: ,20251129: ,2025|발레/연극:1
00000005145,1,5,180000,20251129: ,20251129: ,2025|발레/연극:1
00000014585,1,2,72000,20251129: ,20251129: ,2025|발레/연극:1
00000007254,1,1,36000,20251128: ,20251128: ,2025|발레/연극:1
00000000804,1,1,31500,20251129: ,20251129: ,2025|발레/연극:1
00000001860,1,2,63000,20251129: ,20251129: ,2025|발레/연극:1
00000000200,1,2,72000,20251129: ,20251129: ,2025|발레/연극:1
00000021076,1,4,135000,20251129: ,20251129: ,2025|발레/연극:1
00000018726,1,2,67500,20251128: ,20251128: ,2025|발레/연극:1
00000021806,2,4,126000,20201205: ,20251129: ,2025|발레/연극:1;2020|클래식:1
00000022609,1,3,99000,20251129: ,20251129: ,2025|발레/연극:1
00000015873,1,2,67500,20251129: ,20251129: ,2025|발레/연극:1
00000011627,1,3,94500,20251129: ,20251129: ,2025|발레/연극:1
00000005709,1,2,72000,20251129: ,20251129: ,2025|발레/연극:1
00000003359,1,2,72000,20251128: ,20251128: ,2025|발레/연극:1
00000010179,1,3,103500,20251129: ,20251129: ,2025|발레/연극:1
00000008769,1,4,135000,20251129: ,20251129: ,2025|발레/연극:1
00000022055,1,2,67500,20251129: ,20251129: ,2025|발레/연극:1
00000002830,1,4,135000,20251128: ,20251128: ,2025|발레/연극:1
00000014579,1,2,81000,20251129: ,20251129: ,2025|발레/연극:1
00000007997,1,2,63000,20251128: ,20251128: ,2025|발레/연극:1
00000018499,1,2,36000,20251204: ,20251204: ,2025|클래식:1
00000000379,1,1,18000,20251204: ,20251204: ,2025|클래식:1
00000005384,1,4,76000,20251204: ,20251204: ,2025|클래식:1
00000018275,1,2,36000,20251204: ,20251204: ,2025|클래식:1
00000005363,1,2,36000,20251204: ,20251204: ,2025|클래식:1
00000011092,1,2,70000,20251204: ,20251204: ,2025|클래식:1
00000013637,1,1,18000,20251204: ,20251204: ,2025|클래식:1
00000011445,1,2,70000,20251204: ,20251204: ,2025|클래식:1
00000007527,1,1,20000,20251204: ,20251204: ,2025|클래식:1
00000021631,1,3,56000,20251204: ,20251204: ,2025|클래식:1
00000019443,1,2,32000,20251204: ,20251204: ,2025|클래식:1
00000022287,1,3,56000,20251204: ,20251204: ,2025|클래식:1
00000005639,1,2,36000,20251204: ,20251204: ,2025|클래식:1
00000022435,1,8,280000,20251204: ,20251204: ,2025|클래식:1
00000021870,1,2,36000,20251204: ,20251204: ,2025|클래식:1
00000022305,1,2,36000,20251204: ,20251204: ,2025|클래식:1
00000001354,1,1,18000,20251204: ,20251204: ,2025|클래식:1
00000015893,1,2,70000,20251204: ,20251204: ,2025|클래식:1
00000002293,1,2,36000,20251204: ,20251204: ,2025|클래식:1
00000019176,1,1,20000,20251204: ,20251204: ,2025|클래식:1
00000008875,1,2,36000,20251204: ,20251204: ,2025|클래식:1
00000014057,1,2,36000,20251204: ,20251204: ,2025|클래식:1
00000017112,2,2,54000,20201018: ,20201018: ,2020|클래식:2
00000005374,1,1,27000,20201018: ,20201018: ,2020|클래식:1
00000008964,2,2,60000,20201017: ,20201017: ,2020|클래식:2
00000001286,1,1,27000,20201017: ,20201017: ,2020|클래식:1
00000005505,1,1,27000,20201018: ,20201018: ,2020|클래식:1
00000000390,1,1,27000,20201018: ,20201018: ,2020|클래식:1
00000012751,1,2,54000,20201018: ,20201018: ,2020|클래식:1
00000018664,1,4,90000,20201018: ,20201018: ,2020|클래식:1
00000008032,1,2,42000,20201018: ,20201018: ,2020|클래식:1
00000022222,1,1,30000,20201018: ,20201018: ,2020|클래식:1
00000021375,2,4,105000,20201016: ,20201205: ,2020|클래식:2
00000018449,1,4,90000,20201017: ,20201017: ,2020|클래식:1
00000005699,3,6,350000,20201018: ,20201225: ,2020|클래식:3
00000010419,1,1,27000,20201018: ,20201018: ,2020|클래식:1
00000008514,1,4,150000,20201024: ,20201024: ,2020|뮤지컬:1
00000007306,1,4,150000,20201024: ,20201024: ,2020|뮤지컬:1
00000008499,1,4,150000,20201024: ,20201024: ,2020|뮤지컬:1
00000005728,1,4,150000,20201024: ,20201024: ,2020|뮤지컬:1
00000005991,1,4,150000,20201024: ,20201024: ,2020|뮤지컬:1
00000008687,1,4,150000,20201024: ,20201024: ,2020|뮤지컬:1
00000018107,1,2,50000,20201024: ,20201024: ,2020|뮤지컬:1
00000021684,1,2,85000,20201024: ,20201024: ,2020|뮤지컬:1
00000012205,1,1,99000,20201126: ,20201126: ,2020|클래식:1
00000009245,1,1,45000,20201126: ,20201126: ,2020|클래식:1
00000011160,2,2,180000,20201126: ,20201126: ,2020|클래식:2
00000003139,1,1,63000,20201126: ,20201126: ,2020|클래식:1
00000013384,1,1,90000,20201126: ,20201126: ,2020|클래식:1
00000003954,1,2,180000,20201126: ,20201126: ,2020|클래식:1
00000008756,1,1,81000,20201126: ,20201126: ,2020|클래식:1
00000011728,2,2,140000,20201126: ,20201126: ,2020|클래식:2
00000009746,2,3,108000,20200619: ,20201126: ,2020|클래식:2
00000020942,1,1,70000,20201126: ,20201126: ,2020|클래식:1
00000016261,1,1,110000,20201126: ,20201126: ,2020|클래식:1
00000004828,1,1,110000,20201126: ,20201126: ,2020|클래식:1
00000018914,1,2,200000,20201126: ,20201126: ,2020|클래식:1
00000004637,2,4,360000,20201126: ,20201126: ,2020|클래식:2
00000010003,2,2,191000,20201126: ,20201126: ,2020|클래식:2
00000014603,1,1,90000,20201126: ,20201126: ,2020|클래식:1
00000015289,1,1,81000,20201126: ,20201126: ,2020|클래식:1
00000012648,1,1,45000,20201126: ,20201126: ,2020|클래식:1
00000002405,1,1,50000,20201126: ,20201126: ,2020|클래식:1
00000003107,1,1,110000,20201126: ,20201126: ,2020|클래식:1
00000008382,2,4,360000,20201126: ,20201126: ,2020|클래식:2
00000012170,2,3,179000,20201126: ,20221015: ,2020|클래식:1;2022|클래식:1
00000017139,2,4,296000,20201225: ,20201225: ,2020|클래식:2
00000004970,2,4,296000,20201225: ,20201225: ,2020|클래식:2
00000016326,2,6,336000,20201225: ,20201225: ,2020|클래식:2
00000020879,1,4,40000,20201202: ,20201202: ,2020|클래식:1
00000017608,1,2,54000,20201205: ,20201205: ,2020|클래식:1
00000014339,1,2,42000,20201205: ,20201205: ,2020|클래식:1
00000010474,1,4,105000,20201205: ,20201205: ,2020|클래식:1
00000013102,1,2,51000,20201205: ,20201205: ,2020|클래식:1
00000009207,1,2,60000,20201205: ,20201205: ,2020|클래식:1
00000022107,1,5,144000,20201205: ,20201205: ,2020|클래식:1
00000009433,1,1,9000,20200619: ,20200619: ,2020|클래식:1
00000022310,1,1,9000,20200619: ,20200619: ,2020|클래식:1
00000008751,1,7,147000,20200605: ,20200605: ,2020|클래식:1
00000017728,1,6,126000,20200605: ,20200605: ,2020|클래식:1
00000016109,1,3,63000,20200605: ,20200605: ,2020|클래식:1
00000016770,1,2,90000,20221014: ,20221014: ,2022|클래식:1
00000022378,1,1,50000,20221014: ,20221014: ,2022|클래식:1
00000001183,1,1,50000,20221015: ,20221015: ,2022|클래식:1
00000018723,1,2,90000,20221015: ,20221015: ,2022|클래식:1
00000015095,1,4,90000,20221015: ,20221015: ,2022|클래식:1
00000022109,2,2,100000,20221015: ,20221016: ,2022|클래식:2
00000018708,2,4,135000,20221015: ,20221016: ,2022|클래식:2
00000009902,1,2,54000,20221015: ,20221015: ,2022|클래식:1
